是	他是我的同學。	He is my classmate.
是	你說得對，是這樣沒錯。	You're right, that's how it is.
也	我也想去。	I want to go too.
也	下雨了，不過他也沒帶傘，只好在店門口等。	It was raining, and he didn't bring an umbrella either, so he had to wait at the shop entrance.
上	書在桌子上。	The book is on the table.
上	我媽每天早上都會去公園上山運動。	Every morning my mom goes up the hill at the park to exercise.
都	我們都累了。	We're all tired.
都	你都幾歲了，還這麼愛撒嬌啦。	You're already how old, and you're still so clingy.
來	他明天會來。	He'll come tomorrow.
來	客人到了，快來幫我端菜。	The guests are here, come help me carry the dishes.
並	我並不討厭他。	I don't dislike him at all.
並	公司提供交通補助，並且每年舉辦員工旅遊。	The company provides a commuting allowance and also holds an employee trip every year.
很	今天很熱。	It's very hot today.
很	這家店的蛋糕很好吃，我朋友每次都會買。	The cakes at this shop are very good, and my friend buys some every time.
以	我們以電子郵件聯絡吧。	Let's keep in touch by email.
以	老師以這張圖片為例，向大家說明這個觀念。	The teacher used this picture as an example to explain the concept to everyone.
從	我從家裡走過來。	I walked over from home.
從	從小到大，我媽都會在我生日那天煮麵線給我吃。	Ever since I was little, my mom has cooked me noodles on my birthday.
不是	這不是我的書。	This isn't my book.
不是	不是我不想幫你，而是我今天真的太忙了。	It's not that I don't want to help you, it's that I'm really too busy today.
已經	他已經走了。	He has already left.
已經	我已經等了半個小時，朋友還是沒有出現。	I've already waited half an hour and my friend still hasn't shown up.
由	這件事由我來處理。	I'll handle this matter.
由	本次活動由市政府主辦，歡迎民眾免費參加。	This event is hosted by the city government, and the public is welcome to join for free.
其	請閱讀其中一篇文章。	Please read one of the articles.
其	這項政策雖然立意良好，但其效果仍有待觀察。	Although the policy has good intentions, its effects remain to be seen.
想	我想喝水。	I want a drink of water.
想	我想了很久，還是不知道要送她什麼生日禮物。	I thought about it for a long time and still don't know what to give her for her birthday.
社會	社會在改變。	Society is changing.
社會	少子化已經成為台灣社會必須面對的問題。	The declining birthrate has become a problem Taiwanese society must face.
使用	請小心使用。	Please use it carefully.
使用	這個應用程式使用起來很方便，我阿嬤也會用。	This app is very convenient to use, even my grandma can use it.
向	他向我走來。	He walked toward me.
向	我想向你道歉，昨天不應該對你那麼兇。	I want to apologize to you, I shouldn't have been so harsh yesterday.
愛	我愛我的家人。	I love my family.
愛	我弟弟很愛玩手機遊戲，每次都玩到半夜。	My little brother loves playing mobile games and plays until midnight every time.
經濟	經濟不太好。	The economy isn't doing very well.
經濟	最近物價上漲，讓許多家庭的經濟壓力變大了。	With prices rising lately, many families are under more financial pressure.
不會	他不會遲到。	He won't be late.
不會	我不會騎機車，所以每天都搭公車上班。	I don't know how to ride a scooter, so I take the bus to work every day.
全國	全國都在放假。	The whole nation is on vacation.
全國	氣象局表示，全國各地明天都有機會下雨。	The weather bureau says it may rain all over the country tomorrow.
如何	你覺得如何？	What do you think?
如何	不管你如何解釋，我都沒辦法原諒他。	No matter how you explain it, I can't forgive him.
歷史	我喜歡歷史課。	I like history class.
歷史	這間老廟已經有兩百多年的歷史了。	This old temple has a history of over two hundred years.
真的	這是真的嗎？	Is this true?
真的	我真的沒想到，你會特地搭高鐵來看我。	I really never expected you'd take the high-speed rail all the way just to see me.
跟	我跟朋友去看電影。	I'm going to a movie with my friend.
跟	你可以跟老闆說一聲，明天我想請半天假嗎？	Could you tell the boss that I'd like to take half a day off tomorrow?
一定	明天一定要來。	You must come tomorrow.
一定	下這麼大的雨，他一定不會出門了。	With rain this heavy, he surely won't go out.
像	你長得像你爸。	You look like your dad.
像	我很喜歡吃水果，像芒果、芭樂我都愛。	I love fruit, such as mangoes and guavas, I like them all.
因此	他生病了，因此沒來。	He was sick, so he didn't come.
因此	這個週末有颱風，因此學校宣布停課一天。	There's a typhoon this weekend, so the school announced a day off.
提供	店家提供免費茶水。	The shop provides free tea.
提供	請提供你的電話號碼，我們好和你聯絡。	Please provide your phone number so that we can contact you.
結果	這棵樹結果了。	This tree has borne fruit.
結果	我們家的芭樂樹今年終於結果了，鄰居都來看。	Our guava tree finally bore fruit this year, and the neighbours all came to look.
起來	他站起來了。	He stood up.
起來	鬧鐘響了好幾次，我還是爬不起來。	The alarm rang several times and I still couldn't get up.
電影	我愛看電影。	I love watching movies.
電影	這部電影的結局太感人了，我看到一半就哭了。	The ending of this movie is so touching, I was crying by halfway through.
代表	他代表學校比賽。	He represents the school in the competition.
代表	每個班級要選出一位代表，參加下週的運動會會議。	Each class has to choose one representative to attend next week's sports day meeting.
吃	你吃飯了嗎？	Have you eaten yet?
吃	我最近胃不太舒服，只能吃一點清淡的東西。	My stomach hasn't felt good lately, so I can only eat light food.
大家	大家好！	Hello everyone!
大家	今天的聚餐大家一起分攤，每個人兩百塊就好。	Today we'll all split the cost of dinner, just two hundred dollars each.
家	我家有四個人。	There are four people in my family.
家	巷口新開了一家早餐店，我每天上班前都會去買。	A new breakfast shop opened at the end of the alley, and I buy from it every day before work.
打	我買了一打雞蛋。	I bought a dozen eggs.
打	這種原子筆一打只要一百二，買回去給同事用剛好。	These ballpoint pens are only 120 dollars a dozen, perfect to buy for my coworkers.
有人	門外有人。	There's someone outside the door.
有人	這個座位有人嗎？沒有的話我可以坐這裡嗎？	Is this seat taken? If not, may I sit here?
特別	今天特別冷。	It's especially cold today.
特別	我媽特別為我做了一道我最愛吃的菜。	My mom specially made a dish that I love the most.
站	我在站牌等車。	I'm waiting for the bus at the stop.
站	他在門口站了半天，一直不好意思進來。	He stood at the door for ages, too shy to come in.
表示	他點頭表示同意。	He nodded to show agreement.
表示	老闆表示下個月會幫大家加薪，同事們都很開心。	The boss said he'll raise everyone's pay next month, and the coworkers were all happy.
過去	過去的事別提了。	Don't bring up the past.
過去	你先過去看看，我停好車就馬上過去找你。	You go over and have a look first, I'll park and come over to find you right away.
非常	這本書非常有趣。	This book is very interesting.
非常	我非常感謝你上次在醫院陪我，真的幫了大忙。	I'm very grateful that you stayed with me at the hospital last time, it really helped a lot.
之間	我們之間沒有祕密。	There are no secrets between us.
之間	這條路介於火車站和市場之間，平常車子很多。	This road lies between the train station and the market, and there is usually a lot of traffic.
作	他是一位好作家。	He is a good writer.
作	下個月是畢業季，學弟妹們得忙著作畢業專題了。	Next month is graduation season, and the juniors will be busy with their graduation projects.
合作	我們一起合作吧。	Let's work together.
合作	這次新品是我們公司和一家咖啡店合作推出的。	This new product was launched through a collaboration between our company and a cafe.
完成	功課完成了。	The homework is finished.
完成	報告要在週五以前完成，請大家不要拖到最後一天。	The report must be completed by Friday, so please don't leave it to the last day.
戰爭	沒有人喜歡戰爭。	Nobody likes war.
戰爭	新聞說這場戰爭已經讓上百萬人離開自己的家園。	The news says this war has made millions of people leave their homes.
方面	各方面都不錯。	It's good in every respect.
方面	他在工作方面很認真，可是生活方面就比較隨便。	He's very serious about his work, but a bit careless about his daily life.
正在	我正在開會。	I'm in a meeting right now.
正在	你打電話來的時候，我正在廚房煮晚餐。	When you called, I was cooking dinner in the kitchen.
玩	孩子在公園玩。	The kids are playing at the park.
玩	週末我們要去墾丁玩，你要不要一起來？	We're going to Kenting for fun this weekend, do you want to come along?
科技	科技進步得很快。	Technology is advancing fast.
科技	這家科技公司最近推出了一款新的智慧手錶。	This tech company recently released a new smartwatch.
老	老王住在樓上。	Lao Wang lives upstairs.
老	老李每天晚上都會帶著他的小狗在河邊散步。	Lao Li takes his little dog for a walk by the river every evening.
資源	水是重要的資源。	Water is an important resource.
資源	這個社區的資源回收做得很好，鄰居都會自己分類。	This neighbourhood does a good job with recycling, and the neighbours sort things themselves.
領導	他領導這個團隊。	He leads this team.
領導	新來的主管很會領導，大家都願意聽他的意見。	The new supervisor is good at leading, and everyone is willing to listen to his opinion.
二	二加二等於四。	Two plus two is four.
二	今天是二月二號，剛好是我姊姊的生日。	Today is February second, which happens to be my older sister's birthday.
住	我住在台中。	I live in Taichung.
住	這次去花蓮，我們訂了一間靠海的民宿住兩晚。	On this trip to Hualien, we booked a guesthouse by the sea to stay for two nights.
具有	這很具有意義。	This is very meaningful.
具有	這間博物館具有百年歷史，吸引了很多外國遊客。	This museum has a hundred years of history and attracts many foreign tourists.
占	算命師會占卦。	Fortune tellers divine with hexagrams.
占	我阿嬤過年前都會去廟裡占一卦，看看今年運氣如何。	Before the New Year, my grandma goes to the temple to divine a fortune and see how the year will go.
同	我們同年出生。	We were born in the same year.
同	我和同事同一天進公司，現在已經是無話不談的好朋友。	My coworker and I joined the company on the same day, and now we're good friends who tell each other everything.
增加	書包越來越重，負擔增加了。	The backpack keeps getting heavier, so the load has increased.
增加	天氣變冷，感冒的人也增加了不少。	As the weather turns cold, quite a few more people have caught colds.
家庭	我有一個快樂的家庭。	I have a happy family.
家庭	她的家庭很重視教育，從小就讓她學鋼琴。	Her family values education and had her learn piano from a young age.
幾個	你要幾個？	How many do you want?
幾個	冰箱裡還剩幾個蘋果，你想吃的話自己拿。	There are a few apples left in the fridge, take one if you want.
手機	我的手機沒電了。	My phone is out of battery.
手機	他一邊走路一邊滑手機，差點撞到電線桿。	He was scrolling on his phone while walking and almost hit a utility pole.
是否	你是否同意？	Do you agree or not?
是否	請確認您是否已經繳交本月的水電費。	Please confirm whether you have already paid this month's utility bills.
檯	請到櫃檯付錢。	Please pay at the counter.
檯	餐廳的櫃檯後面站著一位阿姨，正在幫客人結帳。	An auntie is standing behind the restaurant counter, checking out the customers.
男人	那個男人是誰？	Who is that man?
男人	很多男人都不好意思說自己心情不好。	Many men are too embarrassed to say they feel down.
經	他每天早上念經。	He chants scriptures every morning.
經	這件事經過老師說明以後，大家才終於明白。	Only after the teacher explained it did everyone finally understand.
處理	我來處理。	I'll handle it.
處理	客服人員已經在處理你的退貨申請，請耐心等候。	The customer service staff are already handling your return request, so please wait patiently.
調查	警察正在調查。	The police are investigating.
調查	根據最新的民意調查，大部分民眾支持這項新規定。	According to the latest opinion poll, most people support this new rule.
送	我送你回家。	I'll take you home.
送	朋友結婚那天，我們幾個同學合送了一台咖啡機。	On the day our friend got married, a few of us classmates gave a coffee machine together.
電話	你有他的電話嗎？	Do you have his phone number?
電話	我媽每個週末都會打電話給外婆，聊上半個小時。	My mom calls my grandma every weekend and chats for half an hour.
之一	他是我的好朋友之一。	He is one of my good friends.
之一	台南是台灣最受歡迎的旅遊城市之一。	Tainan is one of the most popular travel cities in Taiwan.
先生	王先生在嗎？	Is Mr. Wang in?
先生	我先生每天晚上都會幫忙洗碗，真的很貼心。	My husband helps wash the dishes every evening, he's really thoughtful.
別人	別打擾別人。	Don't bother other people.
別人	不要老是拿自己跟別人比，這樣只會讓自己更不開心。	Don't always compare yourself with others, it only makes you unhappier.
可是	我想去，可是沒時間。	I want to go, but I don't have time.
可是	這雙鞋很好看，可是穿起來有點緊，我還在猶豫。	These shoes look nice, but they're a bit tight, so I'm still hesitating.
女性	她是一位女性工程師。	She is a female engineer.
女性	近年來，越來越多女性選擇自己創業。	In recent years, more and more women have chosen to start their own businesses.
建築	這棟建築很高。	This building is very tall.
建築	這座老建築是日治時期留下來的，現在已經變成展覽館。	This old building was left over from the Japanese colonial period and is now an exhibition hall.
意見	你有什麼意見？	Do you have any opinions?
意見	如果你對菜單有意見，可以直接跟店員說。	If you have any complaints about the menu, you can tell the staff directly.
改革	學校想改革考試方式。	The school wants to reform its exam format.
改革	政府宣布將改革健保制度，讓更多人受惠。	The government announced it will reform the health insurance system so that more people benefit.
標準	這個標準很高。	This standard is very high.
標準	你的發音很標準，一點都不像是剛開始學的人。	Your pronunciation is very standard, you don't sound like a beginner at all.
派	他們是兩個不同的派。	They are two different factions.
派	在這個問題上，同事們分成兩派，吵了一整個下午。	On this issue, the coworkers split into two camps and argued all afternoon.
發表	他發表了一篇文章。	He published an article.
發表	她在研討會上發表了研究結果，獲得很多掌聲。	She presented her research results at the seminar and received a lot of applause.
組成	水由氫和氧組成。	Water is made up of hydrogen and oxygen.
組成	我們幾個朋友組成了一支籃球隊，每週六一起打球。	A few of us friends formed a basketball team and play together every Saturday.
解釋	我來解釋一下。	Let me explain.
解釋	你遲到的原因我聽不懂，可以再解釋一次嗎？	I didn't understand why you were late, can you explain once more?
變化	天氣變化很大。	The weather is changing a lot.
變化	這幾年這個老街區的變化真大，開了好多新店。	This old neighbourhood has changed a lot in recent years, with so many new shops opening.
關注	大家都很關注這件事。	Everyone is paying close attention to this matter.
關注	我最近開始關注一位烘焙老師的粉絲專頁。	I've recently started following a baking teacher's fan page.
也許	也許他會來。	Maybe he will come.
也許	也許是太累了，我今天一坐上沙發就睡著了。	Maybe I was too tired, I fell asleep as soon as I sat on the sofa today.
低	他低下頭。	He lowered his head.
低	這個價格比別家低很多，所以大家都在排隊買。	This price is much lower than other places, so everyone is lining up to buy.
億	這家公司賺了一億。	This company made a hundred million.
億	那間百貨公司去年的營業額超過三十億元。	That department store's turnover last year exceeded three billion dollars.
加	麵裡要加蛋嗎？	Do you want to add an egg to the noodles?
加	我每天喝咖啡都會加一點牛奶，不加糖。	I add a little milk to my coffee every day, but no sugar.
只能	我只能等。	I can only wait.
只能	車子壞在半路，我們只能打電話請拖吊車來。	The car broke down halfway, so we could only call a tow truck.
型	你是什麼血型？	What's your blood type?
型	這款手機有好幾種型號，你喜歡哪一款？	This phone comes in several models, which one do you like?
女孩	那個女孩很可愛。	That girl is very cute.
女孩	隔壁的小女孩每天放學都會跑來找我家的貓玩。	The little girl next door comes to play with my cat every day after school.
容易	這題很容易。	This question is easy.
容易	下雨天地板很容易滑，走路要小心一點。	The floor gets slippery easily on rainy days, so walk carefully.
屬	我屬馬。	I was born in the Year of the Horse.
屬	這座島屬於台灣，每年都有很多人搭船過去看海。	This island belongs to Taiwan, and many people take boats over every year to see the sea.
強	他的個性很倔強。	He is very stubborn.
強	我阿公脾氣倔強，就算生病了也不肯去看醫生。	My grandpa is stubborn, and even when he's sick he refuses to see a doctor.
所謂	所謂的朋友，就是互相幫忙。	So-called friends help each other.
所謂	他說的所謂特價，其實跟原價差不了多少。	The so-called sale he mentioned is actually not much different from the regular price.
擔心	別擔心。	Don't worry.
擔心	我很擔心奶奶一個人住，所以每天都打電話問她。	I worry about Grandma living alone, so I call her every day.
明顯	差別很明顯。	The difference is obvious.
明顯	做了三個月的運動，他的身材明顯變好了。	After three months of exercise, his physique has clearly improved.
機場	機場在哪裡？	Where is the airport?
機場	我們要提早三個小時到機場，才不會趕不上飛機。	We need to be at the airport three hours early so we don't miss our flight.
永遠	我永遠愛你。	I'll love you forever.
永遠	她永遠都記得小時候外婆煮的那碗湯麵。	She will always remember that bowl of soup noodles her grandma cooked when she was little.
現代	這是現代藝術。	This is modern art.
現代	現代人的生活節奏很快，常常沒時間好好吃飯。	Modern people live at a fast pace and often have no time for a proper meal.
相	我們要互相幫忙。	We should help each other.
相	兩個人相處久了，難免會有一些小摩擦。	When two people spend a long time together, small frictions are inevitable.
積極	他做事很積極。	He is very proactive at work.
積極	她積極參加社團活動，還當上了學校的活動組長。	She actively takes part in club activities and even became the school's events leader.
系	他念中文系。	He studies in the Chinese department.
系	我哥在大學的資工系教書，每週都有好幾堂課。	My older brother teaches in the university's computer science department and has several classes each week.
線	這條線太短了。	This string is too short.
線	請站在黃線後面等車，這樣比較安全。	Please wait behind the yellow line, it's safer that way.
職業	你的職業是什麼？	What is your occupation?
職業	很多小孩都把當醫生當成將來想從事的職業。	Many kids see being a doctor as the profession they want to pursue in the future.
規模	公司的規模很小。	The company is very small in scale.
規模	這個夜市的規模很大，每到週末都擠滿了人。	This night market is huge in scale, and it's packed with people every weekend.
越	天氣越來越熱。	The weather is getting hotter and hotter.
越	這首歌我越聽越喜歡，已經單曲循環一整天了。	The more I listen to this song, the more I like it, I've had it on repeat all day.
農村	他在農村長大。	He grew up in a rural village.
農村	暑假的時候，我常回農村的外婆家幫忙收稻子。	During summer vacation I often go back to my grandma's village to help harvest rice.
重點	銀行行員重點了一次錢。	The bank clerk recounted the money once more.
難	這題很難。	This question is hard.
難	要在週末找到停車位真的很難，我們最好搭車去。	It's really hard to find a parking space on weekends, so we'd better take a ride.
飛機	飛機晚點了。	The plane is delayed.
飛機	我第一次坐飛機的時候很緊張，一直抓著扶手。	When I took a plane for the first time I was nervous and kept gripping the armrest.
不管	不管怎樣，我都支持你。	No matter what, I support you.
不管	不管天氣多冷，他每天早上都會出門慢跑。	No matter how cold it is, he goes out jogging every morning.
人數	今天人數不多。	There aren't many people today.
人數	報名人數已經超過一百人，我們得換一間大一點的教室。	More than a hundred people have signed up, so we need to switch to a bigger classroom.
促進	運動能促進健康。	Exercise promotes health.
促進	這些活動的目的是促進社區居民之間的交流。	The purpose of these events is to promote exchange among neighbourhood residents.
公布	成績明天公布。	The grades will be announced tomorrow.
公布	考試結果將在下週一公布在學校的網站上。	The exam results will be posted on the school website next Monday.
前往	我們前往機場。	We're heading to the airport.
前往	請各位旅客前往三號登機門，準備登機。	Passengers, please proceed to gate 3 to prepare for boarding.
危險	這裡很危險。	It's dangerous here.
危險	騎機車不戴安全帽真的很危險，千萬不要這樣。	Riding a scooter without a helmet is really dangerous, so please don't do that.
呀	哎呀，你怎麼來了！	Oh, how come you're here!
呀	你今天怎麼這麼早就回來呀？是不是不舒服？	Why did you come back so early today? Aren't you feeling well?
團	我們參加了旅行團。	We joined a tour group.
團	我們這次是跟團去日本，導遊每天都會幫大家安排行程。	We're going to Japan with a tour group this time, and the guide plans the schedule for everyone each day.
失敗	他考試失敗了。	He failed the exam.
失敗	第一次做蛋糕雖然失敗了，但我學到很多東西。	My first attempt at making a cake failed, but I learned a lot.
左右	他三十歲左右。	He is around thirty years old.
左右	我大概六點左右到家，你先不用等我吃飯。	I'll probably get home around six, so don't wait for me to eat.
德	做人要有品德。	A person should have good character.
德	老師常告訴我們，道德比成績更重要。	The teacher often tells us that morals matter more than grades.
拒絕	他拒絕了我。	He turned me down.
拒絕	我不好意思拒絕朋友的邀請，結果週末又沒得休息。	I felt bad about declining my friend's invitation, so again I got no rest this weekend.
數字	這個數字不對。	This number is wrong.
數字	電話號碼是一串很長的數字，我怎麼記都記不起來。	A phone number is a long string of digits, and I can never remember it.
有效	這張票有效。	This ticket is valid.
有效	醫生說這種藥很有效，吃兩天燒就會退了。	The doctor says this medicine is very effective, and the fever goes down in two days.
水平	畫一條水平線。	Draw a horizontal line.
水平	他的中文水平進步很快，已經可以看新聞了。	His Chinese level is improving quickly, and he can already read the news.
獲	她獲獎了。	She won an award.
獲	這部短片在國際影展上獲得了評審的一致好評。	This short film received unanimous praise from the judges at the international film festival.
相同	我們的看法相同。	Our views are the same.
相同	這兩支手機的外型相同，但價錢差了兩千多塊。	These two phones look identical, but the prices differ by over two thousand dollars.
第二	他是第二名。	He came in second.
第二	我第二次來這間咖啡店，老闆已經記得我喝什麼了。	This is my second time at this cafe, and the owner already remembers what I drink.
總理	總理今天發表談話。	The premier gave a speech today.
總理	新聞說日本總理下週將訪問台灣。	The news says the Japanese prime minister will visit Taiwan next week.
角色	這個角色很有趣。	This character is interesting.
角色	她在這部戲裡演的角色很特別，讓人印象深刻。	The role she plays in this show is special and leaves a deep impression.
論壇	他常逛網路論壇。	He often browses online forums.
論壇	我在一個親子論壇上，找到了很多育兒經驗分享。	On a parenting forum I found lots of shared experiences about raising kids.
辦公室	他在辦公室。	He's in the office.
辦公室	我們辦公室新換了冷氣，夏天終於不用再流汗了。	Our office got a new air conditioner, so we finally don't have to sweat in summer.
部長	部長來了。	The minister has arrived.
部長	交通部長今天在記者會上說明了新的車禍處理辦法。	The minister of transportation explained the new traffic accident procedure at a press conference today.
針對	這是針對學生的課程。	This is a course aimed at students.
針對	公司針對客人的意見，重新調整了菜單。	In response to customer feedback, the company revised the menu.
附近	這附近有超商嗎？	Is there a convenience store nearby?
附近	我家附近新開了一間書店，假日我常去那裡看書。	A new bookstore opened near my home, and I often go read there on holidays.
面	這個面很大。	This surface is large.
面	我跟他見過一面，不過沒有說過話。	I met him once, but we never spoke.
一部分	這是一部分。	This is a part of it.
一部分	我的薪水有一部分要拿去繳房租，其他的才能存起來。	Part of my salary goes to rent, and only the rest can be saved.
中學	我在中學教書。	I teach at a middle school.
中學	他的中學同學下個月要辦同學會，大家都很期待。	His middle school classmates are holding a reunion next month, and everyone is looking forward to it.
人才	公司需要人才。	The company needs talented people.
人才	現在很多科技公司都在搶有經驗的工程人才。	Many tech companies are now competing for experienced engineering talent.
值	這本書很值。	This book is worth it.
值	今天輪到我值日，要負責擦黑板跟倒垃圾。	It's my turn on duty today, so I have to clean the blackboard and take out the trash.
儘	儘管說吧。	Go ahead and speak.
儘	你儘管放心，我一定會把這件事做好。	Rest assured, I will definitely get this done.
公眾	這是公眾場所。	This is a public place.
公眾	政府應該把這些資訊公開，讓公眾知道事實。	The government should make this information open so the public knows the facts.
加上	三加上五是八。	Three plus five is eight.
加上	今天下雨，加上又是下班時間，路上塞得很嚴重。	It's raining today, and on top of that it's rush hour, so traffic is badly jammed.
卡	我忘了帶卡。	I forgot to bring my card.
卡	我的信用卡被機器卡住了，一直拿不出來。	My credit card got stuck in the machine and I couldn't get it out.
合法	這樣做合法嗎？	Is it legal to do this?
合法	在台灣，十八歲以上才能合法考汽車駕照。	In Taiwan, you can legally take the car driving test only at eighteen or older.
單	請給我帳單。	Please give me the bill.
單	老闆，我們要結帳，麻煩把單子拿過來。	Boss, we'd like to pay, please bring over the bill.
基地	這裡是軍事基地。	This is a military base.
基地	這個研究基地位在山上，只有研究人員可以進去。	This research base is in the mountains, and only researchers can go in.
女子	那位女子在等人。	That woman is waiting for someone.
女子	一名女子昨天在市場外撿到一個錢包，立刻交給了警察。	A woman found a wallet outside the market yesterday and handed it to the police right away.
害怕	我很害怕。	I'm very scared.
害怕	我弟弟害怕打雷，每次下大雨都躲進棉被裡。	My little brother is afraid of thunder and hides under the blanket every time it rains heavily.
州	加州很大。	California is very large.
州	我表姊嫁到美國德州，每年才回台灣一次。	My cousin married and moved to Texas in the US, and she comes back to Taiwan only once a year.
強烈	風很強烈。	The wind is strong.
強烈	昨天的地震很強烈，整棟大樓都在搖晃。	Yesterday's earthquake was intense, and the whole building was shaking.
怕	我怕蟲。	I'm afraid of bugs.
怕	我怕你會冷，所以多帶了一件外套給你。	I was afraid you'd be cold, so I brought an extra jacket for you.
打開	請打開門。	Please open the door.
打開	一回到家，我就先打開冷氣，再去洗澡。	As soon as I got home, I turned on the air conditioner first and then took a shower.
推薦	你推薦哪一道菜？	Which dish do you recommend?
推薦	老師推薦了一本很好看的小說，我昨晚一口氣讀完。	The teacher recommended a really good novel, and I finished it in one go last night.
改善	我想改善生活。	I want to improve my life.
改善	搬到新家後，我的睡眠品質改善了很多。	After moving into the new place, my sleep quality improved a lot.
文明	這是古老的文明。	This is an ancient civilization.
文明	在公共場所要保持文明，不要大聲講電話。	Be civilized in public places and don't talk loudly on the phone.
最新	這是最新的手機。	This is the latest phone.
最新	你有看最新一集的影集嗎？結局真的很出人意料。	Have you seen the latest episode of the series? The ending was really unexpected.
某	某人在找你。	Someone is looking for you.
某	新聞報導，某國中生昨天在學校發明了一款機器人。	The news reported that a certain middle schooler invented a robot at school yesterday.
比如	我喜歡水果，比如芒果。	I like fruit, for example mango.
比如	我想學一種樂器，比如吉他或烏克麗麗。	I want to learn an instrument, for example guitar or ukulele.
漂亮	你的裙子很漂亮。	Your skirt is very pretty.
漂亮	這個寫得真漂亮，是你自己做的嗎？	This is done so beautifully, did you make it yourself?
特殊	這是特殊情況。	This is a special case.
特殊	對於有特殊需求的旅客，機場都會提供專人協助。	For passengers with special needs, the airport provides dedicated assistance.
畢業	我明年畢業。	I graduate next year.
畢業	他畢業以後在一家小公司上班，做了三年才換工作。	After graduating he worked at a small company, and only changed jobs after three years.
睡	我想睡了。	I want to go to sleep.
睡	昨晚我睡得很不好，今天一直打哈欠。	I slept badly last night and have been yawning all day.
等等	等等，我馬上來。	Wait a moment, I'll be right there.
等等	冰箱裡有水果、飲料、優格等等，你想吃什麼都可以拿。	The fridge has fruit, drinks, yogurt and so on, take whatever you like.
習慣	我習慣早起。	I'm used to getting up early.
習慣	剛搬來這裡的時候不太習慣，現在已經喜歡上這個社區了。	I wasn't used to it when I first moved here, but now I've come to like this neighbourhood.
至今	至今沒有消息。	There has been no news so far.
至今	這家老店從日治時期開到至今，味道一直沒有變。	This old shop has been open since the Japanese colonial period until today, and its flavour hasn't changed.
表演	今晚有表演。	There's a performance tonight.
表演	學校的才藝表演很精彩，我們班表演了一個舞蹈。	The school talent show was great, and our class performed a dance.
設施	公園的設施很新。	The park facilities are new.
設施	這間游泳池的設施很完善，連更衣室都很乾淨。	This swimming pool has complete facilities, and even the changing rooms are clean.
警方	警方正在調查。	The police are investigating.
警方	警方呼籲民眾，接到陌生電話時要小心詐騙。	The police urge the public to be wary of scams when they receive calls from strangers.
資格	你有資格參加嗎？	Are you qualified to take part?
資格	要有教師資格，才可以在公立學校教書。	You need a teaching qualification to teach in public schools.
這位	這位是我的同事。	This is my coworker.
這位	這位先生，請問您需要幫忙嗎？	Sir, may I ask if you need any help?
遭	他遭到拒絕。	He was rejected.
遭	昨天我的機車在路邊遭小偷偷走，真的很生氣。	My scooter was stolen by a thief on the roadside yesterday, and I'm really angry.
阿	阿姨來了。	Auntie is here.
阿	阿嬤每天早上都會去市場買菜，順便跟老朋友聊天。	Grandma goes to the market every morning to buy groceries and chat with old friends.
離	我家離學校很近。	My home is very close to the school.
離	從這裡離火車站還有兩公里，我們還是騎腳踏車去吧。	It's still two kilometres from here to the train station, so let's just ride bikes.
類型	你喜歡哪種類型？	What type do you like?
類型	我平常會看各種類型的電影，只有恐怖片不敢看。	I usually watch all kinds of movies, except horror films, which I don't dare watch.
體現	這個作品體現了傳統文化。	This work embodies traditional culture.
體現	他的行動體現出一個老師對學生的關心。	His actions reflect a teacher's care for his students.
下面	貓在桌子下面。	The cat is under the table.
下面	請看下面的說明，照著步驟一步一步做就可以了。	Please see the instructions below and just follow the steps one by one.
代理	他代理經理的工作。	He is acting for the manager.
代理	經理出國的這一週，由副理代理所有事務。	During the week the manager is abroad, the assistant manager acts for him on everything.
充滿	房間充滿笑聲。	The room is filled with laughter.
充滿	剛出爐的麵包店裡充滿了奶油香味，路過的人都忍不住停下來。	The bakery was filled with the smell of butter from fresh bread, and passers-by couldn't help stopping.
分類	垃圾要分類。	Trash must be sorted.
分類	圖書館的書是按照主題分類的，找起來很方便。	Library books are classified by topic, so they are easy to find.
協助	謝謝你的協助。	Thank you for your help.
協助	警察協助迷路的老先生找到了回家的路。	The police helped the lost old gentleman find his way home.
同學	我們是同學。	We're classmates.
同學	我跟同學約好放學後一起去圖書館寫功課。	I arranged with my classmate to go to the library together after school to do homework.
團結	大家要團結。	Everyone should be united.
團結	在這次比賽中，全班同學團結一心，終於拿到了冠軍。	In this competition the whole class pulled together and finally won the championship.
大概	大概十點到。	I'll arrive around ten.
大概	他大概是睡過頭了，所以到現在都還沒來。	He probably overslept, which is why he still hasn't come.
安	你放心，平安就好。	Don't worry, as long as you're safe.
安	出門在外要注意安全，到了記得傳訊息報平安。	Take care of your safety when you're away, and send a message to say you've arrived safely.
實驗	我們做了一個實驗。	We did an experiment.
實驗	這個實驗要在無塵室裡做，所以一定要穿防護衣。	This experiment has to be done in a clean room, so you must wear protective clothing.
少女	她是一位少女。	She is a young girl.
少女	漫畫裡的少女有一雙很大的眼睛，是我最喜歡的角色。	The girl in the comic has big eyes and is my favourite character.
差	這個差很多。	This is very different.
差	我們兩個人的身高差了十公分，站在一起很明顯。	Our heights differ by ten centimetres, which is obvious when we stand together.
建	他們在建房子。	They are building a house.
建	政府打算在河邊建一座新的公園，供大家休閒使用。	The government plans to build a new park by the river for everyone's leisure.
復	他的病已經復原了。	His illness has already healed.
復	休息一個星期後，她的體力慢慢恢復了。	After resting for a week, her strength gradually recovered.
想到	我想到一個好主意。	I thought of a good idea.
想到	我真沒想到，這麼小的店會有這麼好吃的牛肉麵。	I really didn't expect such a small shop to have such delicious beef noodles.
打算	你打算去哪裡？	Where do you plan to go?
打算	我打算明年存夠錢，就去歐洲自助旅行一個月。	I plan to save enough money next year and travel around Europe on my own for a month.
接	我去接你。	I'll come pick you up.
接	電話響了好久，你怎麼都沒接？是不是在洗澡？	The phone rang for ages, why didn't you answer? Were you taking a shower?
操作	這個很好操作。	This is easy to operate.
操作	這台機器的操作方式很簡單，看一次說明就會了。	This machine is simple to operate, and you can learn it by reading the instructions once.
早上	早上好！	Good morning!
早上	我每天早上都會先喝一杯溫水，再去運動。	Every morning I drink a glass of warm water first, then go exercise.
查	我來查一下。	Let me look it up.
查	不知道這個字怎麼念的話，可以上網查字典。	If you don't know how to pronounce this character, you can look it up in a dictionary online.
機製	這件衣服是機製的。	This garment is machine-made.
機製	機製的產品通常比手工製品便宜，品質也比較穩定。	Machine-made products are usually cheaper than handmade ones, and the quality is steadier.
消失	他消失了。	He disappeared.
消失	太陽下山以後，天邊的雲慢慢消失在夜色中。	After the sun set, the clouds on the horizon slowly faded into the night.
班	你在哪個班？	Which class are you in?
班	我趕不上末班車了，只好搭計程車回家。	I couldn't catch the last bus, so I had to take a taxi home.
當局	當局正在處理這件事。	The authorities are handling this matter.
當局	當局已經宣布，明天起將加強檢查各夜市的衛生。	The authorities have announced that starting tomorrow, hygiene checks at night markets will be stepped up.
直播	今晚有棒球直播。	There's a live baseball broadcast tonight.
直播	她每週五晚上都在網路上直播賣衣服，觀眾超多。	She livestreams clothes sales online every Friday night and has a huge audience.
私人	這是私人電話。	This is a private phone call.
私人	抱歉，這是我的私人問題，不太想在這裡討論。	Sorry, this is a personal question and I'd rather not discuss it here.
紀念	這是紀念品。	This is a souvenir.
紀念	我們結婚十週年，特地去當初求婚的地方拍照紀念。	For our tenth wedding anniversary, we went to where I proposed to take photos to commemorate it.
聯邦	美國是聯邦國家。	The US is a federal country.
聯邦	德國是由許多邦組成的聯邦國家。	Germany is a federal state made up of many states.
衣服	這件衣服很舒服。	This piece of clothing is comfortable.
衣服	下雨天衣服不容易乾，我只好打開除濕機。	Clothes don't dry easily on rainy days, so I had to turn on the dehumidifier.
註冊	我要註冊。	I want to register.
註冊	新生要在開學前一週到學校註冊並繳學費。	New students must register at the school and pay tuition one week before classes start.
超	他超過我了。	He passed me.
超	這台機車的車速超過了規定，被警察攔下來了。	This scooter went beyond the speed limit and was stopped by the police.
運輸	貨物用船運輸。	Goods are transported by ship.
運輸	颱風期間，海上運輸大多會暫停，水果價格也跟著上漲。	During typhoons sea transportation mostly stops, and fruit prices rise too.
陳	博物館陳列著古董。	The museum displays antiques.
陳	櫥窗裡陳列著各式各樣的手工藝品，吸引不少路人駐足。	All kinds of handicrafts are displayed in the shop window, attracting many passers-by.
頻道	你想轉台嗎？	Do you want to change the channel?
頻道	我家有一百多個頻道，可是常看的就那幾個。	My home gets over a hundred channels, but I only often watch a few of them.
一半	我吃了一半。	I ate half of it.
一半	錢只存了一半，剩下的一半還要再努力賺。	I've only saved half of the money, and I still need to earn the other half.
不久	不久他就來了。	He arrived soon after.
不久	我搬來這裡不久，還不太熟悉附近的環境。	I haven't been here long since moving in, and I'm still unfamiliar with the area.
九	現在九點。	It's nine o'clock.
九	公車站離我家只有九分鐘的路程，算很近。	The bus stop is only nine minutes away from my home, which is quite close.
人家	人家在等你呢。	I'm waiting for you.
人家	別人家的小孩那麼乖，人家都會自己收玩具。	That other family's kid is so well-behaved, he puts away his toys by himself.
侷	活動空間有點侷促。	The space for activities is a bit cramped.
侷	不要把自己侷限在舒適圈裡，多去嘗試新事物。	Don't confine yourself to your comfort zone, try more new things.
兒	他有一個兒子。	He has a son.
兒	我阿姨的女兒在國外念書，每年過年才回來。	My aunt's daughter studies abroad and only comes back for New Year.
分為	書分為三冊。	The book is divided into three volumes.
分為	這次比賽分為初賽和決賽，各有十個名額。	This competition is divided into a preliminary and a final, with ten places in each.
動態	這是動態影像。	This is a moving image.
動態	我每天都會看朋友的動態，知道他們最近在做什麼。	I check my friends' status updates every day to see what they've been up to lately.
參考	請參考這張表。	Please refer to this table.
參考	做報告的時候，要記得註明參考的資料來源。	When writing a report, remember to note the sources of your references.
合理	這個價格很合理。	This price is very reasonable.
合理	老闆的要求合理，可是時間實在太短了。	The boss's demand is reasonable, but the time is really too short.
哭	寶寶在哭。	The baby is crying.
哭	看到這部電影的結局，連我爸都忍不住哭了。	Seeing the ending of this movie, even my dad couldn't help crying.
地址	請寫下你的地址。	Please write down your address.
地址	你把地址傳給我，我叫計程車去接你。	Send me your address and I'll call a taxi to pick you up.
士兵	士兵在站崗。	The soldier is standing guard.
士兵	那些士兵清晨就起床訓練，一直到中午才休息。	The soldiers get up early in the morning to train and only rest at noon.
大小	大小剛好。	The size is just right.
大小	這件外套大小正好，我穿起來一點也不緊。	This jacket is just the right size, and it doesn't feel tight at all.
妹妹	我妹妹十歲。	My younger sister is ten.
妹妹	我妹妹最近迷上了烘焙，每天都在家做餅乾。	My younger sister has recently got into baking and makes cookies at home every day.
實	這顆水果又大又實。	This fruit is big and solid.
實	他為人老實，說話也很誠實，大家都很信任他。	He is honest and sincere in his speech, so everyone trusts him.
居住	他居住在台北。	He lives in Taipei.
居住	在都市裡，居住成本越來越高，年輕人很難買房子。	In cities, living costs keep rising and young people find it hard to buy a home.
平	地板很平。	The floor is flat.
平	這條路很平坦，騎腳踏車一點都不累。	This road is flat and smooth, and cycling on it is not tiring at all.
座	請問這座位有人嗎？	Is this seat taken?
座	山上有一座小廟，每年過年都有很多人上去拜拜。	There's a small temple on the mountain, and many people go up to pray every New Year.
恐怖	這部電影很恐怖。	This movie is scary.
恐怖	昨晚的地震真恐怖，我整晚都睡不著。	Last night's earthquake was terrifying, and I couldn't sleep all night.
應當	你應當早點睡。	You should go to bed earlier.
應當	每個人都應當遵守交通規則，不要闖紅燈。	Everyone should follow traffic rules and not run red lights.
承諾	我承諾會來。	I promise to come.
承諾	老闆承諾年底會發獎金，大家工作都更有動力了。	The boss promised bonuses at year end, and everyone is more motivated at work.
提醒	謝謝你提醒我。	Thanks for reminding me.
提醒	手機會提醒我每天晚上十點要吃藥，我才不會忘記。	My phone reminds me to take medicine at ten every night, so I won't forget.
政黨	台灣有很多政黨。	Taiwan has many political parties.
政黨	選舉期間，各政黨都會在街頭發傳單拉票。	During election season, the political parties hand out flyers on the street to canvass votes.
星期	今天是星期幾？	What day of the week is it today?
星期	下星期三我要請假，帶我媽去醫院做檢查。	Next Wednesday I'm taking leave to take my mom to the hospital for a check-up.
期待	我很期待。	I'm really looking forward to it.
期待	大家都期待著週末的露營，希望天氣不要變壞。	Everyone is looking forward to the weekend camping trip and hoping the weather won't turn bad.
樂	祝你生日快樂！	Happy birthday!
樂	聽到這個好消息，大家都樂得合不攏嘴。	Hearing the good news, everyone was so happy they couldn't stop smiling.
決議	大會通過了這項決議。	The assembly passed this resolution.
決議	社區管理委員會決議，下個月起調整大樓的管理費。	The community management committee resolved to adjust the building's management fee starting next month.
深入	我想深入了解。	I want to understand it in depth.
深入	這篇報導深入探討了年輕人買不起房子的原因。	This report examines in depth why young people can't afford homes.
熱情	老闆很熱情。	The owner is very warm.
熱情	這家店的店員很熱情，還送了我們一小碟小菜。	The staff here are very friendly, and they even gave us a small side dish.
率	這個機率很低。	This probability is low.
率	最近失業率下降，但物價上漲率還是很高。	Recently the unemployment rate has dropped, but the rate of price increase is still high.
當選	他當選班長了。	He was elected class president.
當選	她以最高票數當選里長，鄰居們都很高興。	She was elected village head with the most votes, and the neighbours were all happy.
看法	你有什麼看法？	What's your view?
看法	對於這件事，我跟我爸媽的看法不太一樣。	On this matter, my view differs a bit from my parents'.
究竟	你究竟想怎樣？	What on earth do you want?
究竟	這究竟是怎麼回事？為什麼電腦突然全部當機了？	What exactly is going on? Why did all the computers suddenly crash?
篇	我寫了一篇文章。	I wrote an article.
篇	這篇報導寫得很詳細，建議你有空可以讀一讀。	This report is written in great detail, so I suggest you read it when you have time.
綠色	我喜歡綠色。	I like green.
綠色	公園裡的綠色植物讓人心情變得很平靜。	The green plants in the park make people feel calm.
義	做人要講義氣。	You should be loyal to your friends.
義	他每個週末都去當義工，覺得這樣的生活很有意義。	He volunteers every weekend and finds this kind of life very meaningful.
背後	他在我背後。	He is behind me.
背後	不要在別人背後說壞話，這樣很不禮貌。	Don't say bad things behind people's backs, it's very impolite.
英	他是個英雄。	He is a hero.
英	她是公司裡的精英，每年都被選為最佳員工。	She is an elite at the company and is chosen as the best employee every year.
裝備	你的裝備帶齊了嗎？	Do you have all your gear?
裝備	爬山前要準備好完整的裝備，像是登山鞋跟雨衣。	Before climbing a mountain, prepare complete gear such as hiking boots and a raincoat.
討厭	我討厭下雨。	I hate rain.
討厭	隔壁的狗一直叫，真的很討厭，吵得我睡不著。	The neighbour's dog keeps barking, it's really annoying and keeps me awake.
諮詢	我想諮詢一下。	I'd like to ask for some advice.
諮詢	如果對保險有疑問，可以打電話諮詢客服人員。	If you have questions about insurance, you can call customer service for advice.
財政	國家的財政不錯。	The country's finances are healthy.
財政	政府的財政出現赤字，因此決定減少部分補助。	The government's finances ran a deficit, so it decided to reduce some subsidies.
輕	這個袋子很輕。	This bag is very light.
輕	她輕輕關上房門，怕吵醒睡著的孩子。	She closed the door gently, afraid of waking the sleeping child.
連接	電腦連接了網路。	The computer is connected to the internet.
連接	這座新橋連接兩個城市，大大縮短了通勤時間。	This new bridge connects the two cities and greatly shortens commuting time.
適當	這個時間很適當。	This time is appropriate.
適當	吃飯要適當，不要吃得太飽，這樣對腸胃比較好。	Eat in moderation, not too full, it's better for your stomach.
阻止	我們要阻止他。	We must stop him.
阻止	警察及時阻止了詐騙集團，讓老人家沒有被騙到錢。	The police stopped the scam ring in time so the elderly person didn't lose any money.
顏色	這個顏色很好看。	This colour looks nice.
顏色	你的包包是什麼顏色的？我來幫你找一下。	What colour is your bag? Let me help you look for it.
鬼	你怕鬼嗎？	Are you afraid of ghosts?
鬼	小孩子最喜歡在萬聖節穿上鬼的衣服，去討糖果。	Kids love dressing up as ghosts on Halloween to ask for candy.
一系列	有一系列活動。	There's a series of activities.
一系列	為了推廣環保，市政府推出了一系列的減塑活動。	To promote environmental protection, the city government launched a series of plastic-reduction events.
不但	他不但聰明，而且很努力。	He's not only smart but also hard-working.
不但	這家店的咖啡不但便宜，環境也很舒服。	This shop's coffee is not only cheap, the atmosphere is comfortable too.
主管	我的主管很好。	My supervisor is nice.
主管	主管說這個專案要在月底前完成，大家要加快速度。	The supervisor said the project must be done by the end of the month, so everyone needs to speed up.
作業	功課寫完了嗎？	Have you finished your homework?
作業	老師出了很多作業，我今晚可能要熬夜。	The teacher assigned a lot of homework, so I may stay up late tonight.
信心	我對你有信心。	I have confidence in you.
信心	考試前她很有信心，結果拿到了班上的最高分。	She was confident before the exam and ended up with the highest score in the class.
儘快	請儘快回覆。	Please reply as soon as possible.
儘快	機車已經修好了，請儘快來店裡取車。	Your scooter has been repaired, please come to the shop to pick it up as soon as possible.
再也	我再也不去了。	I'll never go again.
再也	搬走以後，我就再也沒有見過那些老鄰居了。	After moving away I never saw those old neighbours again.
創建	他創建了一家公司。	He founded a company.
創建	她在大學時創建了一個學習社團，現在已經有上百位成員。	She founded a study club at university, and it now has over a hundred members.
古	這是一座古廟。	This is an old temple.
古	台南有很多古老的建築，我最愛去那裡走走。	Tainan has many ancient buildings, and I love walking around there.
同事	他是我的同事。	He is my colleague.
同事	我的同事今天請假，所以我得幫忙處理他的客戶。	My colleague is on leave today, so I have to help with his clients.
單獨	我想單獨談談。	I'd like to talk alone.
單獨	她第一次單獨搭高鐵去高雄看外婆，心裡有點緊張。	It was her first time taking the high-speed rail alone to see her grandma in Kaohsiung, and she felt a bit nervous.
固定	這個要固定好。	This needs to be fixed in place.
固定	我們每週三晚上固定在公園跑步，已經兩年了。	We run in the park every Wednesday evening regularly, and it has been two years.
塔	那座塔很高。	That tower is very tall.
塔	我們爬上寶塔頂端，可以看到整個城市的夜景。	We climbed to the top of the pagoda and could see the night view of the whole city.
好看	她穿這件很好看。	She looks good in this.
好看	這部影集真的很好看，我一個週末就追完了。	This series is really good, I finished binge-watching it in one weekend.
寬	這條路很寬。	This road is wide.
寬	這件褲子太寬了，我得去店裡請人幫我改一下。	These pants are too loose, so I have to go to the shop to have them altered.
對外	圖書館對外開放。	The library is open to the public.
對外	公司的對外窗口是行銷部，有問題請直接聯絡他們。	The company's external contact is the marketing department, so please contact them directly with questions.
平衡	他很難保持平衡。	It's hard for him to keep his balance.
平衡	工作和生活要取得平衡，不然人很容易累壞。	You need a balance between work and life, otherwise you get worn out easily.
形勢	目前的形勢很緊張。	The current situation is tense.
形勢	面對嚴峻的形勢，公司決定先暫停所有新的投資。	Faced with a severe situation, the company decided to suspend all new investments for now.
必然	失敗不是必然的。	Failure is not inevitable.
必然	科技越來越進步，生活方式的改變是必然的。	As technology advances, change in lifestyles is inevitable.
慢慢	慢慢來。	Take your time.
慢慢	你先慢慢吃，不用急，我們晚一點出門也沒關係。	Take your time eating, no rush, it's fine if we leave a bit later.
房屋	這間房屋很舊。	This house is old.
房屋	颱風過後，有不少房屋的屋頂被吹走了，需要重新修理。	After the typhoon, many houses had their roofs blown off and need repairs.
指數	今天的空氣品質指數很高。	Today's air quality index is high.
指數	最近股市指數一直上升，我媽也開始買起股票了。	The stock index has been rising lately, and my mom has started buying stocks too.
整理	我要整理房間。	I need to tidy my room.
整理	這個週末我打算整理衣櫃，把不穿的衣服捐出去。	This weekend I plan to tidy the wardrobe and donate the clothes I don't wear.
晚	今晚很冷。	Tonight is cold.
晚	你怎麼這麼晚才回家？我們都擔心死了。	Why did you come home so late? We were worried sick.
校長	校長來了。	The principal is here.
校長	校長在週會上說，希望大家多參加社團活動。	The principal said at the weekly assembly that he hopes everyone joins more club activities.
欲	他欲言又止。	He wanted to speak but held back.
欲	大雨欲來，空氣裡有一股潮濕的味道。	A heavy rain is about to come, and the air smells damp.
每日	每日特餐很便宜。	The daily special is cheap.
每日	這家餐廳每日都會更換菜色，客人每天都有新選擇。	This restaurant changes its dishes daily, so customers have something new each day.
流行	這種款式正在流行。	This style is in fashion.
流行	最近流感流行，學校提醒同學要勤洗手、戴口罩。	The flu is going around lately, so the school reminds students to wash hands often and wear masks.
準確	時間很準確。	The time is accurate.
準確	氣象預報這次很準確，真的在下午三點開始下雨。	The weather forecast was accurate this time, and it really started raining at three in the afternoon.
牆	牆是白色的。	The wall is white.
牆	他在牆上掛了一幅畫，整個客廳看起來溫暖多了。	He hung a painting on the wall, and the whole living room looks much warmer.
生長	植物需要陽光生長。	Plants need sunlight to grow.
生長	在台灣的熱帶氣候下，這種蔬菜生長得特別快。	In Taiwan's tropical climate, this vegetable grows especially fast.
發達	這個城市很發達。	This city is highly developed.
發達	台灣的便利商店非常發達，二十四小時都買得到東西。	Convenience stores in Taiwan are very well developed, and you can buy things any time of day.
矛盾	他們之間有矛盾。	There's conflict between them.
矛盾	我心裡很矛盾，既想換工作，又怕新環境不適應。	I'm torn inside, wanting to change jobs but afraid of not fitting in at a new place.
立	他站立不穩。	He couldn't stand steady.
立	學校附近新立了一個交通號誌，過馬路安全多了。	A new traffic signal was set up near the school, and crossing the road is much safer.
細節	細節很重要。	Details are important.
細節	簽約前，我們要仔細確認合約的每一個細節。	Before signing, we should carefully check every detail of the contract.
老公	我老公在煮飯。	My husband is cooking.
老公	我老公每天下班都會順便去市場買菜回來。	My husband stops by the market to pick up groceries on his way home from work every day.
腿	我的腿很痛。	My legs hurt a lot.
腿	昨天爬了五個小時的山，今天我的兩條腿又酸又痛。	After hiking for five hours yesterday, both my legs are sore and aching today.
萬人	這場演唱會有萬人參加。	Ten thousand people attended this concert.
萬人	跨年晚會當晚，萬人擠在市政府前的廣場倒數。	On the night of the New Year's Eve party, ten thousand people packed the plaza in front of city hall for the countdown.
表面	桌子表面很光滑。	The surface of the table is smooth.
表面	他表面上很冷靜，其實心裡緊張得要命。	He seems calm on the surface, but is actually extremely nervous inside.
計	我們來計算一下。	Let's work it out.
計	這次旅行的費用，我們每個人要先計算好預算。	For this trip's expenses, each of us should first work out a budget.
認證	這個產品已經認證了。	This product has been certified.
認證	這家店的咖啡豆通過了國際有機認證，品質很有保障。	The coffee beans at this shop passed international organic certification, so the quality is well guaranteed.
負責人	誰是負責人？	Who is the person in charge?
負責人	活動的負責人是我們組長，有問題可以直接問她。	The person in charge of the event is our team leader, so you can ask her directly if you have questions.
路上	路上很多車。	There are many cars on the road.
路上	我在路上遇到了小學同學，兩個人聊了十幾分鐘。	I ran into a primary school classmate on the road, and we chatted for over ten minutes.
透過	我透過朋友認識他。	I got to know him through a friend.
透過	你可以透過手機應用程式預約看診，不用再排隊了。	You can book a doctor's appointment via a mobile app, so no more queuing.
運營	這條路線正常運營。	This route is running normally.
運營	這家新創公司運營了三年，終於開始賺錢了。	This startup has been operating for three years and has finally started to turn a profit.
防止	要防止感冒。	You should guard against colds.
防止	多開窗戶通風，可以防止病毒在室內傳染。	Opening windows for ventilation helps prevent viruses from spreading indoors.
靈魂	靈魂是看不到的。	The soul can't be seen.
靈魂	這首歌的旋律很美，彷彿能感動每個人的靈魂。	This song's melody is beautiful, as if it could move everyone's soul.
飯	我想吃飯。	I want to eat.
飯	阿嬤煮的白飯特別香，我每次都會多添一碗。	Grandma's plain rice is especially fragrant, and I always take an extra bowl.
黃金	這條項鍊是黃金做的。	This necklace is made of gold.
黃金	週末晚上八點是看電視的黃金時段，廣告費特別貴。	Eight o'clock on weekend nights is prime time for TV, and ad rates are especially high.
上漲	菜價上漲了。	Vegetable prices went up.
上漲	颱風過後，青菜價格上漲了兩成，媽媽直呼太貴。	After the typhoon, the price of greens rose by twenty percent, and Mom said it was too expensive.
主持人	主持人很有趣。	The host is funny.
主持人	這位主持人反應很快，現場氣氛一直都很熱鬧。	This host is quick-witted, and the atmosphere on site has been lively throughout.
事項	請注意以下事項。	Please note the following items.
事項	出國前有幾項事項要確認，像是護照有效期限和簽證。	There are several items to check before going abroad, such as passport validity and visa.
付出	他付出了很多。	He put in a lot.
付出	為了這份工作，她付出了好幾年的時間和心力。	For this job, she invested years of time and effort.
何	你何時回來？	When will you come back?
何	事情都已經發生了，你又何必再自責呢？	It has already happened, so why blame yourself any more?
便宜	遇到急事可以便宜行事。	In an emergency you can act at your own discretion.
便宜	經理授權我們，必要時可以便宜行事，不用事事請示。	The manager authorized us to use our discretion when necessary, without asking about everything.
儘量	請儘量早點到。	Please arrive as early as you can.
儘量	菜我已經儘量做得清淡了，如果還是太鹹就跟我說。	I've made the dishes as light as I could, and if they're still too salty, tell me.
兩岸	兩岸的距離很近。	The two sides of the strait are close.
兩岸	新聞報導兩岸的交流活動在疫情之後慢慢恢復了。	The news reports that exchange activities between the two sides of the strait are gradually resuming after the pandemic.
冒險	這樣做太冒險了。	Doing it this way is too risky.
冒險	他喜歡冒險，所以暑假一個人騎機車環島。	He loves taking risks, so over summer vacation he rode a scooter around the island by himself.
列為	這座古蹟被列為一級古蹟。	This historic site was listed as a first-class monument.
列為	這項計畫已被列為今年的重點工作，預算也增加了。	This plan has been listed as a key task this year and its budget has been increased.
創立	他創立了這家店。	He founded this shop.
創立	這間學校創立於一九五〇年代，到現在已經培養了很多人才。	This school was founded in the 1950s and has trained many talented people.
勇氣	你很有勇氣。	You have a lot of courage.
勇氣	她終於鼓起勇氣，向老闆提出了加薪的要求。	She finally summoned the courage to ask the boss for a raise.
卻是	他看起來很兇，卻是個很溫柔的人。	He looks fierce, but is actually a very gentle person.
卻是	大家都以為會下雨，卻是一個大晴天。	Everyone thought it would rain, but it turned out to be a bright sunny day.
可靠	他很可靠。	He is reliable.
可靠	這個消息來源不太可靠，你最好再確認一下。	The source of this news is not very reliable, you'd better double-check.
名義	這房子在我爸的名義下。	The house is in my dad's name.
名義	他以公司的名義捐了一筆錢給育幼院。	He donated a sum of money to the orphanage in the company's name.
品種	這是新品種。	This is a new variety.
品種	農民改良了芭樂的品種，讓果肉更脆更甜。	The farmers improved the guava variety to make the flesh crisper and sweeter.
回歸	他回歸家庭。	He returned to his family.
回歸	她決定離開大城市，回歸簡單的鄉村生活。	She decided to leave the big city and return to a simple country life.
地面	地面很濕。	The ground is wet.
地面	下過雨的地面很滑，走路要小心別跌倒。	The ground is slippery after rain, so walk carefully to avoid falling.
壓	不要壓到花。	Don't press on the flowers.
壓	最近工作壓力大，我常常壓得喘不過氣。	Work pressure has been heavy lately, and I often feel crushed.
大使	大使今天抵達台北。	The ambassador arrived in Taipei today.
大使	新任大使在記者會上說，希望加強兩國的文化交流。	The newly appointed ambassador said at the press conference that he hopes to strengthen cultural exchange between the two countries.
天然	這是天然的果汁。	This is natural fruit juice.
天然	這家店的冰淇淋全部使用天然水果，沒有人工香料。	All the ice cream at this shop uses natural fruit, without artificial flavours.
奮鬥	我們一起奮鬥。	Let's strive together.
奮鬥	他從小家裡很窮，靠自己奮鬥才成為今天的老闆。	His family was poor when he was little, and he worked his way up to become the boss he is today.
實體	我比較喜歡實體書。	I prefer physical books.
實體	疫情之後，不少實體商店轉到網路上做生意。	After the pandemic, quite a few physical stores moved their business online.
對比	兩張照片的對比很明顯。	The contrast between the two photos is obvious.
對比	你把今年跟去年的銷售數字對比一下，就知道差別了。	Compare this year's sales figures with last year's, and you'll see the difference.
屠殺	歷史上有過屠殺事件。	There have been massacres in history.
屠殺	新聞報導，當年的屠殺造成上千人死亡，至今仍令人心痛。	The news reports that the massacre back then killed thousands, which is still heartbreaking today.
幣	這裡可以換外幣。	You can exchange foreign currency here.
幣	出國前我先到銀行換了一些日幣，準備旅行用。	Before going abroad I first changed some yen at the bank for the trip.
庫	倉庫在後面。	The warehouse is in the back.
庫	貨物都放在倉庫裡，要用的時候再去庫房領。	The goods are stored in the warehouse, and you collect them from the stockroom when needed.
強迫	不要強迫我。	Don't force me.
強迫	老師不會強迫學生參加課後補習，是否參加由家長決定。	The teacher won't force students to attend after-school cram classes, and it's up to parents.
微博	他常發微博。	He often posts on Weibo.
微博	她在微博上追蹤了幾位喜歡的作家，常常留言。	She follows a few favourite authors on Weibo and often leaves comments.
恐怕	恐怕要下雨了。	I'm afraid it's going to rain.
恐怕	時間這麼趕，恐怕今天沒辦法把所有東西都做完。	With time this tight, I'm afraid we can't finish everything today.
懂得	他很懂得照顧人。	He knows how to take care of people.
懂得	懂得感恩的人，通常都比較容易感到快樂。	People who know how to be grateful are usually happier.
所在	這就是問題所在。	This is where the problem lies.
所在	你知道這間廟的所在位置嗎？我想找時間去拜拜。	Do you know where this temple is located? I'd like to find time to go pray.
拯救	我們要拯救地球。	We must save the Earth.
拯救	消防員冒著大火，拯救了被困在裡面的三個人。	Firefighters braved the flames to rescue three people trapped inside.
提名	他被提名了。	He was nominated.
提名	這部紀錄片獲得金馬獎最佳影片的提名，讓劇組非常開心。	This documentary was nominated for Best Picture at the Golden Horse Awards, and the crew is very happy.
擴張	這家公司在擴張。	This company is expanding.
擴張	連鎖咖啡店近年快速擴張，幾乎每條街都看得到分店。	Coffee chains have expanded rapidly in recent years, and you can see a branch on nearly every street.
放心	你放心吧。	Don't worry.
放心	孩子自己搭車上學，我實在不太放心，只好每天打電話確認。	I'm not at ease with my child taking the bus to school alone, so I call every day to check.
文獻	我在找文獻。	I'm looking for literature.
文獻	寫論文之前，要先閱讀大量的相關文獻，整理成筆記。	Before writing a thesis, you first read a lot of related literature and organize it into notes.
曝光	照片曝光過度了。	The photo is overexposed.
曝光	這個醜聞一曝光，議員就馬上向大家道歉了。	As soon as the scandal was exposed, the councillor apologized to everyone immediately.
服裝	這家店賣服裝。	This shop sells clothing.
服裝	舞蹈比賽有服裝規定，每一組都要穿統一的顏色。	The dance competition has a dress code, and every group has to wear a matching colour.
榮譽	這是很大的榮譽。	This is a great honour.
榮譽	他為學校贏得了榮譽，校長還在升旗典禮上表揚他。	He won honour for the school, and the principal even praised him at the flag-raising ceremony.
正面	請看正面。	Please look at the front.
正面	面對困難，保持正面的態度會讓事情順利很多。	Facing difficulties, keeping a positive attitude makes things go much smoother.
沒想到	沒想到你會來。	I didn't expect you to come.
沒想到	我本來只想去逛逛，沒想到最後買了三大袋東西。	I only meant to browse around, but didn't expect to end up buying three big bags of stuff.
消除	消除壓力。	Relieve stress.
消除	這個清潔劑可以消除地板上的油漬，用起來很方便。	This cleaner can remove oil stains from the floor and is very convenient to use.
無人	這裡無人居住。	Nobody lives here.
無人	無人機在空中拍下整座城市的畫面，看起來非常壯觀。	The drone filmed the whole city from the air, and it looks spectacular.
爭	他們在爭座位。	They are fighting over seats.
爭	兩個小朋友為了一個玩具爭得面紅耳赤。	Two little kids argued till they were red in the face over one toy.
球員	他是一名球員。	He is a player.
球員	這位球員在最後一分鐘投進了三分球，全場觀眾都站起來歡呼。	This player sank a three-pointer in the final minute, and the whole crowd stood up and cheered.
當代	這是當代藝術展。	This is a contemporary art exhibition.
當代	美術館最近舉辦了一場當代攝影展，吸引了很多年輕人。	The art museum recently held a contemporary photography exhibition that attracted many young people.
盡量	盡量早點睡。	Try to sleep as early as you can.
盡量	你盡量把重要的資料都備份起來，以免電腦壞掉。	Back up all the important files as much as you can in case your computer breaks.
社	他參加了攝影社。	He joined the photography club.
社	我們大學的社團很多，我參加了登山社和吉他社。	Our university has lots of clubs, and I joined the hiking club and the guitar club.
種類	這裡種類很多。	There are many kinds here.
種類	這家麵包店的種類多到讓我每次都選不出來。	This bakery has so many kinds of bread that I can never choose.
答應	他答應幫我。	He agreed to help me.
答應	我已經答應朋友週末陪他搬家，不能再去爬山了。	I've already promised my friend to help him move this weekend, so I can't go hiking.
綠	紅燈變綠了。	The red light turned green.
綠	等綠燈亮了才可以過馬路，這是最基本的交通規則。	You can only cross the road when the green light is on, which is the most basic traffic rule.
繼承	他繼承了家業。	He inherited the family business.
繼承	她繼承了阿公的老房子，打算把它改成民宿。	She inherited her grandpa's old house and plans to turn it into a guesthouse.
職工	公司有三百名職工。	The company has three hundred employees.
職工	工廠為職工準備了宿舍和免費的午餐。	The factory provides dormitories and free lunch for its staff.
與其	與其等，不如自己去。	Rather than wait, you might as well go yourself.
與其	與其一直抱怨，不如想辦法解決問題。	Rather than keep complaining, try to find a way to solve the problem.
菸	他在抽菸。	He is smoking.
菸	醫生勸我爸戒菸，不然對肺會有很大的傷害。	The doctor advised my dad to quit smoking, or his lungs would be badly harmed.
號碼	你的號碼是幾號？	What is your number?
號碼	你的手機號碼換了嗎？我打過去都沒有人接。	Did you change your phone number? Nobody answers when I call.
解	這題我解不出來。	I can't solve this problem.
解	我花了半天，才解開這條打結的項鍊。	It took me half a day to untangle this knotted necklace.
認定	大家都認定他是對的。	Everyone is convinced he is right.
認定	警方認定這是一起意外，不是人為縱火。	The police determined it was an accident, not arson.
譜	這首歌有譜。	This song has sheet music.
譜	我想買一本食譜，學著做幾道簡單的家常菜。	I want to buy a recipe book and learn to make a few simple home dishes.
質疑	沒有人質疑他。	Nobody questioned him.
質疑	民眾質疑這項工程的預算不夠透明，要求市政府公開說明。	The public questioned the project budget's transparency and demanded that the city government explain it openly.
軌道	火車在軌道上跑。	The train runs on the track.
軌道	人造衛星繞著地球的軌道運行，每九十分鐘轉一圈。	The artificial satellite moves along its orbit around Earth, completing a loop every ninety minutes.
轉型	公司正在轉型。	The company is transforming.
轉型	許多傳統產業正在轉型，開始用網路賣東西。	Many traditional industries are transitioning and starting to sell things online.
透露	他沒有透露原因。	He didn't reveal the reason.
透露	朋友偷偷透露，公司下個月可能會裁員。	A friend quietly revealed that the company might lay people off next month.
道理	你說得有道理。	What you say makes sense.
道理	媽媽常講一個道理：做人要誠實，不然別人就不會相信你。	Mom often says one principle: be honest, or others won't believe you.
邊境	邊境很安靜。	The border is quiet.
邊境	邊境的小鎮因為觀光客變多而變得熱鬧起來。	The border town has become lively because of more tourists.
配	這件襯衫配這條褲子。	Pair this shirt with these pants.
配	紅酒配牛排最對味，我今天特地開了一瓶。	Red wine pairs best with steak, and I opened a bottle specially today.
開車	你會開車嗎？	Can you drive?
開車	我爸習慣開車上班，因為搭捷運要換兩次車。	My dad is used to driving to work since taking the MRT requires two transfers.
陸續	客人陸續到了。	The guests are arriving one after another.
陸續	新年之後，店家陸續恢復營業，街上又熱鬧起來了。	After New Year, shops resumed business one by one and the streets became lively again.
頁面	這個頁面打不開。	This page won't open.
頁面	網站的頁面設計得很簡單，一眼就能找到想要的資料。	The website's pages are designed simply, and you can find what you want at a glance.
駕駛	駕駛開得很慢。	The driver drives slowly.
駕駛	酒後不能駕駛，這是每個人都應該遵守的規定。	You must not drive after drinking, which is a rule everyone should follow.
一方面	一方面累，一方面餓。	On one hand I'm tired, on the other I'm hungry.
一方面	我一方面想換工作，一方面又擔心薪水變少。	On the one hand I want to change jobs, on the other I worry about getting paid less.
上網	我要上網查資料。	I'm going online to look up information.
上網	他每天晚上都會上網看影片，常常看到半夜。	Every night he goes online to watch videos, often until midnight.
乃	此乃公司規定。	This is a company rule.
乃	台北一〇一乃台灣的著名地標，每年吸引大量遊客。	Taipei 101 is a famous landmark of Taiwan, attracting many tourists each year.
代替	我代替他去開會。	I'll go to the meeting in his place.
代替	你可以用蜂蜜代替糖，這樣比較健康。	You can use honey instead of sugar, which is healthier.
何時	你何時有空？	When are you free?
何時	請問下一班高鐵何時出發？我想確認一下時間。	When does the next high-speed rail train depart? I'd like to confirm the time.
假設	假設明天下雨，怎麼辦？	If it rains tomorrow, what shall we do?
假設	假設你中了一千萬，你第一件事會想做什麼？	Suppose you won ten million, what's the first thing you'd want to do?
優質	這是優質的產品。	This is a high-quality product.
優質	這間托兒所提供優質的照顧，家長都很放心。	This daycare provides quality care, and parents feel at ease.
公安	公安來了。	The public security officers have arrived.
公安	新聞說，大陸公安已經展開調查，目前還沒有公布結果。	The news says the mainland's public security officers have begun investigating, and no results have been released yet.
出門	我要出門了。	I'm heading out.
出門	出門前記得檢查瓦斯有沒有關好，也要帶雨傘。	Before leaving home, remember to check the gas is off and take an umbrella.
前後	前後差不多一個小時。	It took about an hour in total.
前後	這兩天前後下了三場雨，花園裡的草都長高了。	It rained three times over these two days, and the grass in the garden has grown tall.
動手	我們動手做吧。	Let's get started.
動手	週末我跟我爸動手做了一個小書架，花了整整一個下午。	This weekend my dad and I built a little bookshelf ourselves, which took the whole afternoon.
半島	台灣不是半島。	Taiwan is not a peninsula.
半島	韓國位在朝鮮半島的南邊，那裡的泡菜跟烤肉很有名。	South Korea is located on the southern part of the Korean Peninsula, famous for kimchi and barbecue.
友好	他很友好。	He is friendly.
友好	兩所學校簽下了友好學校的合約，每年互相交換學生。	The two schools signed a sister-school agreement and exchange students every year.
含有	這含有糖。	This contains sugar.
含有	這款飲料含有大量維他命C，但也含有不少糖分。	This drink contains lots of vitamin C, but also quite a lot of sugar.
單一	菜單很單一。	The menu is very limited.
單一	單一事件不能代表全部，我們要看整體的情況。	A single event can't represent everything, we need to look at the overall situation.
地質	這裡的地質很特別。	The geology here is special.
地質	地質學家說，這個山區的地質不穩定，下大雨時要特別小心。	Geologists say the geology in this mountain area is unstable, so take extra care during heavy rain.
大事	這是一件大事。	This is a big deal.
大事	他一輩子沒做過什麼大事，卻把家人照顧得很好。	He never did anything grand in his life, but took good care of his family.
太空	他想去太空。	He wants to go to space.
太空	太空人在太空站裡生活，每天都要運動才能保持體力。	Astronauts live in the space station and must exercise every day to maintain their strength.
好友	他是我的好友。	He's my good friend.
好友	我有幾位十年的好友，每個月都會約出來吃一次飯。	I have a few close friends of ten years, and we meet for a meal once a month.
定期	要定期檢查身體。	You should have regular check-ups.
定期	這家工廠每個月定期檢查機器，確保一切正常。	This factory inspects the machines regularly every month to make sure everything is normal.
專輯	她出了新專輯。	She released a new album.
專輯	這張專輯一共收錄十首歌，每一首我都聽了好幾遍。	This album contains ten songs, and I've listened to each of them several times.
層面	這是不同的層面。	This is a different level.
層面	這個問題牽涉到很多層面，不是一兩句話可以說清楚的。	This issue involves many aspects and can't be made clear in a sentence or two.
年初	年初很忙。	The start of the year is busy.
年初	我年初就開始存錢，打算年底和家人出國旅行。	I started saving at the beginning of the year to travel abroad with my family at year end.
建築物	這棟建築物很舊。	This building is old.
建築物	這一帶的建築物都不能超過六層樓，以免擋住山景。	Buildings in this area can't exceed six floors, so as not to block the mountain view.
志	他有大志。	He has great ambition.
志	從小他就立志當醫生，後來真的考上了醫學系。	From a young age he set his heart on becoming a doctor, and later really got into medical school.
愚蠢	這個想法很愚蠢。	This idea is stupid.
愚蠢	他後來覺得自己當時的決定真的很愚蠢，白白浪費了一筆錢。	Later he felt his decision back then was really foolish and wasted a sum of money.
扮演	他扮演國王。	He plays the king.
扮演	她在學校的話劇中扮演一位勇敢的公主，演得很棒。	In the school play she plays a brave princess and does a great job.
抵制	大家都抵制這家店。	Everyone is boycotting this shop.
抵制	消費者抵制這個品牌，因為它的廣告冒犯了很多人。	Consumers boycotted this brand because its advertisement offended many people.
接到	我接到一通電話。	I received a phone call.
接到	昨天接到學校的通知，說下週一要停課一天。	Yesterday I received a notice from the school saying classes will be suspended next Monday.
播出	節目明天播出。	The show airs tomorrow.
播出	這部連續劇每週六晚上八點播出，我媽從來不會錯過。	This drama airs every Saturday at eight p.m., and my mom never misses it.
料	這是好料子。	This is good material.
料	沒料到會下這麼大的雨，我們都淋成了落湯雞。	We didn't expect such heavy rain, and we all got soaked like drowned rats.
日記	我每天寫日記。	I write a diary every day.
日記	翻到小時候的日記，我才發現自己以前有那麼多煩惱。	Flipping through my childhood diary, I realized I had so many worries back then.
更為	情況更為嚴重。	The situation is more serious.
更為	相較於去年，今年的經濟狀況更為艱難，很多小店都撐不下去。	Compared to last year, the economy is even tougher this year, and many small shops can't hold on.
村民	村民很友善。	The villagers are friendly.
村民	村民們一起在廟前搭起舞台，準備迎接過年的活動。	The villagers set up a stage together in front of the temple to prepare for New Year events.
模特	她是一位模特兒。	She is a model.
模特	這家服飾店請了一位年輕的模特兒，為新品拍攝宣傳照。	This clothing shop hired a young model to shoot promotional photos for the new items.
此事	此事我知道。	I'm aware of this matter.
此事	此事關係重大，請各位不要隨便對外透露。	This matter is very important, so please don't casually disclose it to outsiders.
決賽	明天是決賽。	The final is tomorrow.
決賽	我們隊伍打進了決賽，所有人都為了比賽練習到很晚。	Our team made it to the final, and everyone practiced late for the match.
流量	今天路上的車流量很大。	The traffic volume on the road is heavy today.
流量	我的手機流量快用完了，只好連上咖啡店的無線網路。	I'm almost out of mobile data, so I had to connect to the cafe's Wi-Fi.
滾	水滾了。	The water is boiling.
滾	球從桌上滾到地板上，一直滾到沙發底下去了。	The ball rolled off the table onto the floor and all the way under the sofa.
營業	商店九點開始營業。	The shop opens for business at nine.
營業	這家早餐店營業到下午兩點，賣完就提早打烊。	This breakfast shop is open until two in the afternoon and closes early when it sells out.
環節	每個環節都很重要。	Every link is important.
環節	生產過程中只要有一個環節出問題，整批貨就不能賣了。	If any single link in the production process goes wrong, the whole batch can't be sold.
當今	當今社會變化很快。	Society is changing fast nowadays.
當今	當今的年輕人比較重視工作和生活的平衡。	Young people today put more emphasis on work-life balance.
百姓	老百姓都很開心。	The common people are all happy.
百姓	政府的新政策讓一般百姓的生活變得更方便了。	The government's new policy has made life more convenient for ordinary people.
眼	我看了一眼。	I took a look.
眼	她眼睛不舒服，滴了眼藥水以後才好一點。	Her eyes were uncomfortable, and they felt better only after using eye drops.
祈禱	我為你祈禱。	I'll pray for you.
祈禱	每到考試前，我阿嬤都會到廟裡祈禱孫子順利考上。	Before every exam, my grandma goes to the temple to pray that her grandson passes.
穿著	他穿著很正式。	His attire is very formal.
穿著	面試時，穿著要乾淨整齊，才會給人好印象。	At an interview your attire should be clean and neat to leave a good impression.
簽	請在這裡簽名。	Please sign here.
簽	簽完合約以後，我們就可以正式開始合作了。	After the contract is signed, we can start cooperating officially.
累	我今天很累。	I'm very tired today.
累	這些小錢每個月累積起來，一年就是一筆不小的數目。	These small amounts add up each month, and in a year it's quite a sum.
經濟學	他念經濟學。	He studies economics.
經濟學	我大學修了經濟學，所以對股票和物價有一點概念。	I took economics at university, so I have some understanding of stocks and prices.
繁榮	這個城市很繁榮。	This city is prosperous.
繁榮	港口附近的商店很多，看起來非常繁榮。	There are many shops near the harbour, and it looks very prosperous.
職位	我申請這個職位。	I'm applying for this position.
職位	公司有一個行銷的職位空缺，歡迎有經驗的人來應徵。	The company has a vacant marketing position, and experienced people are welcome to apply.
般	像天使一般。	Like an angel.
般	他對待每個客人都像家人一般親切。	He treats every customer as warmly as family.
蛋	我吃了一顆蛋。	I ate an egg.
蛋	早上我通常煎兩顆蛋，配一杯豆漿。	In the morning I usually fry two eggs and have a cup of soy milk.
西北	風從西北吹來。	The wind blows from the northwest.
西北	氣象局說，今晚有一道鋒面從西北方向接近，全台都會下雨。	The weather bureau says a front is approaching from the northwest tonight and rain will fall across Taiwan.
設計師	她是一位設計師。	She is a designer.
設計師	這位設計師把我們的客廳設計得又寬敞又溫暖。	This designer made our living room spacious and warm.
諸多	諸多不便，敬請見諒。	We apologize for the many inconveniences.
諸多	施工期間為各位帶來諸多不便，還請大家多多包涵。	The construction causes many inconveniences, and we ask everyone for their understanding.
財務	公司的財務很穩定。	The company's finances are stable.
財務	她在公司負責財務，每個月都要核對帳目。	She handles finance at the company and has to reconcile the accounts each month.
賬號	請輸入你的賬號。	Please enter your account name.
賬號	我忘記了登入賬號跟密碼，只好重新申請一個。	I forgot my login account and password, so I had to apply for a new one.
較大	這個比較大。	This one is relatively large.
較大	這款手機的螢幕較大，看影片比較舒服。	This phone has a larger screen and is more comfortable for watching videos.
送給	我送給她一本書。	I gave her a book.
送給	這束花是我特別送給媽媽的母親節禮物。	This bouquet is a Mother's Day gift I specially gave to my mom.
運動員	他是運動員。	He is an athlete.
運動員	這位運動員為了比賽，每天早上五點就起床訓練。	For the competition, this athlete gets up at five every morning to train.
鄰居	我的鄰居很好。	My neighbour is nice.
鄰居	鄰居常把多出來的菜送給我們，我們也會回送水果。	Our neighbours often give us surplus vegetables, and we give fruit in return.
關聯	這兩件事沒有關聯。	These two things aren't related.
關聯	醫生說，熬夜和高血壓之間有很大的關聯。	The doctor says staying up late is strongly linked to high blood pressure.
青少年	青少年需要睡眠。	Teenagers need sleep.
青少年	很多青少年放學後喜歡聚在速食店寫功課、聊天。	Many teenagers like to gather at fast-food restaurants after school to do homework and chat.
題材	這個題材很有趣。	This subject is interesting.
題材	這部電影的題材來自一位老兵的真實故事。	The subject matter of this film comes from the true story of a veteran.
騎	將軍帶著一騎出城。	The general rode out of the city with one horseman.
騎	敵人只派了幾騎前來偵查，沒想到被我軍發現了。	The enemy sent only a few horsemen to scout, and unexpectedly were spotted by our army.
龐大	這個工程很龐大。	This project is huge.
龐大	龐大的人口讓城市的交通問題越來越嚴重。	A huge population makes the city's traffic problems worse and worse.
三星	這間飯店是三星級的。	This hotel is three-star.
三星	那間餐廳被評為三星，所以每天都客滿，要提早訂位。	That restaurant was rated three stars, so it's fully booked every day and you must reserve early.
不算	這不算貴。	This isn't expensive.
不算	今天不算太冷，穿一件薄外套就夠了。	It's not too cold today, and a thin jacket is enough.
主演	他主演這部電影。	He stars in this film.
主演	這部劇由兩位金馬影帝主演，一播出就引起熱烈討論。	This series stars two Golden Horse best actors and sparked lively discussion as soon as it aired.
介入	警方不想介入。	The police don't want to get involved.
介入	兩個鄰居吵架的時候，里長出面介入，才讓事情平息。	When two neighbours quarrelled, the village head stepped in to settle things.
供給	電力供給不足。	The power supply is insufficient.
供給	颱風造成蔬菜供給減少，價格因此一直上漲。	The typhoon reduced the vegetable supply, so prices kept rising.
俺	北方人說「俺」就是我。	Northerners say 俺 for "I".
俺	電影裡的大叔用「俺」自稱，一聽就知道是北方人。	In the movie the uncle calls himself 俺, and you can tell right away he's from the north.
債務	他的債務很多。	He has a lot of debt.
債務	很多年輕人因為信用卡債務而睡不好，壓力很大。	Many young people lose sleep over credit card debt and are under great pressure.
先鋒	他是先鋒。	He is the vanguard.
先鋒	這位年輕導演被稱為台灣新電影的先鋒。	This young director is called a pioneer of Taiwan's new cinema.
冒	煙冒出來了。	Smoke is coming out.
冒	鍋裡的湯冒著熱氣，聞起來好香。	The soup in the pot is steaming and smells wonderful.
列入	名字列入名單。	The name is added to the list.
列入	這幾棵老樹被列入保護名單，不能隨便砍掉。	These old trees were put on the protection list and cannot be cut down casually.
劃	小心被刀劃到手。	Be careful not to get cut by the knife.
劃	他用火柴劃了一下，點燃了蠟燭。	He struck a match and lit the candle.
匯率	今天的匯率是多少？	What is today's exchange rate?
匯率	出國前我會先看匯率，等日幣便宜的時候再換。	Before going abroad I check the exchange rate and change money when the yen is cheap.
原料	這些是食品原料。	These are food raw materials.
原料	這家工廠進口的原料品質很好，所以做出來的成品也很穩定。	The raw materials this factory imports are high quality, so the finished products are consistent.
合成	這是合成的。	This is synthetic.
合成	這張照片是用軟體合成的，看起來非常真實。	This photo was composited with software and looks very real.
名叫	她名叫小美。	Her name is Xiaomei.
名叫	我家的貓名叫「花生」，是一隻很愛撒嬌的黃貓。	My cat is called Peanut, an orange cat that loves to act spoiled.
呼吸	深呼吸。	Take a deep breath.
呼吸	爬完樓梯後，我呼吸變得很急促，得坐下來休息。	After climbing the stairs, my breathing became rapid and I had to sit down.
喔	好喔。	Okay.
喔	你明天要記得帶傘喔，天氣預報說會下雨。	Remember to bring an umbrella tomorrow, the forecast says it will rain.
圖像	螢幕上有圖像。	There's an image on the screen.
圖像	這個軟體可以把文字轉換成圖像，用起來很方便。	This software can convert text into images and is very convenient.
堅強	你要堅強。	You must be strong.
堅強	雖然生活很辛苦，她依然堅強地把兩個孩子養大。	Although life was hard, she bravely raised two children.
士	他是一位護士。	He is a nurse.
士	她是碩士畢業，現在在一間研究機構工作。	She holds a master's degree and works at a research institution now.
大致	大致上沒問題。	Generally there's no problem.
大致	報告我大致看過了，格式沒問題，只有幾個字需要修改。	I've looked at the report roughly, and the format is fine, with only a few words to correct.
好人	他是個好人。	He is a good person.
好人	她常被朋友發好人卡，這讓她有點無奈。	She is often given the "good person" card by friends, which makes her a bit helpless.
姿勢	你的姿勢不對。	Your posture is wrong.
姿勢	長時間用電腦時，坐的姿勢不對，肩膀就會痠痛。	If you sit in the wrong posture when using a computer for long, your shoulders will ache.
安靜	請保持安靜。	Please keep quiet.
安靜	圖書館裡很安靜，只聽得到翻書的聲音。	It's very quiet in the library, and you can only hear pages turning.
實用	這個很實用。	This is very practical.
實用	這本旅遊書很實用，裡面附了每個景點的交通資訊。	This travel book is very practical and includes transportation information for every spot.
尊敬	我很尊敬老師。	I respect my teacher greatly.
尊敬	他對長輩一向很尊敬，每次見面都先問好。	He has always been respectful toward his elders and greets them first every time.
屋	這間屋子很小。	This room is small.
屋	山上的小木屋很安靜，晚上還能看到滿天星星。	The little cabin in the mountains is quiet, and at night you can see a sky full of stars.
州長	州長來了。	The governor has arrived.
州長	加州州長今天宣布了新的環保政策，引起很多討論。	The California governor announced a new environmental policy today, which sparked much discussion.
干擾	請不要干擾我。	Please don't disturb me.
干擾	外面的施工聲干擾了我們開會，只好把窗戶關起來。	The construction noise outside interfered with our meeting, so we had to close the windows.
廢	這張紙已經廢了。	This sheet of paper is already useless.
廢	這台舊電視壞了很久，早就變成廢物，我們決定拿去回收。	This old TV has been broken for a long time and become junk, so we decided to recycle it.
往來	兩家公司往來密切。	The two companies have close dealings.
往來	這條街每天人來人往，往來的車子也特別多。	This street has people coming and going every day, and a lot of traffic passing back and forth.
忽略	不要忽略小事。	Don't overlook small things.
忽略	他太專心工作，忽略了家人的感受，最後被老婆唸了一頓。	He focused so much on work that he neglected his family's feelings, and his wife scolded him in the end.
慾望	他的慾望很大。	His desires are great.
慾望	購物慾望太強的人，常常在月底發現自己沒錢了。	People with too strong a desire to shop often find at month's end they have no money.
戰術	這是新的戰術。	This is a new tactic.
戰術	教練在中場休息時調整了戰術，球隊才逆轉比賽。	The coach adjusted the tactics at halftime, and the team turned the game around.
投降	我投降！	I surrender!
投降	被朋友笑到不行，我只好舉手投降，承認這次我輸了。	With my friends laughing so hard, I had to raise my hands and admit I lost this time.
拓展	公司想拓展海外市場。	The company wants to expand into overseas markets.
拓展	多參加社團活動可以拓展人脈，也能學到不少東西。	Joining more club activities can broaden your connections and teach you plenty.
排列	請照順序排列。	Please arrange them in order.
排列	書架上的書按照高矮排列得很整齊，看起來很舒服。	The books on the shelf are arranged neatly by height and look comfortable to the eye.
提起	別提起這件事。	Don't bring this up.
提起	每次我提起考試，弟弟就一臉緊張，然後轉頭去打電動。	Every time I bring up exams, my little brother looks anxious and turns to play video games.
放下	把書放下。	Put the book down.
放下	她放下手機，專心陪孩子玩了一整個下午。	She put down her phone and focused on playing with her child the whole afternoon.
斗	他買了一斗米。	He bought a dou of rice.
斗	以前的人用斗來量米，一斗等於十升。	In the past people measured rice by the dou, and one dou equals ten sheng.
春天	春天來了。	Spring has come.
春天	春天的陽明山有很多花，假日總是擠滿了賞花的人。	In spring Yangmingshan has many flowers, and on holidays it is always packed with people viewing blossoms.
更換	請更換電池。	Please replace the batteries.
更換	機車的輪胎磨損了，需要儘快更換，以免出意外。	The scooter tires are worn and need replacing soon to avoid accidents.
有意思	這本書很有意思。	This book is interesting.
有意思	她說話很有意思，跟她聊天不會無聊。	She is fun to talk to, and chatting with her is never boring.
末	週末我們去爬山。	We're going hiking this weekend.
末	月末的時候，公司總是特別忙，要處理很多報表。	At the end of the month the company is always busy handling many reports.
榮耀	這是你的榮耀。	This is your glory.
榮耀	球隊奪冠的那一刻，全城都為這份榮耀歡呼。	The moment the team won the championship, the whole city cheered for the glory.
檔	換檔要踩離合器。	You have to press the clutch to change gears.
檔	剛學會騎重機的時候，我常常忘記換檔，車子就熄火了。	When I first learned to ride a heavy motorcycle, I often forgot to shift gears and stalled.
死者	死者家屬很傷心。	The families of the deceased are heartbroken.
死者	警方已通知死者家屬，目前仍在調查事故原因。	The police have notified the deceased's family and are still investigating the cause of the accident.
毒品	毒品會害人。	Drugs harm people.
毒品	警察破獲一個販賣毒品的集團，抓到了十幾個人。	The police busted a drug-selling ring and arrested over a dozen people.
沙	孩子在玩沙。	The kids are playing with sand.
沙	海邊的沙很細，赤腳走在上面很舒服。	The sand at the beach is fine, and it's comfortable to walk on barefoot.
注重	他很注重健康。	He pays great attention to health.
注重	這家餐廳很注重食材的新鮮，每天早上都去市場挑菜。	This restaurant emphasizes ingredient freshness and picks vegetables at the market every morning.
淘汰	舊電腦被淘汰了。	The old computer has been phased out.
淘汰	這種舊款手機已經被市場淘汰，現在很少人在用。	This old model of phone has been phased out by the market, and few people use it now.
港口	港口有很多船。	There are many ships in the harbour.
港口	基隆港口每天都有貨輪進出，漁市場也很熱鬧。	Ships come and go at Keelung harbour every day, and the fish market is lively too.
潛在	這是潛在的問題。	This is a potential problem.
潛在	這家公司找到了很多潛在客戶，業績有望大幅成長。	The company has found many potential customers and its performance is expected to grow greatly.
無力	我覺得全身無力。	I feel weak all over.
無力	發燒的時候，我整個人都軟綿綿的，連走路都覺得無力。	When I have a fever my whole body is limp, and even walking feels weak.
熱帶	台灣有熱帶水果。	Taiwan has tropical fruit.
熱帶	熱帶地區的氣候又濕又熱，蚊子也特別多。	The climate of tropical regions is humid and hot, and there are especially many mosquitoes.
爛	這顆蘋果爛了。	This apple has rotted.
爛	放太久的香蕉皮都爛了，聞起來有點酸酸的味道。	The banana peel left too long has gone rotten and smells a bit sour.
獅子	獅子很大。	The lion is big.
獅子	動物園裡的獅子趴在樹下睡覺，小朋友都看得入迷。	The lion in the zoo is sleeping under a tree, and the kids are completely absorbed watching.
現行	現行制度有問題。	The current system has problems.
現行	依照現行的規定，外籍人士也可以申請這項補助。	Under the current rules, foreigners can also apply for this subsidy.
男友	她有男友了。	She has a boyfriend now.
男友	我男友週末都會陪我去市場買菜，順便吃早餐。	My boyfriend goes with me to the market on weekends to buy groceries and have breakfast.
疑問	你有疑問嗎？	Do you have any questions?
疑問	如果對合約內容有疑問，可以隨時打電話來詢問。	If you have any doubts about the contract, you can call to ask at any time.
發送	系統自動發送簡訊。	The system sends text messages automatically.
發送	郵件已經發送給所有人，請大家查看信箱。	The email has been sent to everyone, so please check your inbox.
直至	直至今日仍沒消息。	There's still no news up to today.
直至	活動將持續到直至下午五點，欲報名者請儘早到場。	The event will last until five in the afternoon, so those who want to sign up should come early.
眼鏡	我戴眼鏡。	I wear glasses.
眼鏡	我的眼鏡掉到地上摔壞了，明天得去眼鏡行配一副新的。	My glasses fell and broke, so tomorrow I have to go to the optician to get a new pair.
確	這件事很確實。	This is for sure.
確	請確認一下時間是否正確，免得白跑一趟。	Please confirm the time is correct so you don't make a wasted trip.
科研	他在做科研。	He is doing scientific research.
科研	政府計畫增加科研經費，鼓勵年輕人投入研究工作。	The government plans to increase research funding to encourage young people to enter research.
穩	車子開得很穩。	The car drives steadily.
穩	這張桌子不太穩，坐上去可能會搖晃，要小心。	This table isn't very stable and may wobble when you sit on it, so be careful.
節奏	這首歌的節奏很快。	This song has a fast rhythm.
節奏	城市的生活節奏很快，很多人下班後都沒力氣煮飯。	City life is fast-paced and many people have no energy to cook after work.
紡織	這裡有紡織工廠。	There's a textile factory here.
紡織	台灣的紡織業很發達，很多運動服飾的布料都是在這裡生產的。	Taiwan's textile industry is developed, and the fabric for much sportswear is produced here.
編號	請寫上編號。	Please write down the number.
編號	每一份文件都有編號，方便之後查詢。	Each document has a serial number to make later lookup easier.
缺少	缺少一個步驟。	A step is missing.
缺少	做蛋糕缺少了牛奶，我只好跑到樓下的超商去買。	I was short of milk for the cake, so I had to run to the convenience store downstairs.
群島	澎湖是一個群島。	Penghu is an archipelago.
群島	澎湖群島的海水很藍，夏天有很多遊客來玩水。	The water around the Penghu archipelago is very blue, and many tourists come to swim in summer.
聯賽	聯賽開始了。	The league has started.
聯賽	中華職棒聯賽每年春天開打，球迷們都很期待。	The CPBL league season starts every spring, and fans look forward to it.
自信	你要有自信。	You must have confidence.
自信	她上台演講時很有自信，一點也不緊張。	She speaks on stage with confidence and isn't nervous at all.
艦隊	艦隊出海了。	The fleet put to sea.
艦隊	一支艦隊在海上巡邏，保護附近的貨船安全通過。	A fleet patrols the sea to protect nearby cargo ships passing safely.
董事會	董事會開會了。	The board of directors is meeting.
董事會	董事會決定下個月起，公司正式採用四天工作制。	The board of directors decided that starting next month the company will officially adopt a four-day work week.
虛擬	這是虛擬貨幣。	This is virtual currency.
虛擬	很多年輕人喜歡在虛擬世界裡跟朋友一起玩遊戲。	Many young people like playing games with friends in a virtual world.
補助	政府有補助。	The government provides subsidies.
補助	申請補助要附上身分證影本和銀行存摺封面。	To apply for the subsidy you must attach a copy of your ID and the cover of your bank passbook.
語音	我傳語音給你。	I'll send you a voice message.
語音	開車的時候不方便打字，我都用語音輸入回訊息。	It's inconvenient to type when driving, so I reply with voice input.
證書	這是我的證書。	This is my certificate.
證書	考過檢定以後，我拿到了一張英文證書，找工作時用得到。	After passing the exam I received an English certificate, which will be useful for job hunting.
財經	他看財經新聞。	He watches financial news.
財經	我爸每天早上都會看財經節目，了解股市行情。	My dad watches a finance programme every morning to keep up with the stock market.
贊成	我贊成。	I agree.
贊成	大部分同事都贊成改成彈性上下班，只有少數人反對。	Most coworkers approve of switching to flexible working hours, and only a few oppose.
跟蹤	有人在跟蹤他。	Someone is tailing him.
跟蹤	警方跟蹤嫌犯好幾天，終於在火車站把他逮捕。	The police tailed the suspect for days and finally arrested him at the train station.
軟	這張床很軟。	This bed is soft.
軟	這種麵包很軟，放到隔天還是很好吃。	This bread is soft and is still delicious the next day.
迎接	我們去迎接客人。	We're going to welcome the guests.
迎接	大家都忙著打掃房子，迎接過年的到來。	Everyone is busy cleaning the house to welcome the New Year.
遊	我們去遊公園。	We're going to tour the park.
遊	暑假時我們全家去花東遊玩，沿路看到很多漂亮的風景。	In the summer vacation our whole family traveled in Hualien and Taitung and saw many beautiful views along the way.
鄰近	鄰近的商店都關了。	The neighbouring shops are all closed.
鄰近	學校鄰近捷運站，所以每天通勤很方便。	The school is near an MRT station, so commuting is convenient every day.
鋼鐵	這座橋是鋼鐵做的。	This bridge is made of steel.
鋼鐵	高雄有很大的鋼鐵廠，從那裡生產的鋼材供應全國使用。	Kaohsiung has big steel mills, and the steel produced there is supplied nationwide.
開玩笑	你在開玩笑吧？	You're joking, right?
開玩笑	我只是開玩笑而已，你別生氣啦，我請你喝飲料。	I was just joking, don't be mad, I'll buy you a drink.
限	每人限購兩個。	Limit two per person.
限	這個優惠只限今天，過了今晚十二點就沒有了。	This offer is limited to today only and ends after midnight tonight.
隨即	他說完隨即離開。	After saying that, he left immediately.
隨即	警鈴一響，保全人員隨即趕到現場查看。	As soon as the alarm sounded, the security guards rushed to check the scene.
電池	電池沒電了。	The battery is dead.
電池	我的手機電池很不耐用，出門一定要帶行動電源。	My phone battery doesn't last, so I always take a power bank when I go out.
頒發	學校頒發獎狀。	The school presents certificates of merit.
頒發	市長在典禮上頒發獎章給表現傑出的志工。	The mayor presented medals to outstanding volunteers at the ceremony.
食	民以食為天。	Food is the first necessity of the people.
食	我最近減少外食，自己煮飯，看到蔬菜就想多吃一點。	Lately I've been cutting down on eating out and cooking myself, and I want to eat more whenever I see vegetables.
驗證	請驗證你的電話號碼。	Please verify your phone number.
驗證	這項理論需要透過實驗來驗證，不能只靠想像。	This theory needs to be verified by experiments and can't rely on imagination alone.
鬍	他有鬍子。	He has a beard.
鬍	爸爸早上刮完鬍子，臉看起來乾淨清爽多了。	After Dad shaves his beard in the morning, his face looks much cleaner and fresher.
齊	人都到齊了嗎？	Is everyone here?
齊	書桌上的文具擺得很整齊，一點也不凌亂。	The stationery on the desk is arranged neatly, not messy at all.
一號	下個月一號放假。	We have a holiday on the first of next month.
一號	每個月一號，我媽都會到廟裡拜拜，祈求家人平安。	On the first of every month my mom goes to the temple to pray for her family's safety.
下列	請看下列說明。	Please see the following instructions.
下列	下列物品請勿帶入展覽室：食物、飲料與大型背包。	The following items may not be brought into the exhibition room: food, drinks and large backpacks.
世人	世人都知道。	Everyone knows.
世人	這位畫家的作品被世人稱讚，到現在仍受到喜愛。	This painter's works were praised by the world and are still loved today.
二級	這是二級警戒。	This is Level 2 alert.
二級	政府把疫情警戒調降為二級，餐廳終於可以內用了。	The government lowered the pandemic alert to Level 2, and restaurants can finally allow dine-in.
人選	你覺得誰是合適的人選？	Who do you think is the right candidate?
人選	班級幹部的人選還沒決定，老師希望大家多提名。	The class officers haven't been decided, and the teacher hopes everyone nominates more people.
作風	他的作風很強硬。	His style is very tough.
作風	這位老闆的作風很開放，員工可以自由提出意見。	This boss has an open style, and employees can freely give opinions.
偏	他偏要去。	He insists on going.
偏	我一出門就下雨，偏偏沒帶傘，全身都濕透了。	It started raining the moment I left and I happened not to have an umbrella, so I got soaked.
傷亡	傷亡很嚴重。	Casualties are serious.
傷亡	這次地震造成多人傷亡，救難人員正在持續搜救。	This earthquake caused many casualties, and rescue workers are continuing to search.
入境	入境要填表格。	You need to fill out a form to enter the country.
入境	旅客入境台灣時，需要先通過海關檢查才能領行李。	Travellers entering Taiwan must pass customs inspection before collecting their luggage.
共和	這個國家是共和國。	This country is a republic.
共和	中華民國於一九一二年成立，是亞洲第一個共和政體。	The Republic of China was founded in 1912 and was Asia's first republic.
出租車	我想租出租車。	I'd like to rent a car.
出租車	我們到花蓮前先在網路上預約了一輛出租車，自己開車環島。	Before going to Hualien we booked a rental car online to drive around the island ourselves.
初級	我上初級班。	I'm in the beginner class.
初級	他的日文才初級程度，只能看懂簡單的菜單。	His Japanese is only at elementary level, and he can read only simple menus.
加大	請加大音量。	Please turn up the volume.
加大	為了趕上進度，公司決定加大投入，增加更多人力。	To catch up with the schedule, the company decided to increase investment and add more staff.
匯報	我來匯報進度。	Let me report on the progress.
匯報	每週一的會議上，大家要輪流匯報手上的工作狀況。	At the meeting every Monday, everyone takes turns reporting on the status of their work.
博	他學識淵博。	He is learned.
博	我弟弟最愛去博物館，也很愛看博愛座旁邊的小說明。	My brother loves visiting museums and enjoys the explanatory notes next to exhibits.
司令	司令在檢閱部隊。	The commander is reviewing the troops.
司令	司令下令部隊清晨出發，在天亮前抵達目的地。	The commander ordered the troops to depart at dawn and arrive before daybreak.
和尚	廟裡有一位和尚。	There's a monk in the temple.
和尚	和尚每天早上四點起床誦經，過著簡單的生活。	The monk gets up at four every morning to chant sutras and leads a simple life.
喬	那棵樹是喬木。	That tree is a tall tree.
喬	公園裡有很多高大的喬木，夏天提供大片的樹蔭。	The park has many tall trees that provide wide shade in summer.
四處	他四處找你。	He's looking everywhere for you.
四處	小狗在公園裡四處跑，開心得不得了。	The puppy runs all over the park, happy beyond words.
圓	月亮好圓。	The moon is so round.
圓	中秋節的月亮又大又圓，大家都在院子裡吃烤肉。	The moon at Mid-Autumn Festival is big and round, and everyone is barbecuing in the yard.
城堡	這是一座城堡。	This is a castle.
城堡	去歐洲旅行時，我們參觀了一座山頂上的古老城堡。	On our trip to Europe we visited an ancient castle on a hilltop.
外來	外來種很多。	There are many invasive species.
外來	外來的觀光客越來越多，讓小鎮的民宿生意變好了。	More and more outside tourists are coming, and the town's guesthouse business has improved.
大隊	大隊人馬來了。	A big crowd has arrived.
大隊	警察大隊在假日出動，維持觀光區的秩序。	A large police squad is out on holidays to keep order in the tourist area.
妥協	大家各自妥協一點。	Let's each compromise a little.
妥協	為了家人和諧，爸爸在這件事上選擇妥協，讓媽媽決定。	For family harmony, Dad chose to compromise on this and let Mom decide.
字母	我學英文字母。	I'm learning the English alphabet.
字母	注音符號不是字母，而是用來標示中文發音的符號。	Zhuyin symbols are not letters but symbols used to mark Chinese pronunciation.
客氣	你別客氣。	Don't be polite.
客氣	他對每個人都很客氣，所以大家都喜歡他。	He is polite to everyone, so everyone likes him.
寧	他過著安寧的生活。	He lives a peaceful life.
寧	鄉下的夜晚非常寧靜，只聽得見蟲鳴聲。	The countryside night is very tranquil, and only the sound of insects can be heard.
專制	他的做法很專制。	His approach is autocratic.
專制	專制的國家通常不允許人民自由發表意見。	Autocratic countries usually don't allow people freedom of speech.
局部	這是局部圖。	This is a partial diagram.
局部	午後局部地區有雷陣雨，出門請記得帶傘。	There will be thunderstorms in some areas in the afternoon, so remember to bring an umbrella.
市中心	市中心很熱鬧。	The city centre is lively.
市中心	市中心的房租很貴，所以很多上班族住在郊區。	Rents in the city centre are expensive, so many office workers live in the suburbs.
平原	這裡是平原。	This is a plain.
平原	嘉南平原是台灣最大的平原，種了很多稻米和蔬菜。	The Chianan Plain is Taiwan's largest plain, where lots of rice and vegetables are grown.
彈性	這條褲子很有彈性。	These pants are stretchy.
彈性	公司的上班時間很有彈性，只要滿八小時就可以。	The company's working hours are very flexible as long as you complete eight hours.
後續	後續再通知你。	We'll notify you later.
後續	後續處理的結果，我們會以簡訊方式通知您。	We will notify you of the follow-up result by text message.
快點	快點，要遲到了！	Hurry up, we're going to be late!
快點	你快點吃，電影再十分鐘就要開演了。	Eat quickly, the movie starts in ten minutes.
想念	我很想念你。	I miss you a lot.
想念	出國念書以後，我最想念的就是媽媽煮的家常菜。	After going abroad to study, what I miss most is my mom's home cooking.
慶典	今天有慶典。	There's a celebration today.
慶典	每年的元宵節慶典都有放天燈，吸引許多觀光客。	Every year's Lantern Festival celebration includes releasing sky lanterns, attracting many tourists.
折	這生意折了本。	This business lost money.
折	他做生意半年多，不但沒賺錢，還折了不少本。	He ran his business for over half a year and not only made no money but lost a lot of capital.
指令	請依照指令操作。	Please operate according to the instructions.
指令	機器人收到了指令，自動走去充電站。	The robot received the command and automatically went to the charging station.
描繪	他描繪出一幅美麗的風景。	He depicted a beautiful landscape.
描繪	這本小說細膩地描繪了一個小鎮居民的日常生活。	This novel delicately portrays the daily life of residents of a small town.
撐	我撐著雨傘。	I'm holding an umbrella open.
撐	下雨了，你快撐傘，別淋濕了。	It's raining, hurry and open your umbrella so you don't get wet.
擼	他喜歡擼貓。	He likes petting cats.
擼	天氣太熱，他擼起袖子，開始一起幫忙搬東西。	It was too hot, so he rolled up his sleeves and began helping move things.
政變	發生政變了。	A coup has occurred.
政變	新聞說這個國家昨晚發生政變，軍方已控制了首都。	The news says a coup took place in the country last night and the military has taken control of the capital.
數目	這個數目不小。	This amount is not small.
數目	你先算一下數目對不對，再把錢交給老闆。	Check whether the amount is right before handing the money to the boss.
旅	我愛旅行。	I love travelling.
旅	這趟旅程讓我們看到了很多不同的風景。	This trip let us see many different landscapes.
暗殺	有人想暗殺他。	Someone wanted to assassinate him.
暗殺	歷史上許多重要的領袖都曾經遭到暗殺。	Many important leaders in history were assassinated.
未經	未經允許不得入內。	No entry without permission.
未經	未經本人同意，不可以隨便使用他人的照片。	Without the person's consent, you may not casually use someone else's photo.
框架	這是窗戶的框架。	This is the window frame.
框架	新房子的框架已經搭好了，接下來就要做牆壁。	The frame of the new house has been built, and next the walls will be made.
樂趣	看書是我的樂趣。	Reading is my pleasure.
樂趣	種菜最大的樂趣，就是看著種子一天天長大。	The greatest joy of growing vegetables is watching the seeds grow day by day.
正規	這是正規的店。	This is a legitimate shop.
正規	買藥一定要到正規的藥局，不要在網路上亂買。	Always buy medicine from a proper pharmacy and not randomly online.
殺手	他是一個殺手。	He is a killer.
殺手	這部電影的主角是一名殺手，但他其實很善良。	The protagonist of this movie is a hit man, but he's actually kind.
流域	這是河流的流域。	This is the river basin.
流域	大甲溪流域的水庫供應台中很多人的用水。	Reservoirs in the Dajia River basin supply water to many people in Taichung.
淨	地面擦得很乾淨。	The floor has been wiped clean.
淨	扣掉成本以後，這個月淨賺了兩萬塊。	After deducting costs, the net profit this month was twenty thousand dollars.
溫柔	她很溫柔。	She is very gentle.
溫柔	媽媽用溫柔的聲音唱歌哄小寶寶睡覺。	Mom sings in a gentle voice to lull the baby to sleep.
火山	那座山是火山。	That mountain is a volcano.
火山	台北附近的大屯火山群有很多溫泉，假日常有人去泡湯。	The Tatun volcano group near Taipei has many hot springs, and people often go to soak on weekends.
煩惱	你有什麼煩惱嗎？	Is anything worrying you?
煩惱	失眠讓他每天都很煩惱，上班也沒有精神。	Insomnia troubles him every day, and he has no energy at work.
牙	我牙痛。	I have a toothache.
牙	我每天都會用牙線清牙縫，所以牙醫說我的牙齒很健康。	I use dental floss between my teeth every day, so the dentist says my teeth are healthy.
率領	他率領球隊出賽。	He leads the team into the match.
率領	教授率領學生到山上做生態調查，一去就是三天。	The professor led students up the mountain for an ecological survey, staying three days.
生產力	生產力提高了。	Productivity has increased.
生產力	新機器上線之後，工廠的生產力明顯提升，成本也降低了。	After the new machine went online, the factory's productivity rose noticeably and costs fell.
登場	明星登場了。	The star made an entrance.
登場	新一季的影集即將登場，粉絲們已經在網路上討論好幾天了。	The new season of the series is about to premiere, and fans have been discussing it online for days.
相繼	客人相繼離開。	The guests left one after another.
相繼	颱風過後，各地的道路相繼恢復通行。	After the typhoon, roads in various places reopened one after another.
短暫	假期很短暫。	The holiday is brief.
短暫	這次相聚雖然短暫，但我們都留下了美好的回憶。	Though this gathering was brief, we all left with fond memories.
禁	他禁不起打擊。	He can't withstand setbacks.
禁	她禁不住好奇心，偷偷打開了生日禮物看了一下。	She couldn't resist her curiosity and secretly opened her birthday gift to peek.
窮	他很窮。	He is very poor.
窮	他小時候家裡很窮，常常吃不飽，所以特別珍惜食物。	His family was very poor when he was a child and he often went hungry, so he especially cherishes food.
簡化	把步驟簡化一下。	Simplify the steps a bit.
簡化	公司簡化了請假流程，現在用手機就可以申請。	The company simplified the leave process, and now you can apply with your phone.
精靈	電影裡有精靈。	There are elves in the movie.
精靈	這部童話故事裡的精靈會幫助迷路的小孩找到家。	The fairy in this fairy tale helps lost children find their way home.
索	他向我索取資料。	He asked me for the data.
索	警察到處搜索，希望找到走失的小孩。	The police searched everywhere, hoping to find the missing child.
縮短	我想縮短時間。	I want to shorten the time.
縮短	新的高速公路縮短了南北之間的車程，大概省了半小時。	The new highway shortens the drive between north and south by about half an hour.
習	你要多練習。	You should practice more.
習	養成運動的習慣，對身體有很多好處。	Forming a habit of exercise has many benefits for your body.
耳朵	我的耳朵痛。	My ear hurts.
耳朵	兔子的耳朵很長，一聽到聲音就會豎起來。	A rabbit's ears are long and stand up as soon as they hear a sound.
肯	他不肯來。	He is unwilling to come.
肯	我問了好幾次，弟弟就是不肯告訴我他把遙控器放哪裡了。	I asked several times, but my brother just wouldn't tell me where he put the remote.
臺風	他上台的臺風很穩。	His stage presence is steady.
臺風	這位歌手很有臺風，一站上舞台就能帶動全場氣氛。	This singer has great stage presence and lifts the mood of the whole crowd once on stage.
蒙	我被嚇蒙了。	I was stunned by the shock.
蒙	他突然被叫上台，整個人都蒙了，一句話都說不出來。	He was suddenly called on stage, was totally dazed, and couldn't say a word.
融入	我想融入新環境。	I want to blend into the new environment.
融入	搬到新學校的第一個月，他努力融入班上的小團體。	In his first month at the new school, he worked hard to fit in with the class groups.
要素	時間是成功的要素。	Time is a key factor in success.
要素	好的簡報必須具備三個要素：清楚、簡短、有重點。	A good presentation needs three elements: clarity, brevity and focus.
解散	他們把社團解散了。	They disbanded the club.
解散	活動結束後，隊長讓大家解散，各自回家休息。	After the activity ended, the captain told everyone to disperse and go home to rest.
談到	談到旅行，他就有很多話想說。	When it comes to travel, he has a lot to say.
談到	談到小時候的事，奶奶就會笑著講很久。	When it comes to childhood stories, Grandma smiles and talks for a long time.
財	他發了一筆財。	He struck it rich.
財	阿公常說，人不要貪財，平安健康才是最重要的。	Grandpa often says people shouldn't be greedy for money, and safety and health are the most important.
身亡	傷者不幸身亡。	The injured person unfortunately died.
身亡	一名騎士因為天雨路滑，連人帶車摔倒，送醫後不治身亡。	A rider fell with his bike on a slippery road in the rain and died after being taken to hospital.
透	雨水滲透了衣服。	The rain seeped through the clothes.
透	下大雨的時候，我的鞋子整個濕透了，腳很不舒服。	In heavy rain my shoes got completely soaked, and my feet felt awful.
遇上	我遇上了老朋友。	I ran into an old friend.
遇上	出門剛好遇上下雨，只好躲到騎樓下等雨停。	Just as I left it began to rain, so I had to take shelter under the arcade until it stopped.
遵循	大家要遵循規定。	Everyone should follow the rules.
遵循	做實驗時，請遵循老師說明的每一個步驟，以免發生危險。	When doing experiments, please follow every step the teacher explains to avoid danger.
野生	這是野生動物。	This is a wild animal.
野生	在這座山裡，有機會看到野生的獼猴跟山羌。	In these mountains you may see wild macaques and muntjacs.
開口	他不好意思開口。	He's too shy to speak up.
開口	我有事想請你幫忙，可是一直不知道怎麼開口。	I want to ask you for a favor, but I haven't known how to bring it up.
防治	政府正在防治登革熱。	The government is combating dengue fever.
防治	環保署為了防治空氣污染，推出了新的補助辦法。	To control air pollution, the Environmental Protection Administration introduced a new subsidy scheme.
雞蛋	我煎了一顆雞蛋。	I fried an egg.
雞蛋	早餐店的蛋餅裡有雞蛋跟起司，我每次都會加一份。	The egg crepe at the breakfast shop has egg and cheese, and I add one more portion every time.
頂級	這是頂級牛排。	This is a top-grade steak.
頂級	他們買了一瓶頂級紅酒，慶祝結婚十週年。	They bought a bottle of premium red wine to celebrate their tenth wedding anniversary.
額外	有額外費用嗎？	Are there any extra charges?
額外	退貨要額外付運費，下單前請先確認清楚。	Returns require an extra shipping fee, so please check carefully before ordering.
體重	我的體重增加了。	My weight has gone up.
體重	我每天早上起床都會量體重，看看有沒有變化。	Every morning when I wake up I weigh myself to see if there's any change.
黨內	黨內意見不一致。	Opinions within the party are divided.
黨內	黨內初選結果出來後，各派系都表示會支持最後的人選。	After the party primary results came out, all the factions said they would support the final candidate.
一貫	他一貫的作風。	It's his consistent style.
一貫	這家老店一貫堅持用新鮮食材，所以客人才會一直回來。	This old shop has consistently insisted on fresh ingredients, which is why customers keep coming back.
上街	我們上街買東西。	We're going shopping.
上街	週末我常跟朋友上街逛逛，看看有沒有便宜的衣服。	On weekends I often go shopping with friends to look for cheap clothes.
不成	不成，這樣不行。	No, it won't do.
不成	難道你想自己一個人去不成？我陪你去吧。	You don't want to go all by yourself, do you? I'll go with you.
中外	這是中外聞名的景點。	This is a famous attraction at home and abroad.
中外	故宮博物院每年都吸引許多中外遊客前來參觀。	The National Palace Museum draws many visitors from Taiwan and abroad every year.
乃至	他喜歡運動，乃至打電動。	He likes sports, and even video games.
乃至	這個問題影響了學生，乃至整個社會的未來。	This problem affects students and even the future of the whole society.
亮相	新車今天亮相。	The new car makes its debut today.
亮相	新款手機將在下週亮相，網路上已經有很多討論。	The new phone will make its debut next week, and there's already much discussion online.
以免	帶把傘，以免淋濕。	Take an umbrella so you don't get wet.
以免	出門前先檢查鑰匙有沒有帶，以免被鎖在門外。	Check that you have your keys before leaving so you won't get locked out.
來臨	冬天來臨了。	Winter has arrived.
來臨	颱風來臨前，大家都忙著囤貨，超市的貨架都空了。	Before the typhoon arrived, everyone stocked up and the supermarket shelves were emptied.
倡導	我們倡導環保。	We advocate environmental protection.
倡導	學校倡導大家自備水壺，減少使用寶特瓶。	The school advocates that everyone bring their own water bottle to reduce plastic bottle use.
備案	合約要備案。	The contract must be filed.
備案	新開的補習班必須向教育局備案，才能正式營業。	A newly opened cram school must register with the education bureau before it can officially operate.
儘可能	請儘可能早到。	Please arrive as early as possible.
儘可能	我們會儘可能滿足每位客人的需求，請放心。	We will meet every customer's needs as far as possible, so please rest assured.
免疫	我對花粉免疫。	I'm immune to pollen.
免疫	睡眠不足會降低免疫力，讓人比較容易感冒。	Lack of sleep lowers immunity and makes people catch colds more easily.
兩側	路的兩側有樹。	There are trees on both sides of the road.
兩側	河流兩側都蓋了自行車道，假日有很多人在那裡騎車。	Bike paths have been built on both sides of the river, and many people ride there on holidays.
典禮	畢業典禮在禮堂舉行。	The graduation ceremony is held in the auditorium.
典禮	升旗典禮結束後，同學們依序回到各自的教室。	After the flag-raising ceremony, students returned to their classrooms in order.
分割	把蛋糕分割成八塊。	Cut the cake into eight pieces.
分割	這間大房子被分割成三個小套房出租。	This large house was divided into three small studios for rent.
列出	請列出你的需求。	Please list your needs.
列出	我在出國前列出了要帶的東西，這樣就不會漏掉。	Before going abroad I made a list of things to take so I wouldn't forget anything.
制訂	公司正在制訂新規定。	The company is drawing up new rules.
制訂	教育部制訂了新的課程標準，預計明年開始實施。	The Ministry of Education formulated new curriculum standards, expected to take effect next year.
功	他立了大功。	He did a great deed.
功	做事要下功夫，不能只想靠運氣。	To get things done you must put in effort, not just rely on luck.
包裹	你有包裹。	You have a parcel.
包裹	快遞員按電鈴說有你的包裹，需要你出來簽收。	The courier rang the bell and said there's a parcel for you that needs your signature.
卡拉	我們去唱卡拉OK。	Let's go sing karaoke.
卡拉	朋友生日那天，我們整班人包了一間卡拉OK，唱到半夜。	On my friend's birthday our whole group rented a karaoke room and sang until midnight.
參議院	參議院通過了法案。	The senate passed the bill.
參議院	美國參議院昨天投票通過這項預算案，新聞已經報導了。	The US Senate voted yesterday to pass this budget bill, as the news has reported.
叔叔	叔叔來我家玩。	Uncle came to visit my home.
叔叔	叔叔每次來都會帶一盒鳳梨酥，我最喜歡吃了。	Whenever my uncle comes he brings a box of pineapple cakes, and I love them most.
召集	老師召集大家開會。	The teacher called everyone together for a meeting.
召集	班長召集同學們討論園遊會要賣什麼。	The class leader gathered classmates to discuss what to sell at the school fair.
同行	我們可以同行。	We can go together.
同行	他的同行都很佩服他，因為他的技術是業界最好的。	His peers in the trade admire him because his skill is the best in the industry.
商家	商家在做促銷。	The merchants are running a promotion.
商家	不少商家在雙十一推出了折扣，吸引大家上網購物。	Many merchants offered discounts on Double Eleven to attract people to shop online.
嘉賓	今天有特別嘉賓。	Today there is a special guest.
嘉賓	節目邀請了一位知名作家當嘉賓，分享他的寫作經驗。	The show invited a well-known author as a guest to share his writing experience.
回復	他很快就回復了。	He recovered quickly.
回復	休息了幾天後，我的體力已經回復到以前的水準。	After resting a few days, my strength has recovered to its previous level.
埋	狗把骨頭埋起來。	The dog buried the bone.
埋	我們把種子埋進土裡，每天澆水，希望它快點發芽。	We buried the seeds in the soil and water them every day, hoping they sprout soon.
增設	學校要增設停車位。	The school will add parking spaces.
增設	捷運站增設了電梯，行動不便的人現在方便多了。	The MRT station added elevators, making things much easier for people with mobility issues.
外表	他外表很冷。	He looks cold on the outside.
外表	不要只看外表，他其實是個很善良的人。	Don't judge only by appearance, he's actually a very kind person.
大片	窗外有大片稻田。	Outside the window is a wide expanse of rice fields.
大片	一整個下午，天空都是大片大片的烏雲，看起來隨時要下雨。	All afternoon the sky was full of large stretches of dark clouds, as if it might rain any moment.
奪	小偷奪走了她的包包。	The thief snatched away her bag.
奪	我們班在拔河比賽中奪得第一名，大家高興得跳起來。	Our class took first place in the tug-of-war, and everyone jumped for joy.
威	他很有威嚴。	He has great authority.
威	新來的教官很有威嚴，學生看到他都不敢說話。	The new military instructor has great authority, and students dare not speak when they see him.
學到	我學到很多。	I learned a lot.
學到	這次旅行讓我學到了不少，像是怎麼跟不同文化的人相處。	This trip taught me a lot, such as how to get along with people from different cultures.
宗	他信奉宗教。	He follows a religion.
宗	台灣有很多宗教，常常可以看到廟、教堂和清真寺一起存在。	Taiwan has many religions, and you often see temples, churches and mosques side by side.
富裕	他們的生活很富裕。	They live a well-off life.
富裕	她出生在一個富裕的家庭，卻從來不浪費。	She was born into a well-off family but never wastes anything.
導	導遊帶我們參觀。	The guide takes us around.
導	老師耐心地輔導我，讓我的數學成績進步了很多。	The teacher patiently tutored me, and my math scores improved a lot.
尖銳	這把刀很尖銳。	This knife is sharp.
尖銳	他的問題很尖銳，讓老闆一時不知道怎麼回答。	His question was sharp, and the boss didn't know how to answer for a moment.
工商	這是工商業社會。	This is an industrial and commercial society.
工商	台灣的工商業很發達，很多公司都有出口業務。	Taiwan's industry and commerce are developed, and many companies have export business.
帶給	他帶給我快樂。	He brings me joy.
帶給	這場表演帶給觀眾許多感動，大家都紅了眼眶。	The performance gave the audience much emotion, and everyone's eyes reddened.
幾點	現在幾點？	What time is it now?
幾點	明天的會議是幾點開始？我需要提早準備資料。	What time does tomorrow's meeting start? I need to prepare materials earlier.
廣闊	海很廣闊。	The sea is vast.
廣闊	站在山頂上，可以看到廣闊的草原和遠處的村莊。	Standing on the mountaintop you can see the vast grassland and distant villages.
得出	我得出一個結論。	I reached a conclusion.
得出	分析完所有資料後，研究團隊得出了令人意外的結果。	After analyzing all the data, the research team arrived at a surprising result.
怎麼回事	這是怎麼回事？	What's going on here?
怎麼回事	電腦怎麼突然關機了？到底是怎麼回事啊？	Why did the computer shut down suddenly? What on earth is going on?
意味	這代表什麼意味？	What does this imply?
意味	綠燈亮起意味著可以通行，但還是要看一下左右來車。	A green light means you may go, but you still need to check traffic left and right.
應急	我準備了應急包。	I prepared an emergency kit.
應急	家裡應該常備應急用的飲用水和手電筒，以防停電。	Homes should keep emergency drinking water and flashlights to prepare for power outages.
房價	房價很高。	House prices are high.
房價	台北的房價越來越貴，年輕人想買房子真的很不容易。	House prices in Taipei keep rising, and it is really hard for young people to buy a home.
扣	請扣好安全帶。	Please fasten your seat belt.
扣	老闆說遲到會扣薪水，所以我現在每天都提早出門。	The boss said being late means a salary deduction, so I now leave early every day.
拒	他拒收禮物。	He refused to accept the gift.
拒	孩子一聽到要去看牙醫就抗拒，怎麼哄都不肯出門。	The child resists as soon as he hears about the dentist and won't leave the house however I coax him.
按摩	我想去按摩。	I want to go get a massage.
按摩	長時間坐辦公室後，我都會去做肩頸按摩，放鬆一下。	After sitting at the office a long time, I get a neck and shoulder massage to relax.
排行榜	這首歌上了排行榜。	This song made the charts.
排行榜	這本書已經連續三個月登上暢銷書排行榜，銷量很好。	This book has been on the bestseller chart for three months and sells very well.
推測	我推測他不會來。	I guess he won't come.
推測	根據現場的痕跡，警方推測小偷是從後門進來的。	Based on traces at the scene, the police conjecture that the thief came in from the back door.
撲	小狗向我撲過來。	The puppy pounced on me.
撲	貓咪一看到逗貓棒，就興奮地撲了上去。	As soon as the cat saw the teaser wand, it excitedly pounced on it.
支配	他不會支配時間。	He can't manage his time.
支配	每個月的零用錢，要自己學會合理支配，才不會月底喊窮。	You have to learn to allocate your monthly allowance sensibly so you don't go broke at month's end.
政客	他是一位政客。	He is a politician.
政客	有些政客只在選舉的時候出現，平常都不見人影。	Some politicians only show up at election time and are nowhere to be seen otherwise.
文書	她負責文書工作。	She handles clerical work.
文書	這份文書要先經過主管審核，再送去人事部門。	This document must first be reviewed by the supervisor and then sent to the HR department.
既有	既有的資料夠用了。	The existing data is enough.
既有	新制度會先沿用既有的流程，再逐步調整。	The new system will first keep the existing procedures and gradually adjust them.
時常	他時常遲到。	He is often late.
時常	我哥哥時常半夜打電動，白天上班都沒精神。	My older brother often plays video games at midnight and has no energy at work in the daytime.
暫	暫時先這樣。	Let's leave it like this for now.
暫	道路施工期間，這個路口暫停通行，請改走別條路。	During road construction this intersection is temporarily closed, so please use another road.
有助於	運動有助於睡眠。	Exercise helps sleep.
有助於	多讀書有助於提升表達能力，也能增加知識。	Reading more helps improve expressive ability and also adds knowledge.
未必	未必是這樣。	It's not necessarily so.
未必	貴的東西未必好用，買之前最好先看看網路評價。	Expensive things aren't necessarily better, so check online reviews before you buy.
棉花	棉花很軟。	Cotton is soft.
棉花	這件棉被是用純棉花做的，蓋起來很溫暖。	This quilt is made of pure cotton and keeps you warm.
樓下	我在樓下等你。	I'll wait for you downstairs.
樓下	樓下的鄰居常常養很多盆栽，經過時都聞得到花香。	The downstairs neighbour keeps many potted plants, and you can smell the flowers when passing.
欺負	不要欺負弟弟。	Don't bully your little brother.
欺負	他在學校被同學欺負，回家後一直不敢跟爸媽說。	He was bullied at school, and after coming home was afraid to tell his parents.
歷程	這是成長的歷程。	This is a process of growth.
歷程	回顧創業的歷程，她覺得最困難的是第一年。	Looking back on the course of starting her business, she thinks the first year was the hardest.
民意	民意很重要。	Public opinion is important.
民意	市長說會尊重民意，重新考慮這項停車費的調漲。	The mayor said he'd respect public opinion and reconsider the parking fee hike.
汽油	機車需要加汽油。	The scooter needs gasoline.
汽油	最近汽油價格又調漲了，每次加油都覺得荷包縮水。	Gasoline prices went up again recently, and every time I fill up my wallet feels lighter.
法學	他念法學院。	He studies at law school.
法學	她大學主修法學，畢業後打算參加律師考試。	She majored in law in university and plans to take the bar exam after graduation.
洲	亞洲很大。	Asia is very big.
洲	我最想去非洲看大象，也想去歐洲逛逛古老的城市。	I most want to go to Africa to see elephants, and to Europe to wander old cities.
消防	消防員來了。	The firefighters have arrived.
消防	大樓每年都要做消防安全檢查，確保逃生通道沒有被堵住。	Buildings must have a fire safety inspection every year to make sure escape routes aren't blocked.
準則	這是行為準則。	This is a code of conduct.
準則	公司訂定了員工行為準則，要求大家誠實、守時。	The company set a code of conduct requiring employees to be honest and punctual.
漢堡	我想吃漢堡。	I want to eat a burger.
漢堡	週末弟弟吵著要吃漢堡，所以我們去了一間新開的速食店。	On the weekend my brother nagged to eat burgers, so we went to a newly opened fast-food place.
濕地	這裡有一片濕地。	There is a wetland here.
濕地	冬天有很多候鳥飛來這片濕地，吸引不少賞鳥的人。	In winter many migratory birds fly to this wetland, attracting bird-watchers.
無奈	我覺得很無奈。	I feel helpless.
無奈	他無奈地笑了笑，因為再怎麼解釋，孩子都不聽。	He smiled helplessly, because no matter how he explained, the child wouldn't listen.
煤炭	他們燒煤炭取暖。	They burn coal for warmth.
煤炭	政府計畫減少使用煤炭發電，改用比較乾淨的能源。	The government plans to reduce coal power generation and switch to cleaner energy.
特務	他是個特務。	He is a spy.
特務	這部老電影講的是一名特務潛入敵國的故事。	This old film is about a spy infiltrating an enemy country.
獻	學生向老師獻花。	The students presented flowers to the teacher.
獻	他每年都去捐血，把自己的一份力量獻給需要幫助的人。	He donates blood every year, giving his share of effort to people in need.
生死	這是生死問題。	This is a matter of life and death.
生死	經歷過生死關頭，他變得特別珍惜每一天。	After going through a life-or-death moment, he came to cherish every day.
疼痛	我的背很疼痛。	My back is very painful.
疼痛	傷口還是會疼痛，醫生說可以吃止痛藥緩解一下。	The wound still hurts, and the doctor said I can take painkillers to relieve it.
目的地	我們快到目的地了。	We're nearly at the destination.
目的地	出發前，我先把目的地輸入手機導航，以免迷路。	Before setting out I entered the destination into my phone's navigation to avoid getting lost.
睏	我好睏。	I'm so sleepy.
睏	吃完午飯就特別睏，我得去泡杯咖啡才撐得住。	I get especially sleepy after lunch and need to make a coffee to keep going.
研究院	他在研究院工作。	He works at a research institute.
研究院	這間研究院每年都會邀請外國學者來台灣交流。	This research institute invites foreign scholars to Taiwan for exchange every year.
禮	送禮要送對人。	When giving a gift, give it to the right person.
禮	到別人家作客時，帶一點小禮物是基本的禮貌。	When visiting someone's home, bringing a small gift is basic courtesy.
稿	我在寫稿。	I'm writing a draft.
稿	記者正在趕稿，必須在下午五點之前交給編輯。	The reporter is rushing a story and must hand it to the editor before five p.m.
簽字	請在這裡簽字。	Please sign here.
簽字	老師要求家長在聯絡簿上簽字，證明已經看過成績。	The teacher requires parents to sign the contact book to show they have seen the grades.
細菌	手上有很多細菌。	There are many germs on hands.
細菌	吃東西前要洗手，才能減少細菌進到肚子裡。	Wash your hands before eating to reduce the germs getting into your stomach.
縮小	把照片縮小一點。	Make the photo a little smaller.
縮小	這件毛衣洗過一次就縮小了，現在只有我妹妹穿得下。	This sweater shrank after one wash, and now only my sister can fit in it.
署	環保署公布了新規定。	The Environmental Protection Administration announced new rules.
署	署立醫院的掛號費比較便宜，所以很多老人家都去那裡看病。	Fees at public hospitals are cheaper, so many elderly people go there for treatment.
股價	今天股價下跌了。	The stock price fell today.
股價	這家公司公布財報之後，股價馬上漲了百分之五。	After the company released its earnings report, its share price immediately rose five percent.
腰	我腰很痠。	My lower back is sore.
腰	長時間久坐讓我爸的腰越來越不舒服，他開始每天做伸展運動。	Sitting for long hours made my dad's waist increasingly uncomfortable, so he began stretching every day.
舉措	這是一項新舉措。	This is a new measure.
舉措	市政府推出新的舉措，鼓勵民眾搭乘大眾運輸工具。	The city government introduced a new measure to encourage people to take public transport.
苦難	他經歷了許多苦難。	He has been through great suffering.
苦難	她經歷過戰爭的苦難，因此特別珍惜現在的和平生活。	She went through the suffering of war, so she especially treasures her peaceful life now.
藝	她學過很多才藝。	She has learned many talents.
藝	這位老師傅的手藝很好，做出來的竹編藝品很有名。	This old craftsman has great skills, and the bamboo crafts he makes are famous.
蠟燭	點一根蠟燭。	Light a candle.
蠟燭	停電了，我們只好點蠟燭，在昏暗的燈光下吃晚餐。	The power went out, so we had to light candles and eat dinner in dim light.
被動	他很被動。	He is very passive.
被動	工作不能太被動，要主動跟主管報告進度。	You shouldn't be too passive at work, you should proactively report progress to your supervisor.
覺醒	他終於覺醒了。	He finally woke up to reality.
覺醒	年輕人的環保意識覺醒後，越來越多人自備環保餐具。	After young people's environmental awareness awakened, more and more bring their own reusable utensils.
設法	我們設法解決。	We'll try to solve it.
設法	你設法聯絡看看他，確認明天的會議有沒有改時間。	Try to find a way to contact him and confirm whether tomorrow's meeting time has changed.
試著	試著說說看。	Try saying it.
試著	你試著用另一種方法解題，也許會比較容易。	Try solving the problem another way, perhaps it'll be easier.
調動	他被調動到新部門。	He was transferred to a new department.
調動	公司下個月會調動部分員工，大家都在猜自己會被分到哪裡。	The company will transfer some employees next month, and everyone is guessing where they'll be placed.
變形	鐵門變形了。	The iron gate is deformed.
變形	這個塑膠杯用熱水泡過以後就變形了，不能再用了。	This plastic cup warped after soaking in hot water and can't be used anymore.
賠	我賠你錢。	I'll compensate you.
賠	我不小心弄壞了朋友的相機，只好賠他一台新的。	I accidentally broke my friend's camera, so I had to pay him back with a new one.
起到	起到很大作用。	It plays a big role.
起到	這次的宣導活動起到了很好的效果，騎車戴安全帽的人變多了。	This awareness campaign had a good effect, and more people wear helmets when riding.
跨越	他跨越了欄杆。	He stepped over the railing.
跨越	這座橋跨越整條河流，把兩個城市連接了起來。	This bridge spans the whole river and connects the two cities.
軍區	這裡是軍區。	This is a military district.
軍區	軍區司令向士兵說明了這次演習的目的與規定。	The military district commander explained the purpose and rules of this exercise to the soldiers.
近來	近來天氣很好。	The weather has been nice lately.
近來	近來物價上漲得很快，我們買菜時都要精打細算。	Prices have been rising fast lately, so we have to budget carefully when buying groceries.
連線	手機連線不穩定。	The phone connection is unstable.
連線	網路連線出了問題，視訊會議一直斷斷續續的。	There was a problem with the network connection, and the video meeting kept cutting out.
遷移	鳥類冬天會遷移。	Birds migrate in winter.
遷移	黑面琵鷺每年冬天都會遷移到台灣的濕地過冬。	Black-faced spoonbills migrate to Taiwan's wetlands every winter.
還給	我把書還給你。	I'll return the book to you.
還給	借了朋友的傘，記得下次見面還給他，免得他沒傘用。	Remember to give back the umbrella you borrowed from your friend next time so he won't be without one.
野獸	森林裡有野獸。	There are wild beasts in the forest.
野獸	深夜在山上露營時，遠處傳來不知名野獸的叫聲，大家都很緊張。	While camping in the mountains at night, we heard the cry of some unknown beast far away and everyone was nervous.
錄取	他被錄取了。	He got accepted.
錄取	她接到電話，通知她已經被心目中的大學錄取了。	She got a phone call telling her that she has been admitted to her dream university.
鑽	老鼠鑽進洞裡。	The mouse crawled into the hole.
鑽	貓咪喜歡鑽進紙箱裡，一待就是一整個下午。	The cat likes to crawl into cardboard boxes and stay all afternoon.
開創	他開創了新事業。	He started a new business.
開創	創辦人開創了這個品牌，帶領公司走過了三十個年頭。	The founder started this brand and led the company through thirty years.
附加	這是附加條件。	This is an additional condition.
附加	手機殼是附加的配件，需要另外購買。	The phone case is an add-on accessory that must be bought separately.
除此之外	除此之外沒別的了。	Apart from this there is nothing else.
除此之外	這間民宿有早餐，除此之外還提供免費接送服務。	This guesthouse has breakfast and, in addition, provides a free shuttle service.
隱瞞	不要隱瞞我。	Don't hide things from me.
隱瞞	他隱瞞了自己生病的事，不想讓家人擔心。	He concealed that he was ill because he didn't want his family to worry.
雷達	機場有雷達。	The airport has radar.
雷達	氣象局的雷達顯示，雨雲正從海上向台灣移動。	The weather bureau's radar shows rain clouds moving from the sea toward Taiwan.
音樂會	我們去聽音樂會。	We're going to a concert.
音樂會	這場音樂會的票一開賣就賣光了，我還是託朋友才買到。	Tickets for this concert sold out as soon as they went on sale, and I only got mine through a friend.
食用	這些水果可以食用。	This fruit is edible.
食用	這個罐頭已經過了食用期限，不可以再吃了。	This can is past its expiry date and can't be eaten anymore.
騙人	你不要騙人。	Don't lie.
騙人	詐騙集團專門騙人匯款，接到可疑的電話要小心。	Scam rings specialize in tricking people into transferring money, so be careful with suspicious calls.
魚類	海裡有許多魚類。	There are many types of fish in the sea.
魚類	這個魚市場有各種新鮮魚類，我媽每週都會來買。	This fish market has all kinds of fresh fish, and my mom comes to buy every week.
黨派	他不屬於任何黨派。	He doesn't belong to any party.
黨派	各黨派的候選人在電視上辯論，吸引了不少人觀看。	Candidates of different parties debated on TV, attracting many viewers.
上半年	上半年很忙。	The first half of the year is busy.
上半年	今年上半年公司的業績成長了兩成，老闆決定請大家吃大餐。	The company's performance grew twenty percent in the first half of this year, and the boss decided to treat everyone to a big meal.
下車	我在這站下車。	I'm getting off at this stop.
下車	請先讓乘客下車，再依序上車，這樣比較安全。	Please let passengers get off first and then board in order, which is safer.
中學生	他是中學生。	He is a middle school student.
中學生	許多中學生放學後都要去補習班，到晚上九點才回家。	Many middle schoolers go to cram school after class and only come home at nine p.m.
事宜	有關事宜請洽櫃檯。	Please contact the counter for related matters.
事宜	婚禮的相關事宜，我們下週再跟你確認細節。	We'll confirm the details of the wedding arrangements with you next week.
以至	他累以至睡著了。	He was so tired that he fell asleep.
以至	最近雨下得太多，以至整條河的水位都漲高了。	It has rained so much recently that the water level of the whole river has risen.
何處	你家在何處？	Where is your home?
何處	不知道何處傳來陣陣花香，讓人心情很好。	From somewhere comes the scent of flowers, putting people in a good mood.
侵入	小偷侵入了房子。	The thief broke into the house.
侵入	電腦遭駭客侵入，大量客戶資料被竊取。	The computer system was invaded by hackers and a large amount of customer data was stolen.
借款	他向銀行借款。	He borrowed money from the bank.
借款	為了買房子，他們向銀行辦了三十年的借款。	To buy a house, they took out a thirty-year loan from the bank.
債	他欠了很多債。	He owes a lot of debt.
債	朋友為了還債，同時打了好幾份工，每天都很累。	To repay his debt, my friend works several jobs at once and is tired every day.
光輝	陽光很光輝。	The sunlight is radiant.
光輝	這位老師的光輝事蹟激勵了無數學生努力向上。	This teacher's glorious deeds inspired countless students to strive upward.
全書	請看全書。	Please read the whole book.
全書	這本小說全書共有二十章，我花了兩個禮拜才看完。	This novel has twenty chapters in total, and it took me two weeks to read.
兵力	敵人的兵力很強。	The enemy's military strength is large.
兵力	國防部表示，目前的兵力足以應付各種突發狀況。	The Ministry of Defense says current troop strength is enough to handle all sudden situations.
出事	不要出事。	Don't let anything happen.
出事	前面的路口好像出事了，警車跟救護車都開過去了。	It looks like something happened at the intersection ahead, as police cars and ambulances have driven past.
分數	你的分數是多少？	What's your score?
分數	雖然分數不理想，但老師說只要努力就會進步。	Although the score is not ideal, the teacher said you'll improve as long as you work hard.
券	我有一張折價券。	I have a discount coupon.
券	這張餐券可以在全台的分店使用，期限到年底。	This meal voucher can be used at branches island-wide until the end of the year.
加密	文件要加密。	The file needs to be encrypted.
加密	為了保護隱私，聊天軟體會自動將對話內容加密。	To protect privacy, the chat app automatically encrypts the conversation.
匯集	大家匯集在廣場。	Everyone gathers at the plaza.
匯集	這本書匯集了作者十年來寫下的散文，非常值得一讀。	This book collects the essays the author wrote over ten years, and it is well worth reading.
博覽會	博覽會在展覽館舉行。	The expo is held at the exhibition hall.
博覽會	台北國際旅遊博覽會每年都吸引上萬人來搶便宜的機票。	The Taipei international travel expo draws tens of thousands each year hoping to grab cheap flights.
反對派	反對派提出質疑。	The opposition raised questions.
反對派	反對派在議會上發言，要求政府重新考慮這項計畫。	The opposition faction spoke in parliament, asking the government to reconsider this plan.
可不是	可不是嘛！	Exactly!
可不是	「今天真熱！」「可不是，我一出門就流汗了。」	"It's so hot today!" "Totally, I started sweating the moment I stepped out."
同類	他們是同類型的人。	They are the same kind of people.
同類	我喜歡看同類的電影，像是溫馨的家庭喜劇。	I like watching films of the same kind, such as warm family comedies.
哪怕	哪怕下雨，我也要去。	Even if it rains, I'm going.
哪怕	哪怕只是一個小小的進步，我也會為自己感到開心。	Even if it's just a tiny improvement, I'm happy for myself.
單車	我騎單車上學。	I ride a bike to school.
單車	假日我們全家騎單車沿著河濱公園，一路吹著涼爽的風。	On holidays our whole family cycles along the riverside park, enjoying a cool breeze.
國家隊	他入選了國家隊。	He was selected for the national team.
國家隊	國家隊的選手每天都在訓練中心練習，為了亞運做準備。	National team players practice at the training centre every day to prepare for the Asian Games.
垂直	這條線是垂直的。	This line is vertical.
垂直	牆壁要和地面垂直，不然房子會歪掉。	Walls must be perpendicular to the ground, or the house will lean.
填補	這個洞要填補起來。	This hole needs to be filled in.
填補	公司正在找人填補離職同事留下的空缺。	The company is looking for someone to fill the vacancy left by the colleague who quit.
外語	我在學外語。	I'm learning a foreign language.
外語	會說多國外語的人，在旅遊或工作上都會比較有優勢。	People who speak several foreign languages have an advantage in travel and work.
大海	我想去看大海。	I want to go see the sea.
大海	站在海邊看著無邊無際的大海，煩惱好像都消失了。	Standing at the shore looking at the boundless sea, my worries seem to disappear.
奇妙	這真是奇妙的經驗。	This is a wonderful experience.
奇妙	大自然的變化很奇妙，每年都有不同的花在不同的季節開放。	Nature's changes are wondrous, with different flowers blooming each season each year.
奶粉	寶寶喝奶粉。	The baby drinks formula.
奶粉	她在超商買了一罐奶粉，準備寄給住在國外的朋友。	She bought a can of milk powder at the convenience store to send to a friend abroad.
婚	他們下個月結婚。	They're getting married next month.
婚	我同學的婚禮辦在海邊，大家都穿著輕鬆的衣服參加。	My classmate's wedding was held at the beach, and everyone wore casual clothes.
安心	你安心休息。	Rest easy.
安心	有保險之後，我們出國玩就比較安心了。	With insurance, we feel more at ease travelling abroad.
實業	他是做實業的。	He works in business.
實業	這位實業家從小店做起，慢慢發展成大型企業。	This industrialist started from a small shop and gradually built a large enterprise.
專屬	這是你的專屬座位。	This is your exclusive seat.
專屬	會員可以享有專屬優惠，還有專人為你服務。	Members enjoy exclusive offers and dedicated staff to serve you.
小夥子	這個小夥子很有禮貌。	This young fellow is very polite.
小夥子	那個小夥子每天一大早就幫忙擺攤，賣早餐給上班族。	That young man helps set up the stall every morning, selling breakfast to office workers.
屋子	屋子很乾淨。	The house is clean.
屋子	我們把屋子重新粉刷了一遍，整間看起來亮多了。	We repainted the house, and the whole place looks much brighter.
左翼	他是左翼政治人物。	He is a left-wing politician.
左翼	左翼團體在街頭舉辦遊行，要求政府提高基本工資。	Left-wing groups held a march on the street, demanding the government raise the minimum wage.
帶頭	我來帶頭做。	I'll take the lead.
帶頭	班長帶頭整理教室，其他同學也自動動手幫忙。	The class leader took the lead in tidying the classroom, and other students pitched in too.
幸好	幸好你來了。	Luckily you came.
幸好	幸好有帶雨衣，不然騎機車回家一定會全身濕透。	Fortunately I brought a raincoat, or else riding home on my scooter I'd have been soaked.
延遲	飛機延遲起飛。	The flight's takeoff is delayed.
延遲	因為天氣不好，高鐵班次延遲了二十分鐘，乘客都在月台上等。	Due to bad weather, the high-speed rail was delayed twenty minutes and passengers waited on the platform.
彙集	各地消息彙集到這裡。	News from all over gathers here.
彙集	編輯把大家的意見彙集起來，做成一份簡單的報告。	The editor compiled everyone's opinions into a simple report.
得分	他得分了。	He scored.
得分	球賽最後一分鐘，他投進三分球得分，全場歡呼。	In the final minute of the game he sank a three-pointer to score, and the crowd cheered.
必需	水是必需品。	Water is a necessity.
必需	旅行時，護照是必需的證件，千萬不要忘記帶。	When travelling, a passport is an essential document, so never forget to take it.
恐龍	小孩喜歡恐龍。	Kids like dinosaurs.
恐龍	兒子最愛的玩具是一隻會發出叫聲的恐龍，他每天都抱著睡覺。	My son's favourite toy is a dinosaur that roars, and he holds it to sleep every day.
懷	她懷了寶寶。	She is pregnant.
懷	離開家鄉很多年，他常常懷念小時候的夏天。	After leaving his hometown for many years, he often thinks of summers in his childhood.
房產	他有三處房產。	He owns three properties.
房產	爸爸去世後，三個兄弟姊妹商量怎麼分配他留下的房產。	After Dad passed away, the three siblings discussed how to divide the real estate he left.
找回	我找回了錢包。	I got my wallet back.
找回	手機遺失後，警察幫我找回了它，讓我鬆了一口氣。	After my phone was lost, the police helped me get it back, which was a great relief.
指望	不要指望他。	Don't count on him.
指望	你別指望天上掉下來禮物，想要的東西得自己去努力爭取。	Don't count on gifts falling from the sky, you have to work for what you want.
探測	機器在探測地底。	The machine is surveying underground.
探測	科學家用儀器探測海底的地形，想找出新的資源。	Scientists use instruments to survey the seabed's terrain, hoping to find new resources.
握	請握住我的手。	Please hold my hand.
握	他緊緊握著拳頭，努力讓自己不要哭出來。	He clenched his fists tightly, trying hard not to cry.
摩托車	他騎摩托車。	He rides a motorbike.
摩托車	在歐洲旅行時，我們租了一台摩托車，沿著海岸慢慢騎。	When travelling in Europe we rented a motorcycle and rode slowly along the coast.
收錄	這首歌收錄在新專輯裡。	This song is included on the new album.
收錄	這本詩集收錄了許多現代詩人的作品，很適合初學者閱讀。	This poetry collection includes works by many modern poets and is great for beginners.
教科書	這本是教科書。	This is a textbook.
教科書	新學期開始前，學校會把全部的教科書發給學生。	Before the new semester begins, the school hands all textbooks out to students.
新版	這是新版。	This is the new edition.
新版	新版的課本增加了很多圖片，內容也更容易理解。	The new edition of the textbook added many pictures, and the content is easier to understand.
星際	電影描寫星際旅行。	The movie depicts interstellar travel.
星際	他很喜歡看星際探險的電影，夢想有一天能當太空人。	He loves interstellar adventure films and dreams of becoming an astronaut one day.
智力	小孩的智力發展很快。	Children's intellect develops fast.
智力	玩益智遊戲可以訓練智力，也能增進專注力。	Playing puzzle games can train intelligence and improve concentration.
有毒	這種蘑菇有毒。	This mushroom is poisonous.
有毒	有些野生植物看起來很漂亮，其實是有毒的，千萬不要亂吃。	Some wild plants look pretty but are actually poisonous, so never eat them casually.
本性	狗的本性是忠誠。	A dog's nature is loyalty.
本性	江山易改，本性難移，他還是老樣子。	A leopard cannot change its spots, and he's still the same as ever.
校對	請幫我校對。	Please proofread this for me.
校對	文章寄出之前，我請朋友幫忙校對，確認沒有錯字。	Before sending off the article, I asked a friend to proofread it and make sure there were no typos.
極了	今天熱極了。	It's extremely hot today.
極了	這家店的蛋糕好吃極了，每次都要排很久才買得到。	The cakes at this shop are extremely delicious, and I always wait a long time to buy one.
機車	我騎機車上班。	I ride a scooter to work.
機車	台灣的機車真的很多，路口等紅燈的時候常常排成一整排。	There really are many scooters in Taiwan, and at red lights they often line up in a whole row.
歸屬	這座島歸屬哪個國家？	Which country does this island belong to?
歸屬	新來的同事還在找尋自己在團隊中的歸屬感。	The new colleague is still looking for a sense of belonging in the team.
毫無疑問	毫無疑問，他是對的。	Without a doubt, he's right.
毫無疑問	毫無疑問，這是今年最好看的一部電影，大家一定要去看。	Without a doubt this is the best film this year, and everyone should go see it.
永	我永不放棄。	I'll never give up.
永	這座紀念館永遠對民眾免費開放，歡迎隨時來參觀。	This memorial hall is permanently open to the public for free, so feel free to visit anytime.
法人	公司是法人。	A company is a legal person.
法人	這間基金會登記為財團法人，每年都要公開財務報告。	This foundation is registered as a juridical person and must publish its financial report every year.
流失	土壤被雨水沖走流失。	Soil is washed away by rain.
流失	公司最近人才流失嚴重，主管正在想辦法留住大家。	The company has recently lost much talent, and managers are trying to keep people.
混凝土	牆壁是混凝土做的。	The walls are made of concrete.
混凝土	工人在馬路上灌混凝土，要等一天才會乾。	Workers are pouring concrete on the road, which takes a day to dry.
滑	地板很滑。	The floor is slippery.
滑	冬天的路面結冰，騎車很容易滑倒，一定要慢慢騎。	In winter the road surface freezes and riding can slip easily, so you must ride slowly.
火力	他的火力很強。	His firepower is strong.
火力	烤肉時火力不要太大，不然肉外面燒焦了，裡面還是生的。	When barbecuing don't use too high heat, or the outside burns while the inside stays raw.
無能	我覺得自己很無能。	I feel useless.
無能	面對孩子的哭鬧，爸爸感到無能為力，只好求助媽媽。	Faced with the child's crying, Dad felt powerless and could only turn to Mom.
牌子	這是什麼牌子？	What brand is this?
牌子	門口掛了一塊牌子，寫著「今日休息」。	A sign hangs at the door saying "Closed today".
獎學金	她拿到獎學金。	She received a scholarship.
獎學金	為了減輕家裡的負擔，他努力讀書，每學期都申請獎學金。	To ease the burden on his family, he studies hard and applies for a scholarship every semester.
瓦解	敵人瓦解了。	The enemy collapsed.
瓦解	球隊因為內部不合，不到一年就瓦解了。	The team fell apart in under a year due to internal discord.
當晚	當晚大家都很開心。	That evening everyone was happy.
當晚	演唱會當晚下起大雨，但歌迷們還是穿著雨衣在場外等待。	On the night of the concert it poured, but fans still waited outside in raincoats.
發電廠	這裡有發電廠。	There's a power plant here.
發電廠	新建的發電廠使用風力，不會產生污染，附近居民也比較放心。	The newly built power plant uses wind power and produces no pollution, so nearby residents feel safer.
盡頭	路的盡頭有一家店。	There is a shop at the end of the road.
盡頭	走到巷子盡頭，你就會看到一間紅色大門的老房子。	Walk to the end of the alley and you'll see an old house with a big red door.
看不見	我看不見。	I can't see.
看不見	霧太濃了，前面的路完全看不見，大家開車都很小心。	The fog was so thick that the road ahead was totally invisible, and everyone drove carefully.
磅	請用磅秤量一下。	Please weigh it with the scale.
磅	他一個月內瘦了十磅，朋友都說他變帥了。	He lost ten pounds in a month, and friends all say he got more handsome.
稱作	這種魚被稱作旗魚。	This kind of fish is called swordfish.
稱作	日式炸雞在台灣常被稱作鹽酥雞，很受夜市歡迎。	Fried chicken pieces are often called salt-and-pepper chicken in Taiwan and are popular at night markets.
站臺	月台上有站臺。	There's a platform at the station.
站臺	火車進站前，乘客請站在黃線後面的站臺等候。	Before the train arrives, passengers please wait on the platform behind the yellow line.
節能	我們要節能。	We should save energy.
節能	換成節能燈泡後，我家的電費每個月少了兩百多塊。	After switching to energy-saving bulbs, my family's electricity bill dropped by over two hundred dollars a month.
紀念碑	這是一座紀念碑。	This is a monument.
紀念碑	公園中央立著一座紀念碑，上面刻著當年犧牲的人的名字。	A monument stands at the centre of the park with the names of those who died back then.
經由	你可以經由這條路過去。	You can go there via this road.
經由	經由朋友的介紹，我找到了現在這份工作。	Through a friend's introduction, I found my current job.
總算	總算做完了。	Finally done.
總算	等了三個小時，我們總算坐上了高鐵，可以回家了。	After waiting three hours, we finally got on the high-speed rail and could go home.
老鼠	老鼠怕貓。	Mice are afraid of cats.
老鼠	廚房裡有老鼠，我晚上聽到牠們在天花板上跑來跑去。	There are mice in the kitchen, and at night I hear them running around in the ceiling.
肉體	肉體會累。	The body gets tired.
肉體	長時間的工作讓他的肉體和精神都很疲憊。	Long working hours exhausted him both physically and mentally.
自豪	我為你自豪。	I'm proud of you.
自豪	她為自己的家鄉感到自豪，常常向外國朋友介紹它。	She is proud of her hometown and often introduces it to foreign friends.
艾滋病	艾滋病需要治療。	AIDS needs treatment.
艾滋病	學校邀請醫師來演講，教導同學如何預防艾滋病。	The school invited a doctor to give a talk teaching students how to prevent AIDS.
蒂	這顆番茄的蒂很綠。	The stem of this tomato is very green.
蒂	洗草莓的時候，先不要把蒂拔掉，這樣比較不會流失水分。	When washing strawberries, don't pull off the stems first, as they keep moisture in better.
號稱	這家店號稱最辣。	This shop claims to be the spiciest.
號稱	這間餐廳號稱是全台最好吃的牛肉麵，但我覺得還好。	This restaurant claims to serve the best beef noodles in Taiwan, but I think it's so-so.
行情	現在的行情如何？	How is the market now?
行情	最近蔬菜的行情很好，農民今年賺了不少錢。	Vegetable prices have been good lately, and farmers earned quite a bit this year.
要點	這是重要的要點。	This is an important point.
要點	老師把課文的要點寫在黑板上，讓同學抄起來複習。	The teacher wrote the key points of the text on the blackboard for students to copy and review.
解僱	公司解僱了他。	The company dismissed him.
解僱	老闆因為業績不好，解僱了好幾位員工，大家都很擔心。	The boss dismissed several employees due to poor performance, and everyone is worried.
詞語	這個詞語很常用。	This term is commonly used.
詞語	我用手機學中文詞語，每天背十個，已經堅持一年了。	I use my phone to learn Chinese words, ten a day, and have kept it up for a year.
說實話	說實話，我不太喜歡。	To tell the truth, I don't like it much.
說實話	說實話，我昨天看到你的新髮型，覺得有點不習慣。	Frankly, when I saw your new hairstyle yesterday I felt a bit unaccustomed to it.
警察局	警察局在前面。	The police station is up ahead.
警察局	我的錢包被偷了，馬上就到附近的警察局報案。	My wallet was stolen, and I went right away to a nearby police station to report it.
財物	請保管好財物。	Please take care of your belongings.
財物	公車上人很多，請隨時注意自己的財物，小心扒手。	The bus is crowded, so please watch your belongings and beware of pickpockets.
走廊	走廊很長。	The corridor is long.
走廊	下課時間，走廊上擠滿了學生，吵得不得了。	During breaks the corridor is full of students and extremely noisy.
輔導	老師輔導學生。	The teacher counsels students.
輔導	學校請了心理師來輔導壓力大的同學，讓他們有人可以聊聊。	The school invited a counselor to guide students under great pressure so they have someone to talk to.
追究	不要追究了。	Let's not pursue this.
追究	這次意外是誰的責任，警方會繼續追究，直到真相大白。	The police will continue to look into who is responsible for this accident until the truth is clear.
進度	工作的進度怎麼樣？	How is the work progressing?
進度	專案的進度落後了一週，大家這週要加班趕上。	The project is a week behind schedule, so everyone will work overtime this week to catch up.
道具	舞台上有很多道具。	There are many props on the stage.
道具	這齣戲的道具都是學生自己做的，看起來很有質感。	The props for this play were all made by the students and look very polished.
郵政	我去郵政局寄信。	I'm going to the post office to mail a letter.
郵政	郵政服務在過年期間會暫停，想寄包裹的人要提早。	Postal service pauses during New Year, so people who want to send parcels should do so early.
重申	我再重申一次。	Let me reiterate once more.
重申	主管在會議上重申，上班時間不可以在辦公室打私人電話。	The supervisor reiterated at the meeting that personal calls shouldn't be made in the office during working hours.
錄製	他在錄製節目。	He is recording a programme.
錄製	歌手在錄音室裡錄製新歌，連續三天都待在裡面。	The singer is recording a new song in the studio and has stayed there three days in a row.
開業	新店下週開業。	The new shop opens next week.
開業	這間診所開業已經二十年了，很多老患者都還會回來看診。	This clinic has been open for twenty years, and many old patients still return.
防衛	國防是為了防衛國家。	National defence is to defend the country.
防衛	球隊的防衛很穩，對手一整場比賽都沒有得分。	The team's defence is solid, and the opponent didn't score the whole game.
隨之	問題隨之而來。	Problems followed.
隨之	天氣變冷了，感冒的人也隨之增加。	The weather got cold, and the number of people with colds increased accordingly.
雜	這裡太雜亂了。	It's too messy here.
雜	客廳的桌上堆滿了雜誌跟各種雜物，我打算週末好好整理。	The living room table is piled with magazines and sundry items, and I plan to tidy up this weekend.
電路	電路出了問題。	There's a problem with the circuit.
電路	老房子的電路已經很舊了，所以我們請電工來重新檢查。	The old house's wiring is outdated, so we asked an electrician to inspect it again.
預告	電影預告出來了。	The movie trailer is out.
預告	氣象局預告下週有寒流，請大家注意保暖。	The weather bureau forecasts a cold snap next week, so everyone should keep warm.
養成	我想養成好習慣。	I want to form good habits.
養成	他每天早起，慢慢養成了運動的習慣。	He gets up early every day and gradually formed an exercise habit.
驚	別驚動他。	Don't startle him.
驚	半夜聽到奇怪的聲音，我嚇得驚醒，才發現是貓跳上了桌子。	In the middle of the night I heard a weird noise and woke in fright, only to find the cat had jumped onto the table.
高漲	物價高漲。	Prices are surging.
高漲	選舉當天，民眾的投票熱情高漲，投票所前排了長長的隊伍。	On election day, voters' enthusiasm ran high, and long queues formed in front of polling stations.
一口氣	他一口氣喝完。	He drank it all in one breath.
一口氣	我一口氣爬了五層樓，到了教室氣喘吁吁。	I climbed five floors in one go and reached the classroom panting.
三十	我今年三十歲。	I'm thirty this year.
三十	離交稿日期只剩三十分鐘了，我們得趕快完成。	There are only thirty minutes left before the deadline, so we must finish quickly.
上路	我們該上路了。	We should hit the road.
上路	新車領到以後，爸爸先檢查一遍才放心上路。	After picking up the new car, Dad checked it once before feeling safe to hit the road.
下方	請看下方的圖表。	Please see the chart below.
下方	表格下方有一行小字，說明這些數字是怎麼計算的。	Below the table is a line of small text explaining how the numbers are calculated.
不宜	這裡不宜停車。	It's not advisable to park here.
不宜	發燒時不宜洗熱水澡，應該好好休息並多喝水。	It's not advisable to take a hot bath when you have a fever; you should rest and drink more water.
丟臉	這樣很丟臉。	This is so embarrassing.
丟臉	在大家面前跌倒真的好丟臉，我的臉都紅了。	Falling in front of everyone was really embarrassing, and my face turned red.
主人公	主人公是一個小男孩。	The protagonist is a little boy.
主人公	這部電影的主人公為了尋找失蹤的父親，一個人走遍了整個城市。	The protagonist of this film walked across the whole city alone to look for his missing father.
二號	二號是我的生日。	The second is my birthday.
二號	下個月二號，我們全家要一起去墾丁玩。	On the second of next month, our whole family is going to Kenting together.
亭	公園裡有一座涼亭。	There is a pavilion in the park.
亭	爬山累了，我們在涼亭裡休息，順便吃了帶來的水果。	Tired from climbing, we rested in a pavilion and ate the fruit we'd brought.
休假	下週我要休假。	I'm taking leave next week.
休假	她休假的時候喜歡到鄉下住幾天，讓自己完全放鬆。	When she's on vacation she likes to stay a few days in the countryside to relax fully.
住宿	我們訂了住宿。	We booked accommodation.
住宿	這次旅遊的住宿費用有點貴，所以我們決定住青年旅館。	The accommodation on this trip was a bit pricey, so we decided to stay at a youth hostel.
供應商	他是供應商。	He is a supplier.
供應商	餐廳換了新的供應商，蔬菜比以前更新鮮。	The restaurant changed to a new supplier, and the vegetables are fresher than before.
俘虜	士兵被俘虜了。	The soldier was captured.
俘虜	戰爭結束後，雙方交換了俘虜，家人終於等到平安的消息。	After the war ended, both sides exchanged prisoners, and families finally got news of safety.
信徒	廟裡有很多信徒。	There are many believers in the temple.
信徒	每個週日，信徒們都會到教堂做禮拜，一起唱歌祈禱。	Every Sunday the believers go to church for worship, singing and praying together.
借用	我可以借用一下嗎？	May I borrow it for a moment?
借用	我借用你的手機打個電話，我的手機忘在家裡了。	Let me borrow your phone to make a call, I left mine at home.
偵查	警察在偵查案件。	The police are investigating the case.
偵查	檢察官正在偵查這起詐欺案，目前還不方便公開細節。	The prosecutor is investigating this fraud case and can't disclose details at the moment.
傾	她把水傾倒出來。	She poured out the water.
傾	這座塔因為地基不穩，慢慢傾斜了，所以需要整修。	The tower gradually leaned because the foundation was unstable and needs renovation.
光學	光學很有趣。	Optics is interesting.
光學	相機的光學鏡頭品質很好，拍出來的照片又清楚又漂亮。	The camera's optical lens is high quality, and its photos are clear and beautiful.
全國性	這是全國性的比賽。	This is a nationwide competition.
全國性	這次的全國性考試，全台各地同時舉行，考生超過十萬人。	This nationwide exam is held across Taiwan at the same time, with over a hundred thousand candidates.
公立	他念公立學校。	He attends a public school.
公立	公立醫院的掛號費比較便宜，所以病患常常多到排隊。	Registration at public hospitals is cheaper, so patients often queue up in large numbers.
冠	他戴著帽冠。	He wears a crown hat.
冠	我們隊伍今年拿到了籃球賽的冠軍，大家都高興地抱在一起。	Our team won the basketball championship this year, and everyone hugged happily.
分局	他到分局報案。	He went to the precinct to report a case.
分局	警察分局就在市場隔壁，所以附近很少發生小偷事件。	The police precinct is next to the market, so thefts rarely happen nearby.
刻	現在是三點一刻。	It's a quarter past three.
刻	為了留下紀念，他在樹上刻了兩個人的名字。	To leave a memento, he carved both their names into the tree.
功效	這種茶的功效是什麼？	What are the benefits of this tea?
功效	醫生說這種藥的功效很快，吃了半小時就會比較舒服。	The doctor says this medicine acts fast and you'll feel better within half an hour.
勝過	他勝過所有人。	He outdoes everyone.
勝過	這家店的蛋糕比別家好吃，品質遠遠勝過其他店。	This shop's cakes taste better than other places, with quality far surpassing other shops.
化妝品	我買了化妝品。	I bought cosmetics.
化妝品	藥妝店的化妝品常常打折，我媽每次都會去囤貨。	Cosmetics at drugstores are often on sale, and my mom stocks up every time.
半小時	等半小時就好。	Just wait half an hour.
半小時	從我家走到捷運站只要半小時，天氣好的時候我就走路去。	Walking from my home to the MRT station only takes half an hour, so on nice days I walk.
友善	他很友善。	He is friendly.
友善	這家咖啡店對寵物很友善，客人可以帶狗進來。	This cafe is pet-friendly, and customers can bring their dogs in.
取出	把手機取出來。	Take out the phone.
取出	領錢的時候，記得把卡片從提款機取出，免得被別人拿走。	When withdrawing cash, remember to take the card out of the ATM so no one takes it.
句子	這個句子很短。	This sentence is short.
句子	老師要我們用「雖然」造一個句子，我想了很久才寫好。	The teacher asked us to make a sentence with "although", and I thought a long time before writing it.
合作社	我們村有合作社。	Our village has a cooperative.
合作社	農民成立合作社，一起把水果賣到城市，價格比較穩定。	The farmers set up a cooperative to sell fruit to the city together, so prices are more stable.
吞	他吞下藥。	He swallowed the pill.
吞	小朋友誤吞了硬幣，媽媽嚇壞了，立刻帶他去醫院。	The little kid accidentally swallowed a coin, and his mom was terrified and took him to the hospital at once.
呦	呦，你來啦！	Oh, you're here!
呦	呦，這不是好久不見的老同學嗎？你變了好多喔。	Oh, isn't this my old classmate I haven't seen in ages? You've changed so much.
哲學家	他是哲學家。	He is a philosopher.
哲學家	這位哲學家的書很受歡迎，書店裡擺了一整排。	This philosopher's books are very popular, and the bookstore displays a whole row.
喪生	多人在火災中喪生。	Many people died in the fire.
喪生	新聞說，這起車禍造成兩人喪生，三人輕傷。	The news said the car accident killed two people and slightly injured three.
回合	比賽進入第三回合。	The match enters the third round.
回合	拳擊比賽打了十二個回合，雙方都累得站不穩了。	The boxing match lasted twelve rounds and both sides were too tired to stand steady.
圍攻	敵人圍攻城市。	The enemy besieged the city.
圍攻	那位政治人物在網路上被一群人圍攻，留言多到看不完。	That politician was attacked by a mob online, with more comments than anyone could read.
地形	這裡的地形很複雜。	The terrain here is complicated.
地形	爬山前先看一下地形圖，才知道哪一段路比較陡。	Before hiking, look at the topographic map to know which stretch is steeper.
城牆	古城有城牆。	The old city has walls.
城牆	城牆已經有五百年的歷史，遊客可以登上去看整座城市的風景。	The city wall is five hundred years old, and visitors can climb up to view the whole city.
堵	路上堵車了。	There's a traffic jam on the road.
堵	水管被頭髮堵住了，洗澡的水一直排不出去。	The pipe was clogged with hair, so the shower water wouldn't drain.
外交部長	外交部長來了。	The foreign minister has arrived.
外交部長	外交部長今天在記者會上說明了台灣與友邦的合作計畫。	The foreign minister explained at a press conference today Taiwan's cooperation plans with its allies.
大局	要顧全大局。	You have to consider the overall situation.
大局	雖然你不甘心，但為了大局著想，還是先讓步吧。	Although you're reluctant, for the sake of the big picture it's better to give way first.
大象	大象很大。	Elephants are big.
大象	動物園的大象用鼻子捲起水，噴向背上洗澡，小朋友都笑了。	The zoo's elephant curled water with its trunk and sprayed its back to bathe, making the kids laugh.
失落	他覺得很失落。	He feels let down.
失落	朋友搬走後，我心裡有點失落，好像少了什麼。	After my friend moved away, I felt a bit empty, as if something was missing.
女童	女童在玩球。	The little girl is playing with a ball.
女童	一名女童在公園迷路了，警察花了半小時才找到她的家人。	A little girl got lost in the park, and it took the police half an hour to find her family.
妥善	請妥善保管。	Please keep it safe.
妥善	車子停好之後，請妥善保管貴重物品，以免被偷。	After parking, please keep valuables properly to avoid theft.
嫉妒	你在嫉妒嗎？	Are you jealous?
嫉妒	她嫉妒朋友的好成績，回家之後就更努力念書。	She envied her friend's good grades and studied harder after getting home.
學問	他很有學問。	He is very learned.
學問	做學問要有耐心，不能想一步登天，要一步一步慢慢累積。	Scholarship takes patience, and you can't expect to leap to the top, you build up step by step.
定價	定價是多少？	What is the listed price?
定價	這本書的定價是三百五十元，網路書店有打八折。	This book's list price is 350 dollars, and the online bookstore gives a 20% discount.
客廳	客廳在這邊。	The living room is over here.
客廳	我們一家人晚上都坐在客廳看電視、聊天，很溫馨。	Our whole family sits in the living room at night to watch TV and chat, which is cosy.
察覺	我察覺到不對勁。	I sensed something was off.
察覺	她察覺媽媽最近的情緒不太好，所以特別留意她的需求。	She noticed her mom's mood hadn't been good lately and paid extra attention to her needs.
寺廟	這是一座寺廟。	This is a temple.
寺廟	每到農曆新年，寺廟裡擠滿了來祈福的人，香火很旺。	Every Lunar New Year the temple is crowded with people praying for blessings, and the incense burns brightly.
小於	三小於五。	Three is less than five.
小於	這個箱子的重量小於五公斤，可以直接帶上飛機。	This box weighs less than five kilograms and can be taken directly onto the plane.
山頂	山頂很冷。	It's cold on the mountaintop.
山頂	我們凌晨出發，終於在日出前爬到山頂，看見雲海。	We set out before dawn and finally reached the summit before sunrise, seeing the sea of clouds.
已婚	他已婚了。	He is married.
已婚	申請這項補助的人，需要註明自己是未婚還是已婚。	People applying for this subsidy need to state whether they are single or married.
年末	年末很忙。	The end of the year is busy.
年末	每到年末，公司都會舉辦尾牙，大家一起吃大餐抽獎。	Every year end the company holds a year-end banquet, and everyone shares a big meal and a raffle.
座談會	明天有座談會。	There's a symposium tomorrow.
座談會	圖書館舉辦了一場座談會，邀請作家與讀者面對面交流。	The library held a symposium inviting authors to exchange with readers face to face.
弘揚	我們要弘揚傳統文化。	We should promote traditional culture.
弘揚	這個基金會長期弘揚台灣的布袋戲，希望讓更多年輕人了解。	This foundation has long promoted Taiwanese glove puppetry, hoping more young people will understand it.
影院	城裡有一家老影院。	There's an old cinema in town.
影院	我家附近的影院在週三有優惠，所以我常常那天去看電影。	The cinema near my home has a discount on Wednesdays, so I often go to watch movies that day.
得意	他很得意。	He is very pleased with himself.
得意	她拿到第一名，得意地把獎狀拿給大家看。	She won first place and proudly showed the certificate to everyone.
忙碌	最近很忙碌。	I've been busy lately.
忙碌	在忙碌的工作之餘，她還是會抽時間陪孩子玩。	Despite her busy work, she still finds time to play with her child.
恐怖分子	他是恐怖分子。	He is a terrorist.
恐怖分子	機場加強了安全檢查，防止恐怖分子帶危險物品上飛機。	The airport strengthened security checks to prevent terrorists from bringing dangerous items on planes.
想不到	真是想不到！	What a surprise!
想不到	想不到這麼小的店，竟然賣得出全台最好吃的蚵仔煎。	Who would have thought such a small shop could sell the most delicious oyster omelette in Taiwan.
懸掛	牆上懸掛著一幅畫。	A painting is hung on the wall.
懸掛	廟門口懸掛著很多紅燈籠，晚上看起來特別漂亮。	Many red lanterns hang at the temple gate, looking especially pretty at night.
戳	不要戳我。	Don't poke me.
戳	他用手指戳了戳氣球，結果它啪的一聲破了。	He poked the balloon with his finger and it burst with a pop.
扒	他把外套扒下來。	He pulled off his coat.
扒	小狗用前腳扒開泥土，想把藏起來的骨頭找出來。	The puppy dug into the soil with its front paws to find the hidden bone.
技	他有一技之長。	He has a special skill.
技	她學了烘焙的技術，打算畢業後開一家小蛋糕店。	She learned baking skills and plans to open a small cake shop after graduating.
抬頭	請抬頭看。	Please look up.
抬頭	一抬頭，我才發現天空出現了彩虹，大家都興奮地拍照。	When I looked up I noticed a rainbow in the sky, and everyone excitedly took pictures.
招收	學校招收新生。	The school is recruiting new students.
招收	這家餐廳正在招收服務生，歡迎有經驗的人來應徵。	This restaurant is recruiting waiters, and experienced people are welcome to apply.
挽救	我們要挽救他。	We have to save him.
挽救	醫生努力挽救病人的生命，終於讓他度過危險期。	The doctors worked to save the patient's life and finally got him through the critical period.
掌聲	現場響起掌聲。	Applause rang out on the scene.
掌聲	演講結束後，觀眾報以熱烈的掌聲，久久不停。	After the speech the audience gave warm applause that went on for a long time.
推理	我喜歡推理小說。	I like detective novels.
推理	偵探根據現場的線索推理，終於找出了真正的兇手。	The detective reasoned from clues at the scene and finally identified the real culprit.
揮	他向我揮手。	He waved to me.
揮	看到火車開動，她站在月台上不斷揮手，直到看不見為止。	When the train started moving, she kept waving on the platform until it was out of sight.
搭檔	我們是好搭檔。	We're good partners.
搭檔	這對搭檔合作了十年，默契好到不用說話就知道對方在想什麼。	This pair of partners has worked together for ten years, and their rapport is so good they know each other's thoughts without speaking.
操作系統	電腦需要操作系統。	A computer needs an operating system.
操作系統	手機的操作系統每年都會更新一次，加入新功能。	The phone's operating system is updated once a year with new features.
支部	黨在各地設有支部。	The party has branches in every area.
支部	這個政黨的支部每個月開一次會，討論地方上的事務。	The branch of this political party holds a meeting once a month to discuss local matters.
放置	請放置在桌上。	Please place it on the table.
放置	藥品應放置在乾燥陰涼的地方，並放在小孩拿不到的地方。	Medicine should be placed in a dry, cool place out of children's reach.
散文	她喜歡寫散文。	She likes writing essays.
散文	這本散文集記錄了作者在鄉下生活的點點滴滴，文字很溫暖。	This essay collection records the author's life in the countryside, and the writing is warm.
文檔	文檔存好了。	The file is saved.
文檔	請把這份文檔另存新檔，再用電子郵件寄給主管。	Please save this document under a new name and send it to the supervisor by email.
日夜	他日夜工作。	He works day and night.
日夜	工人日夜趕工，希望能在颱風來臨之前完成修補。	Workers worked around the clock, hoping to finish repairs before the typhoon arrives.
晉	他晉升了。	He was promoted.
晉	球隊一路晉級到決賽，球迷在場外興奮地唱歌。	The team advanced all the way to the final, and fans sang excitedly outside the venue.
替換	替換電池。	Replace the battery.
替換	這個零件壞了，我們需要找一個新的來替換。	This part is broken, and we need to find a new one to replace it.
有待	有待改進。	Needs improvement.
有待	這件事能不能成功，還有待大家一起努力。	Whether this succeeds depends on everyone's continued efforts.
本能	這是本能反應。	This is an instinctive reaction.
本能	看到蟑螂時，我的本能反應就是尖叫，然後躲到椅子上。	When I see a cockroach my instinct is to scream and hide on a chair.
桃花	桃花開了。	The peach blossoms are out.
桃花	春天的時候，山上的桃花開滿了，吸引許多人去賞花。	In spring the mountain is covered with peach blossoms, attracting many to view them.
業界	業界很看好他。	The industry has high hopes for him.
業界	這間公司的待遇在業界算是前段，所以很多人想進來。	This company's pay is among the top in the industry, so many people want to join.
槍殺	他被槍殺了。	He was shot dead.
槍殺	新聞報導，一名銀行搶匪昨天在逃亡時遭警方槍殺。	The news reported that a bank robber was shot dead by police during an escape yesterday.
機槍	士兵拿著機槍。	The soldier holds a machine gun.
機槍	博物館展出一把二戰時期的老機槍，吸引很多軍事迷。	The museum exhibits an old machine gun from the Second World War, attracting many military fans.
檢討	我要檢討自己。	I need to reflect on myself.
檢討	比賽輸了之後，教練召集大家一起檢討哪裡出了問題。	After losing the match, the coach called everyone together to review what went wrong.
歷代	歷代皇帝都住在這裡。	Emperors of every dynasty lived here.
歷代	故宮裡收藏著歷代留下來的珍貴文物，每年吸引許多遊客。	The Palace Museum holds precious relics left over from successive dynasties and attracts many visitors every year.
殺戮	戰場上充滿殺戮。	The battlefield is full of slaughter.
殺戮	這部電影描寫戰爭中的殺戮，看完讓人心情很沉重。	This film depicts the slaughter in war, and watching it leaves one feeling heavy-hearted.
氣味	這裡有奇怪的氣味。	There's a strange smell here.
氣味	剛下過雨的泥土氣味，總會讓我想起小時候的鄉下。	The smell of freshly rained-on soil always reminds me of the countryside in my childhood.
治國	他懂得治國。	He knows how to run a country.
治國	古代皇帝認為要先把家管好，才能治國平天下。	Ancient emperors believed that one must first manage the family well before ruling the country.
注釋	書的下面有注釋。	There are notes at the bottom of the book.
注釋	這本古文選集每一篇都有詳細的注釋，幫助讀者看懂。	Every piece in this classical Chinese anthology has detailed annotations to help readers understand.
浪潮	新浪潮來了。	A new wave is coming.
浪潮	電動車的浪潮席捲全世界，很多汽車公司都轉型了。	The wave of electric vehicles is sweeping the world, and many car companies have transformed.
深處	森林深處有個湖。	There's a lake deep in the forest.
深處	她把那封信放在抽屜深處，從來沒有再拿出來看過。	She put the letter deep in the drawer and never took it out to read again.
游擊隊	游擊隊躲在山裡。	The guerrillas hide in the mountains.
游擊隊	歷史課本提到，游擊隊常常在晚上攻擊補給線，讓敵人很頭痛。	The history textbook mentions that guerrillas often attacked supply lines at night, which gave the enemy a headache.
演化	生物會演化。	Living things evolve.
演化	科學家研究恐龍如何演化成今天的鳥類。	Scientists study how dinosaurs evolved into today's birds.
濃厚	他對音樂興趣濃厚。	He has a strong interest in music.
濃厚	老街上有濃厚的古早味，吸引許多遊客來體驗。	The old street has a strong nostalgic feel, attracting many tourists to experience it.
無能為力	我真的無能為力。	I'm truly powerless.
無能為力	看著朋友難過，我卻無能為力，只能在旁邊陪著他。	Watching my friend sad and being unable to do anything, I could only stay by his side.
燒燬	大火燒燬了房子。	The fire destroyed the house.
燒燬	山林大火燒燬了好幾百公頃的樹木，居民們都很難過。	The forest fire burned hundreds of hectares of trees, and residents are heartbroken.
片子	這片子很好看。	This film is very good.
片子	昨晚我和朋友租了一部老片子，一邊吃爆米花一邊看。	Last night my friend and I rented an old film and watched it while eating popcorn.
狩獵	他喜歡狩獵。	He likes hunting.
狩獵	原住民的狩獵文化有嚴格的規矩，保護山林的平衡。	The indigenous hunting culture has strict rules to protect the balance of the mountains.
珍惜	要珍惜時間。	Cherish your time.
珍惜	她很珍惜跟朋友相處的時光，每個月都會約出來聊天。	She cherishes time with friends and meets them every month to chat.
生前	他生前很善良。	He was kind in life.
生前	阿公生前最愛種花，現在院子裡還開著他種的玫瑰。	Grandpa loved growing flowers while alive, and the roses he planted still bloom in the yard.
男士	男士請往這邊走。	Gentlemen, please go this way.
男士	這家服飾店的二樓是男士專區，賣西裝跟皮鞋。	The second floor of this clothing shop is the men's section, selling suits and leather shoes.
病房	他在病房裡休息。	He's resting in the hospital ward.
病房	醫院的病房不能大聲說話，也不能待太久，以免影響病人休息。	In hospital wards you can't talk loudly or stay too long to avoid disturbing patients' rest.
皇宮	皇宮很大。	The palace is huge.
皇宮	去泰國玩時，我們參觀了皇宮，裡面的建築金碧輝煌。	On a trip to Thailand we visited the royal palace, whose buildings are splendid.
直覺	我的直覺告訴我不對。	My intuition tells me something is wrong.
直覺	女生的直覺很準，她一看到那個人就覺得不太可靠。	Women's intuition is accurate, and the moment she saw that person she felt he wasn't reliable.
督察	他是督察。	He is an inspector.
督察	教育局會派督察到各校檢查，確認學生的營養午餐是否安全。	The education bureau sends inspectors to each school to check whether student lunches are safe.
碰撞	兩輛車發生碰撞。	Two cars collided.
碰撞	昨天的碰撞事故讓整條路塞了一個小時，大家都遲到了。	Yesterday's collision caused the whole road to jam for an hour, and everyone was late.
祖父	我的祖父七十歲。	My grandfather is seventy.
祖父	祖父年輕時是漁夫，經常在海上待好幾個月才回家。	My grandfather was a fisherman when young and often stayed at sea several months before coming home.
禱告	他每天禱告。	He prays every day.
禱告	在教堂裡，大家低頭禱告，為生病的朋友祈福。	In church everyone bowed their heads in prayer, praying for friends who were ill.
穩步	公司穩步成長。	The company is growing steadily.
穩步	經濟正在穩步復甦，失業率也慢慢降低。	The economy is steadily recovering, and the unemployment rate is slowly falling.
競技	這是競技比賽。	This is a competitive match.
競技	電競是一種新的競技運動，吸引了很多年輕人參加。	Esports is a new competitive sport that attracts many young people.
管家	家裡有管家。	The household has a butler.
管家	這位管家替有錢人照顧大房子，每天都要檢查每個房間。	This housekeeper takes care of a rich family's big house and checks every room each day.
精神病	他有精神病。	He has a mental illness.
精神病	精神病患需要家人的理解與陪伴，不應該被歧視。	People with mental illness need family understanding and company and shouldn't be discriminated against.
紫	我喜歡紫色。	I like purple.
紫	這朵花是紫色的，在綠葉中特別顯眼。	This flower is purple and stands out among the green leaves.
經紀人	他是經紀人。	He is an agent.
經紀人	歌手的經紀人幫他安排所有行程，也負責跟廠商談合作。	The singer's agent arranges all his schedule and also negotiates with sponsors.
編程	他學編程。	He is learning programming.
編程	我弟弟從國中開始學編程，現在已經能自己寫簡單的遊戲。	My brother started learning programming in middle school and can now write simple games himself.
總有	總有一天會成功。	One day you will succeed.
總有	人生總有低潮，總有一天，你會看到雨後的彩虹。	Life always has low points, and some day you will see the rainbow after rain.
缺席	他今天缺席。	He's absent today.
缺席	她因為生病而缺席會議，所以主管請同事把筆記傳給她。	She missed the meeting due to illness, so the supervisor asked a colleague to send her the notes.
老家	我回老家過年。	I'm going back to my hometown for New Year.
老家	每年清明節，我們全家都會回老家掃墓、吃飯。	Every Qingming festival our whole family goes back to the old home to sweep graves and have a meal.
聖地	這是佛教聖地。	This is a Buddhist holy site.
聖地	每年有許多信徒前往聖地朝聖，路上要走很久。	Each year many believers visit the holy land on pilgrimage and walk a long way.
胃	我胃不舒服。	My stomach is upset.
胃	晚上吃太多宵夜會傷胃，醫生建議我早點吃晚餐。	Eating too much late-night snack harms the stomach, and the doctor advises me to eat dinner earlier.
臨近	考試臨近了。	The exam is drawing near.
臨近	臨近過年，市場裡的人潮越來越多，到處都在買年貨。	With the New Year drawing near, crowds at the market keep growing, and everyone is buying New Year goods.
臺詞	他背臺詞。	He is memorizing his lines.
臺詞	這部電影的臺詞很有深度，很多句子被觀眾拿來當名言。	The film's lines are profound, and many are quoted by audiences as sayings.
英寸	螢幕有十五英寸。	The screen is fifteen inches.
英寸	這台筆電的螢幕是十四英寸，攜帶起來很輕便。	This laptop's screen is fourteen inches and is light to carry.
落地	飛機安全落地了。	The plane landed safely.
落地	廣告牌被強風吹落地面，路人都被嚇了一跳。	The billboard was blown to the ground by the strong wind, startling passers-by.
處長	處長在開會。	The section chief is in a meeting.
處長	處長在會議上要求各部門在月底前交出預算報告。	The section chief asked all departments to submit budget reports by the end of the month.
表述	請清楚表述。	Please state it clearly.
表述	他的表述方式很簡單，所以客戶很快就理解了。	His way of expressing things is simple, so the client understood quickly.
製造商	這家製造商做手機。	This manufacturer makes phones.
製造商	製造商保證產品有兩年保固，有問題可以免費換新。	The manufacturer guarantees a two-year warranty and free replacement if there are problems.
親近	她跟我很親近。	She is close with me.
親近	這隻貓一開始很怕生，現在慢慢願意親近我了。	This cat was shy at first, but is slowly willing to get close to me.
討	他向我討錢。	He asked me for money.
討	她被朋友笑說是討債鬼，因為每次聚餐都遲到。	She is teased by friends as a nuisance because she's late for every gathering.
該死	該死，我忘了帶鑰匙！	Damn it, I forgot my keys!
該死	該死的蚊子，一整晚都在我耳邊嗡嗡叫，害我睡不著。	Those damned mosquitoes buzzed by my ear all night and kept me awake.
講究	他很講究。	He is particular.
講究	這家咖啡店很講究，連杯子都是老闆親自挑選的。	This cafe is particular, and even the cups are chosen by the owner himself.
議長	議長宣布開會。	The speaker declared the meeting open.
議長	議長敲下木槌，宣布本次議案通過，議員們紛紛鼓掌。	The speaker struck the gavel and declared the motion passed, and the legislators applauded.
貪腐	貪腐是大問題。	Corruption is a major problem.
貪腐	新聞指出，這名官員涉嫌貪腐，目前已被檢察官傳喚。	The news said the official is suspected of corruption and has been summoned by prosecutors.
賣掉	我把舊車賣掉了。	I sold my old car.
賣掉	家裡用不到的書跟衣服，我都上網賣掉，換一點零用錢。	Books and clothes we don't use at home I sell online for some pocket money.
超人	他像超人一樣。	He's like Superman.
超人	孩子最喜歡的玩具是超人公仔，睡覺時也要抱著。	The kid's favourite toy is a Superman figure, and he holds it even when sleeping.
車間	工人在車間工作。	Workers work in the workshop.
車間	車間裡的噪音很大，進去之前一定要戴耳塞。	The workshop is noisy, so you must wear earplugs before going in.
輪流	我們輪流洗碗。	We take turns washing dishes.
輪流	家裡三個兄弟姊妹輪流照顧生病的阿嬤，沒有人覺得累。	The three siblings take turns looking after sick Grandma, and nobody feels tired.
農夫	他是農夫。	He is a farmer.
農夫	農夫每天天沒亮就下田，直到太陽下山才回家。	The farmer goes out to the field before dawn and doesn't return until sunset.
退役	他從軍隊退役了。	He retired from the army.
退役	這位球星宣布退役，球迷在場外高喊他的名字。	This star player announced his retirement, and fans shouted his name outside the arena.
遍布	朋友遍布各地。	Friends are spread everywhere.
遍布	這家連鎖咖啡店遍布全台，連小鎮上也看得到。	This coffee chain is found all over Taiwan, even in small towns.
遷徙	鳥類會遷徙。	Birds migrate.
遷徙	每年秋天，許多候鳥從北方遷徙到南方過冬。	Every autumn many migratory birds move from the north to the south for winter.
鄰國	鄰國很近。	The neighbouring country is close.
鄰國	當鄰國發生災難時，我們也會捐款，幫助受災的民眾。	When disaster strikes a neighbouring country, we also donate money to help those affected.
鎊	一鎊多少錢？	How much is one pound?
鎊	倫敦的咖啡一杯要三鎊，換算起來比台北貴很多。	A cup of coffee in London costs three pounds, much more expensive than in Taipei.
開發者	他是遊戲開發者。	He is a game developer.
開發者	這款應用程式的開發者會定期更新，修復使用者回報的問題。	The developer of this app updates it regularly and fixes issues reported by users.
阻撓	沒有人阻撓他。	Nobody obstructs him.
阻撓	鄰居一再阻撓施工，工程因此拖了好幾個月。	The neighbours repeatedly obstructed the construction, so the project was delayed for months.
陶瓷	這是陶瓷杯。	This is a ceramic cup.
陶瓷	鶯歌以陶瓷聞名，假日有很多人去那裡逛老街、自己捏陶。	Yingge is famous for ceramics, and many people go on holidays to browse the old street and make pottery themselves.
雕刻	他在雕刻木頭。	He is carving wood.
雕刻	廟裡的柱子上有精美的雕刻，一看就知道是老師傅的手藝。	The temple pillars have exquisite carvings, clearly the work of an old master.
電子書	我在讀電子書。	I'm reading an e-book.
電子書	出遠門時，我會帶電子書閱讀器，一台就能裝好幾百本書。	When going far, I bring an e-reader that holds hundreds of books.
預	請提前預約。	Please book in advance.
預	出門前先看天氣預報，預防突然下雨。	Check the weather forecast before leaving to prepare for sudden rain.
頭銜	他的頭銜是經理。	His title is manager.
頭銜	她不在意頭銜，只想把每一份工作做到最好。	She doesn't care about titles and only wants to do each job as well as possible.
風氣	學校的風氣很好。	The school has a good atmosphere.
風氣	這個社區有互相幫忙的風氣，鄰居之間感情很好。	This neighbourhood has a culture of helping each other, and neighbours are close.
餐飲	他在餐飲業工作。	He works in the food and beverage industry.
餐飲	餐飲業的工作時間很長，但是他很享受跟客人互動。	Working hours in catering are long, but he enjoys interacting with customers.
駱駝	駱駝在沙漠裡走。	The camel walks in the desert.
駱駝	動物園的駱駝背上有兩個駝峰，小朋友看了都很好奇。	The zoo's camel has two humps on its back, and kids are curious when they see it.
體育館	體育館在那邊。	The gymnasium is over there.
體育館	下雨天時，體育課就改在體育館裡上，大家一起打羽毛球。	On rainy days PE class is held in the gym, and everyone plays badminton together.
鬍子	爺爺有白鬍子。	Grandpa has a white beard.
鬍子	我爸最近留了鬍子，我媽說他看起來老了十歲。	My dad grew a beard recently, and my mom says he looks ten years older.
黎明	黎明時天空很美。	The sky is beautiful at dawn.
黎明	我們在黎明前出發，要趕在日出時抵達山頂。	We set off before dawn to reach the summit by sunrise.
齊全	這裡東西很齊全。	This place has everything.
齊全	這間超市商品很齊全，連進口零食跟日用品都找得到。	This supermarket has a full range of goods, even imported snacks and daily necessities.
交朋友	我想交朋友。	I want to make friends.
交朋友	大學的社團是個很好的地方，可以認識新同學、交朋友。	University clubs are a great place to meet new classmates and make friends.
借過	不好意思，借過一下。	Excuse me, let me through.
借過	捷運車廂很擠，下車的人一直說借過，大家才讓出一條路。	The MRT car was crowded, and those getting off kept saying excuse me before others made way.
到期	簽證快到期了。	The visa is about to expire.
到期	信用卡到期之前，銀行會寄新的卡片給你。	Before the credit card expires, the bank will mail you a new card.
口香糖	我想嚼口香糖。	I want to chew gum.
口香糖	吃完大蒜之後嚼一片口香糖，可以讓口氣清新一點。	After eating garlic, chewing a piece of gum can freshen your breath.
喝一杯聊聊	下班後去喝一杯聊聊吧。	Let's go have a drink and chat after work.
喝一杯聊聊	好久不見，找個時間約出來喝一杯聊聊，好嗎？	Haven't seen you in ages, how about getting together sometime for a drink and a chat?
大家都這麼說	大家都這麼說，應該是真的。	Everyone says so, so it must be true.
大家都這麼說	大家都這麼說他很會做菜，所以我也想去吃吃看。	Everyone says he cooks very well, so I'd like to try it too.
存錢	我想存錢。	I want to save money.
存錢	為了明年的旅行，我每個月固定存錢三千塊。	For next year's trip, I save three thousand dollars regularly each month.
巴西柔術	我學巴西柔術。	I'm learning Brazilian jiu-jitsu.
巴西柔術	他每週三次去道館練習巴西柔術，不但體力變好，也變得更有自信。	He goes to the gym three times a week to practise Brazilian jiu-jitsu, and not only is he fitter, he's more confident.
念書	我在念書。	I'm studying.
念書	大考快到了，他每天晚上都在圖書館念書到關門。	The big exam is coming, and every night he studies at the library until it closes.
打掃	我們來打掃。	Let's clean up.
打掃	週末早上，全家人一起打掃房子，把窗戶也擦乾淨了。	On weekend mornings the whole family cleans the house together, and the windows get wiped clean too.
提款機	提款機在哪裡？	Where is the ATM?
提款機	深夜在提款機領錢時，要先注意四周有沒有可疑的人。	When withdrawing cash from an ATM late at night, first check for suspicious people around.
散步	我們去散步。	Let's go for a walk.
散步	晚飯後，我跟媽媽常常沿著河邊散步，邊走邊聊天。	After dinner my mom and I often walk along the river, chatting as we go.
有空	你明天有空嗎？	Are you free tomorrow?
有空	等你有空的時候，再把這份文件寄給我就可以了。	Just send me this document when you have time.
欸	欸，等我一下！	Hey, wait for me!
欸	欸，你有看到我的鑰匙嗎？我剛剛明明放在桌上的。	Hey, have you seen my keys? I clearly put them on the table just now.
準時	請準時到。	Please arrive on time.
準時	火車準時到站，大家都很開心沒有遲到。	The train arrived on time and everyone was glad not to be late.
爬山	週末我們去爬山。	We're going hiking this weekend.
爬山	爸爸退休後，每天早上都去爬山，身體比以前更健康了。	After retiring, Dad goes hiking every morning and is healthier than before.
班機	我的班機延誤了。	My flight is delayed.
班機	你搭的是哪一班班機？我看一下什麼時候抵達。	Which flight are you on? Let me check when it arrives.
睡不著	我睡不著。	I can't sleep.
睡不著	喝了咖啡之後，我整晚睡不著，一直看著天花板發呆。	After drinking coffee I couldn't sleep all night and just stared blankly at the ceiling.
素顏	她今天素顏。	She's bare-faced today.
素顏	她素顏出門買早餐，結果遇到了老同事，覺得有點不好意思。	She went out for breakfast without makeup and ran into an old colleague, feeling a bit embarrassed.
背包	他背著背包。	He carries a backpack.
背包	我的背包裡總是放著水壺、雨傘跟一小包衛生紙。	My backpack always has a water bottle, an umbrella and a small pack of tissues.
菜單	請給我菜單。	Please give me the menu.
菜單	這家餐廳的菜單每天都不一樣，要看老闆那天買了什麼菜。	This restaurant's menu is different every day, depending on what ingredients the boss bought.
被壓	他被壓在石頭下面。	He was pinned under the rock.
被壓	被壓在最下面的那本書都變形了，趕快拿出來吧。	The book pressed at the bottom has warped, so take it out quickly.
課本	把課本拿出來。	Take out your textbook.
課本	新學期的課本一發下來，我就先把名字寫在封面上。	As soon as the new semester's textbooks were handed out, I wrote my name on the cover.
趕不上	我趕不上了。	I can't make it.
趕不上	再不走就趕不上最後一班捷運了，我們快點。	If we don't leave now we'll miss the last MRT, so let's hurry.
逛	我們去逛街。	We're going window shopping.
逛	週末我喜歡去夜市逛一逛，看看有沒有好吃的小吃。	On weekends I like strolling the night market to see if there are good snacks.
重訓	我每週三次重訓。	I do weight training three times a week.
重訓	重訓之後，隔天全身都痠痛，連下樓梯都覺得很辛苦。	After weight training, my whole body aches the next day, and even going downstairs feels tough.
難搞	這個客人真難搞。	This customer is really difficult.
難搞	那位主管很難搞，一件小事也要改好幾次才滿意。	That supervisor is hard to deal with, and even a small matter has to be revised several times before he's satisfied.
鬆了一口氣	我終於鬆了一口氣。	I finally breathed a sigh of relief.
鬆了一口氣	聽到檢查結果沒有問題，全家人都鬆了一口氣。	Hearing the test results were fine, the whole family let out a sigh of relief.
上週	上週我生病了。	I was sick last week.
上週	上週開會時，老闆提到的新計畫，這週已經開始進行了。	The new project the boss mentioned in last week's meeting has already begun this week.
一天	我一天喝兩杯咖啡。	I drink two cups of coffee a day.
一天	一天只有二十四小時，所以要學會安排時間。	A day only has twenty-four hours, so you need to learn to plan your time.
小聲	請小聲一點。	Please keep your voice down.
小聲	圖書館裡大家都小聲說話，免得吵到別人看書。	In the library everyone speaks softly so as not to disturb others reading.
袋子	這個袋子很大。	This bag is big.
袋子	超商的袋子要另外收費，所以我自己帶了環保袋子。	Convenience-store bags cost extra, so I brought my own reusable bag.
候	請稍候。	Please wait a moment.
候	我們在候車室等了半小時，火車才進站。	We waited half an hour in the waiting room before the train came into the station.
唸	我唸給你聽。	I'll read it to you.
唸	睡覺前，媽媽都會唸故事書給小妹聽，直到她睡著為止。	Before bed, Mom reads storybooks to my little sister until she falls asleep.
前天	前天下雨了。	It rained the day before yesterday.
前天	我前天才去過那家店，今天又想再去吃一次。	I just went to that shop the day before yesterday and want to eat there again today.
月台	月台上有很多人。	There are lots of people on the platform.
月台	火車快進站了，請大家站在月台的黃線後面等候。	The train is about to arrive, so please wait behind the yellow line on the platform.
地瓜球	我想吃地瓜球。	I want to eat sweet potato balls.
地瓜球	夜市的地瓜球炸得外酥內軟，我每次經過都會買一袋。	The sweet potato balls at the night market are fried crispy outside and soft inside, and I buy a bag every time I pass.
半糖	我要半糖。	I'd like half sugar.
半糖	手搖飲料店的阿姨問我要幾分糖，我說半糖少冰就好。	The lady at the bubble tea shop asked how much sugar, and I said half sugar and less ice is fine.
