了	我吃了早餐才出門。	I left home after eating breakfast.
了	天氣變冷了,記得多穿一件外套喔。	It's gotten cold, so remember to wear an extra jacket.
人	教室裡有很多人。	There are a lot of people in the classroom.
人	那家店的老闆是個很親切的人,大家都喜歡去。	The owner of that shop is a really friendly person, and everybody likes going there.
中	他在房間中看書。	He is reading in his room.
中	這些照片中,我最喜歡第三張。	Of all these photos, I like the third one best.
到	我明天要到台中。	I'm going to Taichung tomorrow.
到	昨天我一直工作到半夜,今天早上完全起不來。	I worked until midnight yesterday, so I couldn't get up at all this morning.
個	我想買一個杯子。	I want to buy a cup.
個	他每個週末都會帶狗去公園跑兩個小時。	Every weekend he takes his dog to the park to run for two hours.
于	他生于台南,長大後搬到台北。	He was born in Tainan and moved to Taipei when he grew up.
于	本公司成立于二〇〇五年,專門做網路服務。	Our company was founded in 2005 and specializes in online services.
後	吃飯後要刷牙。	Brush your teeth after eating.
後	下班後,我跟同事一起去運動中心打羽毛球。	After work, I went with my coworkers to the sports center to play badminton.
去	我想去圖書館。	I want to go to the library.
去	你下午去銀行的時候,可以順便幫我寄個包裹嗎?	When you go to the bank this afternoon, could you mail a package for me?
把	請把門關上。	Please close the door.
把	我把手機放在桌上,結果就找不到了。	I put my phone on the table, and then I couldn't find it.
之	這是我們公司之一的產品。	This is one of our company's products.
之	根據氣象局預報,明天北部地區有三分之二的機率下雨。	According to the weather bureau, there's a two-in-three chance of rain in northern Taiwan tomorrow.
怎麼	這個字怎麼念?	How do you pronounce this character?
怎麼	你怎麼這麼晚才回來?我們都擔心死了。	Why did you come back so late? We were all worried sick.
美國	我姊姊在美國念書。	My older sister studies in the United States.
美國	我阿姨住在美國,每年過年都會寄禮物回來。	My aunt lives in the United States and sends gifts back every Lunar New Year.
可	這裡可以停車嗎?	Can I park here?
可	這家餐廳的牛肉麵可好吃了,你一定要試試看。	The beef noodles at this restaurant are really good. You have to try them.
所	我家附近有一所小學。	There is an elementary school near my home.
所	這就是我所知道的全部,其他的我真的不清楚。	That's all I know. As for the rest, I really don't know.
該	你該去看醫生了。	You should go see a doctor.
該	已經十二點了,我該睡覺了,明天還要早起上班。	It's already twelve. I should get to bed, since I have to get up early for work tomorrow.
們	孩子們在玩球。	The kids are playing ball.
們	同學們,今天的作業請在週五以前交給我。	Class, please hand in today's homework to me by Friday.
啊	哇,好漂亮啊!	Wow, how pretty!
啊	啊,我忘了帶鑰匙,現在怎麼辦?	Ah, I forgot my keys. What do I do now?
成為	他想成為老師。	He wants to become a teacher.
成為	經過三年的努力,她終於成為一名專業的設計師。	After three years of hard work, she finally became a professional designer.
主要	這是主要的問題。	This is the main problem.
主要	台灣的主要出口產品是電子零件和機械。	Taiwan's main export products are electronic components and machinery.
其中	我有三隻貓,其中一隻是白色的。	I have three cats, and one of them is white.
其中	這家書店賣各種雜誌,其中旅遊雜誌賣得最好。	This bookstore sells all kinds of magazines, and travel magazines sell best among them.
必須	你必須先報名。	You have to sign up first.
必須	進入醫院之前,所有人都必須戴口罩並量體溫。	Before entering the hospital, everyone must wear a mask and have their temperature taken.
比	我比弟弟高。	I'm taller than my younger brother.
比	今年夏天比去年熱多了,冷氣一直開著。	This summer is much hotter than last year, and the air conditioner has been on constantly.
第	我住在第三層樓。	I live on the third floor.
第	這是我第一次一個人去日本旅行,有點緊張。	This is my first time traveling to Japan alone, and I'm a little nervous.
這種	我不喜歡這種天氣。	I don't like this kind of weather.
這種	這種手機的電池很耐用,用一整天都沒問題。	This kind of phone has a durable battery and lasts all day without trouble.
一起	我們一起吃飯吧。	Let's eat together.
一起	週末我想跟朋友一起去爬山,你要不要也來?	This weekend I want to go hiking with friends. Do you want to come too?
兩	我要兩杯奶茶。	I'd like two milk teas.
兩	他等了兩個多小時,最後還是沒有等到公車。	He waited more than two hours and the bus still never came.
國	你是哪一國人?	What country are you from?
國	我們學校有來自十幾個國家的學生,大家相處得很好。	Our school has students from over ten countries, and everyone gets along well.
文化	我喜歡台灣的文化。	I like Taiwan's culture.
文化	這間博物館介紹了原住民的傳統文化和生活方式。	This museum introduces the traditional culture and way of life of the indigenous peoples.
聽	我喜歡聽音樂。	I like listening to music.
聽	我聽不太懂他的口音,可以請他再說一次嗎?	I can't quite understand his accent. Could you ask him to say it again?
這裡	我家就在這裡。	My home is right here.
這裡	這裡的夜景很美,很多人晚上都會來散步。	The night view here is beautiful, and many people come for a walk in the evening.
點	我要點一杯咖啡。	I'd like to order a coffee.
點	服務生,我們點好菜了,麻煩你過來一下。	Waiter, we've decided on our order. Could you come over, please?
元	這個便當六十元。	This lunch box costs sixty dollars.
元	一杯手搖飲要七十元,比我想的還貴。	A cup of bubble tea costs seventy dollars, more expensive than I expected.
問	我想問一個問題。	I'd like to ask a question.
問	你可以幫我問一下老師,明天的考試考哪些範圍嗎?	Could you ask the teacher for me what the exam covers tomorrow?
天	今天天氣很好。	The weather is nice today.
天	我感冒了,在家休息了三天,現在終於好多了。	I caught a cold and rested at home for three days. I'm finally much better now.
寫	請寫你的名字。	Please write your name.
寫	我每天晚上睡覺前都會在日記本上寫幾句話。	Every night before bed I write a few lines in my journal.
支持	我支持你。	I support you.
支持	謝謝大家的支持,我們的小店才能開到現在。	Thanks to everyone's support, our little shop has been able to stay open until now.
有關	這件事跟我有關。	This matter concerns me.
有關	如果你有任何與這次活動有關的問題,請直接聯絡我們。	If you have any questions related to this event, please contact us directly.
獲得	他獲得了第一名。	He won first place.
獲得	這部電影在國際影展上獲得很高的評價。	This film received high praise at the international film festival.
約	我們約好六點見面。	We agreed to meet at six.
約	我跟牙醫約了下週三,可是臨時有會議,只好改時間。	I made a dentist appointment for next Wednesday, but a meeting came up, so I had to reschedule.
見	明天見!	See you tomorrow!
見	好久不見,你最近過得怎麼樣?	Long time no see. How have you been lately?
道	這條道路很窄。	This road is very narrow.
道	他向我道歉,我也不好意思再生氣了。	He apologized to me, so I felt bad about staying angry.
麼	你在做什麼?	What are you doing?
麼	你昨天晚上說的那件事,到底是什麼意思?	What on earth did you mean by what you said last night?
乾	衣服已經乾了。	The clothes are already dry.
乾	冬天皮膚很乾,所以我都會擦乳液。	My skin gets very dry in winter, so I always put on lotion.
便	這裡買東西很方便。	It's very convenient to shop here.
便	他一說完便轉身離開了,什麼也沒有解釋。	As soon as he finished speaking he turned and left without explaining anything.
名	我的名字很好記。	My name is easy to remember.
名	這次比賽有一百多名選手參加,競爭非常激烈。	More than a hundred contestants took part in this competition, and it was very fierce.
市	我住在台北市。	I live in Taipei City.
市	每個週末,公園旁邊都有一個很熱鬧的市集。	Every weekend there's a lively market next to the park.
找	我在找我的鑰匙。	I'm looking for my keys.
找	我找了半天都找不到停車位,最後只好停遠一點。	I searched for ages without finding a parking spot, so I finally had to park farther away.
時期	這是特別的時期。	This is a special period.
時期	學生時期的朋友,現在還是我最信任的人。	The friends from my school days are still the people I trust most.
每	我每天都喝水。	I drink water every day.
每	每次下大雨,巷口的馬路都會淹水,大家都很頭痛。	Every time it rains heavily, the road at the end of the alley floods, and everyone hates it.
環境	這裡環境很乾淨。	The environment here is very clean.
環境	搬到新的環境一開始會不習慣,但慢慢就會適應了。	It's hard to get used to a new environment at first, but you gradually adapt.
種	你喜歡哪一種顏色?	Which kind of color do you like?
種	這家店賣好幾種口味的鳳梨酥,我每種都想試試。	This shop sells several flavors of pineapple cake, and I want to try every one.
能夠	你能夠來真是太好了。	It's great that you were able to come.
能夠	希望大家都能夠平平安安,健健康康地過每一天。	I hope everyone can spend every day safe and healthy.
進	請進,不用客氣。	Please come in, make yourself at home.
進	我們的團隊今年進了決賽,大家都很興奮。	Our team made it to the finals this year, and everyone is excited.
髮	她的頭髮很長。	Her hair is very long.
髮	我今天要去髮廊剪頭髮,順便染個顏色。	I'm going to the hair salon today to get a haircut and maybe a dye job.
亦	此規定亦適用於所有員工。	This rule also applies to all employees.
亦	本店提供外送服務,亦可現場取餐。	This shop offers delivery, and pickup in person is also possible.
作品	這是他的新作品。	This is his new work.
作品	她的攝影作品在市立美術館展出,吸引了不少人參觀。	Her photography works are on display at the city art museum and have drawn quite a few visitors.
分析	我來分析一下原因。	Let me analyze the cause.
分析	老師要我們分析這篇新聞的內容,並寫出自己的看法。	The teacher wants us to analyze the content of this news article and write down our own opinions.
原因	你知道原因嗎?	Do you know the reason?
原因	火車誤點的原因是前面的路段發生了故障。	The train was delayed because of a breakdown on the track ahead.
告訴	請告訴我你的電話。	Please tell me your phone number.
告訴	我媽告訴我,不管再忙,每天都要好好吃早餐。	My mom told me that no matter how busy I am, I should have a proper breakfast every day.
外	外面在下雨。	It's raining outside.
外	除了國語以外,她還會說台語和英語。	Besides Mandarin, she can also speak Taiwanese and English.
實現	我想實現我的夢想。	I want to realize my dream.
實現	只要肯努力,總有一天你的願望會實現的。	As long as you work hard, your wish will come true one day.
彆	他今天心情不好,說話有點彆扭。	He's in a bad mood today and is acting a bit awkward.
彆	我們吵架以後,見面時總覺得彆扭。	Since our fight, it always feels awkward when we meet.
才能	他很有音樂才能。	He has a lot of musical talent.
才能	這孩子從小就展現出繪畫的才能,老師都很驚訝。	This child showed a talent for painting from a young age, and the teachers were all amazed.
時代	現在是網路時代。	Now is the Internet age.
時代	我們這個時代的年輕人,很少有人會寫信了。	Few young people in our era write letters anymore.
殺	廚師正在殺魚。	The chef is gutting a fish.
殺	夏天蚊子很多,我們在房間裡噴了殺蟲劑。	There are lots of mosquitoes in summer, so we sprayed insecticide in the room.
的話	下雨的話就不去了。	If it rains, we won't go.
的話	如果你有空的話,週末來我家吃飯吧。	If you have time, come over for dinner this weekend.
經過	我每天經過這家麵包店。	I pass this bakery every day.
經過	經過一番討論,大家決定把旅行日期改到下個月。	After some discussion, everyone decided to move the trip to next month.
行	他在銀行工作,我哥在另一個行業。	He works at a bank, and my brother is in a different line of work.
行	做我們這一行的,常常要在半夜接電話。	In our line of work, you often have to take calls in the middle of the night.
講	老師在講課。	The teacher is giving a lecture.
講	你講話可以小聲一點嗎?寶寶剛睡著。	Could you keep your voice down? The baby just fell asleep.
造成	下雨造成交通不方便。	The rain made traffic inconvenient.
造成	昨晚的大雨造成多處淹水,不少民眾受到影響。	Last night's heavy rain caused flooding in many places and affected quite a few residents.
非	他非去不可。	He absolutely has to go.
非	非會員不得進入本區域,請出示會員卡。	Non-members may not enter this area. Please show your membership card.
人物	她是個重要的人物。	She is an important figure.
人物	這部小說的人物很生動,看了就忘不了。	The characters in this novel are so vivid that you can't forget them.
兒子	我有一個兒子。	I have a son.
兒子	我兒子每天放學都先去補習班,晚上八點才回家。	My son goes to cram school after school every day and doesn't get home until eight.
力量	他的力量很大。	He is very strong.
力量	團結就是力量,只要大家一起努力,一定做得到。	There's strength in unity. If we all work together, we can definitely do it.
同樣	我們有同樣的想法。	We have the same idea.
同樣	同樣的錯誤不要再犯第二次,這次一定要小心。	Don't make the same mistake twice. Be careful this time.
學院	他在管理學院念書。	He studies at the school of management.
學院	這所大學的醫學院在全國很有名,每年都有很多人報考。	This university's medical school is famous nationwide, and many people apply every year.
建議	我有一個建議。	I have a suggestion.
建議	醫生建議我每天運動半小時,少吃油炸的東西。	The doctor recommended I exercise half an hour every day and eat less fried food.
手	我的手很冷。	My hands are cold.
手	出門前記得洗手,回到家也要再洗一次喔。	Remember to wash your hands before going out, and again when you get home.
數據	這些數據很重要。	This data is important.
數據	根據最新的數據,今年來台灣的觀光客比去年多了兩成。	According to the latest data, there are 20 percent more tourists in Taiwan this year than last year.
機關	他在政府機關上班。	He works at a government agency.
機關	這家店門口有個機關,按一下就會彈出一隻玩具鳥。	There's a little mechanism at the shop entrance; press it and a toy bird pops out.
父親	我父親是工程師。	My father is an engineer.
父親	父親節那天,我們全家一起去餐廳幫父親慶祝。	On Father's Day, our whole family went to a restaurant to celebrate with my father.
確定	我不確定他會來。	I'm not sure he'll come.
確定	會議時間確定了以後,我會馬上傳訊息通知大家。	Once the meeting time is confirmed, I'll message everyone right away.
結構	這棟房子的結構很穩。	This house has a very solid structure.
結構	這篇報告的結構不太清楚,建議你重新整理一下段落。	The structure of this report isn't very clear. I suggest reorganizing the paragraphs.
討論	我們來討論一下。	Let's discuss it.
討論	小組成員正在討論下週簡報要怎麼分工。	The group members are discussing how to divide up the work for next week's presentation.
車	他的車是白色的。	His car is white.
車	我已經等了二十分鐘,最後一班車還是沒來。	I've waited twenty minutes and the last bus still hasn't come.
音樂	我喜歡聽音樂。	I like listening to music.
音樂	他一邊做菜,一邊用手機播放輕鬆的音樂。	While cooking, he plays relaxing music on his phone.
事實	這是不爭的事實。	This is an undeniable fact.
事實	事實上,我一開始也不相信他說的話。	In fact, I didn't believe what he said at first either.
作用	這種藥有什麼作用?	What does this medicine do?
作用	多喝水對皮膚和腸胃都有很好的作用,你可以試試。	Drinking more water is good for both your skin and your stomach. You could try it.
儘管	儘管下雨,他還是去跑步。	Even though it was raining, he still went running.
儘管	儘管工作很忙,她每週還是會抽時間陪孩子。	Despite her busy work, she still makes time every week for her kids.
加強	我們要加強練習。	We need to practice more.
加強	政府宣布將加強對夜市攤販的衛生檢查。	The government announced it will step up hygiene inspections of night market vendors.
同意	我同意你的看法。	I agree with your opinion.
同意	爸媽終於同意我自己搬出去住了。	My parents finally agreed to let me move out on my own.
報	爸爸每天早上看報。	Dad reads the newspaper every morning.
報	我已經報名了下個月的路跑活動,你要不要一起報?	I've already signed up for next month's fun run. Do you want to sign up too?
好像	他好像生病了。	He seems to be sick.
好像	這張照片好像是在花蓮拍的,背景有山有海。	This photo looks like it was taken in Hualien, with mountains and sea in the background.
實行	公司下個月開始實行彈性上班制度。	The company will start implementing flexible working hours next month.
實行	這個計畫很好,可是真的要實行並不容易。	This plan is great, but it's not easy to actually carry it out.
帶來	我帶來了水果。	I brought some fruit.
帶來	這場雨帶來了涼意,也讓空氣變得乾淨許多。	This rain brought coolness and made the air much cleaner.
強調	老師一直強調複習的重要。	The teacher keeps stressing the importance of review.
強調	主管再三強調,客戶的資料絕對不可以外流。	The manager stressed again and again that client data must never be leaked.
承認	我承認是我的錯。	I admit it was my fault.
承認	他很快就承認自己遲到了,還主動請大家吃飲料。	He quickly admitted he was late and even treated everyone to drinks.
攻擊	狗突然攻擊了他。	The dog suddenly attacked him.
攻擊	網路上不要隨便攻擊別人,說話之前先想一想。	Don't attack others online carelessly. Think before you speak.
更加	天氣更加冷了。	The weather has gotten even colder.
更加	有了朋友的鼓勵,她對未來更加有信心。	With her friends' encouragement, she became even more confident about the future.
權力	他有很大的權力。	He has a lot of power.
權力	老闆把決定的權力交給了團隊,大家都很開心。	The boss handed the power to decide to the team, and everyone was pleased.
汽車	他家有兩輛汽車。	His family has two cars.
汽車	這家汽車公司最近推出了一款新的電動車。	This car company recently launched a new electric model.
現場	我們到了演唱會現場。	We arrived at the concert venue.
現場	記者在事故現場進行直播,警方已經封鎖了道路。	The reporter is broadcasting live from the accident scene, and police have blocked off the road.
相當	今天相當熱。	It's quite hot today.
相當	這家餐廳的服務相當不錯,所以週末常常客滿。	The service at this restaurant is quite good, so it's often full on weekends.
穩定	他的情緒很穩定。	His mood is very stable.
穩定	最近物價很不穩定,媽媽買菜時都會多比較幾家。	Prices have been unstable lately, so Mom compares several stalls when buying vegetables.
終於	我終於做完了。	I finally finished.
終於	等了三個月,新手機終於到貨了,我馬上拆開來用。	After waiting three months, the new phone finally arrived, and I opened it right away.
總是	他總是很準時。	He is always on time.
總是	我妹妹總是把鑰匙放在不同的地方,每次出門都在找。	My younger sister always puts her keys in different places and is searching for them every time she leaves.
肯定	我肯定他會來。	I'm sure he'll come.
肯定	老師肯定了我的努力,還在全班面前稱讚我。	The teacher recognized my effort and even praised me in front of the class.
觀點	這是我個人的觀點。	This is my personal view.
觀點	對於這個問題,兩位專家提出了完全不同的觀點。	On this issue, the two experts put forward completely different viewpoints.
足球	我喜歡踢足球。	I like playing soccer.
足球	每個週末早上,公園裡都有一群小朋友在踢足球。	Every weekend morning a group of kids plays soccer in the park.
農民	農民正在田裡工作。	The farmers are working in the field.
農民	颱風過後,許多農民的菜園都被吹壞了。	After the typhoon, many farmers' vegetable plots were wrecked by the wind.
金	這個戒指是金的。	This ring is made of gold.
金	我外婆有一條金項鍊,是她結婚的時候買的。	My grandma has a gold necklace that she bought when she got married.
電子	我在電子公司上班。	I work at an electronics company.
電子	你可以把電子發票存到手機裡,不用再留紙本。	You can save e-receipts on your phone, so there's no need to keep paper ones.
體育	我最喜歡上體育課。	I like PE class best.
體育	學校下週要舉辦體育課的測驗,內容是跑步和跳遠。	The school will hold a PE test next week, consisting of running and long jump.
不錯	這家店的咖啡不錯。	The coffee at this shop is not bad.
不錯	你的中文進步得不錯,繼續保持下去喔!	Your Chinese has improved quite well. Keep it up!
人權	每個人都有人權。	Everyone has human rights.
人權	這個團體長期關心人權議題,也經常舉辦座談會。	This group has long cared about human rights issues and often holds seminars.
信	我寫了一封信。	I wrote a letter.
信	我很信任他,所以才把這件事交給他處理。	I trust him a lot, which is why I handed this matter over to him.
公里	學校離家兩公里。	The school is two kilometers from home.
公里	我們昨天騎腳踏車沿著河邊騎了二十公里,累壞了。	Yesterday we rode our bikes twenty kilometers along the river and were exhausted.
剛	我剛到家。	I just got home.
剛	我剛想打電話給你,你就先打來了,真巧!	I was just about to call you when you called first. What a coincidence!
即使	即使很累,他也要去。	Even if he's tired, he's going.
即使	即使下大雨,明天的活動也不會取消,請準時到場。	Even if it rains heavily, tomorrow's event won't be canceled, so please arrive on time.
員	店員很親切。	The shop clerk is very friendly.
員	公司這個月新來了三位員工,下週一開始上班。	The company has three new employees this month, starting work next Monday.
團體	我們是一個志工團體。	We are a volunteer group.
團體	參加團體旅遊的話,導遊會幫你安排好所有行程。	If you join a group tour, the guide arranges the whole itinerary for you.
她們	她們是我的同學。	They are my classmates.
她們	她們約好週末一起去逛街,順便吃那家有名的鬆餅。	They arranged to go shopping together this weekend and have those famous waffles too.
平均	我平均每天睡七小時。	On average I sleep seven hours a day.
平均	這個班的平均分數是八十分,大家表現得不錯。	The class average is eighty points, and everyone did fairly well.
快樂	祝你生日快樂!	Happy birthday!
快樂	跟家人一起吃團圓飯,是我過年最快樂的事。	Eating the reunion dinner with my family is the happiest part of New Year for me.
推動	政府正在推動節能計畫。	The government is promoting an energy-saving plan.
推動	市政府積極推動垃圾分類,希望大家一起配合。	The city government is actively promoting waste sorting and hopes everyone will cooperate.
數量	這個商品數量有限。	The quantity of this product is limited.
數量	演唱會的票數量很少,一開賣就被搶光了。	There were very few concert tickets, and they were snapped up as soon as sales began.
有點	我今天有點累。	I'm a little tired today.
有點	這碗湯有點鹹,可以幫我加一點水嗎?	This soup is a bit salty. Could you add a little water for me?
求	我求你幫幫我。	I beg you to help me.
求	他為了求學,從小就離開家鄉,一個人到台北生活。	In order to study, he left his hometown young and lived alone in Taipei.
王	獅子是森林之王。	The lion is the king of the forest.
王	這個國家的國王很受人民愛戴。	The king of this country is much loved by his people.
看來	看來要下雨了。	It looks like it's going to rain.
看來	看來今天的會議不會太早結束,我先訂個便當吧。	Looks like today's meeting won't end early. I'll order a lunch box first.
算	這樣算便宜嗎?	Does this count as cheap?
算	算了啦,別再想那件事,明天還要上班。	Forget it. Stop thinking about that. You've got work tomorrow.
群	一群鴨子在河邊玩。	A flock of ducks is playing by the river.
群	朋友在群組裡約大家週五晚上一起去唱歌。	A friend suggested in the group chat that we all go to karaoke Friday night.
訓練	球隊每天都要訓練。	The team trains every day.
訓練	新進員工要先接受兩週的訓練,才能直接面對客人。	New employees must receive two weeks of training before dealing with customers directly.
資本	做生意需要資本。	Doing business requires capital.
資本	他用存了十年的資本,開了一家小小的咖啡店。	He opened a small cafe with capital he had saved for ten years.
逐漸	天氣逐漸變冷了。	The weather is gradually getting colder.
逐漸	搬來台北之後,我逐漸習慣了這裡忙碌的生活。	After moving to Taipei, I gradually got used to the busy life here.
部隊	部隊明天要出發。	The unit sets out tomorrow.
部隊	哥哥在部隊服役期間學會了很多生活技能。	During his military service, my older brother learned many life skills.
銷售	這款手機銷售得很好。	This phone model is selling very well.
銷售	她在電子公司做銷售,每個月都要拜訪不少客戶。	She works in sales at an electronics company and visits quite a few clients each month.
限制	這裡有年齡限制。	There is an age restriction here.
限制	為了健康,醫生限制我每天只能喝一杯咖啡。	For my health, the doctor limits me to one cup of coffee a day.
面對	我們要勇敢面對問題。	We have to face our problems bravely.
面對	面對考試的壓力,她每天都去操場慢跑來放鬆。	Facing exam pressure, she jogs around the field every day to relax.
下午	我下午有課。	I have class this afternoon.
下午	明天下午三點,請準時到公司一樓大廳集合。	Tomorrow at three in the afternoon, please assemble punctually in the first-floor lobby.
主張	他主張早點開始。	He advocates starting early.
主張	很多家長主張學校應該減少功課,讓孩子多休息。	Many parents argue that schools should reduce homework and let kids rest more.
人生	人生很短。	Life is short.
人生	人生就像爬山,有上坡也有下坡,慢慢走就好。	Life is like climbing a mountain, with ups and downs. Just take it slowly.
值得	這本書值得一看。	This book is worth reading.
值得	為了好吃的牛肉麵,排一個小時的隊也值得。	For delicious beef noodles, even waiting in line for an hour is worth it.
優勢	他的優勢是速度快。	His advantage is his speed.
優勢	會說兩種語言,在找工作的時候是很大的優勢。	Speaking two languages is a big advantage when job hunting.
六	我有六本書。	I have six books.
六	我們約在六點半,地點在公司對面的餐廳。	We're meeting at six thirty at the restaurant across from the office.
勝利	我們贏得了勝利。	We won the victory.
勝利	球隊拿下勝利的那一刻,全場觀眾都站起來歡呼。	The moment the team clinched victory, the whole crowd stood up and cheered.
危機	公司遇到了危機。	The company ran into a crisis.
危機	面對經濟危機,老闆決定先不加薪,大家都能理解。	Facing an economic crisis, the boss decided not to give raises for now, and everyone understood.
否則	快點,否則會遲到。	Hurry up, or you'll be late.
否則	出門要帶傘,否則下午下雨的話就會淋濕。	Take an umbrella when you go out, otherwise you'll get soaked if it rains this afternoon.
回答	請回答我的問題。	Please answer my question.
回答	老師問了一個很難的問題,同學們都不知道怎麼回答。	The teacher asked a difficult question, and no one knew how to answer.
基金	他買了一檔基金。	He bought a fund.
基金	這個基金會長期幫助偏鄉的孩子,有許多民眾捐款支持。	This foundation has long helped children in remote areas, and many people donate to support it.
威脅	有人威脅過他。	Someone threatened him.
威脅	詐騙集團常常用威脅的方式,要老人家趕快匯錢。	Scam rings often use threats to make elderly people transfer money quickly.
家裡	我家裡有三個人。	There are three people at my home.
家裡	下大雨的時候,我喜歡待在家裡看電影、吃爆米花。	When it pours, I like to stay at home watching movies and eating popcorn.
工人	工人正在蓋房子。	The workers are building a house.
工人	這些工人從早上六點開始工作,中午才休息一下。	These workers start at six in the morning and only take a break at noon.
影片	我在看一部影片。	I'm watching a video.
影片	我把昨天旅行拍的影片剪好,上傳到網路讓朋友看。	I edited the video I filmed on yesterday's trip and uploaded it online for my friends.
恢復	他的身體恢復得很快。	His body is recovering fast.
恢復	網路恢復正常之後,我們才能繼續處理剩下的訂單。	Once the network is back to normal, we can continue handling the remaining orders.
批評	別批評他。	Don't criticize him.
批評	她對朋友的批評很誠懇,所以大家都願意聽她的建議。	Her criticism of friends is sincere, so everyone is willing to hear her advice.
推進	工作正慢慢推進。	The work is slowly moving forward.
推進	主管希望新專案能在今年底前順利推進到下一個階段。	The manager hopes the new project can move smoothly to the next stage by the end of this year.
效果	這個藥很有效果。	This medicine is very effective.
效果	這支廣告的效果很好,商品一上架就賣完了。	This ad worked very well, and the product sold out as soon as it went on the shelves.
斯	他說話很斯文。	He speaks very politely.
斯	這位老教授個性斯文,對學生總是輕聲細語。	This old professor is gentle by nature and always speaks softly to students.
有時	我有時會走路上班。	Sometimes I walk to work.
有時	我有時候會去爬山,有時候在家看書,看心情。	Sometimes I go hiking and sometimes I read at home, depending on my mood.
核心	這是問題的核心。	This is the core of the problem.
核心	這個小組是公司的核心團隊,負責研發新產品。	This group is the company's core team and is responsible for developing new products.
民眾	很多民眾來看煙火。	Many people came to see the fireworks.
民眾	颱風來臨前,政府呼籲民眾不要出門,留在家裡。	Before the typhoon arrived, the government urged residents not to go out and to stay at home.
漫畫	我喜歡看漫畫。	I like reading comics.
漫畫	弟弟每個月都會去書店買新出的漫畫,房間裡堆滿了書。	My younger brother buys new comics at the bookstore every month, and his room is stacked with them.
特色	這是本店的特色。	This is a specialty of our shop.
特色	每個夜市都有自己的特色,有的賣小吃,有的賣衣服。	Every night market has its own character; some sell snacks and others clothes.
當年	當年他還是學生。	Back then he was still a student.
當年	當年我們一起在小巷子裡吃宵夜的日子,真是讓人懷念。	I really miss those days back then when we ate late-night snacks together in the little alley.
福利	公司的福利不錯。	The company's benefits are pretty good.
福利	這家公司的福利很好,除了年終獎金,還有員工旅遊。	This company has great benefits, with year-end bonuses and employee trips.
紅	她穿著紅衣服。	She is wearing red clothes.
紅	過年時長輩會包紅包給小孩,小孩們都很期待。	At New Year the elders give kids red envelopes, and the kids look forward to it.
翻譯	你可以幫我翻譯嗎?	Can you translate for me?
翻譯	這本小說已經被翻譯成十幾種語言,在世界各地都很受歡迎。	This novel has been translated into over ten languages and is popular around the world.
興趣	我對音樂有興趣。	I'm interested in music.
興趣	我的興趣是烤蛋糕,週末常常在家試新的食譜。	My hobby is baking cakes, and I often try new recipes at home on weekends.
表達	他很會表達想法。	He's good at expressing his ideas.
表達	用英文表達感謝的時候,可以在句子裡加一點禮貌的用語。	When expressing thanks in English, you can add some polite phrases to the sentence.
設置	公園新設置了飲水機。	The park has newly installed water dispensers.
設置	為了安全,市政府決定在路口設置更多監視器。	For safety, the city government decided to install more security cameras at intersections.
讀	這篇古文沒有標點,要自己標出句讀。	This classical text has no punctuation; you have to mark the pauses yourself.
贏	我們隊贏了!	Our team won!
贏	他下棋很厲害,我跟他下了三盤都沒贏過。	He's great at chess. I played him three games and never won.
通知	公司通知我明天開會。	The company notified me of tomorrow's meeting.
通知	學校寄了一封通知給家長,說明下週的校外教學。	The school sent a notice to parents about next week's field trip.
避免	請避免遲到。	Please avoid being late.
避免	為了避免感冒,天氣變冷時要記得多穿衣服、多喝水。	To avoid catching a cold, remember to wear more layers and drink more water when it gets cold.
除	你要先除草。	You need to weed first.
除	十除以二等於五,這題小學生也會算。	Ten divided by two is five; even elementary school kids can solve this.
難以	這件事難以相信。	This is hard to believe.
難以	她突然辭職的原因,實在讓人難以理解。	The reason for her sudden resignation is truly hard to understand.
顯然	他顯然很累。	He is obviously tired.
顯然	顯然他沒有看到我的訊息,因為到現在都沒有回。	Obviously he hasn't seen my message, since he hasn't replied yet.
高級	這是高級餐廳。	This is a high-end restaurant.
高級	他送了我一條高級領帶,質料摸起來非常好。	He gave me a high-quality necktie, and the fabric feels wonderful.
下麵	水開了,可以下麵了。	The water's boiling; you can put the noodles in.
下麵	我媽煮湯頭,我負責下麵,十分鐘就能吃了。	My mom makes the broth and I boil the noodles; we can eat in ten minutes.
份	我要一份早餐。	I'd like one breakfast set.
份	老闆,這份合約我已經簽好了,放在你桌上。	Boss, I've signed this contract and left it on your desk.
全世界	全世界都知道他。	The whole world knows him.
全世界	珍珠奶茶是台灣發明的,現在全世界都有人喝。	Bubble tea was invented in Taiwan, and now people drink it all over the world.
判斷	我很難判斷。	It's hard for me to judge.
判斷	醫生要先檢查,才能判斷是不是需要開刀。	The doctor has to examine first before judging whether surgery is needed.
名稱	請在表格上寫下商品名稱。	Please write the product name on the form.
名稱	這個新產品的名稱還沒決定,大家一起想想看吧。	The name of this new product hasn't been decided yet, so let's think about it together.
城鎮	這是個安靜的城鎮。	This is a quiet town.
城鎮	沿著海岸開車,可以經過好幾個小城鎮。	Driving along the coast, you pass through several small towns.
大約	大約五點到。	We'll arrive at around five.
大約	從台北搭高鐵到高雄,大約需要一個半小時。	Taking the high-speed rail from Taipei to Kaohsiung takes about an hour and a half.
完整	這套書很完整。	This set of books is complete.
完整	他把事情的經過完整地說了一遍,大家才明白發生了什麼。	He told the whole story from start to finish, and only then did everyone understand.
審判	法院明天開始審判。	The court begins the trial tomorrow.
審判	法官依照證據進行審判,結果會在下週公布。	The judge conducts the trial based on evidence, and the result will be announced next week.
少年	他還是個少年。	He's still a teenager.
少年	這群少年每天放學後都在公園打籃球,看起來很開心。	These teenagers play basketball in the park after school every day and look happy.
市長	市長今天會來。	The mayor is coming today.
市長	市長在記者會上說,新的公車路線下個月開通。	At the press conference, the mayor said the new bus route opens next month.
引發	大雨引發了淹水。	The heavy rain triggered flooding.
引發	這則新聞在網路上引發了很多討論,大家意見不一。	This news story set off a lot of discussion online, and opinions are divided.
徹底	房間要徹底打掃。	The room needs a thorough cleaning.
徹底	他徹底改變了生活習慣,現在每天早睡早起、按時運動。	He completely changed his habits and now goes to bed and gets up early and exercises on schedule.
想法	你有什麼想法?	What do you think?
想法	我對這份工作的想法跟你不一樣,所以還要再考慮。	My thoughts on this job differ from yours, so I need to think more.
批准	申請已經批准了。	The application has been approved.
批准	公司批准了我的休假,我可以安心去日本玩了。	The company approved my leave, so I can go to Japan without worry.
接觸	他很少接觸電腦。	He rarely uses computers.
接觸	剛開始接觸程式設計的時候,我連最簡單的指令都看不懂。	When I first got into programming, I couldn't understand even the simplest commands.
支付	可以用手機支付嗎?	Can I pay by phone?
支付	房租要在每個月五號以前支付,逾期會有罰款。	Rent must be paid by the fifth of each month, with a fine for late payment.
昨天	昨天我很早睡。	I went to bed early yesterday.
昨天	昨天下班後,我在路上遇到小學同學,聊了很久。	After work yesterday, I ran into an elementary school classmate on the street and we chatted for a long time.
極	這道菜極好吃。	This dish is extremely tasty.
極	他的表現好極了,連老闆都忍不住稱讚。	His performance was excellent, so much so that even the boss couldn't help praising him.
正是	這正是我要的。	This is exactly what I wanted.
正是	現在正是櫻花盛開的季節,陽明山上滿是賞花的人。	Now is precisely the season when cherry blossoms bloom, and Yangmingshan is full of flower viewers.
深	這條河很深。	This river is deep.
深	天色漸漸變深,山裡的氣溫也跟著降了下來。	The sky was gradually getting darker, and the temperature in the mountains dropped too.
生態	這裡的生態很豐富。	The ecology here is very rich.
生態	政府為了保護濕地的生態,禁止遊客餵食野生動物。	To protect the wetland ecology, the government bans visitors from feeding wild animals.
病	我弟弟生病了。	My younger brother is sick.
病	他的病一直沒有好,所以醫生要他住院觀察幾天。	His illness hasn't gotten better, so the doctor wants him hospitalized for a few days of observation.
眾多	遊客眾多。	There are numerous tourists.
眾多	週末的夜市總是人潮眾多,想買東西得有耐心。	Weekend night markets are always crowded with people, so you need patience to shop.
立即	請立即回電。	Please call back immediately.
立即	發現火災時,請立即離開現場並撥打一一九。	If you discover a fire, please leave immediately and dial 119.
給予	老師給予我很大的幫助。	The teacher gave me a great deal of help.
給予	公司將給予表現優異的員工適當的獎勵。	The company will give appropriate rewards to outstanding employees.
聽說	聽說明天會下雨。	I hear it's going to rain tomorrow.
聽說	聽說巷口新開了一家早餐店,我們明天早上去吃吃看吧。	I heard a new breakfast place opened at the end of the alley. Let's try it tomorrow morning.
表	請填一張表。	Please fill out a form.
表	我把這個月的開銷整理成一張表,比較容易看懂。	I put this month's spending into a table, which is easier to understand.
說法	這是兩種不同的說法。	These are two different ways of putting it.
說法	關於事故的原因,警方有不同的說法,還在調查中。	Regarding the cause of the accident, police have a different account and are still investigating.
趨勢	這是新趨勢。	This is a new trend.
趨勢	年輕人晚婚的趨勢越來越明顯,讓不少家長很著急。	The trend of young people marrying late is increasingly clear, worrying many parents.
道德	做人要有道德。	One should have morals.
道德	有人在捷運上不讓座,大家認為這是道德問題。	Someone didn't give up a seat on the MRT, and people felt it was a matter of morality.
集中	請集中注意力。	Please concentrate.
集中	手機放在旁邊的話,很難集中精神寫作業。	With your phone beside you, it's hard to focus on homework.
風	今天風很大。	The wind is strong today.
風	冬天的東北季風很強,騎機車的時候一定要戴手套。	The northeast monsoon is strong in winter, so you must wear gloves when riding a scooter.
一生	我愛他一生。	I will love him all my life.
一生	外公一生都在種田,從來沒有離開過這個小村子。	My grandfather farmed his whole life and never left this little village.
不行	不行,太危險了。	No, it's too dangerous.
不行	這家店只收現金,不行刷卡,你身上有帶錢嗎?	This shop takes cash only; you can't use a card. Do you have money on you?
事實上	事實上我不太餓。	Actually, I'm not very hungry.
事實上	大家都以為他很兇,事實上他是一個很溫柔的人。	Everyone thought he was fierce, but in fact he's a very gentle person.
人民幣	人民幣怎麼換?	How do I exchange Renminbi?
人民幣	去上海旅遊前,我先到銀行換了一些人民幣。	Before traveling to Shanghai, I first exchanged some Renminbi at the bank.
保險	我買了旅遊保險。	I bought travel insurance.
保險	每個月的保險費很貴,所以我正在比較幾家公司的方案。	The monthly insurance premium is expensive, so I'm comparing plans from several companies.
全民	這是全民運動。	This is an activity for everyone.
全民	政府推行全民健保,讓每個人看病都不用擔心費用。	The government runs universal national health insurance so everyone can see a doctor without worrying about costs.
別的	有別的顏色嗎?	Is there another color?
別的	這件有點大,可以給我看看別的尺寸嗎?	This one is a bit big. Can you show me other sizes?
化學	我喜歡化學課。	I like chemistry class.
化學	他在大學念化學,畢業後想去製藥公司工作。	He studies chemistry at university and wants to work at a pharmaceutical company after graduating.
及時	你來得很及時。	You came just in time.
及時	多虧鄰居及時發現,才沒有造成更大的損失。	Thanks to the neighbor spotting it in time, there was no greater loss.
同一	我們住在同一棟樓。	We live in the same building.
同一	我們上同一堂課,可是他坐在最後一排,所以我沒看到他。	We're in the same class, but he sat in the back row, so I didn't see him.
哲學	他喜歡哲學。	He likes philosophy.
哲學	哲學課上,老師常常問我們「什麼是幸福」這類問題。	In philosophy class, the teacher often asks questions like "What is happiness?"
地理	我地理不太好。	I'm not very good at geography.
地理	這個地區的地理位置很特別,一邊靠山,一邊靠海。	This area's geographical position is special, with mountains on one side and sea on the other.
外交	他在外交部工作。	He works at the Ministry of Foreign Affairs.
外交	外交官的工作,是在國外代表國家與別的國家交流。	A diplomat's job is to represent the country abroad and engage with other countries.
大眾	這是大眾化的料理。	This is popular, everyday cuisine.
大眾	搭乘大眾運輸工具上下班,既省錢又環保。	Commuting by public transportation is both cheap and eco-friendly.
始終	他始終沒有說話。	He never said a word throughout.
始終	不管遇到什麼困難,她始終相信自己一定能做到。	No matter what difficulties she met, she always believed she could do it.
實力	他有實力。	He has real ability.
實力	這次比賽,每隊的實力都很接近,結果很難預測。	In this competition each team's strength is close, and the result is hard to predict.
展示	她展示了新手機。	She showed off the new phone.
展示	展示櫃裡擺著很多老照片,讓人彷彿回到過去。	Many old photographs are displayed in the cabinet, making you feel like you've gone back in time.
年底	年底我要回家。	I'm going home at the end of the year.
年底	每到年底,公司就特別忙,大家都在趕著結算帳目。	Every year-end, the company gets especially busy as everyone rushes to close the books.
廣大	這片草原很廣大。	This grassland is vast.
廣大	這項服務深受廣大民眾喜愛,使用人數每年都在增加。	This service is loved by the broad public, and users increase every year.
情	他是個很重情的人。	He is a very sentimental person.
情	看到老朋友寫給我的信,我心裡充滿了感情。	Reading the letter from my old friend, my heart filled with emotion.
成就	他很有成就。	He has accomplished a lot.
成就	看到孩子考上理想的學校,是她最大的成就感。	Seeing her child get into the school of his dreams is her greatest sense of achievement.
指揮	他是樂團的指揮。	He is the orchestra's conductor.
指揮	警察站在路口指揮交通,讓車子一輛一輛慢慢通過。	The police officer stood at the intersection directing traffic, letting cars pass one by one.
搶	有人搶了她的包包。	Someone snatched her bag.
搶	演唱會的票一開賣就被搶光了,我連網頁都打不開。	Concert tickets were snapped up the moment they went on sale; I couldn't even open the page.
敢	我不敢一個人睡。	I don't dare sleep alone.
敢	你敢不敢跟老闆說你想加薪?我是不太敢啦。	Do you dare tell the boss you want a raise? I don't really dare.
暫時	暫時先這樣吧。	Let's leave it like this for now.
暫時	停車場暫時關閉,請把車停在對面的空地。	The parking lot is temporarily closed. Please park in the empty lot across the street.
本地	他是本地人。	He is a local.
本地	這家餐廳用的是本地食材,所以特別新鮮。	This restaurant uses local ingredients, so everything is especially fresh.
樓	我住在五樓。	I live on the fifth floor.
樓	這棟樓沒有電梯,搬家具上去的時候真的很累。	This building has no elevator, so moving furniture up was really tiring.
沒什麼	沒什麼,別擔心。	It's nothing; don't worry.
沒什麼	我沒什麼胃口,晚餐隨便吃一點就好。	I don't have much appetite, so just a little something is fine for dinner.
溝通	我們要多溝通。	We need to communicate more.
溝通	很多誤會都是因為沒有好好溝通,說清楚就沒事了。	Many misunderstandings come from not communicating well; once it's explained, it's fine.
爆炸	瓦斯桶可能會爆炸。	The gas cylinder may explode.
爆炸	新聞說工廠發生爆炸,附近的居民被緊急疏散。	The news says an explosion occurred at the factory and nearby residents were evacuated.
現代化	城市正在現代化。	The city is modernizing.
現代化	這個小鎮的交通設施已經現代化,不用再擔心不方便。	This town's transportation facilities are now modernized, so there's no need to worry about inconvenience.
疾病	他有慢性疾病。	He has a chronic illness.
疾病	多運動、少熬夜,可以降低很多疾病的風險。	Exercising more and staying up less lowers the risk of many diseases.
看起來	你看起來很累。	You look tired.
看起來	這家店看起來很普通,沒想到裡面的咖啡這麼好喝。	This shop looks ordinary, but I didn't expect the coffee inside to be so good.
空氣	今天空氣很好。	The air is nice today.
空氣	山上的空氣很新鮮,一下車就讓人覺得整個人都放鬆了。	The mountain air is fresh, and you feel relaxed the moment you get out of the car.
簡直	這簡直太好笑了!	This is just too funny!
簡直	他說的話簡直讓人不敢相信,大家都愣住了。	What he said was simply unbelievable, and everyone was stunned.
編	她在編毛線帽。	She is knitting a woolen hat.
編	我們要編一份新的課本,內容要適合小朋友。	We need to compile a new textbook with content suitable for children.
聲	外面有聲音。	There's a sound outside.
聲	她聲音很好聽,我聽了一聲就知道是她打來的。	Her voice is lovely; I knew it was her calling as soon as I heard a word.
能源	這些是綠色能源。	These are green energy sources.
能源	為了節省能源,辦公室的冷氣不得低於二十六度。	To save energy, office air conditioners must not be set below 26 degrees.
落實	計畫要落實。	The plan has to be implemented.
落實	這項政策如果沒有落實,就算寫得再好也沒有用。	If this policy isn't carried out, it's useless no matter how well it's written.
襲擊	颱風襲擊了南部。	The typhoon hit the south.
襲擊	強烈地震襲擊了這座城市,許多房屋倒塌。	A strong earthquake struck the city, and many houses collapsed.
記	我記得這件事。	I remember this.
記	我常常忘記帶鑰匙,所以媽媽幫我記了一張提醒的紙條。	I often forget my keys, so my mom wrote a reminder note for me.
講話	他講話很快。	He talks fast.
講話	校長在開學典禮上講話,同學們都安靜地聽著。	The principal gave a speech at the opening ceremony, and the students listened quietly.
貸款	我想申請貸款。	I'd like to apply for a loan.
貸款	買房子需要貸款,所以他每個月都要按時還錢給銀行。	Buying a house takes a loan, so he has to repay the bank on time every month.
輪	這次輪到你了。	It's your turn this time.
輪	大家輪流打掃教室,一人一天,這星期輪到我。	Everyone takes turns cleaning the classroom, one person per day, and it's my turn this week.
週年	今天是結婚週年。	Today is our wedding anniversary.
週年	為了慶祝開店三週年,本店全面八折,歡迎大家來逛逛。	To celebrate our shop's third anniversary, everything is 20 percent off. Come take a look.
遭到	他遭到批評。	He was criticized.
遭到	這個計畫遭到居民反對,最後只好重新討論。	The plan met with opposition from residents, so it finally had to be discussed again.
隨後	他隨後也到了。	He arrived soon afterwards too.
隨後	我先把文件寄出去,隨後再打電話跟你確認。	I'll send the documents first and call you afterward to confirm.
願	我願意幫你。	I'm willing to help you.
願	她許了一個願,希望家人都平平安安。	She made a wish that her family would all be safe and sound.
魚	我喜歡吃魚。	I like eating fish.
魚	爸爸今天去市場買了一尾新鮮的魚,晚上要煮湯。	Dad bought a fresh fish at the market today and will make soup tonight.
一級	這是一級產品。	This is a top-grade product.
一級	這間餐廳被評為一級衛生餐廳,可以放心用餐。	This restaurant is rated top-grade for hygiene, so you can eat there with confidence.
不如	不如我們去看電影吧。	Why don't we go see a movie instead?
不如	與其在家等,不如直接去車站問問看比較快。	Rather than wait at home, it's faster to just go to the station and ask.
交給	這件事交給我。	Leave this to me.
交給	你把報告做好以後,記得交給組長,他會轉給老闆。	When you've finished the report, hand it to the team leader, who'll pass it on to the boss.
你好	你好,請問怎麼稱呼?	Hello, may I ask your name?
你好	你好,我想問一下這附近哪裡有郵局?	Hello, I'd like to ask where the post office is around here.
候選人	他是市長候選人。	He is a candidate for mayor.
候選人	各黨的候選人都在電視上辯論,讓選民了解他們的想法。	Candidates from each party debated on TV so voters could understand their ideas.
優惠	現在有優惠。	There's a special offer now.
優惠	用悠遊卡搭公車有優惠,轉乘捷運還可以再便宜一點。	Using an EasyCard on the bus gets a discount, and transferring to the MRT is even cheaper.
准	這裡不准抽菸。	Smoking isn't allowed here.
准	老師准了我的假,我可以提早回家。	The teacher approved my leave, so I can go home early.
加油	加油!你可以的!	Come on! You can do it!
加油	車子沒油了,我們先去加油站加油再上高速公路。	The car is out of gas, so let's fill up at a gas station before getting on the freeway.
叫做	這個叫做鳳梨酥。	This is called pineapple cake.
叫做	這種把冰塊刨細的甜點,在台灣叫做剉冰。	In Taiwan, this dessert of finely shaved ice is called shaved ice.
含	她嘴裡含著糖。	She has candy in her mouth.
含	這杯飲料含糖量很高,醫生說最好少喝一點。	This drink has a high sugar content, and the doctor says to drink less.
嘴	他的嘴很大。	He has a big mouth.
嘴	小孩嘴裡塞滿了蛋糕,說話都說不清楚。	The kid's mouth was stuffed with cake and he couldn't speak clearly.
圈	把小雞圈在籬笆裡。	Pen the chicks inside the fence.
圈	農夫每天晚上都把羊圈起來,以免被野狗咬傷。	Every night the farmer pens the sheep so wild dogs won't hurt them.
外部	大門外部有監視器。	There's a security camera on the outside of the gate.
外部	外部的噪音太大,所以我晚上都要關窗睡覺。	The outside noise is too loud, so I close the windows when I sleep.
好處	運動對身體有好處。	Exercise is good for your health.
好處	早起有很多好處,例如可以悠閒地吃早餐,不用趕時間。	Getting up early has many benefits, like having a relaxed breakfast without rushing.
寶	這是我的寶貝。	This is my treasure.
寶	小時候我最喜歡聽故事,尤其是尋寶的冒險故事。	As a child I loved stories, especially adventure stories about treasure hunting.
對手	他的對手很強。	His opponent is strong.
對手	兩個對手在決賽中勢均力敵,比賽打了整整三個小時。	The two opponents were evenly matched in the final, and the game lasted three whole hours.
年前	年前要大掃除。	We need to do a big clean before New Year.
年前	年前銀行很忙,最好早點去辦事。	Banks are busy before the New Year, so it's best to go early.
彼此	我們彼此認識。	We know each other.
彼此	朋友之間彼此尊重,感情才會長久。	Only when friends respect each other will the friendship last.
思維	他的思維很特別。	His way of thinking is special.
思維	換個思維方式看問題,也許就能找到更好的辦法。	Look at the problem from a different way of thinking and you might find a better solution.
慶祝	我們去慶祝吧!	Let's go celebrate!
慶祝	同學們幫老師準備了蛋糕,慶祝他的生日。	The students prepared a cake for the teacher to celebrate his birthday.
房間	我的房間很小。	My room is very small.
房間	我跟弟弟共用一個房間,所以晚上不能太晚關燈。	I share a room with my younger brother, so I can't keep the lights on too late at night.
排名	他的排名很高。	His ranking is very high.
排名	這所大學今年的排名上升了五名,同學們都很開心。	This university rose five places in the rankings this year, and the students are happy.
旁邊	銀行旁邊有一家花店。	There is a flower shop next to the bank.
旁邊	你坐在我旁邊,上課時就可以一起看課本。	If you sit next to me, we can share the textbook in class.
智慧	她很有智慧。	She is very wise.
智慧	外婆常常用生活的智慧,幫我們解決很多小問題。	Grandma often uses her life wisdom to solve many of our little problems.
根	我買了一根香蕉。	I bought a banana.
根	那棵老樹的根很深,颱風來了也不會倒。	That old tree has deep roots and won't fall even when a typhoon comes.
款	這款手機很輕。	This phone model is light.
款	這款包包有三種顏色,我比較喜歡綠色的。	This bag style comes in three colors, and I prefer the green one.
毫無	他毫無準備。	He was totally unprepared.
毫無	對這件事,我毫無印象,可能是我忘記了。	I have no impression at all of this, maybe because I forgot.
浪費	不要浪費水。	Don't waste water.
浪費	為了避免浪費食物,餐廳讓客人自己選擇飯量。	To avoid wasting food, the restaurant lets customers choose their own portion of rice.
滿意	我很滿意。	I'm very satisfied.
滿意	客人對這次的服務非常滿意,還特別留言感謝大家。	The customer was very satisfied with the service and even left a message thanking everyone.
犯	他犯了一個錯。	He made a mistake.
犯	小孩子難免會犯錯,爸媽只要耐心教就好。	Kids inevitably make mistakes, so parents just need to teach them patiently.
產量	今年水果產量很高。	Fruit production is high this year.
產量	受到天氣影響,今年茶葉的產量比去年減少了三成。	Affected by the weather, this year's tea output dropped by 30 percent compared with last year.
皮膚	我的皮膚很乾。	My skin is very dry.
皮膚	夏天出門要擦防曬乳,才不會曬傷皮膚。	In summer, put on sunscreen when you go out so you don't burn your skin.
知名	他是知名的作家。	He's a well-known writer.
知名	這家知名的小吃店,從早到晚都有人在排隊。	At this famous snack shop, there's a line from morning to night.
章	這本書有十章。	This book has ten chapters.
章	這份文件需要蓋章,你帶印章了嗎?	This document needs a stamp. Did you bring your seal?
絕	他絕不會答應。	He will absolutely not agree.
絕	這種動物已經快要絕種,政府正在努力保護牠們。	This animal is nearly extinct, and the government is working hard to protect it.
而言	對我而言,家人最重要。	To me, family is the most important thing.
而言	就台灣的夏天而言,這樣的溫度已經算很普通了。	As far as Taiwan's summer goes, this temperature is already quite ordinary.
自從	自從搬家後,我常常見到鄰居。	Since moving, I've often seen my neighbors.
自從	自從養了一隻貓,他每天都很早回家陪牠玩。	Ever since getting a cat, he comes home early every day to play with it.
著作	這位老師有很多著作。	This teacher has written many works.
著作	他的著作已經被翻譯成日文,在日本也有不少讀者。	His writings have been translated into Japanese and have quite a few readers in Japan too.
裝置	手機是一種電子裝置。	A phone is a kind of electronic device.
裝置	維修人員下午會來裝置新的熱水器。	The repairman is coming this afternoon to install the new water heater.
託	這件事就託你了。	I'm leaving this matter to you.
託	託你的福,我的面試很順利,下週就開始上班了。	Thanks to you, my interview went smoothly, and I start work next week.
課	我今天有三堂課。	I have three classes today.
課	這學期我選了一門心理學的課,每週二下午上。	This semester I took a psychology course, held on Tuesday afternoons.
貧困	他家很貧困。	His family is very poor.
貧困	基金會幫助貧困家庭的孩子,讓他們也能安心上學。	The foundation helps children from impoverished families so they too can attend school without worry.
身	他身高一百八。	He is 180 centimeters tall.
身	運動完全身都是汗,我想先去洗個澡。	After exercising I'm sweating all over, so I want to take a shower first.
途徑	有很多途徑。	There are many ways.
途徑	透過網路是找到工作的途徑之一,不少人都這麼做。	Going online is one way to find a job, and many people do it.
選手	他是游泳選手。	He is a swimmer.
選手	選手們在開賽前先暖身,現場氣氛非常緊張。	The athletes warmed up before the start, and the atmosphere was very tense.
陪	你陪我去好嗎?	Will you go with me?
陪	週末我要陪外婆去醫院做檢查,所以不能跟你們去爬山。	This weekend I'm accompanying my grandma to a hospital checkup, so I can't hike with you.
須	進入前須脫鞋。	Shoes must be removed before entering.
須	購買本商品須年滿十八歲,結帳時請出示證件。	Buyers of this product must be 18 or older. Please show ID at checkout.
養	我想養一隻狗。	I want to raise a dog.
養	我養了兩隻貓,每天下班回家都要先餵牠們。	I keep two cats, and when I get home from work I feed them first.
黑暗	房間裡一片黑暗。	The room is pitch dark.
黑暗	停電的時候,整條街陷入黑暗,大家只好點蠟燭。	During the power outage, the whole street fell into darkness and people had to light candles.
上班	我明天要上班。	I have to go to work tomorrow.
上班	我每天騎機車上班,大概二十分鐘就到了。	I ride my scooter to work every day, and it takes about twenty minutes.
主權	這是國家的主權。	This is a country's sovereignty.
主權	兩國對這片海域的主權一直有爭議,至今沒有結論。	The two countries have long disputed sovereignty over this stretch of sea, and there's still no conclusion.
互動	老師常和學生互動。	The teacher often interacts with students.
互動	這個遊戲的互動性很高,小朋友玩起來一點也不無聊。	This game is highly interactive, so kids never get bored playing it.
代價	成功要付出代價。	Success comes at a price.
代價	為了這份工作,他付出的代價是很少有時間陪家人。	The price he paid for this job is having little time for his family.
余	我想把余生用來環遊世界。	I want to spend the rest of my life traveling around the world.
余	他姓余,是我們公司新來的會計。	His surname is Yu, and he's the new accountant at our company.
保	請保重身體。	Please take care of your health.
保	這個手機有一年的保固,壞了可以免費維修。	This phone has a one-year warranty and can be repaired for free if it breaks.
優先	老人和孕婦有優先權。	The elderly and pregnant women have priority.
優先	捷運上有博愛座,請優先讓給需要的人。	There are priority seats on the MRT, so please give them first to those who need them.
公告	公司有新的公告。	The company has a new announcement.
公告	公告欄上寫著,下週一全校停課一天,請同學注意。	The notice board says classes are canceled for the whole school next Monday, so students take note.
冷	今天好冷。	It's so cold today.
冷	這杯咖啡冷了,我去幫你重新熱一下好不好?	This coffee has gone cold. Shall I go warm it up again for you?
初期	初期會比較辛苦。	The initial stage will be harder.
初期	新店開幕初期,老闆每天都親自到店裡幫忙。	In the opening period of the new shop, the owner came to help in person every day.
劃分	請劃分工作範圍。	Please divide up the scope of work.
劃分	公司把工作劃分成三個部分,由三位同事分別負責。	The company divided the work into three parts, each handled by a different coworker.
動畫	我喜歡看動畫。	I like watching animation.
動畫	弟弟看完動畫之後,就一直模仿裡面的角色說話。	After my little brother finished watching the cartoon, he kept imitating the characters' speech.
參	我也想參加。	I want to join too.
參	下週的會議請各部門代表務必參加,並準時出席。	Representatives of every department must attend next week's meeting and arrive on time.
右	請往右轉。	Please turn right.
右	郵局就在右手邊,穿過這條馬路就看到了。	The post office is on your right; just cross this road and you'll see it.
否認	他否認了。	He denied it.
否認	雖然朋友一再問他,他還是否認自己知道這件事。	Even though his friends kept asking, he still denied knowing about it.
哇	哇,好大的蛋糕!	Wow, what a big cake!
哇	哇,你怎麼這麼快就做完了?太厲害了吧!	Wow, how did you finish so fast? That's amazing!
國有	這塊地是國有的。	This land is state-owned.
國有	這座國有林地已經對外開放,假日有許多人來健行。	This state-owned forest is now open to the public, and many people come hiking on holidays.
坦克	那輛坦克很大。	That tank is huge.
坦克	博物館展示著一輛老舊的坦克,小朋友都想爬上去看看。	The museum displays an old tank, and the kids all want to climb up and look.
夏天	夏天很熱。	Summer is hot.
夏天	台灣的夏天又濕又熱,所以大家都喜歡吃剉冰。	Taiwan's summers are humid and hot, so everyone loves shaved ice.
大幅	價格大幅下降。	Prices dropped sharply.
大幅	受到疫情影響,今年的觀光收入大幅減少。	Affected by the pandemic, this year's tourism revenue has dropped substantially.
天空	天空很藍。	The sky is very blue.
天空	下過雨以後,天空出現一道彩虹,路人都停下來拍照。	After the rain, a rainbow appeared in the sky, and passersby stopped to take photos.
好多	好多人在排隊。	Lots of people are waiting in line.
好多	這個週末好多餐廳都客滿了,我們最好先訂位。	Many restaurants are full this weekend, so we'd better book a table first.
寫作	她很喜歡寫作。	She loves writing.
寫作	寫作需要每天練習,不能只靠靈感。	Writing takes daily practice; you can't rely only on inspiration.
導彈	新聞報導了導彈的事。	The news reported on the missile.
導彈	軍方宣布成功試射一枚新型導彈,引起各國關注。	The military announced a successful test of a new missile, drawing attention from other countries.
島嶼	台灣是一個島嶼。	Taiwan is an island.
島嶼	澎湖是由很多小島嶼組成的,夏天的海景特別美。	Penghu consists of many small islands, and the sea view is especially beautiful in summer.
幫忙	可以請你幫忙嗎?	Could you help me?
幫忙	週末搬家的時候,有三位朋友來幫忙,很快就搬完了。	When I moved on the weekend, three friends came to help and we finished quickly.
廢除	這條規定要廢除。	This rule should be abolished.
廢除	議會討論了很久,最後決定廢除這項過時的法律。	After long discussion, the council finally decided to abolish this outdated law.
心靈	音樂能安慰心靈。	Music can comfort the spirit.
心靈	旅行可以讓人放鬆,也讓心靈得到休息。	Travel lets people relax and also gives the mind a rest.
恐懼	他很恐懼。	He is very frightened.
恐懼	面對未知的事情,很多人心裡都會有恐懼,這很正常。	Many people feel fear when facing the unknown, and that's perfectly normal.
懲罰	你要受到懲罰。	You'll be punished.
懲罰	老師罰同學打掃教室,但不是為了懲罰,而是希望他們學會負責。	The teacher had the students clean the classroom, not as punishment but to help them learn responsibility.
所屬	請寫下所屬部門。	Please write down your department.
所屬	每位員工都要填寫所屬單位和聯絡電話。	Every employee must fill in their unit and contact number.
持	請持票入場。	Please enter with your ticket.
持	她一手持傘,一手拿著飲料,走得很小心。	With an umbrella in one hand and a drink in the other, she walked carefully.
援助	國家給予他們援助。	The country provided aid to them.
援助	地震發生後,各國紛紛提供物資援助,幫助受災的居民。	After the earthquake, countries offered material aid to help the affected residents.
擺	請把書擺在桌上。	Please put the books on the table.
擺	媽媽把碗筷擺好,等大家都坐下來才開動。	Mom set out the bowls and chopsticks and waited until everyone sat down to start eating.
效應	這是一種新效應。	This is a new effect.
效應	溫室效應讓全球氣溫上升,對環境造成很大的影響。	The greenhouse effect is raising global temperatures and greatly affecting the environment.
新型	這是新型手機。	This is a new-model phone.
新型	最近有一種新型詐騙手法,常常假冒銀行打電話給民眾。	Recently there's a new type of scam that often impersonates banks by phoning people.
曰	子曰:學而時習之。	The Master said: To learn and practice what one has learned.
曰	古人說:「三人行,必有我師焉。」孔子曰,正是這個道理。	The ancients said, "Among any three people, there must be one I can learn from." Confucius said just this.
板	黑板上有字。	There's writing on the blackboard.
板	老闆把菜單寫在一塊木板上,掛在店門口。	The boss wrote the menu on a wooden board and hung it at the shop entrance.
標題	這篇文章的標題很吸引人。	This article's title is very eye-catching.
標題	新聞標題寫得太誇張,點進去才發現內容根本不是這樣。	The news headline was exaggerated; when I clicked, the content wasn't like that at all.
此後	此後他再也沒有遲到。	From then on, he was never late again.
此後	他在那場比賽中受傷了,此後就很少再參加比賽。	He was injured in that competition and rarely took part in matches afterward.
沒錯	沒錯,就是這樣。	That's right, exactly.
沒錯	沒錯,我昨天確實看到他在車站,他還跟我打了招呼。	That's right. I did see him at the station yesterday, and he even said hi to me.
深度	這口井的深度是十公尺。	This well is ten meters deep.
深度	這篇專題報導很有深度,把整件事的來龍去脈說得很清楚。	This feature report has real depth and explains the whole story clearly.
無數	天上有無數星星。	There are countless stars in the sky.
無數	無數的遊客每年來到這座老街,品嘗各種道地的小吃。	Countless visitors come to this old street each year to sample all kinds of authentic snacks.
爭論	他們在爭論。	They're arguing.
爭論	兩個同事為了新計畫的方向爭論了一整個下午。	Two coworkers argued the whole afternoon about the direction of the new project.
球隊	我支持這支球隊。	I support this team.
球隊	這支球隊今年表現很好,球迷每場比賽都到現場加油。	This team has played well this year, and fans come to cheer at every game.
當作	把這裡當作自己家。	Treat this place as your own home.
當作	他把失敗當作學習的機會,所以很快就重新振作了。	He treated failure as a chance to learn, so he quickly picked himself back up.
監控	這裡有監控。	There is monitoring here.
監控	社區大樓裝了監控系統,保全二十四小時都在注意畫面。	The apartment building has a monitoring system, and the guards watch the screens twenty-four hours a day.
社交	我不太愛社交。	I don't really like socializing.
社交	現在很多人在社交軟體上分享生活,但我比較少發文。	Many people now share their lives on social apps, but I rarely post.
空	杯子是空的。	The cup is empty.
空	我下午有空,要不要一起去喝杯咖啡?	I'm free this afternoon. Want to grab a coffee together?
簽訂	兩家公司簽訂了合約。	The two companies signed a contract.
簽訂	雙方在記者會上簽訂合作協議,希望未來能共同發展。	The two sides signed a cooperation agreement at the press conference, hoping for joint development.
維	請維持安靜。	Please keep quiet.
維	這台機車需要定期維修,不然很容易在路上出問題。	This scooter needs regular maintenance or it easily breaks down on the road.
置	請把包包置於座位下。	Please place your bag under the seat.
置	這間房子的設置很人性化,每個房間都有大窗戶。	This house is thoughtfully laid out, and every room has a big window.
股權	他擁有公司的股權。	He owns shares in the company.
股權	創辦人把一部分股權分給了早期的員工,大家都很感動。	The founder gave part of the equity to early employees, and everyone was touched.
興建	市政府要興建新的圖書館。	The city government will build a new library.
興建	這座橋預計興建三年,完工後會大大縮短通勤時間。	This bridge is expected to take three years to build and will greatly shorten commutes once finished.
落後	我們的成績落後了。	Our results have fallen behind.
落後	我們這隊在上半場落後兩分,後來靠最後一球才追平。	Our team trailed by two points in the first half, and only equalized with the last goal.
術	他會魔術。	He knows magic tricks.
術	醫術再高明的醫生,也需要病人的配合才能治好病。	No matter how skilled a doctor's medical skill is, the patient's cooperation is needed to recover.
解除	警報已經解除了。	The alarm has been lifted.
解除	颱風離開後,氣象局宣布解除海上警報。	After the typhoon left, the weather bureau announced the lifting of the sea warning.
誕生	小寶寶誕生了。	The baby was born.
誕生	這個品牌誕生於一間小小的工作室,現在已經很有名了。	This brand was born in a tiny studio and has become very famous.
譴責	大家都譴責這種行為。	Everyone condemns this behavior.
譴責	多個團體發表聲明,譴責對動物的暴力行為。	Several groups issued statements condemning violence against animals.
赴	他明天赴日本。	He is going to Japan tomorrow.
赴	她決定赴美國深造,希望畢業後可以回台灣工作。	She decided to go to the United States for further study, hoping to work in Taiwan after graduating.
軍人	他是軍人。	He is a soldier.
軍人	爺爺以前是軍人,所以他到現在還是每天很早起床。	Grandpa used to be a soldier, so he still gets up very early every day.
轉換	我想轉換心情。	I want to change my mood.
轉換	這個手機可以在兩種語言之間快速轉換,對外國人很方便。	This phone can switch quickly between two languages, which is convenient for foreigners.
逐步	工作逐步完成。	The work is being completed step by step.
逐步	公司將逐步調整薪資制度,讓員工的收入更穩定。	The company will gradually adjust the salary system to make employees' income more stable.
遭受	他遭受了損失。	He suffered a loss.
遭受	許多農民在颱風中遭受嚴重的損失,政府已經提出補助方案。	Many farmers suffered heavy losses in the typhoon, and the government has proposed a subsidy plan.
邊界	兩國的邊界在山上。	The border between the two countries is in the mountains.
邊界	這條河是兩個縣市的邊界,過了橋就是另一個縣。	This river is the boundary between two counties; past the bridge is another county.
配置	電腦的配置很好。	The computer's configuration is very good.
配置	辦公室的座位配置重新調整後,同事之間的溝通變得更容易。	After the office seating arrangement was changed, communication among coworkers became easier.
闆	老闆在嗎?	Is the boss in?
闆	這家店的老闆娘很親切,每次都會多送我一點小菜。	The owner's wife at this shop is warm and gives me an extra side dish each time.
陽光	今天陽光很好。	The sun is lovely today.
陽光	早上的陽光從窗戶照進來,房間裡暖暖的。	Morning sunlight shone through the window, making the room warm.
頂	山頂上很冷。	It's cold at the top of the mountain.
頂	我們爬到山頂的時候,太陽剛好升起來,景色美極了。	When we reached the summit, the sun was just rising and the view was spectacular.
驕傲	我為你感到驕傲。	I'm proud of you.
驕傲	他得了第一名也不驕傲,還是跟以前一樣努力。	Even after winning first place he isn't arrogant and works as hard as before.
一會	等一會就好了。	It'll be fine in a moment.
一會	你先坐一會,我去泡茶,等一會兒他們就到了。	Sit down for a while; I'll go make tea, and they'll be here shortly.
下令	政府下令停課。	The government ordered classes to be suspended.
下令	縣長下令封閉山路,以免有人在大雨中發生危險。	The county magistrate ordered the mountain road closed so no one would be in danger in the heavy rain.
之內	請在十分鐘之內完成。	Please finish within ten minutes.
之內	三天之內,我會把報告寄給你,請不用擔心。	Within three days I'll send you the report, so please don't worry.
以便	請早點到,以便開會。	Please come early so that we can hold the meeting.
以便	我先把地址寫下來,以便你找得到路。	I'll write down the address first so that you can find your way.
依照	請依照說明書做。	Please follow the instructions.
依照	依照醫生的建議,他每天早上都散步半小時。	Following the doctor's advice, he takes a half-hour walk every morning.
偷	小偷偷了他的錢包。	A thief stole his wallet.
偷	小朋友偷偷在房間裡吃零食,被媽媽發現了。	The kid sneakily ate snacks in the room and got caught by Mom.
元素	這是一個重要的元素。	This is an important element.
元素	這部電影結合了科幻和愛情元素,所以很多人喜歡。	This film blends sci-fi and romance elements, which is why many people like it.
公斤	我買了兩公斤的蘋果。	I bought two kilograms of apples.
公斤	他這三個月瘦了五公斤,朋友們都說他看起來更有精神。	He lost five kilograms in three months, and his friends say he looks more energetic.
函數	他在學函數。	He is studying functions.
函數	數學課上,老師教我們怎麼畫出一次函數的圖。	In math class, the teacher showed us how to graph a linear function.
前提	有一個前提。	There is one prerequisite.
前提	在不影響工作的前提下,公司允許員工彈性上下班。	On the premise of not affecting work, the company allows flexible working hours.
動機	他的動機是什麼?	What is his motive?
動機	警方正在調查嫌犯的動機,目前還沒有清楚的結論。	Police are investigating the suspect's motive and have no clear conclusion yet.
協商	雙方正在協商。	Both sides are negotiating.
協商	經過兩個小時的協商,房東同意把房租降低一點。	After two hours of negotiation, the landlord agreed to lower the rent a bit.
友誼	我們的友誼很深。	Our friendship runs deep.
友誼	十幾年的友誼,不是一次吵架就能破壞的。	A friendship of more than ten years can't be ruined by a single quarrel.
呆	他在發呆。	He's spacing out.
呆	我坐在窗邊發呆,一回神才發現已經過了一個小時。	I sat spacing out by the window and realized an hour had passed.
單純	她的想法很單純。	Her thinking is very simple.
單純	我們只是單純想幫忙,沒有別的意思,請不要誤會。	We simply wanted to help with no other meaning, so please don't misunderstand.
坑	路上有個大坑。	There's a big pit in the road.
坑	馬路上的坑洞太多,騎機車的時候要特別小心。	There are too many potholes in the road, so be especially careful on a scooter.
大廳	我們在大廳見。	Let's meet in the lobby.
大廳	飯店大廳很寬敞,旅客可以在沙發上休息,等朋友來接。	The hotel lobby is spacious, and guests can rest on the sofas while waiting for friends.
夫妻	他們是夫妻。	They are husband and wife.
夫妻	這對夫妻一起經營早餐店,每天凌晨四點就起床準備。	This couple runs a breakfast shop together and gets up at four every morning to prepare.
好吃	這個蛋糕很好吃。	This cake is delicious.
好吃	巷子裡那家滷肉飯真的很好吃,我每個禮拜都去吃。	The braised pork rice at that place in the alley is really tasty; I go every week.
客人	客人來了。	The guests have arrived.
客人	週末店裡客人很多,服務生忙得連坐下來的時間都沒有。	The shop is full of customers on weekends, and the waiters are too busy to sit down.
尊嚴	每個人都有尊嚴。	Everyone has dignity.
尊嚴	他寧願辛苦一點,也不想放棄自己的尊嚴去求人。	He would rather work harder than give up his dignity to beg others.
崗位	他在重要的崗位上工作。	He works in an important post.
崗位	每個人都要堅守自己的崗位,這樣工作才能順利完成。	Everyone must stay at their post so the work can be completed smoothly.
年紀	他年紀還小。	He is still young.
年紀	外婆雖然年紀大了,但她每天早上都去公園做體操。	Although Grandma is old, she goes to the park for exercises every morning.
彈	子彈很危險。	Bullets are dangerous.
彈	電影裡的槍戰很逼真,觀眾都被爆炸聲和子彈聲嚇到。	The gunfight in the film was very realistic, and the audience was startled by the explosions and gunshots.
念	我在念大學。	I'm in university.
念	老師請我們輪流念課文,我念得很緊張,聲音都在抖。	The teacher had us read the text aloud in turn, and I was so nervous my voice shook.
感動	這個故事讓我很感動。	This story really moved me.
感動	他在雨中等了我兩個小時,我真的很感動。	He waited for me in the rain for two hours, and I was really touched.
批	這一批貨今天到。	This batch of goods arrives today.
批	新的一批學生下週開始報到,老師們正在做準備。	A new batch of students reports next week, and the teachers are getting ready.
抽	我抽到了一張票。	I drew a ticket.
抽	他從包包裡抽出一本書,坐在椅子上安靜地看了起來。	He pulled a book out of his bag and sat quietly reading it in the chair.
推翻	新證據推翻了他的說法。	The new evidence overturned his account.
推翻	居民們推翻了原本的決議,決定重新投票。	The residents overturned the original resolution and decided to vote again.
攝	她愛好攝影。	She loves photography.
攝	為了攝取足夠的營養,醫生建議病人每天多吃蔬菜。	To take in enough nutrition, the doctor advises patients to eat more vegetables daily.
新人	公司來了新人。	A new recruit joined the company.
新人	今天婚禮上,新人在大家的祝福中交換戒指,現場非常溫馨。	At today's wedding, the newlyweds exchanged rings amid everyone's blessings, and it was heartwarming.
昨晚	昨晚我睡得很好。	I slept well last night.
昨晚	昨晚下了一場大雨,今天早上街上到處都是落葉。	There was a heavy rain last night, and this morning the streets are covered with fallen leaves.
會見	總統會見了外國的客人。	The president met with foreign guests.
會見	市長將在明天上午會見各界代表,聽取大家的意見。	The mayor will meet representatives from all sectors tomorrow morning to hear their opinions.
松	院子裡有一棵松樹。	There's a pine tree in the yard.
松	山上的松樹在風中沙沙作響,聞起來有淡淡的香氣。	The pine trees on the mountain rustle in the wind and smell faintly fragrant.
樣	這個樣子很可愛。	This looks cute.
樣	她跟小時候長得一個樣,我一眼就認出來了。	She looks the same as when she was little, and I recognized her at once.
歧視	不可以歧視別人。	You must not discriminate against others.
歧視	這家公司因為涉嫌年齡歧視,被民眾在網路上批評。	This company was criticized online for suspected age discrimination.
沉默	他一直保持沉默。	He kept silent.
沉默	大家都沉默了一會兒,沒有人知道該怎麼回答這個問題。	Everyone fell silent for a moment, and no one knew how to answer the question.
海上	海上有一艘船。	There is a boat out at sea.
海上	海上風浪很大,漁船今天都不出海。	The seas are rough, so the fishing boats aren't going out today.
漸漸	天漸漸黑了。	It's gradually getting dark.
漸漸	住了半年以後,我漸漸喜歡上這個安靜的小城市。	After living here half a year, I gradually came to like this quiet little city.
營銷	他在做營銷工作。	He does marketing work.
營銷	公司的營銷策略改成以網路為主,效果比以前更好。	The company's marketing strategy now centers on the Internet, with better results than before.
獎金	年底有獎金。	There's a bonus at year-end.
獎金	老闆說這次專案成功,每個人都會拿到一筆獎金。	The boss said that because the project succeeded, everyone will receive a bonus.
甚	他的聲音甚大。	His voice is very loud.
甚	此事影響甚大,請各位務必謹慎處理。	This matter has a very great impact, so please handle it with extreme care.
疫情	疫情已經過去了。	The epidemic has passed.
疫情	疫情期間,學校改成線上上課,孩子們都在家裡學習。	During the epidemic, schools switched to online classes and kids studied at home.
百科	我查了百科。	I looked it up in the encyclopedia.
百科	網路百科裡有很多資料,不過還是要自己確認內容是否正確。	The online encyclopedia has lots of information, but you still need to check that it's correct.
瞧	你瞧,下雪了!	Look, it's snowing!
瞧	讓我瞧瞧你的作業寫得怎麼樣,有沒有寫錯的地方。	Let me take a look at your homework and see if there are any mistakes.
神經	我神經很緊張。	My nerves are on edge.
神經	壓力太大的時候,神經會變得很敏感,連小聲音都會嚇一跳。	When stress is too high, your nerves get sensitive and even small sounds make you jump.
竟	他竟然忘了!	He actually forgot!
竟	我沒想到這麼小的店,竟然有這麼多人排隊。	I never expected such a small shop to have so many people lining up.
籃球	我喜歡打籃球。	I like playing basketball.
籃球	放學後,男生們都在操場打籃球,女生在旁邊加油。	After school the boys play basketball on the field while the girls cheer from the side.
累計	累計已經一百人。	The total has reached a hundred people.
累計	活動期間累計消費滿三千元,就可以兌換一份小禮物。	During the event, if your cumulative spending reaches 3,000 dollars, you can redeem a small gift.
維修	冷氣壞了,要找人維修。	The air conditioner is broken; we need someone to repair it.
維修	電梯正在維修中,請改走樓梯,造成不便敬請見諒。	The elevator is under maintenance. Please use the stairs and excuse the inconvenience.
繼	他繼續工作。	He continues working.
繼	爸爸退休以後,哥哥繼承了家裡的小店,繼續經營下去。	After Dad retired, my brother took over the family shop and kept running it.
職責	這是我的職責。	This is my responsibility.
職責	每位員工都要清楚自己的職責,才不會互相推卸工作。	Every employee should be clear about their duties so no one passes the work around.
花園	我家有一個小花園。	My home has a small garden.
花園	奶奶在後院的花園種了玫瑰,春天一到就開滿了花。	Grandma planted roses in the back garden, and they bloom all over when spring comes.
融合	兩種文化融合在一起。	The two cultures blended together.
融合	這道菜融合了日式和台式的味道,吃起來很特別。	This dish blends Japanese and Taiwanese flavors, and tastes special.
西南	颱風從西南方來。	The typhoon comes from the southwest.
西南	氣象局預測,西南氣流會帶來豪大雨,中南部要小心。	The weather bureau forecasts the southwest air current will bring heavy rain, so central and southern Taiwan should be careful.
許	不許說話。	Talking isn't allowed.
許	他許下承諾,要在三天之內把工作完成。	He made a promise to finish the work within three days.
諾	我答應他,一諾千金。	I promised him; my word is my bond.
諾	他向來重承諾,答應過的事一定會做到。	He always values his promises and will certainly do what he agreed to.
貨物	貨物已經送到。	The goods have arrived.
貨物	港口每天有大量貨物進出,工作人員從早忙到晚。	Large amounts of cargo come and go at the port daily, and the staff are busy from morning to night.
購	我想購買這個。	I'd like to purchase this.
購	線上購物很方便,不過購買前最好先看看大家的評價。	Online shopping is convenient, but it's best to read reviews before purchasing.
輔助	這是輔助工具。	This is an auxiliary tool.
輔助	老師用圖片輔助說明,讓小朋友更容易理解。	The teacher uses pictures as an aid so children understand more easily.
透明	杯子是透明的。	The cup is transparent.
透明	預算公開透明,大家才會放心把錢交給這個團體。	With open and transparent budgets, people will feel safe entrusting money to this group.
過度	不要過度使用手機。	Don't overuse your phone.
過度	過度勞累會影響身體,所以我們一定要好好休息。	Overwork harms your health, so we must get proper rest.
醫藥	他在醫藥公司工作。	He works at a pharmaceutical company.
醫藥	家裡的醫藥箱裡放著退燒藥和繃帶,以備不時之需。	The home medicine box holds fever medicine and bandages in case of need.
防	要防曬。	You need to protect against sun.
防	下雨天路滑,騎車要小心,最好穿防水的雨衣。	Roads are slippery when raining; be careful riding and ideally wear a waterproof raincoat.
青春	青春很短。	Youth is short.
青春	那些在操場上奔跑的青春歲月,是我最難忘的回憶。	Those youthful years of running on the sports field are my most unforgettable memories.
額	這個金額太大了。	This amount is too large.
額	活動名額有限,想參加的人請盡快報名。	Places in the event are limited, so those who want to join should register soon.
騎士	他是機車騎士。	He is a scooter rider.
騎士	騎士一定要戴安全帽,這是為了自己的安全。	Riders must wear helmets, for their own safety.
一度	他一度想放棄。	He once wanted to give up.
一度	這家店一度因為疫情停業,現在又重新開張了。	This shop once closed temporarily due to the epidemic and has reopened.
三次	我去過三次。	I've been three times.
三次	這個月我已經遲到三次了,再遲到就要被扣薪水了。	I've been late three times this month, and one more time my pay will be docked.
不良	他有不良習慣。	He has bad habits.
不良	長期熬夜會造成身體狀況不良,所以要早點睡。	Staying up late long-term leads to poor health, so go to bed early.
之上	書放在桌子之上。	The book is on the table.
之上	在法律之上,沒有任何人可以享有特權。	No one is above the law or entitled to special privileges.
以此	以此為例。	Take this as an example.
以此	她把獲獎的消息告訴家人,以此感謝他們一路的支持。	She told her family about winning the award, thereby thanking them for their support along the way.
侵略	他們侵略別國。	They invaded another country.
侵略	歷史課本裡提到,許多國家都曾經受到外來的侵略。	History textbooks mention that many countries were once subjected to foreign invasion.
倉庫	貨在倉庫裡。	The goods are in the warehouse.
倉庫	倉庫裡堆滿了紙箱,工人正在一個一個搬到卡車上。	The warehouse is stacked with cartons, and workers are moving them onto trucks one by one.
傷心	她很傷心。	She is heartbroken.
傷心	看到小狗走失的告示,我心裡也跟著傷心起來。	Seeing the missing puppy notice, I started feeling sad too.
光明	前途一片光明。	The future looks bright.
光明	只要不放棄,總會看到光明的一天,所以不要灰心。	As long as you don't give up, you'll see a bright day, so don't lose heart.
冷靜	請你冷靜一點。	Please calm down.
冷靜	遇到緊急狀況時,冷靜思考比慌張亂跑更有用。	In an emergency, calm thinking is more useful than panicking and running about.
別說	別說了,我知道了。	Stop talking, I get it.
別說	別說一百公尺了,我連十公尺都跑不動。	Not to mention a hundred meters, I can't even run ten.
劇情	這部電影的劇情很感人。	This film's plot is very touching.
劇情	這部連續劇的劇情太誇張,但我每週都忍不住要追。	The plot of this drama series is over the top, but I can't help following it every week.
區分	要區分好壞。	You need to tell good from bad.
區分	垃圾要區分成紙類、塑膠和廚餘,垃圾車來時再分開丟。	Waste must be divided into paper, plastic and kitchen scraps and thrown out separately when the garbage truck comes.
反擊	他們開始反擊了。	They started to fight back.
反擊	球隊在下半場強力反擊,最後成功逆轉比分。	The team counterattacked strongly in the second half and ultimately turned the score around.
合格	他考試合格了。	He passed the exam.
合格	這家食品工廠通過檢查,所有產品都是合格的。	This food factory passed inspection, and all of its products are up to standard.
吐	他吐了一口氣。	He let out a breath.
吐	坐車坐太久,我覺得好暈,差點就吐了。	I rode too long and felt so dizzy that I nearly threw up.
咬	狗咬了他的手。	The dog bit his hand.
咬	蚊子咬得我整晚都睡不好,今天一定要點蚊香。	Mosquitoes bit me and I couldn't sleep all night, so I must light mosquito coils today.
喝酒	爸爸不喝酒。	Dad doesn't drink alcohol.
喝酒	喝酒之後不能開車,這是大家都應該知道的規定。	You must not drive after drinking, a rule everyone should know.
土壤	這裡的土壤很肥沃。	The soil here is very fertile.
土壤	茶樹需要排水良好的土壤,所以山坡地特別適合種茶。	Tea plants need well-drained soil, so hillsides are especially suited to growing tea.
報名	我想報名。	I'd like to sign up.
報名	我已經幫你報名了下週的游泳課,記得帶泳衣和毛巾。	I've signed you up for next week's swimming class, so remember your swimsuit and towel.
夏	夏季很熱。	Summer is hot.
夏	初夏的傍晚,涼風吹過,大家都出來公園散步。	On early summer evenings, a cool breeze blows and everyone comes out to the park for a walk.
大街	大街上很熱鬧。	The main street is lively.
大街	過年的時候,大街小巷都掛滿了紅燈籠,氣氛很好。	During New Year, red lanterns hang on every street and alley, creating a great mood.
好奇	孩子很好奇。	The child is curious.
好奇	我好奇地問她為什麼要養這麼多隻貓,她說因為牠們都很可愛。	Curious, I asked her why she keeps so many cats, and she said it's because they're all cute.
娶	他想娶她。	He wants to marry her.
娶	他說等存夠錢,就要娶她回家,一起好好過日子。	He said that when he's saved enough, he'll marry her and they'll build a good life together.
官網	請看官網。	Please check the official website.
官網	活動時間和地點都寫在官網上,報名前請先看清楚。	The event time and place are on the official website, so please read carefully before registering.
實質	這是實質幫助。	This is real help.
實質	新政策看起來很好,但對民眾沒有實質的幫助。	The new policy looks good but brings no real help to the public.
對應	這個按鈕對應什麼功能?	Which function does this button correspond to?
對應	每個字母都對應一個數字,所以密碼不容易被猜到。	Each letter corresponds to a number, so the password isn't easy to guess.
屋頂	屋頂漏水了。	The roof is leaking.
屋頂	颱風把屋頂的鐵皮吹走了,爸爸只好爬上去修理。	The typhoon blew off the metal sheet on the roof, so Dad had to climb up and fix it.
工作者	他是一位社會工作者。	He is a social worker.
工作者	自由工作者可以自己安排時間,但收入比較不穩定。	Freelancers can arrange their own time, but their income is less stable.
干涉	別干涉我的事。	Don't interfere in my business.
干涉	爸媽不想干涉我的選擇,只希望我過得開心。	My parents don't want to interfere with my choices and only want me to be happy.
引入	公司引入了新系統。	The company introduced a new system.
引入	這道菜引入了南洋的香料,味道變得很特別。	This dish brought in Southeast Asian spices, giving it a very special flavor.
征	他們踏上了長征。	They set out on the long march.
征	球隊遠征日本,希望能在國際比賽中取得好成績。	The team went on tour to Japan, hoping to get good results in international matches.
恭喜	恭喜你畢業了!	Congratulations on graduating!
恭喜	聽說你要結婚了,恭喜恭喜!什麼時候請我們吃喜酒?	I heard you're getting married. Congratulations! When do we get invited to the wedding feast?
應付	我應付得來。	I can cope.
應付	期末考快到了,我得想辦法應付這麼多報告。	Finals are coming, so I need a way to cope with so many reports.
所在地	請告訴我所在地。	Please tell me your location.
所在地	公司的所在地離車站很近,走路五分鐘就到了。	The company's location is near the station, five minutes on foot.
抗	我們要抗議。	We want to protest.
抗	多運動可以提高抵抗力,不容易感冒。	Exercise raises resistance, so you don't catch colds as easily.
招	他在招人。	He's hiring.
招	餐廳門口貼著紙條,說正在招服務生,有興趣的人可以進來問。	A note on the restaurant door says they're hiring waiters, and interested people can ask inside.
採	我們去採草莓。	Let's go pick strawberries.
採	農夫一大早就到山上採茶,動作又快又準。	The farmer goes up the mountain early to pick tea, quick and precise.
擅長	她擅長畫畫。	She's good at drawing.
擅長	我不擅長做菜,但我很擅長洗碗,所以我們分工合作。	I'm not good at cooking but I'm good at washing dishes, so we split the work.
放鬆	請放鬆一點。	Please relax a little.
放鬆	考完試以後,我想好好放鬆,泡個澡、看看電影。	After exams I want to really relax, take a bath and watch a movie.
新生	新生今天報到。	The new students register today.
新生	大學新生都要參加迎新活動,認識新同學和學長姐。	All freshmen join orientation activities to meet new classmates and seniors.
時機	現在不是好時機。	Now is not a good time.
時機	做生意要把握時機,太早或太晚進場都不容易成功。	In business you must seize the right moment, since entering too early or too late is hard to succeed.
替代	沒有人能替代他。	No one can replace him.
替代	如果買不到這種牛奶,也可以用豆漿替代。	If you can't buy this milk, you can use soy milk instead.
有用	這個方法有用。	This method is useful.
有用	這本筆記很有用,考試前我都會拿出來複習。	This notebook is very useful, and I take it out to review before exams.
本土	我喜歡本土品牌。	I like local brands.
本土	最近有不少本土電影受到國際關注,真讓人開心。	Lately quite a few local films have attracted international attention, which is great.
構造	這個機器的構造很簡單。	The structure of this machine is simple.
構造	人體的構造非常複雜,醫學院的學生要念好幾年。	The structure of the human body is very complex, and medical students study it for years.
檢察	檢察官在調查這件案子。	The prosecutor is investigating this case.
檢察	檢察機關已經展開調查,預計下週公布結果。	The prosecution has begun its investigation and expects to announce results next week.
殖民	這裡以前是殖民地。	This used to be a colony.
殖民	台灣的歷史中有一段是殖民時期,許多老建築還留到現在。	Taiwan's history includes a colonial period, and many old buildings remain today.
氣象	今天的氣象報告說會下雨。	Today's weather report says it will rain.
氣象	氣象局提醒民眾,颱風即將登陸,請做好防颱準備。	The weather bureau reminded citizens that a typhoon is about to make landfall and to prepare.
沙漠	沙漠裡很乾。	It's very dry in the desert.
沙漠	駱駝在沙漠裡可以很多天不喝水,真是不可思議。	Camels can go many days without water in the desert, which is amazing.
派出	公司派出代表去開會。	The company sent a representative to the meeting.
派出	警方立刻派出多輛警車,趕到現場處理。	Police immediately dispatched several patrol cars to the scene.
混	不要混在一起。	Don't mix them together.
混	水跟油混不在一起,所以做沙拉醬的時候要用力搖。	Water and oil don't mix, so shake hard when making salad dressing.
渴望	他渴望自由。	He longs for freedom.
渴望	小時候我很渴望能擁有一隻狗,可是爸媽一直不同意。	When I was little I longed to have a dog, but my parents never agreed.
激勵	老師的話激勵了我。	The teacher's words encouraged me.
激勵	公司推出獎金制度來激勵員工,讓大家工作更有動力。	The company introduced a bonus scheme to motivate employees and boost their drive.
無效	這張優惠券已經無效。	This coupon is no longer valid.
無效	吃了這種藥還是沒有好,看來對我無效,需要換一種。	I still haven't recovered after taking this medicine; it seems ineffective for me and I need another.
熱烈	大家熱烈歡迎他。	Everyone gave him a warm welcome.
熱烈	演唱會一結束,觀眾們熱烈鼓掌,久久不願離開。	When the concert ended, the audience applauded enthusiastically and was reluctant to leave.
爽	洗完澡好爽喔。	It feels so good after a shower.
爽	秋天的天氣涼爽,最適合到戶外走走。	Autumn weather is cool and crisp, perfect for a walk outdoors.
獨	他一個人獨自在家。	He's home alone.
獨	她獨自一人旅行,卻交了很多朋友,玩得很開心。	She traveled alone but made lots of friends and had a great time.
瓦	屋頂上有瓦。	There are tiles on the roof.
瓦	老房子的屋瓦已經很舊,下大雨時需要請人來修理。	The old house's roof tiles are very worn, and we need someone to fix them in heavy rain.
留學	我想去日本留學。	I want to study abroad in Japan.
留學	他在美國留學五年,回國後在大學當老師。	He studied abroad in the United States for five years and teaches at a university after returning.
疫苗	我打了疫苗。	I got vaccinated.
疫苗	醫院通知,明天開放預約流感疫苗,長輩可以優先施打。	The hospital announced flu vaccine appointments open tomorrow, with seniors getting priority.
發電	風力可以發電。	Wind power can generate electricity.
發電	這座新建的發電廠使用太陽能,希望能減少空氣污染。	This new power plant uses solar energy, hoping to reduce air pollution.
相機	我買了一台新相機。	I bought a new camera.
相機	出國旅行的時候,他一定會帶相機,把美麗的風景都拍下來。	When he travels abroad he always brings a camera to capture beautiful scenery.
眾人	眾人都笑了。	Everyone laughed.
眾人	他在眾人面前大聲唱歌,一點也不害羞。	He sang loudly in front of everyone, without any shyness.
確立	目標已經確立。	The goal has been established.
確立	經過一年的努力,他終於確立了自己的人生方向。	After a year of effort, he finally established his direction in life.
移	請把椅子移一下。	Please move the chair a bit.
移	我要把這個檔案移到另一個資料夾,這樣比較好找。	I'm going to move this file to another folder so it's easier to find.
空軍	他在空軍服役。	He serves in the air force.
空軍	空軍的飛機今天在上空練習飛行,聲音很大,附近的居民都聽到了。	Air force planes practiced flying overhead today, and the noise was heard by nearby residents.
簡	這個方法很簡單。	This method is simple.
簡	簡報要簡短清楚,太長的話聽的人會很累。	A presentation should be brief and clear; if it's too long, listeners get tired.
紮	她紮了一個馬尾。	She tied her hair in a ponytail.
紮	花店老闆把一紮玫瑰包好,遞給了客人。	The florist wrapped a bunch of roses and handed it to the customer.
緩慢	車子緩慢前進。	The car moved forward slowly.
緩慢	下班時間路上塞車,車流緩慢,走走停停花了一個小時。	It was rush hour with heavy traffic, and the stop-and-go flow took an hour.
缺點	每個人都有缺點。	Everyone has shortcomings.
缺點	這支手機的缺點是電池不耐用,充一次電只能用半天。	The downside of this phone is its battery, which lasts only half a day per charge.
老實	他很老實。	He is very honest.
老實	老實說,我覺得這家餐廳的東西不太好吃。	To be honest, I don't think the food at this restaurant is very good.
職權	這不在我的職權範圍。	This is outside my authority.
職權	主管有權決定人事,但不能超過職權隨便做決定。	Managers have the power to decide on personnel but cannot make decisions beyond their authority.
自行車	他騎自行車上班。	He bikes to work.
自行車	週末的河濱公園有很多人騎自行車,還有人帶著狗一起運動。	On weekends there are many cyclists in the riverside park, and some exercise with their dogs.
艱難	日子很艱難。	Life is hard.
艱難	創業的路很艱難,但他從來沒有想過放棄。	The path of starting a business is hard, but he never thought of giving up.
董事長	他是公司的董事長。	He is the company's chairman.
董事長	董事長在年終大會上感謝全體員工一年來的辛苦。	At the year-end meeting, the chairman thanked all employees for their hard work this year.
蛇	我怕蛇。	I'm afraid of snakes.
蛇	山上有蛇,所以健行的時候最好穿長褲和高筒鞋。	There are snakes in the mountains, so wear long pants and high boots when hiking.
補貼	政府有補貼。	The government gives subsidies.
補貼	政府補貼購買電動機車的民眾,最多可以拿到一萬元。	The government subsidizes people who buy electric scooters, up to ten thousand dollars.
說服	我說服不了他。	I couldn't persuade him.
說服	她花了一個晚上說服爸媽,讓她去國外交換學生。	She spent an evening persuading her parents to let her go abroad as an exchange student.
識	我不認識他。	I don't know him.
識	多讀書可以增長知識,也能看見不同的世界。	Reading more increases your knowledge and shows you different worlds.
貧窮	他們很貧窮。	They are very poor.
貧窮	貧窮不是丟臉的事,重要的是願意努力改變。	Poverty is nothing to be ashamed of; what matters is being willing to work to change it.
走出	他走出了房間。	He walked out of the room.
走出	走出捷運站,迎面而來的是一陣熱氣,大家都忍不住皺眉。	Stepping out of the MRT station, a wave of heat hit us and we all frowned.
跟隨	小狗跟隨在主人後面。	The puppy follows behind its owner.
跟隨	遊客跟隨導遊走進老街,一邊聽故事一邊吃小吃。	Tourists followed the guide into the old street, listening to stories and eating snacks.
輻射	手機有輻射嗎?	Do mobile phones give off radiation?
輻射	醫院在拍X光之前,會請你穿上防輻射的衣服保護身體。	Before an X-ray, the hospital has you wear radiation-proof clothing to protect your body.
近代	這是近代的歷史。	This is modern history.
近代	近代的科技進步很快,現在的生活跟一百年前完全不同。	Technology has advanced quickly in modern times, and life now is entirely different from a hundred years ago.
過分	你太過分了!	You've gone too far!
過分	他說話過分直接,常常讓同事覺得不舒服。	He's overly blunt when he talks, and often makes coworkers uncomfortable.
配備	警察配備了新裝備。	The police were equipped with new gear.
配備	這輛新車配備了多項安全功能,讓開車的人更安心。	This new car comes equipped with multiple safety features, giving drivers more peace of mind.
錄像	我有錄像。	I have a video recording.
錄像	警察調出路口的錄像,終於找到了那輛車。	The police pulled up the intersection's video recording and finally found the car.
開設	這所學校開設了新課程。	The school has opened new courses.
開設	銀行在這個社區開設了新分行,居民辦事方便多了。	The bank opened a new branch in this neighborhood, making errands much easier for residents.
院校	他在院校任教。	He teaches at a college.
院校	各院校今年都增加了獎學金名額,鼓勵學生努力念書。	Colleges have added scholarship places this year to encourage students to study hard.
隨意	你隨意坐。	Sit wherever you like.
隨意	菜單上的菜你可以隨意點,今天我請客。	You can order whatever you like from the menu; it's my treat today.
震驚	大家都很震驚。	Everyone was shocked.
震驚	這個消息震驚了整個社區,居民們都聚在一起討論。	The news shocked the whole neighborhood, and residents gathered to discuss it.
頗	這部電影頗有意思。	This movie is quite interesting.
頗	他對這件事頗為不滿,但沒有說出來。	He was rather dissatisfied with the matter but did not say so.
飲料	我要買飲料。	I want to buy a drink.
飲料	超商的飲料正在特價,買二送一,我們多拿幾瓶回去吧。	Drinks at the convenience store are on sale, buy two get one free, so let's take a few bottles home.
驚喜	這是一個驚喜!	This is a surprise!
驚喜	朋友偷偷準備了生日蛋糕,讓我又驚喜又感動。	My friends secretly prepared a birthday cake, which was a happy surprise and touched me.
鬥	公雞在鬥。	The roosters are fighting.
鬥	那兩個小朋友為了玩具鬥起嘴來,誰也不讓誰。	The two kids bickered over a toy, neither giving way.
○	報導中只寫「王○明」,沒有公開全名。	The report only wrote "Wang ○ Ming" without disclosing the full name.
○	新聞稿裡的受害者被寫成「陳○○」,以保護當事人的隱私。	In the press release the victim was written as "Chen ○○" to protect privacy.
一點點	我只要一點點。	I only want a little bit.
一點點	湯裡可以再加一點點鹽,味道會更好。	You can add just a little more salt to the soup to make it taste better.
下跌	股價下跌了。	Stock prices fell.
下跌	受到國際局勢影響,今天股市大幅下跌,不少投資人很擔心。	Affected by the international situation, the stock market fell sharply today, worrying many investors.
中醫	我去看中醫。	I'm going to see a traditional Chinese doctor.
中醫	爺爺長期失眠,中醫幫他把脈後開了幾帖中藥。	Grandpa has long had insomnia, and the Chinese medicine doctor took his pulse and prescribed some herbal remedies.
交友	他喜歡交友。	He likes making friends.
交友	現在很多人透過交友軟體認識新朋友,但要注意安全。	Many people now meet new friends through dating apps, but you should watch your safety.
什	你在說什麼?	What are you saying?
什	媽媽煮了一鍋什錦湯,裡面有蔬菜、菇類和豆腐。	Mom cooked a pot of assorted soup with vegetables, mushrooms and tofu.
使用者	使用者可以免費下載。	Users can download it for free.
使用者	這款軟體的使用者越來越多,公司因此推出了新的功能。	This software has more and more users, so the company released new features.
停留	我在台北停留三天。	I'm staying in Taipei for three days.
停留	旅客在機場停留的時間超過八小時,可以申請休息室。	Travelers who stay at the airport over eight hours can apply to use the lounge.
傷口	傷口還在痛。	The wound still hurts.
傷口	傷口要保持乾淨,每天換藥,才不會發炎。	Keep the wound clean and change the dressing daily to prevent infection.
內外	房子內外都很乾淨。	The house is clean inside and out.
內外	春節前夕,車站內外擠滿了回鄉的人,非常熱鬧。	On the eve of Lunar New Year, the inside and outside of the station were packed with people heading home.
共產主義	他在研究共產主義。	He is studying communism.
共產主義	歷史課上,老師介紹了共產主義的起源與影響。	In history class the teacher introduced the origins and impact of communism.
出自	這句話出自一本老書。	This saying comes from an old book.
出自	這首歌的歌詞出自一位年輕詩人的作品,讀起來很感人。	The lyrics of this song come from a young poet's work and are moving to read.
判處	法院判處他有期徒刑。	The court sentenced him to a prison term.
判處	法官判處被告三年有期徒刑,被告當庭表示將提出上訴。	The judge sentenced the defendant to three years in prison, and the defendant said in court he will appeal.
加盟	這家店是加盟店。	This shop is a franchise.
加盟	他在加盟前評估了很久,才決定加入這個連鎖早餐店。	He evaluated for a long time before joining and deciding to join this breakfast chain.
十九	他今年十九歲。	He's nineteen this year.
十九	十九號窗口現在可以辦理,請拿著號碼牌過去。	Window nineteen is available now, so please go over with your number ticket.
原有	保留原有的樣子。	Keep the original appearance.
原有	整修之後,老屋仍保留原有的木頭窗戶和磁磚地板。	After renovation, the old house still keeps its original wooden windows and tile floors.
同性	她們是同性朋友。	They are friends of the same sex.
同性	台灣是亞洲第一個讓同性伴侶結婚的地方,受到許多人關注。	Taiwan was the first place in Asia to allow same-sex couples to marry, drawing wide attention.
哈哈	哈哈,太好笑了!	Haha, that's so funny!
哈哈	他說了一個笑話,大家哈哈大笑,氣氛一下子輕鬆起來。	He told a joke, everyone burst out laughing, and the mood instantly lightened.
單元	這個單元很重要。	This unit is important.
單元	我們現在複習第三單元,下週就要考試了。	We're reviewing Unit 3 now, and the exam is next week.
困境	他陷入困境。	He fell into a predicament.
困境	公司面臨困境的時候,老闆沒有裁員,而是和大家一起想辦法。	When the company was in trouble, the boss didn't lay off staff and instead worked it out with everyone.
圖書	我去借圖書。	I'm going to borrow some books.
圖書	學校圖書館新增了一批圖書,同學們都可以借閱。	The school library added a batch of books that students can borrow.
域名	我要買一個域名。	I want to buy a domain name.
域名	他為了網站註冊了一個簡單好記的域名,方便客人搜尋。	He registered a simple, memorable domain name for his website so customers can find it easily.
外貿	他在外貿公司上班。	He works at a foreign trade company.
外貿	台灣的外貿很發達,電子產品是最重要的出口項目之一。	Taiwan's foreign trade is well-developed, and electronic products are among its key exports.
天才	他是個天才。	He is a genius.
天才	這孩子是個音樂天才,三歲就能彈出簡單的曲子。	This child is a musical genius who could play simple tunes at age three.
委	這件事就委給你了。	I'm entrusting this matter to you.
委	他被委派到南部分公司,下個月就要搬過去。	He was assigned to the southern branch and will move over next month.
存儲	手機的存儲空間不夠了。	My phone's storage space is running out.
存儲	資料都存儲在雲端,所以換手機之後也不會不見。	The data is all stored in the cloud, so it won't be lost when you change phones.
宣稱	他宣稱自己沒做錯。	He claimed he did nothing wrong.
宣稱	這家廠商宣稱產品通過檢驗,但民眾還是有些懷疑。	This vendor claims its products passed inspection, but the public still has doubts.
寧願	我寧願走路回家。	I'd rather walk home.
寧願	她寧願自己辛苦一點,也不想麻煩別人。	She would rather have it a bit harder herself than trouble others.
專欄	他寫了一個專欄。	He wrote a column.
專欄	這份報紙的美食專欄每週五刊出,我很喜歡。	This newspaper's food column comes out every Friday, and I love it.
履行	請履行你的承諾。	Please fulfill your promise.
履行	雙方必須履行合約上的責任,否則就要賠償。	Both sides must fulfill the duties in the contract or else pay compensation.
市委	市委今天開了會。	The municipal committee held a meeting today.
平常	我平常六點起床。	I usually get up at six.
平常	平常心就好,考試只是檢查你學會了多少,不要太緊張。	Just keep a normal attitude. The exam only checks what you've learned, so don't be too nervous.
彌補	我想彌補我的錯誤。	I want to make up for my mistake.
彌補	他用加班來彌補之前的失誤,同事們都看在眼裡。	He worked overtime to make up for his earlier error, and his coworkers noticed.
從中	我從中學到很多。	I learned a lot from it.
從中	這次旅行很辛苦,但我從中學會了如何與人合作。	The trip was tough, but I learned from it how to cooperate with others.
思路	他的思路很清楚。	His line of thinking is very clear.
思路	寫程式時,先把思路整理好,出錯的機會就會減少。	When writing code, sort out your line of thought first and you'll make fewer mistakes.
意圖	我不明白他的意圖。	I don't understand his intention.
意圖	警方認為嫌犯並沒有傷人的意圖,只是想把車子開走。	Police believe the suspect had no intention of harming anyone and just wanted to drive the car away.
懞	他還很懞懂,什麼都不明白。	He's still naive and doesn't understand anything.
抱歉	抱歉,我遲到了。	Sorry, I'm late.
抱歉	很抱歉讓你等這麼久,路上塞車塞得很嚴重。	Sorry to keep you waiting so long; traffic was terrible on the road.
挑	我挑了這件。	I picked this one.
挑	她挑了很久,才選到一件適合面試穿的襯衫。	She spent a long time choosing before finding a shirt right for the interview.
提倡	政府提倡多運動。	The government promotes exercising more.
提倡	學校提倡自備環保杯,希望減少一次性的塑膠垃圾。	The school promotes bringing your own reusable cup to reduce single-use plastic waste.
撒	別撒謊。	Don't lie.
撒	姊姊在麵上撒了一些蔥花,看起來更好吃了。	My sister sprinkled some chopped scallions on the noodles, making them look more appetizing.
攜帶	請攜帶身分證。	Please carry your ID.
攜帶	搭飛機時,不得攜帶超過一百毫升的液體上機。	When flying, you may not carry on liquids exceeding 100 milliliters.
故障	電梯故障了。	The elevator broke down.
故障	電腦突然故障,所有的資料差點都不見了,真是嚇死我了。	The computer suddenly malfunctioned and I almost lost all my data. It scared me to death.
新增	新增了一個功能。	A new feature has been added.
新增	本店新增了素食菜單,歡迎吃素的朋友來試試。	This shop has added a vegetarian menu; vegetarian friends are welcome to try it.
春	春天來了。	Spring has come.
春	春節的時候,大家都會回老家團圓,吃年夜飯。	At Lunar New Year, everyone goes back to their hometown to reunite and eat the New Year's Eve dinner.
暗示	他暗示我該走了。	He hinted that I should leave.
暗示	老闆暗示今年可能不會發年終獎金,同事們聽了都很失望。	The boss hinted there may be no year-end bonus this year, and the coworkers were disappointed.
本科	他是本科生。	He is an undergraduate.
本科	她本科念的是歷史,後來才轉去讀新聞研究所。	She studied history as an undergraduate and later switched to a journalism graduate program.
梁	屋梁很粗。	The roof beam is thick.
梁	老房子的梁都是木頭做的,已經有上百年的歷史了。	The beams in the old house are made of wood and have a history of over a hundred years.
標記	請在地圖上做標記。	Please make a mark on the map.
標記	我用螢光筆在重點上做了標記,複習的時候一眼就能看到。	I marked key points with a highlighter, so I spot them at a glance when reviewing.
此刻	此刻我很開心。	At this moment, I'm very happy.
此刻	此刻外面下著大雨,我們只好留在咖啡店裡等雨停。	Right now it's pouring outside, so we have to stay in the cafe until the rain stops.
每當	每當下雨,我就想起他。	Whenever it rains, I think of him.
每當	每當深夜聽到這首歌,我就會想起大學時代的朋友。	Whenever I hear this song late at night, I think of my friends from college.
流程	辦手續有一定的流程。	There's a set process for handling the procedures.
流程	新員工到職的流程很簡單,先填資料,再領電腦和門禁卡。	The onboarding process for new employees is simple: fill in forms, then collect a computer and access card.
深化	兩國希望深化合作。	The two countries hope to deepen cooperation.
深化	透過每週的交流,雙方的關係逐漸深化,也更有默契。	Through weekly exchanges, the relationship between the two sides gradually deepened with greater rapport.
滅	火滅了。	The fire went out.
滅	消防隊員花了兩個小時,才把大火完全撲滅。	It took firefighters two hours to fully put out the big fire.
火災	大樓發生了火災。	A fire broke out in the building.
火災	為了預防火災,每層樓都裝了滅火器和煙霧偵測器。	To prevent fires, every floor has fire extinguishers and smoke detectors.
熊	動物園裡有一隻熊。	There's a bear at the zoo.
熊	台灣黑熊是保育類動物,數量越來越少。	The Formosan black bear is a protected species, and their numbers keep dropping.
牙齒	我的牙齒很痛。	My tooth really hurts.
牙齒	吃完甜食一定要刷牙,不然牙齒很容易蛀掉。	Always brush after sweets, or your teeth will decay easily.
玉米	我喜歡吃玉米。	I like eating corn.
玉米	夜市裡有人在烤玉米,香味讓路過的人都忍不住停下來。	Someone's grilling corn at the night market, and the smell makes passersby stop.
用途	這個工具有什麼用途?	What is this tool used for?
用途	這種塑膠袋的用途很多,可以裝東西,也可以拿來當雨衣。	This kind of plastic bag has many uses; you can carry things or even use it as a raincoat.
發掘	考古學家在發掘古墓。	Archaeologists are excavating an ancient tomb.
發掘	老師很會發掘學生的長處,讓每個人都有機會表現。	The teacher is good at discovering students' strengths and gives everyone a chance to shine.
相處	我跟室友相處得很好。	I get along very well with my roommate.
相處	跟同事相處需要互相尊重,有話直說反而比較容易溝通。	Getting along with coworkers takes mutual respect, and speaking frankly makes communication easier.
短片	我拍了一支短片。	I filmed a short video.
短片	她把旅行的短片剪好後,放到網路上,收到很多留言。	After editing her travel clips, she put them online and got lots of comments.
禮拜	我每個禮拜都去運動。	I work out every week.
禮拜	下禮拜三是我同事的生日,我們打算中午幫他慶祝。	Next Wednesday is my coworker's birthday, and we plan to celebrate at lunch.
窮人	窮人也需要幫助。	The poor also need help.
窮人	這間廟每年冬天都會發放棉被給窮人,讓他們度過寒冬。	This temple distributes blankets to the poor every winter to help them through the cold.
簡歷	請寄你的簡歷給我。	Please send me your résumé.
簡歷	他花了一整晚修改簡歷,希望能得到面試的機會。	He spent a whole evening revising his résumé, hoping to get an interview.
糧	家裡有糧食。	There's food at home.
糧	颱風前,大家都到超市買糧食和飲用水,貨架一下就空了。	Before the typhoon, everyone went to the supermarket to buy food and drinking water, and the shelves emptied quickly.
終	他終生都在學習。	He studies throughout his life.
終	比賽終了的哨聲一響,球迷們紛紛站起來鼓掌。	When the final whistle sounded, fans stood up and applauded.
總督	總督住在這座府邸。	The governor-general lived in this mansion.
總督	日治時期的台灣總督府現在是總統府,很多遊客來參觀。	The Governor-General's Office from the Japanese colonial period is now the Presidential Office, and many tourists visit.
習俗	各地有不同的習俗。	Each place has different customs.
習俗	端午節有吃粽子、划龍舟的習俗,台灣人一直保留到現在。	Dragon Boat Festival has customs of eating zongzi and racing dragon boats, which Taiwanese keep to this day.
聯合會	他參加了聯合會。	He joined the federation.
聯合會	各地的農民聯合會共同發表聲明,要求政府改善收購價格。	Farmers' federations from various places jointly issued a statement asking the government to improve purchase prices.
脆弱	小孩子很脆弱。	Small children are fragile.
脆弱	他看起來很堅強,其實內心很脆弱,需要有人陪伴。	He looks strong but is actually fragile inside and needs company.
興	最近興穿寬褲。	Wide pants are in fashion lately.
興	這個年代興起了一種新的飲料,年輕人都愛喝。	A new kind of drink has become popular in this era, and young people all love it.
薄	這件外套很薄。	This jacket is thin.
薄	這片餅乾做得很薄,咬下去脆脆的,很好吃。	This cookie is made thin and crisp when you bite it, which is delicious.
行程	明天的行程很滿。	Tomorrow's schedule is full.
行程	這趟旅行的行程是我們一起規劃的,第一天先去海邊。	We planned this trip's itinerary together, starting at the beach on day one.
見解	你有什麼見解?	What's your view?
見解	教授對這個問題的見解很獨特,同學們聽了都覺得有道理。	The professor's insight on this issue was unique, and the students found it persuasive.
解讀	這張圖要怎麼解讀?	How should this chart be read?
解讀	大家對這份報告的解讀不太一樣,所以才需要再開會討論。	People interpret this report differently, which is why we need another meeting.
請願	居民上街請願。	Residents took to the streets to petition.
請願	數百位學生到立法院外請願,希望政府重視教育問題。	Hundreds of students petitioned outside the Legislative Yuan, hoping the government would take education seriously.
貪污	他被控貪污。	He was accused of corruption.
貪污	貪污案件曝光之後,民眾對政府的信任大幅下降。	After the corruption case was exposed, public trust in the government dropped sharply.
身材	她身材很好。	She has a nice figure.
身材	他每天跑步,所以身材維持得很好,看起來比實際年齡年輕。	He runs every day, so he keeps a fine build and looks younger than his age.
途中	途中遇到塞車。	We hit traffic on the way.
途中	我在回家的途中看到一隻小貓,就把牠帶回去了。	On my way home I saw a kitten and took it back with me.
運氣	今天運氣很好。	I'm lucky today.
運氣	他運氣不太好,每次出門都會遇到下雨。	He's not very lucky; it rains every time he goes out.
野蠻	他很野蠻。	He is barbaric.
野蠻	用暴力解決問題是野蠻的行為,我們應該好好溝通。	Solving problems with violence is barbaric; we should communicate properly.
開工	工廠明天開工。	The factory starts work tomorrow.
開工	春節假期結束後,各行各業陸續開工,馬路上又開始塞車了。	After the Lunar New Year holiday, businesses resume work one after another, and roads are congested again.
阿姨	阿姨來我們家玩。	Auntie came to visit our home.
阿姨	阿姨每次來都會帶一盒水果,小孩子們都很期待。	Auntie brings a box of fruit every visit, and the kids look forward to it.
零售	這家店只做零售。	This shop only does retail.
零售	超商是最常見的零售通路,幾乎每條街都有一家。	Convenience stores are the most common retail channel, with nearly one on every street.
順	一路都很順利。	Everything went smoothly all the way.
順	沿著這條路一直走,順便買個麵包回來好嗎?	Go straight down this road. Can you pick up a bread on the way back?
颱風	明天有颱風。	There's a typhoon tomorrow.
颱風	颱風天不用上班上課,可是我們也不能出門,在家煮泡麵吃。	On typhoon days there's no work or school, but we can't go out either, so we eat instant noodles at home.
高手	他是下棋高手。	He's a chess master.
高手	這家店的老闆是做麵的高手,每一碗都煮得剛剛好。	The owner of this shop is a master noodle-maker, and every bowl is cooked just right.
一個個	大家一個個上台。	Everyone went on stage one by one.
一個個	孩子們一個個排好隊,等老師發點心給他們。	The kids lined up one by one waiting for the teacher to hand out snacks.
一陣	突然吹來一陣風。	A gust of wind suddenly blew.
一陣	我們聊天時,窗外傳來一陣笑聲,原來是鄰居的小孩在玩。	While we were chatting, a burst of laughter came from outside; it was the neighbor's kids playing.
上車	請快點上車。	Please get on the bus quickly.
上車	上車後別忘了刷悠遊卡,然後往後面走,不要擋住別人。	After boarding, don't forget to tap your EasyCard, then move toward the back so you don't block others.
不時	他不時看手機。	He checks his phone from time to time.
不時	整場演講中,台下的觀眾不時發出笑聲,氣氛很好。	Throughout the speech, laughter came from the audience now and then, and the atmosphere was great.
中等	他的身材中等。	He is of medium build.
中等	這件衣服有大中小三個尺寸,我穿中等剛剛好。	This garment comes in small, medium and large, and medium fits me just right.
乾脆	乾脆我們自己去吧。	We might as well just go ourselves.
乾脆	等了半小時都沒公車,我乾脆叫計程車回家算了。	After half an hour without a bus, I simply took a taxi home instead.
人事	他負責公司的人事。	He handles the company's personnel.
人事	公司下個月有人事異動,不少同事會調到不同的部門。	The company has personnel changes next month, and many colleagues will transfer to different departments.
以南	高雄以南天氣比較熱。	It's hotter south of Kaohsiung.
以南	濁水溪以南一帶,是台灣重要的農業區。	The area south of the Zhuoshui River is an important agricultural region in Taiwan.
侵害	不能侵害別人的權利。	You must not infringe on others' rights.
侵害	網路上散播他人隱私,會嚴重侵害當事人的權益。	Spreading others' private info online seriously infringes on the person's rights.
倡議	他們倡議減塑。	They advocate reducing plastic.
倡議	環保團體倡議全民節約用水,並在各縣市舉辦宣導活動。	Environmental groups called on everyone to save water and held awareness campaigns in many counties.
傳來	遠處傳來鐘聲。	A bell sounds from afar.
傳來	深夜裡,隔壁傳來鋼琴聲,雖然有點吵,但是彈得很好聽。	Late at night, piano music came from next door; a bit noisy but beautifully played.
優越	他家境優越。	He comes from a privileged family.
優越	這個地區的地理位置優越,交通和生活機能都很方便。	This area has a superior location, with convenient transportation and amenities.
入學	孩子明年入學。	The child starts school next year.
入學	新生入學時要先繳註冊費,並領取學生證和制服。	New students pay registration fees on enrollment and collect their student ID and uniform.
兩邊	路兩邊都有樹。	There are trees on both sides of the road.
兩邊	兩邊的意見都有道理,所以我很難決定要支持哪一邊。	Both sides' opinions make sense, so it's hard for me to decide which to support.
冷戰	他們正在冷戰。	They're giving each other the silent treatment.
冷戰	姊姊和媽媽因為小事冷戰了好幾天,誰都不想先開口。	My sister and Mom gave each other the cold shoulder for days over something small, neither wanting to speak first.
分化	社會意見逐漸分化。	Public opinion is gradually splitting.
分化	這項政策讓民眾的意見出現分化,網路上吵得很厲害。	This policy split public opinion, and there are heated arguments online.
列表	請看下面的列表。	Please see the list below.
列表	他把要買的東西整理成列表,在超市就不會漏買了。	He organized the things to buy into a list, so he won't miss anything at the supermarket.
削弱	這會削弱他的力量。	This will weaken his power.
削弱	長期缺乏睡眠會削弱人的免疫力,讓人容易生病。	Long-term lack of sleep weakens immunity and makes people sick more easily.
加劇	問題在加劇。	The problem is intensifying.
加劇	夏天的高溫加劇了用電量,政府呼籲大家節約用電。	Summer heat intensified electricity use, and the government urged everyone to save power.
十一	十一點了,該睡了。	It's eleven o'clock; time for bed.
十一	十一月的天氣開始轉涼,早晚要記得多穿一件外套。	In November the weather turns cool, so remember an extra jacket morning and evening.
卡車	路上有很多卡車。	There are many trucks on the road.
卡車	一輛卡車載滿了西瓜,慢慢開進市場,攤販們紛紛上前幫忙卸貨。	A truck full of watermelons slowly drove into the market, and vendors came to help unload.
參選	他想參選市長。	He wants to run for mayor.
參選	她宣布參選里長,希望能為社區多做一點事。	She announced she'll run for borough warden, hoping to do more for the neighborhood.
受不了	我真的受不了了!	I really can't take it anymore!
受不了	這幾天又悶又熱,晚上沒開冷氣根本受不了。	It's been stuffy and hot these days, and without air conditioning at night it's unbearable.
可笑	這個想法很可笑。	This idea is ridiculous.
可笑	他說自己三天就能學會彈鋼琴,聽起來真的很可笑。	He says he can learn piano in three days, which sounds truly laughable.
名詞	這是一個名詞。	This is a noun.
名詞	老師解釋名詞和動詞的差別,並請我們各舉三個例子。	The teacher explained the difference between nouns and verbs and asked us to give three examples of each.
商標	這個商標很好看。	This logo looks nice.
商標	公司花了很多錢註冊商標,避免別人用相似的名字賣東西。	The company spent a lot to register a trademark to prevent others from selling things under a similar name.
嘲笑	不要嘲笑別人。	Don't make fun of others.
嘲笑	他因為口音被同學嘲笑,心裡很難過,後來老師出面制止了。	He was mocked by classmates for his accent and felt hurt, until the teacher stepped in to stop it.
困	我被困在電梯裡。	I'm stuck in the elevator.
困	大雪把車子困在山路上,救難人員花了兩個小時才把大家救出來。	Heavy snow stranded cars on the mountain road, and rescuers took two hours to get everyone out.
堆	桌上有一堆書。	There's a pile of books on the desk.
堆	陽台上堆了好多舊報紙,媽媽說該拿去回收了。	Lots of old newspapers are piled on the balcony, and Mom says it's time to recycle them.
增進	多運動可增進健康。	More exercise improves health.
增進	公司辦員工旅遊,希望能增進同事之間的感情。	The company organizes trips to strengthen relationships among coworkers.
外觀	這台手機外觀很時尚。	This phone looks stylish.
外觀	這棟大樓的外觀設計很特別,很多人都特地來拍照。	The exterior design of this building is unique, and many people come specially to take photos.
天上	天上有很多星星。	There are many stars in the sky.
天上	天上的雲越來越黑,看來馬上就要下大雨了。	The clouds in the sky are getting darker, so it looks like heavy rain is coming.
奪取	士兵奪取了據點。	The soldiers seized the stronghold.
奪取	兩隊都想奪取冠軍,比賽打到最後一秒才分出勝負。	Both teams wanted to take the championship, and the winner was only decided in the last second.
威力	這顆炸彈威力很大。	This bomb is very powerful.
威力	颱風的威力很驚人,風一吹就把路邊的招牌吹倒了。	The typhoon's force was astonishing; the wind knocked over the roadside signs.
學派	他屬於不同的學派。	He belongs to a different school of thought.
學派	不同學派對這個問題的看法很不一樣,所以學者們經常辯論。	Different schools of thought view this issue very differently, so scholars often debate.
官僚	這是官僚作風。	This is bureaucratic behavior.
官僚	辦一張證件要跑好幾個地方,大家都說這太官僚了。	Getting a single document means going to several places, and everyone says it's too bureaucratic.
審計	公司要接受審計。	The company must be audited.
審計	審計人員仔細檢查了每一筆帳,發現有幾筆金額不對。	The auditors carefully checked every account entry and found several incorrect amounts.
導向	以客戶為導向。	Customer-oriented.
導向	公司決定以客戶需求為導向,重新設計整個服務流程。	The company decided to be customer-needs oriented and redesign the whole service process.
尚書	古代的尚書是高級官員。	An ancient shangshu was a high official.
尚書	歷史課本裡說,尚書負責處理朝廷的政務,地位相當於現在的部長。	History textbooks say a shangshu handled court affairs, with a rank equal to today's minister.
巧克力	我喜歡吃巧克力。	I like eating chocolate.
巧克力	天氣太熱,巧克力在包包裡全部融化了,吃起來黏黏的。	The weather was so hot that the chocolate melted in my bag and became sticky.
常規	這是常規檢查。	This is a routine check.
常規	醫生說這只是常規檢查,結果沒有問題的話,一年後再來就好。	The doctor said it's just a routine check, and if the results are fine, come back in a year.
庇護	他得到了庇護。	He was given shelter.
庇護	教會提供庇護所,讓無家可歸的人在寒冷的夜晚有地方住。	The church provides a shelter so the homeless have a place to stay on cold nights.
弗	我想去美國的弗吉尼亞州。	I want to visit Virginia in the United States.
弗	他自嘆弗如,決定要更加努力地練習。	He admitted he was no match and resolved to practice even harder.
從沒	我從沒去過日本。	I've never been to Japan.
從沒	他從沒遲到過,所以今天沒到,大家都很擔心。	He's never been late, so everyone is worried that he hasn't shown up today.
思	讓我思考一下。	Let me think about it.
思	他沉思了很久,才開口說出自己的想法。	He pondered for a long time before voicing his thoughts.
意識形態	這是意識形態的問題。	This is a matter of ideology.
意識形態	兩黨的意識形態不同,所以在很多議題上吵個不停。	The two parties' ideologies differ, so they argue about many issues.
應有	每個人都有應有的權利。	Everyone has the rights they deserve.
應有	這家店的服務水準,已經達到客人應有的期待。	This shop's service has reached the level customers expect.
手下	老闆的手下很多。	The boss has many subordinates.
手下	他手下有十位員工,每個人的個性都不太一樣。	He has ten employees under him, and each has a different personality.
扭曲	樹枝被風吹得扭曲了。	The branch was twisted by the wind.
扭曲	有些新聞扭曲事實,讓人對事件產生錯誤的印象。	Some news distorts facts and leaves people with a false impression of events.
拘留	他被警察拘留了。	He was detained by the police.
拘留	嫌犯被拘留了二十四小時,警方還在繼續調查。	The suspect was held for twenty-four hours while police continue investigating.
挖掘	工人正在挖掘地基。	Workers are digging the foundation.
挖掘	這位導演善於挖掘小人物的故事,作品裡充滿了溫度。	This director is good at digging up stories of ordinary people, and his works are full of warmth.
掙	他努力掙錢養家。	He works hard to earn money to support his family.
掙	剛畢業的時候,我一個月掙不到三萬塊,過得很辛苦。	Just after graduating, I earned less than thirty thousand a month and lived hard.
搞笑	這部電影很搞笑。	This film is hilarious.
搞笑	他很會搞笑,每次聚會都把大家逗得哈哈大笑。	He's good at being funny and has everyone laughing at every gathering.
擁護	大家都擁護他。	Everyone supports him.
擁護	居民們擁護這個新計畫,因為它能改善社區的環境。	Residents back this new plan because it improves the neighborhood.
收取	店家會收取服務費。	The shop charges a service fee.
收取	停車場依時間收取費用,每小時三十元。	The parking lot charges by the hour, thirty dollars per hour.
政治家	他是一位政治家。	He is a statesman.
政治家	好的政治家不只要有能力,還要願意傾聽人民的聲音。	A good statesman needs not only ability but also willingness to listen to the people's voice.
文本	請看這份文本。	Please look at this text.
文本	老師要我們分析文本中的比喻,並寫出作者想表達的意思。	The teacher wants us to analyze the metaphors in the text and write what the author meant.
旨在	這項計畫旨在幫助年輕人。	This project aims to help young people.
旨在	這場活動旨在讓民眾了解環保的重要,現場有許多互動遊戲。	This event aims to help the public understand the importance of environmental protection, with many interactive games on site.
時時	他時時想著家人。	He constantly thinks of his family.
時時	做生意要時時注意客人的需求,才能把店經營得長久。	In business you must constantly pay attention to customers' needs to keep the shop going for the long term.
暴動	街上發生暴動。	A riot broke out on the street.
暴動	警方出動大批人員,終於在天亮前平息了這場暴動。	Police deployed large numbers of officers and finally put down the riot before dawn.
有害	吸菸對健康有害。	Smoking is harmful to health.
有害	有害物質如果流進河裡,會傷害水裡的魚和附近的居民。	If harmful substances flow into the river, they hurt the fish and nearby residents.
未知	結果還是未知的。	The result is still unknown.
未知	面對未知的未來,他選擇先把眼前的事情做好。	Facing an unknown future, he chose to first do well what lies ahead.
楚	我看不清楚。	I can't see clearly.
楚	他受傷後,每天都忍受著痛楚,但還是堅持上班。	After his injury, he endured pain every day yet still insisted on working.
模樣	她的模樣沒有變。	Her appearance hasn't changed.
模樣	十年後再見面,她還是那副可愛的模樣,讓我很驚訝。	Meeting again ten years later, she still looks cute, which surprised me.
歌唱	孩子們在歌唱。	The kids are singing.
歌唱	她從小就喜歡歌唱,現在是合唱團的主唱。	She has loved singing since she was little and is now the choir's lead singer.
歷經	他歷經許多困難。	He went through many hardships.
歷經	這座老廟歷經百年風雨,依然保存得很完整。	Having gone through a hundred years of weather, this old temple remains well preserved.
民營	這是民營公司。	This is a private company.
民營	這條高鐵是民營的,但是政府也持有一部分股份。	This high-speed rail is privately run, though the government holds some of the shares.
沉	石頭沉到水裡。	The stone sank into the water.
沉	他最近心情很沉重,回家後都不太想說話。	His mood has been heavy lately, and he doesn't want to talk when he gets home.
法定	法定假日要放假。	Statutory holidays are days off.
法定	根據法律,法定結婚年齡是十八歲,未滿十八歲需要父母同意。	By law, the legal age of marriage is eighteen, and under eighteen requires parental consent.
派對	明天有派對。	There's a party tomorrow.
派對	她在家裡辦了一場生日派對,邀請了十幾位朋友來玩遊戲。	She held a birthday party at home and invited a dozen friends to play games.
液體	這是一種液體。	This is a kind of liquid.
液體	水、牛奶和果汁都是液體,可以倒進杯子裡。	Water, milk and juice are all liquids and can be poured into cups.
溫	把湯溫一下。	Warm up the soup.
溫	今天的氣溫很溫和,出門只要穿一件薄外套就夠了。	Today's temperature is mild; a thin jacket is enough to go out.
漢字	我在學漢字。	I'm learning Chinese characters.
漢字	日本人的名字也用漢字寫,所以我有時看得懂一點。	Japanese names are also written in Chinese characters, so I can sometimes understand a little.
濟	他想經濟獨立。	He wants to be financially independent.
濟	大水過後,政府發放物資救濟受災的民眾。	After the flood, the government distributed supplies to relieve affected residents.
無意	我無意傷害你。	I have no intention of hurting you.
無意	我是無意間看到那封信的,不是故意要偷看。	I saw that letter by accident, not intentionally.
煤礦	這裡以前有煤礦。	There used to be a coal mine here.
煤礦	基隆附近曾經有很多煤礦,現在變成了觀光景點。	There used to be many coal mines near Keelung, which have now become tourist sites.
犯人	警察抓到犯人了。	The police caught the criminal.
犯人	犯人被帶上法庭,他低著頭,一句話也沒說。	The criminal was taken to court, head down, saying nothing.
珠寶	她喜歡珠寶。	She likes jewelry.
珠寶	櫥窗裡擺著各種珠寶,在燈光下閃閃發亮。	The window displays all kinds of jewelry that sparkles under the lights.
生病	我弟弟生病了。	My younger brother is sick.
生病	生病的時候要多休息、多喝水,不要硬撐著去上班。	When you're sick, rest more and drink more water; don't push yourself to work.
症	這是一種怪症。	This is a strange illness.
症	醫生說他的症狀是過敏,開了藥並提醒他要避免接觸花粉。	The doctor said his symptoms were allergies, prescribed medicine, and warned him to avoid pollen.
盯	他一直盯著我看。	He kept staring at me.
盯	媽媽盯著我寫功課,連我想偷看手機都被她發現了。	Mom watched me do homework closely, and even caught me trying to peek at my phone.
睡眠	睡眠很重要。	Sleep is important.
睡眠	長期睡眠不足會影響記憶力和心情,所以我晚上十一點就關燈。	Long-term lack of sleep affects memory and mood, so I turn the lights off at eleven.
研討會	我要參加研討會。	I'm going to a seminar.
研討會	這場研討會邀請了各領域的專家,討論人工智慧的未來。	This seminar invited experts from various fields to discuss the future of AI.
禮貌	他很有禮貌。	He is very polite.
禮貌	對長輩說話要有禮貌,這是爸媽從小就教我的。	You should speak politely to elders, which is what my parents taught me from a young age.
積	雨水積在路邊。	Rainwater has collected by the roadside.
積	他從小就一點一滴地積錢,現在終於買了第一台相機。	He saved up bit by bit since childhood and has finally bought his first camera.
簽約	明天要簽約。	We're signing the contract tomorrow.
簽約	兩家公司簽約之後,會正式展開長期合作。	After the two companies sign the contract, they'll formally begin long-term cooperation.
終極	這是終極目標。	This is the ultimate goal.
終極	這場比賽是今年的終極對決,全國的球迷都在電視機前守候。	This match is the year's ultimate showdown, with fans nationwide waiting before their TVs.
總共	總共多少錢?	How much is it altogether?
總共	我們總共有八個人,麻煩幫我們安排一張大桌子。	There are eight of us in total, so please give us a big table.
羊	山坡上有幾隻羊。	There are some sheep on the hillside.
羊	冬天冷的時候,我最愛吃一鍋熱騰騰的羊肉爐。	When it's cold in winter, I love a steaming pot of lamb hot pot most.
肥	這隻貓好肥。	This cat is so fat.
肥	農夫替田裡的菜施肥,希望今年的收成能更好。	The farmer fertilizes the vegetables in the field, hoping for a better harvest this year.
腳步	我聽到腳步聲。	I heard footsteps.
腳步	半夜樓上傳來急促的腳步聲,我被吵醒了好幾次。	Hurried footsteps came from upstairs at midnight and woke me up several times.
舌頭	我咬到舌頭了。	I bit my tongue.
舌頭	吃火鍋時太燙,他的舌頭被燙到,痛得說不出話來。	The hot pot was too hot, and he burned his tongue and couldn't speak from the pain.
茲	茲證明他是本校畢業生。	This is to certify that he is a graduate of our school.
茲	茲因公司搬遷,本店將暫停營業三天,造成不便,敬請見諒。	Due to the company's relocation, this shop will be closed for three days. We apologize for the inconvenience.
處分	他受到處分。	He was disciplined.
處分	學生作弊被發現,學校給予記過處分,並通知了家長。	The student was caught cheating, and the school issued a demerit and notified the parents.
蠻	這家店蠻好吃的。	This place is pretty good.
蠻	今天蠻冷的,出門最好多穿一點,我剛才差點就凍僵了。	It's quite cold today, so dress warmer; I nearly froze just now.
裁判	裁判吹了哨子。	The referee blew the whistle.
裁判	裁判看清楚了犯規動作,立刻判罰,球迷們紛紛抱怨。	The referee saw the foul clearly and penalized it immediately, and fans complained.
觀賞	我們去觀賞櫻花。	Let's go view the cherry blossoms.
觀賞	這種魚很適合觀賞,顏色鮮豔,養在客廳很漂亮。	This fish is great for viewing, brightly colored and pretty in the living room.
訴求	他們提出了訴求。	They made their demands.
訴求	抗議的民眾訴求很簡單,就是希望政府重視老人的照顧問題。	The protesters' demand is simple: they hope the government pays attention to elder care.
詳情	詳情請看網站。	See the website for details.
詳情	活動的詳情會在下週公布,請大家持續關注我們的官網。	Details of the event will be announced next week, so please keep following our official website.
調教	他在調教小狗。	He is training the puppy.
調教	這匹馬需要有經驗的人慢慢調教,才能順利參加比賽。	This horse needs an experienced person to train it gradually before it can race.
變量	這是一個變量。	This is a variable.
變量	程式裡的變量名字要取清楚,別人看了才容易懂。	Variable names in a program should be clear so others can understand easily.
賭博	賭博是不好的。	Gambling is bad.
賭博	賭博會讓人越陷越深,很多家庭因此欠了一大筆債。	Gambling pulls people deeper, and many families end up with big debts because of it.
起床	我七點起床。	I get up at seven.
起床	鬧鐘響了三次我才爬起床,結果差點趕不上第一班公車。	I only got out of bed after the alarm rang three times and nearly missed the first bus.
跪	他跪在地上。	He knelt on the ground.
跪	孩子在廟裡跪下來,雙手合十,誠心地許了一個願。	The child knelt in the temple, pressed his palms together and sincerely made a wish.
輝煌	這是輝煌的成就。	This is a glorious achievement.
輝煌	這座古城曾經有過輝煌的歷史,現在成了熱門的旅遊景點。	This ancient city once had a glorious history and is now a popular tourist spot.
迪	老師啟迪我們思考。	The teacher inspired us to think.
迪	這個週末我們想帶孩子去迪士尼玩,他一直吵著要去。	This weekend we want to take the kids to Disney, as they've been begging to go.
連鎖	這是連鎖店。	This is a chain store.
連鎖	連鎖早餐店的分店很多,走幾步路就可以看到一家。	Chain breakfast shops have many branches, one every few steps.
選區	他在這個選區參選。	He's running in this electoral district.
選區	選區劃分重新調整之後,有些里被分到了隔壁的區域。	After the electoral districts were redrawn, some neighborhoods were moved into the adjoining district.
郊區	我住在郊區。	I live in the suburbs.
郊區	郊區的空氣比市中心好,房租也便宜,所以很多人搬過去。	The air in the suburbs is better than downtown and the rent cheaper, so many people moved there.
金牌	他拿到了金牌。	He won a gold medal.
金牌	選手在奧運會上奪得金牌,回國時受到熱烈的歡迎。	The athlete won gold at the Olympics and received a warm welcome on returning home.
錫	這是用錫做的。	This is made of tin.
錫	包裝食物時,她習慣用錫箔紙把便當包起來保溫。	When packing food, she habitually wraps the lunch box in aluminum foil to keep it warm.
鑽石	她戴著鑽石戒指。	She wears a diamond ring.
鑽石	他用存了三年的錢買了一顆鑽石,準備向女朋友求婚。	He used three years of savings to buy a diamond to propose to his girlfriend.
開拓	他在開拓新市場。	He is opening up new markets.
開拓	為了開拓海外市場,公司派了幾位同事到東南亞出差。	To open up overseas markets, the company sent a few coworkers on a business trip to Southeast Asia.
附屬	這是附屬醫院。	This is an affiliated hospital.
附屬	這所國小是師範大學的附屬學校,常有實習老師來上課。	This elementary school is affiliated with the normal university, and student teachers often come to teach.
陰	今天天氣很陰。	It's overcast today.
陰	陰天的時候,人的心情也比較低落,我習慣開著燈看書。	On cloudy days people's mood dips too, so I like to read with the lights on.
隸屬	這個單位隸屬於教育部。	This unit comes under the Ministry of Education.
隸屬	這座博物館隸屬於市政府,免費開放給市民參觀。	This museum is subordinate to the city government and open to residents free of charge.
電報	爺爺年輕時發過電報。	Grandpa sent telegrams when he was young.
電報	以前沒有手機,有急事只能發電報,一個字就要付一次錢。	In the past, without mobile phones, urgent matters had to go by telegram, paid per word.
順便	順便買杯咖啡。	Pick up a coffee on the way.
順便	你去超商的話,可以順便幫我拿一下包裹嗎?	If you're going to the convenience store, could you pick up my package while you're at it?
飼養	他飼養了一隻鳥。	He keeps a bird.
飼養	在公寓裡飼養寵物,必須先確認管理規約是否允許。	Before keeping pets in an apartment, you must first check whether the building rules allow it.
高壓	電線是高壓的。	The power line is high voltage.
高壓	這條電線是高壓電,千萬不要碰。	This wire carries high voltage, so never touch it.
鮮明	這幅畫的顏色很鮮明。	The colors in this painting are vivid.
鮮明	這家店的風格非常鮮明,一走進去就能感受到老闆的品味。	This shop has a very distinct style, and you feel the owner's taste as soon as you step in.
鼻子	我的鼻子很癢。	My nose itches.
鼻子	感冒的時候鼻子一直塞住,晚上都睡不好。	When I have a cold my nose stays blocked and I can't sleep well at night.
上司	我的上司很嚴格。	My boss is very strict.
上司	他跟上司報告工作進度之後,才敢下班回家。	He only dared go home after reporting his work progress to his superior.
下達	長官已經下達命令。	The commander has issued the order.
下達	主管下達的指示很清楚,大家照著做就不會出錯。	The instructions the manager issued are clear; if everyone follows them, there won't be mistakes.
中旬	我六月中旬回來。	I'll be back in mid-June.
中旬	下個月中旬是繳稅的期限,請提早準備好資料。	Mid next month is the tax deadline, so please prepare your documents early.
二次	這是第二次。	This is the second time.
二次	第二次面試比第一次順利很多,我覺得有機會被錄取。	The second interview went much more smoothly than the first, and I think I have a chance of being hired.
以致	他太累,以致睡著了。	He was so tired that he fell asleep.
以致	他前一晚熬夜打電動,以致隔天上課整天都沒精神。	He stayed up late gaming the night before, with the result that he was listless all day in class.
來不及	快點,來不及了!	Hurry up, we're running out of time!
來不及	我睡過頭了,現在才起床,恐怕來不及吃早餐了。	I overslept and am only getting up now, so I'm afraid there's no time for breakfast.
促成	他促成了這件事。	He helped bring this about.
促成	多虧幾位朋友的幫忙,才促成了這次合作,大家都很高興。	It was thanks to some friends' help that this collaboration came about, and everyone is happy.
倫	這是倫理問題。	This is an ethics issue.
倫	週末全家人聚在一起吃飯聊天,就是我最喜歡的天倫之樂。	Having the whole family gather for dinner and chat on weekends is my favorite family happiness.
傾聽	請你傾聽我說。	Please listen to me carefully.
傾聽	好的朋友會安靜地傾聽,不會急著給建議。	A good friend listens quietly and doesn't rush to give advice.
克拉	這顆鑽石有一克拉。	This diamond is one carat.
克拉	她手上的戒指鑲著一顆兩克拉的寶石,在陽光下閃閃發光。	The ring on her hand is set with a two-carat gem that sparkles in the sunlight.
全球化	這是全球化的時代。	This is the age of globalization.
全球化	全球化讓人們可以輕鬆買到世界各地的商品,也讓競爭變得更激烈。	Globalization lets people easily buy goods from around the world and makes competition fiercer.
兵團	這支兵團駐守在邊界。	This corps is stationed at the border.
兵團	歷史書上寫著,那支兵團在戰爭中連續打了好幾場勝仗。	The history book says that corps won several battles in a row during the war.
出任	他出任公司總經理。	He took up the post of company general manager.
出任	她將於下個月出任新成立的文化局局長,負責推動地方藝文活動。	She will take the post of head of the newly established Culture Bureau next month, in charge of promoting local arts activities.
切斷	電線被切斷了。	The power line was cut.
切斷	施工時不小心切斷了水管,整條街都停水了。	A water pipe was accidentally cut during construction, and the whole street lost water.
削減	公司削減預算。	The company cut its budget.
削減	為了度過難關,公司決定削減開銷,從減少辦公室用品開始。	To get through hard times, the company decided to cut expenses, starting with office supplies.
動亂	國家陷入動亂。	The country fell into turmoil.
動亂	動亂結束之後,人們慢慢重建家園,生活才逐漸恢復正常。	After the unrest ended, people slowly rebuilt their homes and life gradually returned to normal.
十六	他十六歲了。	He's sixteen.
十六	十六號桌的客人要加點兩碗牛肉麵,麻煩幫我送過去。	Table sixteen wants two more bowls of beef noodles; please take them over.
卡片	我寫了一張卡片。	I wrote a card.
卡片	媽媽生日的時候,我在卡片裡寫了幾句感謝的話放進禮物盒。	For Mom's birthday I wrote a few words of thanks in a card and put it in the gift box.
反恐	政府加強反恐措施。	The government strengthens anti-terrorism measures.
反恐	機場為了反恐,對旅客的行李進行更嚴格的檢查。	For anti-terrorism, the airport inspects passengers' luggage more strictly.
可悲	這很可悲。	This is lamentable.
可悲	明明有能力卻不敢嘗試,真是可悲。	It's sad to have the ability but not dare to try.
名聲	他的名聲很好。	He has a good reputation.
名聲	這家小吃店靠著好口碑,名聲傳得很遠,連外縣市的人都特地來吃。	Through word of mouth, this snack shop's reputation spread far, even drawing people from other counties.
哭泣	孩子在哭泣。	The child is crying.
哭泣	電影演到最後,觀眾席傳來低低的哭泣聲,連我都紅了眼眶。	Near the end of the film, soft weeping rose from the audience, and even my eyes reddened.
嗚	他嗚嗚地哭了。	He sobbed.
嗚	小狗受傷了,躺在角落嗚嗚叫,看起來很可憐。	The puppy was hurt and lay whimpering in the corner, looking pitiful.
國度	這是一個美麗的國度。	This is a beautiful country.
國度	故事裡的國度有高高的城堡,居民們過著和平的生活。	In the story the kingdom has tall castles and its residents live in peace.
域	這是專業領域。	This is a professional field.
域	他在醫療領域工作了二十年,對這個行業非常熟悉。	He has worked in the medical field for twenty years and knows the industry well.
墓地	這是一座墓地。	This is a cemetery.
墓地	清明節的時候,全家人都會到墓地掃墓,帶著鮮花和水果。	At Tomb-Sweeping Day, the whole family goes to the cemetery with flowers and fruit.
外長	外長明天出訪。	The foreign minister travels abroad tomorrow.
外長	外長在記者會上表示,兩國將持續保持對話,共同處理爭議。	The foreign minister said at the press conference that the two countries will keep talking to resolve disputes together.
大爺	他在店裡擺出大爺的樣子。	He acts like a lord in the shop.
大爺	你以為你是大爺啊?吃完飯連碗都不收,還要別人伺候你。	Who do you think you are, a lord? You don't even clear your bowl and expect others to wait on you.
奉	謹奉上禮物。	Respectfully presenting this gift.
奉	她每天早上都會奉上一杯茶給神明,希望家人平安。	Every morning she offers a cup of tea to the gods, hoping her family stays safe.
好轉	病情有好轉。	The condition has improved.
好轉	天氣預報說明天會好轉,我們的露營計畫應該可以照常進行。	The forecast says it will improve tomorrow, so our camping plan should go ahead as usual.
嫌	他嫌麻煩。	He thinks it's a hassle.
嫌	弟弟總是嫌蔬菜不好吃,但為了健康,媽媽還是逼他吃一點。	My brother always complains vegetables taste bad, but for his health Mom makes him eat some.
官兵	官兵們正在訓練。	The officers and soldiers are training.
官兵	颱風過後,官兵們協助居民清理街道,獲得大家的感謝。	After the typhoon, officers and soldiers helped residents clear the streets and won everyone's thanks.
寧可	我寧可走路。	I'd rather walk.
寧可	他寧可多花一點錢,也要買品質比較好的鞋子。	He'd rather spend a bit more to buy better-quality shoes.
專政	這是專政制度。	This is a dictatorship.
專政	歷史上的專政政權,往往限制人民的言論自由。	Dictatorial regimes in history often restricted freedom of speech.
小朋友	小朋友在玩球。	The kids are playing ball.
小朋友	小朋友,過馬路要牽著媽媽的手,先看左邊,再看右邊喔。	Little one, hold Mom's hand when crossing the road, and look left, then right.
屎	小狗在地上拉屎。	The puppy pooped on the ground.
屎	帶狗出去散步,記得要撿狗屎,這是基本的公德心。	When walking your dog, remember to pick up dog poop; it's basic civic courtesy.
左邊	郵局在左邊。	The post office is on the left.
左邊	你站在我左邊,等一下拍照的時候,記得笑一笑。	Stand on my left, and remember to smile when we take the photo.
常態	這不是常態。	This is not the norm.
常態	最近物價上漲已經變成常態,大家買東西都變得更節省。	Rising prices have become the norm lately, and everyone is more frugal.
幼兒	幼兒需要人照顧。	Young children need care.
幼兒	這個社區有專門給幼兒玩的遊戲區,爸媽可以放心陪著孩子玩。	This neighborhood has a play area for toddlers, where parents can accompany them with peace of mind.
建制	這是政府的建制。	This is the government's organizational structure.
建制	公司剛成立的時候,建制還不完整,很多工作都由老闆自己做。	When the company was founded, the structure was incomplete and the boss did much of the work himself.
彩色	我想印彩色的。	I want to print in color.
彩色	小朋友拿著彩色筆,在白紙上畫出了一個彩色的太陽。	The child used colored pens to draw a multicolored sun on white paper.
從業	他從業十年了。	He's been in the trade ten years.
從業	從業人員必須定期接受健康檢查,以保障顧客的安全。	Practitioners must receive regular health checks to ensure customer safety.
忠實	狗是忠實的朋友。	Dogs are faithful friends.
忠實	這部電影忠實地呈現了原著小說的故事,書迷們都很滿意。	This film faithfully presents the original novel's story, and fans are satisfied.
恰當	這樣說不恰當。	It's not appropriate to put it that way.
恰當	在正式場合穿牛仔褲不太恰當,你還是換一件襯衫吧。	Wearing jeans at a formal occasion isn't appropriate; you'd better change into a shirt.
成年人	他是成年人了。	He's an adult now.
成年人	成年人要為自己的行為負責,不能再依賴父母。	Adults must take responsibility for their actions and can't depend on their parents anymore.
所知	據我所知,他已經搬家了。	As far as I know, he has moved.
所知	就我所知,這家餐廳的老闆是從南部上來的,所以菜很道地。	From what I know, the owner of this restaurant came up from the south, so the food is authentic.
投機	他們聊得很投機。	They had a congenial chat.
投機	有人靠投機賺了一大筆錢,但也有人因此賠光了家產。	Some made a fortune from speculation, while others lost everything.
按鈕	請按這個按鈕。	Please press this button.
按鈕	電梯裡的按鈕壞了,管理員正在處理,請先走樓梯。	The buttons in the elevator are broken and the manager is dealing with it, so please use the stairs.
接管	新老闆接管了公司。	The new boss took over the company.
接管	爸爸退休後,由我接管家裡的小店,現在每天早上都要去進貨。	After Dad retired I took over the family shop, and now I go to buy stock every morning.
揭示	這份報告揭示了問題。	This report reveals the problem.
揭示	研究結果揭示了睡眠不足與情緒之間的關係,引起不少討論。	The research reveals the link between lack of sleep and mood, sparking quite a lot of discussion.
摩擦	兩個東西互相摩擦。	The two things rub together.
摩擦	室友之間難免會有小摩擦,只要好好溝通就能解決。	Roommates inevitably have small frictions, which good communication can resolve.
改建	這棟樓要改建。	This building will be rebuilt.
改建	舊倉庫被改建成一間咖啡廳,保留了原來的紅磚牆。	The old warehouse was converted into a cafe, keeping its original red-brick walls.
散發	花散發著香氣。	The flowers give off a fragrance.
散發	街上有人在散發傳單,內容是新開張的餐廳優惠活動。	Someone is handing out flyers on the street about a new restaurant's promotion.
旅程	祝你旅程愉快!	Have a pleasant trip!
旅程	這趟環島旅程雖然辛苦,卻讓我看見了許多以前沒看過的風景。	This round-the-island journey was hard, yet it showed me much scenery I'd never seen.
春季	春季天氣多變。	The weather is changeable in spring.
春季	春季是賞花的好時節,陽明山的花季每年都吸引許多遊客。	Spring is a great season for flower viewing, and Yangmingshan's blossom season draws many visitors yearly.
曉得	我不曉得他在哪裡。	I don't know where he is.
曉得	你曉得這附近哪裡有賣好吃的豆花嗎?我朋友特地問我。	Do you know where around here sells good tofu pudding? My friend asked specially.
有種	有種你就來!	If you've got guts, come on!
有種	他有種站出來說真話,讓很多同事都很佩服。	He had the guts to stand up and tell the truth, which many coworkers admire.
本月	本月有三個連假。	There are three long weekends this month.
本月	本月底是繳交報告的最後期限,請大家務必注意。	The end of this month is the final deadline to hand in reports, so please take note.
核武器	核武器很危險。	Nuclear weapons are dangerous.
核武器	國際社會一直呼籲各國減少核武器,以維護世界和平。	The international community has long urged countries to reduce nuclear weapons to preserve peace.
概況	請介紹一下概況。	Please give an overview.
概況	簡報一開始,他先說明了公司的概況,再介紹新的產品。	At the start of the presentation he outlined the company's overview, then introduced the new product.
歌聲	她的歌聲很好聽。	Her singing voice is lovely.
歌聲	夜晚的街頭傳來歌聲,原來是一位街頭藝人在唱歌。	Singing drifted along the night street; it was a busker.
歸還	請歸還圖書。	Please return the books.
歸還	借的書一定要在期限內歸還,否則圖書館會罰款。	Borrowed books must be returned within the deadline or the library will fine you.
氏	王氏家族很大。	The Wang family is large.
氏	天氣預報說明天最高溫三十五度,是攝氏三十五度喔。	The forecast says tomorrow's high is 35 degrees, that's 35 Celsius.
永不	我永不放棄。	I will never give up.
永不	他在婚禮上承諾永不分離,兩個人的眼睛都紅了。	At the wedding he vowed never to part, and both of them teared up.
法則	這是自然法則。	This is a law of nature.
法則	物理課上,老師教我們牛頓的運動法則,並請我們做實驗。	In physics class the teacher taught us Newton's laws of motion and had us do experiments.
流氓	那個人是流氓。	That person is a hoodlum.
流氓	深夜裡有幾個流氓在巷口鬧事,鄰居趕緊報警處理。	Late at night some hoodlums caused trouble at the alley entrance, and neighbors quickly called the police.
淺	河水很淺。	The river is shallow.
淺	這種淺色的衣服很容易髒,所以洗的時候要特別小心。	Light-colored clothes get dirty easily, so be especially careful when washing them.
演繹	這個故事被演繹成電影。	The story was adapted into a movie.
演繹	這位歌手用自己的方式演繹這首老歌,聽起來特別有味道。	The singer interpreted this old song in her own way, which sounds especially full of flavor.
火焰	火焰很大。	The flames are big.
火焰	營火的火焰在夜裡跳動,大家圍坐在一起唱歌聊天。	The campfire flames danced in the night as everyone sat around singing and chatting.
無視	不能無視危險。	You can't ignore danger.
無視	他無視交通號誌闖紅燈,結果被警察攔下來開罰單。	He ignored the traffic signal and ran a red light, so the police stopped him and wrote a ticket.
物業	物業管理處在一樓。	The property management office is on the first floor.
物業	社區的物業人員每天巡邏,讓住戶們住得很安心。	The community's property staff patrol every day, so residents live with peace of mind.
獲利	公司今年獲利很好。	The company made good profits this year.
獲利	這家店獲利不多,但是老闆說只要客人開心就值得了。	This shop doesn't earn much, but the boss says it's worth it as long as customers are happy.
產地	這是哪裡的產地?	Where is the place of origin?
產地	買水果時我都會看標示的產地,台灣產的比較新鮮。	When buying fruit I check the labeled origin, and Taiwan-grown ones are fresher.
瘋子	他像個瘋子。	He acts like a madman.
瘋子	他半夜站在街上大喊大叫,路人以為他是瘋子,趕緊走開。	He stood on the street shouting at midnight, and passersby thought he was a lunatic and hurried away.
發電機	停電時用發電機。	Use a generator during power outages.
發電機	颱風來的時候,為了預防停電,店家準備了一台發電機。	When the typhoon came, the shop prepared a generator in case of a power outage.
盧	你不要一直盧我。	Stop nagging me.
盧	他盧了我一個晚上,我才答應陪他去逛街。	He pestered me all evening before I agreed to go shopping with him.
看似	看似簡單,其實不容易。	It looks simple but isn't easy.
看似	這家店看似普通,但是只要吃過一次,大家都會愛上。	This shop looks ordinary, but anyone who tries it once will love it.
社群	我有社群帳號。	I have a social media account.
社群	他經營一個攝影社群,成員常常在週末一起外拍。	He runs a photography community whose members often shoot together on weekends.
稱讚	老師稱讚我。	The teacher praised me.
稱讚	她得到主管的稱讚,開心得一整天都在笑。	She got praised by her manager and smiled happily all day.
童	孩童在玩耍。	Children are playing.
童	她的童年是在鄉下度過的,每天都和朋友在田裡玩。	She spent her childhood in the countryside, playing in the fields with friends every day.
節點	這是一個重要節點。	This is an important node.
節點	網路中任何一個節點出問題,都可能讓整個系統無法運作。	If any node in the network fails, the whole system may stop working.
紅包	我收到了紅包。	I received a red envelope.
紅包	過年時,長輩給小孩的紅包裡通常是壓歲錢,孩子們都很開心。	At New Year, the red envelopes elders give kids contain lucky money, and the children are delighted.
經紀	他是我的經紀人。	He is my agent.
經紀	經紀公司替藝人安排工作行程,也負責跟廠商談合約。	The talent agency arranges artists' work schedules and negotiates contracts with vendors.
繁殖	兔子繁殖得很快。	Rabbits breed quickly.
繁殖	春天是許多動物繁殖的季節,森林裡到處都是小動物。	Spring is the breeding season for many animals, and the forest is full of young creatures.
而後	先洗手,而後吃飯。	Wash your hands first, then eat.
而後	他先在國外念了兩年書,而後回到台灣開了自己的工作室。	He first studied abroad two years, then returned to Taiwan and opened his own studio.
肌膚	她的肌膚很白。	Her skin is very fair.
肌膚	冬天空氣乾燥,要多擦乳液,才能保護肌膚不乾裂。	In winter the air is dry, so apply more lotion to keep your skin from cracking.
至此	事情至此,我也沒有別的辦法了。	Things have come to this, and I have no other options.
至此	會議至此告一段落,謝謝大家今天的參與。	The meeting concludes here. Thank you all for participating today.
英尺	他身高六英尺。	He is six feet tall.
英尺	這架飛機正在三萬英尺的高空飛行,機長提醒乘客繫好安全帶。	This plane is cruising at thirty thousand feet, and the captain reminds passengers to fasten their seat belts.
薪水	我的薪水不高。	My salary isn't high.
薪水	每個月五號發薪水,我一領到就先拿一部分存起來。	Salary is paid on the fifth of every month, and I save part of it as soon as I get paid.
蛋白質	雞蛋有很多蛋白質。	Eggs have lots of protein.
蛋白質	健身的人需要攝取足夠的蛋白質,所以常常吃雞胸肉和豆腐。	People who work out need enough protein, so they often eat chicken breast and tofu.
行走	老人行走不方便。	The elderly find walking inconvenient.
行走	人行道上禁止騎車,行走的路人應該要受到保護。	Riding is banned on the sidewalk, since pedestrians should be protected.
見識	我想去見識一下。	I want to go see for myself.
見識	第一次去歐洲旅行,讓我見識到不同國家的生活方式。	My first trip to Europe showed me different countries' ways of life.
解析	老師解析了這道題。	The teacher analyzed this problem.
解析	這篇報導深入解析了房價上漲的原因,讀完之後很有收穫。	This report deeply analyzes why housing prices rose, and I gained a lot from reading it.
詮釋	他詮釋得很好。	He interpreted it very well.
詮釋	這位演員用自己的方式詮釋這個角色,讓觀眾印象深刻。	The actor interpreted the role in his own way, leaving a deep impression on the audience.
調控	政府在調控物價。	The government is regulating prices.
調控	冷氣系統會自動調控室內溫度,讓人在夏天也覺得舒服。	The air conditioning system automatically regulates indoor temperature, keeping people comfortable in summer.
議案	議案已經通過。	The motion has passed.
議案	這項議案在議會討論了三次,最後以多數贊成通過。	This motion was discussed three times in the council and finally passed by majority.
貨車	貨車停在路邊。	The truck is parked by the roadside.
貨車	一輛貨車載著蔬菜,每天清晨四點就開進市場。	A truck loaded with vegetables drives into the market at four every morning.
起草	他在起草文件。	He is drafting a document.
起草	律師花了一整個星期起草合約,再請雙方確認內容。	The lawyer spent a whole week drafting the contract and then had both sides confirm it.
輯	他在編輯文章。	He is editing an article.
輯	這張專輯收錄了十首新歌,發行第一天就賣出了幾千張。	This album includes ten new songs and sold thousands of copies on its first day.
逃脫	囚犯想逃脫。	The prisoner wanted to escape.
逃脫	他很幸運地從火場逃脫,只受了一點輕傷。	He luckily escaped from the fire with only a minor injury.
進軍	公司進軍國外市場。	The company is entering overseas markets.
進軍	這家台灣品牌計畫明年進軍日本,在東京開第一家分店。	This Taiwanese brand plans to enter Japan next year and open its first branch in Tokyo.
適宜	這裡適宜居住。	This place is suitable for living.
適宜	這種水果適宜在溫暖的地方生長,所以南部的產量比較多。	This fruit suits warm places, so the south has higher output.
鄰	他是我的鄰居。	He is my neighbor.
鄰	我們兩家是鄰居,從小就一起玩,關係跟親人一樣。	Our two families are neighbors and have played together since we were small, as close as relatives.
重返	她想重返校園。	She wants to return to school.
重返	受傷休息了半年後,他終於重返球場,讓球迷們非常期待。	After half a year's rest from injury, he finally returned to the court, which fans eagerly awaited.
錦	他送來一面錦旗。	He sent a commemorative banner.
錦	希望你的新事業錦上添花,越來越順利。	I hope your new business gets better and better.
阻擋	不要阻擋我。	Don't block me.
阻擋	大樹倒下來阻擋了道路,救護車只好繞路去醫院。	A fallen tree blocked the road, and the ambulance had to detour to the hospital.
集中營	這裡有一座集中營。	There's a concentration camp here.
集中營	博物館保留了集中營的遺跡,提醒人們不要忘記那段歷史。	The museum preserves traces of the concentration camp to remind people not to forget that history.
難受	我肚子很難受。	My stomach feels awful.
難受	看到他一個人坐在那裡哭,我心裡也覺得很難受。	Seeing him sit there crying alone made me feel terrible too.
電車	我們坐電車去。	We'll go by tram.
電車	在東京搭電車很方便,但是上下班時間人多得誇張。	Taking the train in Tokyo is convenient, but at rush hour it's absurdly crowded.
預約	我已經預約了。	I've already made a reservation.
預約	這家牙醫要先預約,最快也要等到下週三才有空位。	This dentist requires appointments, and the earliest slot is next Wednesday.
首屆	這是首屆比賽。	This is the first competition.
首屆	首屆文化節在市立公園舉行,吸引了上千位民眾參加。	The first culture festival was held at the city park and drew thousands of people.
骨	魚骨很多刺。	Fish bones have many spines.
骨	他跌倒的時候摔傷了骨頭,醫生說要休息六個星期。	He fell and hurt his bone, and the doctor said to rest for six weeks.
鯊魚	海裡有鯊魚。	There are sharks in the sea.
鯊魚	水族館裡的鯊魚游得很快,小朋友們都貼在玻璃前看。	The sharks in the aquarium swim fast, and the kids press against the glass to watch.
一旁	他站在一旁看。	He stood aside and watched.
一旁	小孩在一旁安靜地玩積木,不想打擾大人們聊天。	The child quietly played with blocks to the side, not wanting to disturb the adults chatting.
三條	我拿到三條。	I got three of a kind.
三條	他打牌時手氣很好,連續拿到三條,贏了不少錢。	He had great luck at cards, getting three of a kind in a row and winning quite a lot.
上門	客人上門了。	A customer has dropped in.
上門	最近生意不好,很少有客人上門,老闆只好搞促銷。	Business is slow lately and few customers come in, so the boss has to run promotions.
下旬	下旬我有空。	I'm free in the last third of the month.
下旬	畢業典禮訂在六月下旬,請大家提前安排好時間。	The graduation ceremony is scheduled for late June, so please arrange your time ahead.
不容	規定不容破壞。	Rules must not be broken.
不容	食品安全不容馬虎,每一個環節都必須嚴格檢查。	Food safety cannot be taken lightly, and every step must be strictly checked.
中將	他是一位中將。	He is a lieutenant general.
中將	那位中將退休後,把時間都用在寫回憶錄和照顧孫子上。	After retiring, that lieutenant general spends his time on writing memoirs and caring for his grandchildren.
乎	他在乎你。	He cares about you.
乎	事情的結果似乎不太理想,不過我們也已經盡力了。	The outcome seems not so ideal, but we've done our best.
互助	鄰居之間要互助。	Neighbors should help each other.
互助	社區成立了互助會,鄰居們有困難時都會互相幫忙。	The community formed a mutual aid group, and neighbors help each other in times of trouble.
人口普查	政府正在做人口普查。	The government is conducting a census.
人口普查	人口普查的資料可以幫助政府規劃學校、醫院和交通設施。	Census data helps the government plan schools, hospitals and transportation facilities.
但願	但願一切順利。	I hope everything goes well.
但願	但願明天天氣好,這樣我們就可以如期去野餐了。	I wish the weather is nice tomorrow so we can go on our picnic as planned.
住所	請寫下你的住所。	Please write your residence.
住所	搬了新住所之後,別忘了到戶政事務所辦理地址變更。	After moving to a new residence, don't forget to update your address at the household registration office.
依次	請依次排隊。	Please line up in order.
依次	學生依次走上台,從校長手中領取畢業證書。	The students went up on stage in turn to receive their diplomas from the principal.
保住	我想保住這份工作。	I want to keep this job.
保住	醫生努力了好幾個小時,終於保住了病人的生命。	The doctors worked for hours and finally saved the patient's life.
信託	他把錢交給信託公司。	He entrusted his money to a trust company.
信託	爺爺設立了信託,把財產留給孫子,等他們長大後才可以動用。	Grandpa set up a trust to leave property to his grandchildren, who can use it only when grown.
借貸	他向銀行借貸。	He borrowed from the bank.
借貸	年輕人買房子常常要向銀行借貸,每個月都要還一筆錢。	Young people buying houses often borrow from banks and repay a sum every month.
偽裝	他偽裝睡著了。	He pretended to be asleep.
偽裝	變色龍會偽裝成樹葉的顏色,這樣就不容易被敵人發現。	Chameleons disguise themselves in the color of leaves so enemies cannot easily spot them.
僱用	公司僱用了新員工。	The company hired new employees.
僱用	這家餐廳僱用了幾位兼職的學生,在週末幫忙招呼客人。	This restaurant hired some part-time students to help serve customers on weekends.
光芒	太陽發出光芒。	The sun gives off rays.
光芒	月亮的光芒照在湖面上,一切都顯得非常寧靜。	The moon's radiance shone on the lake, making everything very peaceful.
全場	全場都在鼓掌。	The entire audience is applauding.
全場	歌手一開口,全場觀眾都安靜下來,專心聽他唱歌。	As the singer began, the whole audience quieted down and listened.
公職	他想考公職。	He wants to take the civil service exam.
公職	考上公職之後,工作比較穩定,所以很多年輕人都想考。	After passing the civil service exam the job is stable, so many young people want to take it.
冰淇淋	我要吃冰淇淋。	I want to eat ice cream.
冰淇淋	夏天走在街上,看到冰淇淋店就忍不住進去買一球。	Walking in summer, I can't help going into an ice cream shop to buy a scoop.
分工	大家要分工合作。	Everyone should divide the work and cooperate.
分工	我們分工很清楚,她負責買菜,我負責做菜,他負責洗碗。	Our division of labor is clear: she buys groceries, I cook, and he washes the dishes.
刻意	他刻意不說話。	He deliberately kept quiet.
刻意	她刻意早一點出門,避開上班時間的人潮。	She deliberately left home earlier to avoid the rush-hour crowds.
加熱	請把湯加熱。	Please heat the soup.
加熱	超商的微波爐可以幫你把便當加熱,三分鐘就好。	The convenience store microwave can heat your lunch box in three minutes.
勞動者	勞動者要有休息時間。	Workers should have rest time.
勞動者	勞動節那天,許多勞動者上街,要求更好的工作條件。	On Labor Day many workers took to the streets to demand better working conditions.
化石	這是一塊化石。	This is a fossil.
化石	博物館展出了一具恐龍化石,吸引了很多小朋友來看。	The museum displays a dinosaur fossil, attracting many children.
協	請你協助我。	Please assist me.
協	多虧鄰居的協助,我才能這麼快就搬完家。	Thanks to the neighbor's help, I was able to finish moving so quickly.
反之	努力就會進步,反之就會落後。	Work hard and you'll improve; otherwise you'll fall behind.
反之	多吃蔬菜對身體好,反之,常吃油炸食物就容易發胖。	Eating vegetables is good for you; conversely, eating lots of fried food makes you gain weight.
取決	這取決於你。	This depends on you.
取決	去不去野餐取決於明天的天氣,如果下雨我們就改天。	Whether we go for the picnic depends on tomorrow's weather; if it rains we'll go another day.
可惡	這個人真可惡!	This guy is so hateful!
可惡	可惡的小偷又把我的腳踏車偷走了,我氣得說不出話。	That detestable thief stole my bike again, and I was too angry to speak.
合力	大家合力搬桌子。	Everyone worked together to move the table.
合力	鄰居們合力把倒下的樹搬開,讓救護車順利通過。	The neighbors joined forces to move the fallen tree so the ambulance could pass.
否決	提案被否決了。	The proposal was rejected.
否決	議會以多數票否決了預算案,政府必須重新提出。	The council voted down the budget by majority, and the government must resubmit it.
呵	他呵呵地笑著。	He chuckled.
呵	媽媽呵護著剛出生的小寶寶,連一點小聲音都怕吵醒他。	Mom cherishes the newborn baby, afraid even small noises would wake him.
唄	僧人在大殿裡唱誦梵唄。	The monks chant Buddhist hymns in the main hall.
單詞	我在背英文單詞。	I'm memorizing English vocabulary.
單詞	每天背二十個單詞,一年之後英文程度會進步很多。	Memorize twenty words a day and your English will improve a lot in a year.
因應	我們要因應變化。	We must adapt to the changes.
因應	為了因應天氣變熱,公司決定提早一小時下班,讓員工避開高溫。	To cope with the hot weather, the company decided to finish an hour early so employees avoid the heat.
圍牆	院子有一道圍牆。	The yard has a wall around it.
圍牆	鄰居的圍牆上爬滿了藤蔓,春天時開滿了小花。	The neighbor's wall is covered with vines that bloom with little flowers in spring.
地盤	這是他的地盤。	This is his turf.
地盤	兩隻貓為了爭地盤打了起來,在院子裡叫了一整晚。	Two cats fought over territory and yowled in the yard all night.
執導	他執導了這部電影。	He directed this film.
執導	這位導演第一次執導電視劇,就獲得了不少好評。	The director got plenty of praise for directing a TV drama for the first time.
填寫	請填寫這張表。	Please fill out this form.
填寫	申請悠遊卡的時候,要填寫個人資料並出示身分證。	When applying for an EasyCard, you fill in personal information and show your ID.
多多	請多多指教。	Please give me your guidance.
多多	新來的同事說:「請大家多多幫忙,我還有很多不懂的地方。」	The new coworker said: "Please help me out, there's a lot I still don't understand."
大屠殺	歷史書提到大屠殺。	The history book mentions the massacre.
大屠殺	這部紀錄片講述了大屠殺倖存者的故事,看完讓人心情沉重。	This documentary tells the story of massacre survivors and leaves viewers heavy-hearted.
天真	孩子的笑容很天真。	The child's smile is innocent.
天真	你不要太天真了,天下沒有白吃的午餐。	Don't be too naive; there's no such thing as a free lunch.
奏	樂團開始演奏。	The band began to play.
奏	樂手們合奏了一首輕快的曲子,現場的氣氛一下子熱了起來。	The musicians performed a lively piece together, and the atmosphere warmed up instantly.
奴役	不能奴役別人。	You must not enslave others.
奴役	歷史上許多人被奴役,失去了自由,也失去了做人的尊嚴。	In history many were enslaved, losing freedom and dignity.
妮	她的小名叫妮妮。	Her nickname is Nini.
嫌疑人	警察抓到了嫌疑人。	The police caught the suspect.
嫌疑人	警方公布了嫌疑人的畫像,呼籲民眾提供線索。	Police released a sketch of the suspect and urged the public to provide leads.
學士	他有學士學位。	He holds a bachelor's degree.
學士	她大學畢業拿到學士學位後,繼續到國外念碩士。	After earning her bachelor's degree, she continued to a master's abroad.
定向	這是定向越野。	This is orienteering.
定向	學校舉辦定向越野活動,學生要靠地圖和指南針找出隱藏的點。	The school held an orienteering event where students use a map and compass to find hidden points.
客服	我打電話給客服。	I phoned customer service.
客服	客服人員耐心地聽完我的問題,二十分鐘就幫我處理好了。	The customer service rep listened patiently to my problem and resolved it in twenty minutes.
實事求是	做研究要實事求是。	Research must be based on facts.
實事求是	他做事一向實事求是,從來不隨便誇大或隱瞞。	He's always practical and truth-seeking, never exaggerating or hiding things.
專心	上課要專心。	Pay attention in class.
專心	你專心一點,先把這份報告寫完,其他事情晚一點再說。	Concentrate, finish this report first, and deal with other things later.
少婦	那位少婦抱著孩子。	That young woman is holding a child.
少婦	一位少婦牽著小孩,站在公車站牌下等車。	A young mother holding a child's hand stood waiting at the bus stop.
岩	這裡有一塊大岩石。	There's a big rock here.
岩	海邊的岩石被浪花拍打著,我們站在岩壁旁邊拍了很多照片。	Waves beat against the seaside rocks, and we took many photos beside the rock wall.
已知	這是已知的事。	This is a known fact.
已知	根據已知的資料,這種病毒主要透過空氣傳播。	According to known data, this virus mainly spreads through the air.
幹活	他在工地幹活。	He works at the construction site.
幹活	大家一起幹活很快就做完了,做完還可以一起去吃飯。	We finished fast working together, and could then go eat.
廚師	他是廚師。	He is a chef.
廚師	那位廚師從十五歲開始學做菜,現在已經有三十年的經驗。	That chef started learning to cook at fifteen and now has thirty years of experience.
弦	吉他斷了一根弦。	A guitar string broke.
弦	她拉著小提琴的弦,悠揚的琴聲讓人心情平靜。	She draws the violin strings, and the melodious music calms the mind.
役	他服役兩年。	He did two years of military service.
役	台灣的男生年滿十八歲,要接受兵役檢查,並依規定服役。	Taiwanese males aged eighteen undergo a military service check and serve as required.
復合	他們復合了。	They got back together.
復合	分手半年後,兩個人因為一次偶然的機會復合了。	Half a year after breaking up, the two got back together by chance.
忠	他對朋友很忠。	He's very loyal to his friends.
忠	這隻狗對主人很忠心,每天都在門口等他回家。	This dog is very loyal to its master and waits at the door for him every day.
恤	他穿著T恤。	He is wearing a T-shirt.
恤	政府發放撫恤金,照顧受災家庭,幫助他們度過難關。	The government gave solatium payments to take care of affected families and help them through hardship.
感嘆	他感嘆時間過得真快。	He sighed at how quickly time passes.
感嘆	看到老家變成一棟棟大樓,爺爺感嘆地說:「變化真大啊。」	Seeing his hometown turned into tall buildings, Grandpa sighed, "So much has changed."
戀人	他們是一對戀人。	They are a pair of lovers.
戀人	河邊有許多戀人手牽著手散步,夕陽把兩個人的影子拉得很長。	Many couples stroll hand in hand by the river, the sunset stretching their shadows long.
戶外	我們去戶外活動。	We're going to do outdoor activities.
戶外	戶外的氣溫很低,出門前記得多穿一點衣服。	It's very cold outdoors, so remember to dress warmer before going out.
打仗	他們在打仗。	They're at war.
打仗	爺爺小時候經歷過打仗,所以他特別珍惜現在的和平生活。	Grandpa lived through a war as a child, so he cherishes today's peace.
抄	我抄筆記。	I copy the notes.
抄	考試的時候絕對不可以抄別人的答案,被發現會被記過。	You must never copy others' answers in exams, and if caught you get a demerit.
抽菸	這裡禁止抽菸。	Smoking is prohibited here.
抽菸	爸爸為了健康戒了抽菸,現在每天早上都去公園散步。	For his health Dad quit smoking and now walks in the park every morning.
拳	他打了一拳。	He threw a punch.
拳	爺爺每天早上在公園打太極拳,動作又慢又穩。	Grandpa does tai chi in the park every morning with slow, steady movements.
捏	媽媽捏了一個飯糰。	Mom shaped a rice ball.
捏	他用手指捏了一下我的臉,說我最近變胖了。	He pinched my cheek with his fingers and said I've gotten chubby.
排行	他在家排行老二。	He is the second child in the family.
排行	這首歌在排行榜上連續三週拿到第一名,大街小巷都在放。	This song has stayed at number one on the chart for three weeks and plays everywhere.
掩護	警察掩護民眾撤離。	Police covered people's evacuation.
掩護	夜色掩護了他們的行動,守衛一直沒有發現有人潛入。	The night covered their movements, and the guards never noticed anyone slipping in.
揮舞	他揮舞著旗子。	He is waving a flag.
揮舞	球迷們在看台上揮舞著手中的旗幟,大聲為球隊加油。	Fans on the stands waved their flags and cheered loudly for the team.
摘	我們去摘蘋果。	Let's go pick apples.
摘	進門前請摘下帽子和口罩,並接受額溫測量。	Please take off your hat and mask before entering and have your forehead temperature taken.
擔負	他擔負起責任。	He shouldered responsibility.
擔負	爸爸一個人擔負全家的生活開銷,所以每天都工作到很晚。	Dad alone bears the family's living costs, so he works late every day.
收看	歡迎收看新聞。	Welcome to the news.
收看	感謝大家收看本節目,我們下週同一時間再見。	Thank you for watching our program, and we'll see you at the same time next week.
政局	政局很穩定。	The political situation is stable.
政局	選舉結束後,政局逐漸穩定,民眾也鬆了一口氣。	After the election the political situation gradually stabilized, and people breathed a sigh of relief.
敬	我敬你一杯。	I'll toast you.
敬	學生要尊敬老師,老師也應該愛護學生,這樣才有好關係。	Students should respect teachers and teachers should care for students, for a good relationship.
文集	他出版了一本文集。	He published a collection of writings.
文集	這本文集收錄了作者三十年來寫的文章,從年輕寫到老。	This anthology collects the author's writings over thirty years, from youth to old age.
日漸	天氣日漸變冷。	The weather is getting colder day by day.
日漸	隨著年齡增長,爺爺的記憶力日漸變差,常常忘記東西放在哪裡。	As he ages, Grandpa's memory worsens day by day, often forgetting where things are.
晚期	他是癌症晚期。	He has end-stage cancer.
晚期	這位畫家的晚期作品風格很不一樣,色彩比早期鮮豔很多。	This painter's late works have a very different style, with much brighter colors than earlier ones.
最先	最先到的人可以選座位。	The first to arrive can choose seats.
最先	他最先發現問題,馬上通知了大家,避免了更大的損失。	He was the first to notice the problem and informed everyone at once, avoiding bigger losses.
有望	我們有望贏。	We have a chance of winning.
有望	這支球隊今年表現亮眼,有望拿下聯賽冠軍。	This team has performed brilliantly this year and is on course for the league title.
杆	旗杆很高。	The flagpole is tall.
杆	橋上的欄杆是新油漆的,請小朋友不要靠上去。	The railing on the bridge is freshly painted, so please keep children from leaning on it.
桑	院子裡有一棵桑樹。	There's a mulberry tree in the yard.
桑	農民把桑葉摘下來餵蠶,蠶寶寶長得又白又胖。	The farmer picks mulberry leaves to feed silkworms, which grow white and plump.
極力	他極力反對。	He strongly opposed.
極力	老師極力推薦這本書,說對於學習歷史很有幫助。	The teacher strongly recommended this book, saying it helps in studying history.
樂意	我很樂意幫忙。	I'm happy to help.
樂意	只要你需要,我隨時樂意陪你去醫院做檢查。	As long as you need me, I'm glad to accompany you to the hospital for checkups.
機能	手機有很多機能。	The phone has many functions.
機能	這個社區生活機能很好,走幾步路就有超市和診所。	This neighborhood has convenient amenities, with supermarkets and clinics a few steps away.
櫻花	春天有櫻花。	There are cherry blossoms in spring.
櫻花	陽明山的櫻花開了,週末有很多人去拍照賞花。	The cherry blossoms are out on Yangmingshan, and on weekends many go photograph and view them.
歷來	歷來如此。	It's always been so.
歷來	這個地區歷來颱風很多,所以居民都很有防颱經驗。	This area has always had many typhoons, so residents have plenty of typhoon-proofing experience.
毒藥	這是毒藥。	This is poison.
毒藥	故事裡的壞皇后給公主吃了一顆毒藥蘋果,大家都很害怕。	In the story the wicked queen gave the princess a poisoned apple, and everyone was terrified.
水源	這裡的水源很乾淨。	The water source here is clean.
水源	為了保護水源,政府禁止在水庫附近蓋工廠。	To protect water sources, the government bans building factories near the reservoir.
沾	別沾到水。	Don't get it wet.
沾	我喜歡把炸雞沾胡椒鹽吃,不過媽媽喜歡沾甜辣醬。	I like dipping fried chicken in pepper salt, but Mom likes sweet chili sauce.
洋	他想去海洋玩。	He wants to go play in the ocean.
洋	阿嬤說這種洋芋片太油了,不要吃太多,對身體不好。	Grandma says these potato chips are too oily and shouldn't be eaten much.
消極	他態度很消極。	His attitude is very passive.
消極	遇到困難不要消極,試著找朋友聊聊,也許會有新的想法。	Don't be negative when you meet difficulties; try talking to friends, who may offer new ideas.
混淆	不要混淆這兩個字。	Don't confuse these two characters.
混淆	這兩個詞的發音很像,學生常常混淆,老師得一再提醒。	These two words sound alike and students often mix them up, so the teacher keeps reminding them.
湧	淚水湧出來。	Tears welled up.
湧	週末一到,大批遊客湧進老街,街上擠得水洩不通。	On weekends great crowds of tourists surge into the old street, packing it solid.
漫畫家	他是漫畫家。	He is a manga artist.
漫畫家	這位漫畫家畫了十年,作品被翻譯成好幾種語言。	This cartoonist has drawn for ten years and his works have been translated into several languages.
灌溉	農民在灌溉稻田。	Farmers are irrigating the rice paddies.
灌溉	久旱不雨,水庫的水位下降,灌溉用水變得很緊張。	With a long drought the reservoir level dropped, and irrigation water is in short supply.
無非	他無非是想賺錢。	He's just trying to earn money.
無非	她這麼做無非是想引起大家的注意,並沒有惡意。	She did it merely to get everyone's attention, with no ill intent.
燙	湯很燙。	The soup is very hot.
燙	小心,鍋子剛煮完很燙,別直接用手去拿喔。	Careful, the pot is hot from just cooking, so don't grab it with bare hands.
牢	他被關進牢裡。	He was put in prison.
牢	這扇門鎖得很牢,外面的人進不來,裡面的人也出不去。	This door is locked tight; people outside can't get in, nor can those inside get out.
猛烈	風雨很猛烈。	The wind and rain are fierce.
猛烈	颱風帶來猛烈的風雨,不少樹木被連根拔起。	The typhoon brought fierce wind and rain, uprooting many trees.
珍珠	我喜歡珍珠奶茶。	I like bubble tea.
珍珠	她戴著一條珍珠項鍊,是外婆送給她的畢業禮物。	She wears a pearl necklace, a graduation gift from her grandma.
生日快樂	生日快樂!	Happy birthday!
生日快樂	大家一起唱生日快樂歌,然後看著壽星吹熄蠟燭許願。	Everyone sang Happy Birthday together and watched the birthday person blow out candles and wish.
町	我們去西門町。	We're going to Ximending.
町	週末的西門町擠滿了年輕人,到處都是電影院和小吃店。	On weekends Ximending is packed with young people, and cinemas and snack shops are everywhere.
發售	新手機明天發售。	The new phone goes on sale tomorrow.
發售	這款遊戲預計下個月發售,很多玩家已經提前預訂了。	This game is scheduled for release next month, and many players have pre-ordered.
盒	我買了一盒餅乾。	I bought a box of cookies.
盒	這個禮盒裡有六塊鳳梨酥,包裝很漂亮,適合送人。	This gift box has six pineapple cakes in nice packaging, good for giving.
相差	我們相差三歲。	We differ by three years.
相差	這兩家店的價格只相差十塊錢,所以我選離家近的那一家。	The two shops' prices differ by only ten dollars, so I chose the one near home.
瞞	別瞞我。	Don't hide it from me.
瞞	他把生病的事瞞著家人,直到不舒服得受不了才說出來。	He hid his illness from his family until he couldn't bear it and told them.
確診	他確診了。	He was confirmed positive.
確診	醫院昨天確診了三個病例,所有接觸者都要居家隔離。	The hospital confirmed three cases yesterday, and all contacts must self-isolate at home.
神仙	傳說中有神仙。	Legend says there are immortals.
神仙	廟裡供奉的神仙很多,每年都吸引不少信徒來上香祈福。	The temple enshrines many deities, drawing believers to burn incense and pray each year.
私下	我私下跟他說。	I'll tell him privately.
私下	有什麼意見可以私下跟我說,不用在大家面前提出來。	If you have any opinions, tell me privately, no need to raise them in front of everyone.
空前	人數空前多。	The turnout is unprecedented.
空前	這場演唱會的熱烈程度空前,門票一小時內就被搶購一空。	The enthusiasm for this concert was unprecedented, with tickets sold out within an hour.
竹	院子裡種了一些竹子。	There is some bamboo planted in the yard.
竹	老師傅用竹編了一個籃子,手藝非常細緻,許多人都想買。	The old craftsman wove a basket from bamboo with delicate skill, and many want to buy it.
築	鳥在築巢。	The bird is building a nest.
築	工人正在築一道堤防,以防止下次大雨時河水氾濫。	Workers are building an embankment to stop the river flooding in the next heavy rain.
精緻	這個蛋糕很精緻。	This cake is exquisite.
精緻	這家餐廳的餐點擺盤很精緻,吃起來也不輸外表。	The dishes at this restaurant are plated exquisitely and taste just as good as they look.
細緻	她做事很細緻。	She works meticulously.
細緻	這件衣服的繡工非常細緻,一針一線都看得出師傅的用心。	The embroidery on this garment is very delicate, and you can see the craftsman's care in each stitch.
經貿	兩國經貿關係很密切。	The two countries' economic and trade ties are close.
經貿	這場經貿論壇邀請了多位企業代表,討論未來合作的機會。	The economic and trade forum invited many business representatives to discuss future cooperation.
編譯	他在編譯新書。	He is translating and editing a new book.
編譯	出版社正在編譯一本國外的童書,預計明年出版。	The publisher is translating and editing a foreign children's book, to be published next year.
總統府	總統府在台北。	The Presidential Office is in Taipei.
總統府	週末總統府前面常有表演活動,遊客也可以進去參觀。	On weekends there are often performances before the Presidential Office, and tourists can go in to visit.
置於	請置於冰箱中。	Please put it in the fridge.
置於	本產品開封後須置於冷藏,並在三天內食用完畢。	After opening, this product must be refrigerated and eaten within three days.
老年	老年人要多運動。	Elderly people should exercise more.
老年	外公進入老年之後,每天早上都去公園跟朋友下棋。	After entering old age, Grandpa plays chess with friends at the park every morning.
聖母	教堂裡有聖母像。	There's a statue of the Virgin Mary in the church.
聖母	巴黎聖母院的火災,讓全世界的人都覺得很可惜。	The fire at Notre-Dame de Paris saddened people around the world.
胡說八道	別胡說八道!	Stop talking nonsense!
胡說八道	他根本沒去過那裡,卻在那邊胡說八道,大家都不相信他。	He's never been there but talks nonsense about it, and nobody believes him.
自學	他靠自學學會了日文。	He taught himself Japanese.
自學	很多人透過網路影片自學吉他,只要每天練習就會進步。	Many people teach themselves guitar from online videos and improve with daily practice.
舊址	這是學校舊址。	This is the school's old site.
舊址	這間咖啡廳在老郵局的舊址,保留了一些古老的磚牆。	This cafe is on the old post office site and kept some of its ancient brick walls.
茨	我去過日本茨城縣。	I've been to Ibaraki Prefecture in Japan.
著想	你要為別人著想。	You should consider others.
著想	她處處為家人著想,自己卻很少買新衣服。	She considers her family in everything but rarely buys new clothes for herself.
蛋白	我只吃蛋白。	I only eat egg whites.
蛋白	做蛋糕的時候要把蛋白和蛋黃分開,蛋白打到起泡才可以加糖。	When making cake, separate the whites from the yolks, and whip the whites until frothy before adding sugar.
衰退	經濟正在衰退。	The economy is declining.
衰退	年紀大了,他的視力和記憶力都慢慢衰退,但他仍然很樂觀。	With age his eyesight and memory slowly decline, but he stays optimistic.
複合	這是複合詞。	This is a compound word.
複合	這種複合材料又輕又堅固,常用在腳踏車和運動器材上。	This composite material is light and sturdy, often used in bikes and sports equipment.
解剖	醫學生要學解剖。	Medical students learn anatomy.
解剖	生物課上,老師帶我們解剖青蛙,同學們都嚇得不敢看。	In biology class the teacher had us dissect a frog, and the students were too scared to look.
訓	老師在訓學生。	The teacher is lecturing the student.
訓	新進員工必須接受三天的職前訓練,才能正式上班。	New employees must take three days of pre-job training before starting officially.
誇	大家都誇他聰明。	Everyone praises him as smart.
誇	你別誇我了,我只是運氣好而已,真的沒有那麼厲害啦。	Stop praising me. I was just lucky, really not that good.
證詞	他提供了證詞。	He gave testimony.
證詞	證人的證詞和監視器畫面不一致,法官決定再次調查。	The witness's testimony didn't match the surveillance footage, so the judge decided to investigate again.
讓步	雙方都不肯讓步。	Neither side would give way.
讓步	談判了很久,店家終於讓步,同意把價格降到八折。	After long negotiations the shop finally conceded and agreed to take 20 percent off.
貫穿	這條路貫穿全市。	This road runs through the whole city.
貫穿	整本小說都貫穿著一個主題,就是家人之間的愛。	A single theme runs through the whole novel: love among family members.
賤	他賤價出售。	He sold at a very low price.
賤	倉庫要清空,所有商品都賤價出售,數量有限,賣完為止。	The warehouse is being cleared and all items are sold at rock-bottom prices while stocks last.
趕走	把蚊子趕走。	Chase the mosquitoes away.
趕走	他拿著掃把,把跑進店裡的野狗趕走了,客人都鬆了一口氣。	He chased away the stray dog that ran into the shop with a broom, and customers breathed a sigh of relief.
軌跡	我看到了星星的軌跡。	I saw the stars' trajectory.
軌跡	透過手機的定位,可以看到你每天的移動軌跡。	Through your phone's location data, you can see your daily movement track.
輪胎	輪胎沒氣了。	The tire is flat.
輪胎	下大雨前,爸爸先把車子的輪胎檢查了一遍,確認安全才出門。	Before the heavy rain, Dad checked the car's tires first and left only after confirming safety.
農田	農田裡種著稻米。	Rice is planted in the farmland.
農田	雨季過後,農田一片綠油油,吸引了不少攝影愛好者。	After the rainy season, the farmland is lush green, attracting many photography lovers.
逃亡	犯人逃亡了。	The criminal fled.
逃亡	嫌犯逃亡三個月後,終於在南部的一間民宿被警方抓到。	After three months on the run, the suspect was finally caught by police at a guesthouse in the south.
過世	他的爺爺過世了。	His grandfather passed away.
過世	外婆過世的時候,全家人都很難過,大家聚在一起回憶她的點點滴滴。	When Grandma passed away, the family grieved and gathered to recall her little moments.
選用	我選用了這個牌子。	I chose this brand.
選用	廚師特別選用本地的新鮮食材,希望客人能嘗到最道地的味道。	The chef specially selected local fresh ingredients, hoping guests taste the most authentic flavor.
醜陋	這隻動物很醜陋。	This animal is ugly.
醜陋	醜陋的外表不代表內心也醜陋,故事裡的野獸其實很善良。	An ugly exterior doesn't mean an ugly heart; the beast in the story is actually kind.
長子	他是家中長子。	He's the eldest son of the family.
長子	長子要照顧弟妹,所以他從小就很成熟懂事。	As the eldest son he looks after younger siblings, so he's been mature and sensible since childhood.
開端	這是一個好的開端。	This is a good beginning.
開端	這次合作只是一個開端,以後我們還有更多機會一起努力。	This collaboration is only a beginning; we'll have more chances to work together.
限定	數量限定。	Limited quantity.
限定	這款咖啡是秋季限定,只到十一月底,想喝要趁早。	This coffee is autumn-only, available until the end of November, so drink it soon.
陸地	船終於靠近陸地。	The ship finally approached land.
陸地	經過三天的海上航行,看到遠處的陸地時,大家都歡呼起來。	After three days at sea, everyone cheered on seeing land in the distance.
雖說	雖說很累,但很開心。	Though tired, I'm happy.
雖說	雖說今天是假日,他還是一早就起床去公司加班。	Although today is a holiday, he still got up early and went to the office to work overtime.
電機	他念電機系。	He studies electrical engineering.
電機	這間工廠專門生產電機設備,產品銷往世界各地。	This factory specializes in producing electrical machinery and sells worldwide.
預報	氣象預報說會下雨。	The weather forecast says it will rain.
預報	根據預報,明天北部有大雨,出門記得帶傘。	According to the forecast, there'll be heavy rain in the north tomorrow, so take an umbrella.
頸	長頸鹿的頸很長。	A giraffe's neck is very long.
頸	我整天坐在電腦前,頸部和肩膀都很痠,需要去按摩。	I sit at the computer all day and my neck and shoulders ache, so I need a massage.
風雨	外面風雨很大。	It's very windy and rainy outside.
風雨	他們一起走過風雨,感情比一般夫妻更深厚。	They've gone through hardships together, and their bond is deeper than most couples'.
餓死	我快餓死了!	I'm starving to death!
餓死	中午沒吃飯,現在餓死了,我們趕快去找東西吃吧。	I skipped lunch and now I'm starving, so let's go find something to eat.
騷亂	街上發生了騷亂。	A disturbance broke out on the street.
騷亂	球賽結束後,球迷之間發生騷亂,警察趕到現場維持秩序。	After the game, a disturbance broke out among fans and police rushed to keep order.
體質	我體質比較弱。	My constitution is rather weak.
體質	有些人體質容易過敏,春天一到就一直打噴嚏。	Some people are prone to allergies and keep sneezing once spring comes.
魏	魏國是三國之一。	Wei was one of the Three Kingdoms.
魏	歷史老師說,魏國的曹操是三國時代最有影響力的人物之一。	The history teacher said Wei's Cao Cao was among the most influential figures of the Three Kingdoms.
一瓶	我要一瓶水。	I'd like a bottle of water.
一瓶	冰箱裡還有一瓶牛奶,明天早餐可以喝。	There's still a bottle of milk in the fridge for tomorrow's breakfast.
人情味	這裡很有人情味。	This place has a lot of human warmth.
人情味	小鎮的人情味很濃,鄰居常常端自己煮的菜過來分享。	The small town is full of warmth; neighbors often bring dishes they cooked to share.
假日	假日我睡到中午。	On days off I sleep until noon.
假日	假日的公路常常塞車,所以我們決定提早出發。	Highways are often jammed on holidays, so we decided to set off early.
刷卡	可以刷卡嗎?	Can I pay by card?
刷卡	這家店可以刷卡,不過一千元以下要加收手續費。	This shop takes cards, but there's a fee for purchases under a thousand dollars.
古典音樂	我愛聽古典音樂。	I love listening to classical music.
古典音樂	讀書的時候聽古典音樂,可以讓人心情平靜,比較容易專心。	Listening to classical music while studying calms the mind and helps focus.
回覆	請盡快回覆。	Please reply as soon as possible.
回覆	我昨天寄了信給客戶,今天還沒收到回覆,等一下要打電話問問。	I emailed the client yesterday and haven't received a reply, so I'll call to ask later.
大有	這次旅行大有收穫。	This trip was very rewarding.
大有	他這次的表現大有進步,老師特別在班上稱讚他。	His performance improved greatly this time, and the teacher praised him in class.
學生證	請出示學生證。	Please show your student ID.
學生證	用學生證可以買半價票,別忘了出門前把它放進包包。	You can buy half-price tickets with a student ID, so don't forget to put it in your bag.
巷口	我在巷口等你。	I'll wait for you at the alley entrance.
巷口	巷口那家早餐店的蛋餅很好吃,所以每天早上都排隊。	The egg pancakes at the breakfast shop at the end of the alley are delicious, so there's a line every morning.
悠遊卡	我的悠遊卡沒錢了。	My EasyCard has run out of money.
悠遊卡	悠遊卡不只可以搭車,也可以在超商買東西,非常方便。	An EasyCard can be used not only for transit but also to buy things at convenience stores.
抱石	他週末去抱石。	He goes bouldering on weekends.
抱石	抱石不需要繩子,但地上要鋪厚墊子,以免摔下來受傷。	Bouldering needs no rope, but thick mats are laid on the ground in case you fall and hurt yourself.
插隊	不要插隊!	Don't cut in line!
插隊	有人在隊伍中間插隊,後面的人很生氣,大聲叫他去後面排。	Someone cut into the middle of the line, and the people behind got angry and told him to go to the back.
斑馬線	過斑馬線要小心。	Be careful crossing the crosswalk.
斑馬線	汽車在斑馬線前應該要停下來,讓行人先通過。	Cars should stop before the crosswalk and let pedestrians pass first.
期末	期末要考試了。	Finals are coming.
期末	期末考前一週,圖書館座位全滿,同學們都在拚命念書。	The week before finals, the library seats are all taken and students are studying hard.
水壺	我帶了一個水壺。	I brought a water bottle.
水壺	爬山的時候一定要帶水壺,而且要多帶一點,以免脫水。	Always bring a water bottle when hiking, and extra, to avoid dehydration.
滑倒	地板濕濕的,小心滑倒。	The floor is wet, so beware of slipping.
滑倒	下雨天路面很滑,奶奶在樓梯口滑倒,幸好沒有受重傷。	The road is slippery on rainy days; Grandma slipped on the stairs, fortunately without serious injury.
瑜珈	我每天早上做瑜珈。	I do yoga every morning.
瑜珈	她下班後會去上瑜珈課,學習放鬆和調整呼吸。	After work she goes to yoga class to learn to relax and regulate her breathing.
禮拜天	禮拜天我休息。	I rest on Sunday.
禮拜天	禮拜天早上我們全家都去市場買菜,然後在家煮火鍋。	On Sunday morning our whole family goes to market for groceries and then has hot pot at home.
素食	我吃素食。	I eat vegetarian.
素食	這家素食餐廳的菜色很豐富,連不吃素的朋友也很喜歡。	This vegetarian restaurant has a rich menu that even non-vegetarian friends love.
能幹	她很能幹。	She is very capable.
能幹	新來的助理做事又快又準,是個能幹的年輕人。	The new assistant works fast and accurately, a capable young person.
藥局	藥局在對面。	The pharmacy is across the street.
藥局	感冒的時候可以先去藥局,請藥師推薦適合的成藥。	When you have a cold, you can go to a pharmacy first and ask the pharmacist to recommend a suitable over-the-counter medicine.
被壓著	我的手被壓著。	My hand is pinned.
被壓著	他被壓著動不了,大家趕快合力把重物移開。	He was pinned and couldn't move, so everyone quickly moved the heavy object together.
請假	我明天要請假。	I'm taking leave tomorrow.
請假	他感冒發燒,今天請假一天,醫生要他在家休息。	He has a cold and fever, took today off, and the doctor told him to rest at home.
趴	貓趴在窗邊曬太陽。	The cat is lying by the window sunbathing.
趴	午休時間,同學們都趴在桌上睡覺,教室裡靜悄悄的。	During lunch break the students all lay on their desks to nap, and the classroom was quiet.
逛街	我們去逛街吧。	Let's go window-shopping.
逛街	週末我跟朋友去逛街,走了一整天,腳都痠了。	On the weekend I went shopping with friends and walked all day until my feet ached.
鉛筆	我需要一支鉛筆。	I need a pencil.
鉛筆	考試的時候要用二B鉛筆畫答案卡,不能用原子筆。	In exams, use a 2B pencil to fill the answer card, not a ballpoint pen.
雨傘	我忘了帶雨傘。	I forgot my umbrella.
雨傘	下大雨的時候,雨傘根本擋不住,衣服還是濕了一大半。	In heavy rain an umbrella can't keep you dry, and half my clothes got wet.
默認	默認設定是中文。	The default setting is Chinese.
默認	手機的默認語言是英文,所以我進去設定裡面改成中文。	The phone's default language is English, so I changed it to Chinese in the settings.
哎呀	哎呀,我忘了關門!	Oh no, I forgot to close the door!
哎呀	哎呀,你怎麼也來了?好久不見,最近過得怎麼樣?	Oh, you're here too? Long time no see. How have you been?
一年	一年有十二個月。	A year has twelve months.
一年	我來台北已經一年了,慢慢習慣了這裡的生活節奏。	I've been in Taipei for a year now and have gradually gotten used to the pace of life here.
很多	這裡很多人。	There are many people here.
很多	夜市裡有很多好吃的東西,我每次都不知道該先吃哪一個。	The night market has so much good food that I never know which to eat first.
河濱	我們去河濱公園散步。	We're going for a walk in the riverside park.
河濱	河濱的夜景很美,許多人晚上會來這裡跑步或騎腳踏車。	The riverside night view is lovely, and many come here at night to jog or bike.
朋	他們是好朋友。	They are good friends.
朋	週末有朋友從高雄上來,我們打算一起吃飯、聊天。	A friend from Kaohsiung is coming this weekend, and we plan to eat and chat together.
付錢	我來付錢。	I'll pay.
付錢	吃完飯大家搶著付錢,最後決定輪流請客。	After the meal everyone fought to pay and finally decided to treat in turns.
有的	有的人愛吃辣。	Some people love spicy food.
有的	教室裡有的同學在寫作業,有的同學在聊天,很熱鬧。	In the classroom some students are doing homework and some are chatting, so it's lively.
寸	這條魚有一寸長。	This fish is one inch long.
寸	一寸光陰一寸金,考試前千萬不要浪費時間。	Time is gold; don't waste a moment before exams.
中秋節	中秋節要吃月餅。	We eat mooncakes at Mid-Autumn Festival.
中秋節	中秋節那天,全家人一起在陽台烤肉,一邊賞月一邊聊天。	On Mid-Autumn Festival the whole family barbecued on the balcony, chatting while admiring the moon.
伯父	伯父來我家吃飯。	My uncle came to my home for dinner.
伯父	我的伯父在南部種田,每年過年都會寄一箱橘子給我們。	My uncle farms in the south and sends us a box of oranges every New Year.
