的	這是我的書包。	This is my backpack.
的	昨天買的蛋糕，今天早上就被我弟吃光了。	The cake I bought yesterday was all eaten by my little brother this morning.
不	我不喝咖啡。	I don't drink coffee.
不	雨下得這麼大，我不想出門，你不要等我了。	It's pouring, so I don't want to go out. Don't wait for me.
這	這是我家的狗。	This is my family's dog.
這	這家店的珍珠奶茶很好喝，我每次來都會點一杯。	The bubble tea at this shop is great. I order a cup every time I come.
與	本公司與多家學校合作，推廣環保教育。	Our company partners with several schools to promote environmental education.
與	市政府將與民眾一起討論新公園的設計。	The city government will discuss the design of the new park together with residents.
中國	中國的歷史很長。	China has a long history.
中國	他大學時學的是中國文學，現在在出版社工作。	He studied Chinese literature in college and now works at a publisher.
還	他還沒回家。	He hasn't come home yet.
還	都十點了，我還在公司加班，晚餐也還沒吃。	It's already ten, and I'm still working overtime. I haven't even had dinner.
后	她在戲裡演皇后。	She plays the queen in the play.
后	這部電影講的是一位皇后和國王的故事。	This movie tells the story of a queen and a king.
讓	媽媽讓我去玩。	Mom let me go play.
讓	老師讓我們分組討論，然後派一個人上台報告。	The teacher had us discuss in groups and then send one person up to present.
她	她是我的同學。	She is my classmate.
她	我朋友說她下個月要搬到台中，所以想先請大家吃飯。	My friend said she's moving to Taichung next month, so she wants to treat everyone to a meal first.
著	他正看著電視。	He is watching TV.
著	外面下著雨，我媽還是穿著拖鞋去買菜了。	It's raining outside, but my mom went grocery shopping in her slippers anyway.
地	他慢慢地走過來。	He walked over slowly.
地	小朋友開心地跑向公園，一下子就不見人影了。	The kids ran happily toward the park and were out of sight in no time.
現在	現在幾點了？	What time is it now?
現在	我現在在忙，等一下再回你訊息好嗎？	I'm busy right now. Can I reply to your message in a bit?
世界	世界很大。	The world is big.
世界	他夢想有一天能環遊世界，看看不同的文化。	He dreams of traveling around the world someday to see different cultures.
工作	我爸爸在銀行工作。	My dad works at a bank.
工作	這份工作薪水不高，但是同事都很好相處。	The pay for this job isn't high, but my coworkers are all easy to get along with.
發展	這個城市發展得很快。	This city is developing fast.
發展	政府計畫在東部發展觀光，帶動地方經濟。	The government plans to develop tourism in the east to boost the local economy.
開始	電影開始了。	The movie has started.
開始	天氣一冷，我就開始想念媽媽煮的火鍋。	As soon as the weather turns cold, I start missing my mom's hot pot.
卻	他很累，卻睡不著。	He was tired but couldn't sleep.
卻	我明明提醒過他了，他卻還是忘記帶雨傘。	I clearly reminded him, yet he still forgot to bring an umbrella.
小	這隻貓很小。	This cat is very small.
小	我們家的客廳雖然小，但是很溫馨。	Our living room is small, but it's cozy.
當	當我到家時，雨已經停了。	When I got home, the rain had stopped.
當	他想當醫生，所以每天都很認真讀書。	He wants to be a doctor, so he studies hard every day.
一些	我買了一些水果。	I bought some fruit.
一些	最近壓力有點大，我想找一些朋友出來聊聊天。	I've been stressed lately, so I want to get a few friends together to chat.
但是	我想去，但是沒有時間。	I want to go, but I don't have time.
但是	這家餐廳的東西很好吃，但是價格比我想的貴。	The food at this restaurant is delicious, but the prices are higher than I expected.
呢	你呢？	How about you?
呢	大家都到了，就只剩小美還沒來，她人呢？	Everyone's here except Xiaomei. Where is she?
所有	所有人都到了。	Everyone has arrived.
所有	搬家的時候，我把所有舊衣服都捐給了慈善機構。	When I moved, I donated all my old clothes to a charity.
發現	我發現錢包不見了。	I found that my wallet was missing.
發現	整理房間時，我在抽屜裡發現一張十年前的照片。	While tidying my room, I found a photo from ten years ago in a drawer.
誰	誰在敲門？	Who's knocking at the door?
誰	這把傘是誰的？下雨天可別讓人家淋濕了。	Whose umbrella is this? Don't let them get soaked in the rain.
長	這條路很長。	This road is very long.
長	她的頭髮留得很長，每次洗完都要吹很久。	Her hair is grown out long, and it takes forever to dry after every wash.
作為	作為學生，要好好讀書。	As a student, you should study hard.
作為	作為一個新手爸爸，他每天都在學怎麼換尿布。	As a new dad, he learns something about changing diapers every day.
影響	天氣會影響心情。	The weather affects your mood.
影響	長期熬夜會影響健康，也會影響隔天的工作表現。	Staying up late for a long time hurts your health and your work performance the next day.
研究	他在研究貓的行為。	He is studying cat behavior.
研究	這位教授專門研究海洋生物，常常出海做調查。	This professor specializes in marine life and often goes out to sea for surveys.
走	我們走吧。	Let's go.
走	從家裡走到學校大概要十五分鐘，我通常會走路去。	It takes about fifteen minutes to walk from home to school, and I usually go on foot.
關係	我們是好朋友的關係。	We have a good friendship.
關係	沒關係，你慢慢來，這件事跟你沒有關係。	It's okay, take your time. This has nothing to do with you.
人們	人們都喜歡週末。	People all love weekends.
人們	下班時間一到，人們紛紛走出辦公大樓，趕著回家。	When quitting time came, people poured out of the office building, rushing home.
參加	我想參加比賽。	I want to join the competition.
參加	這個週末公司有健行活動，你要不要一起參加？	The company has a hiking event this weekend. Do you want to join?
城市	這是個大城市。	This is a big city.
城市	台北是個很方便的城市，不過房價實在太高了。	Taipei is a very convenient city, but housing prices are just too high.
安全	這裡很安全。	It's safe here.
安全	騎機車一定要戴安全帽，這樣才安全。	You must wear a helmet when riding a scooter. That's how you stay safe.
得到	他得到了第一名。	He won first place.
得到	我寫信給客服，終於得到了退款的回覆。	I wrote to customer service and finally got a reply about the refund.
最後	最後一班車走了。	The last bus has gone.
最後	比賽最後，我們隊以一分之差輸了，大家都很可惜。	In the end, our team lost by one point, and everyone felt it was a pity.
無	我無話可說。	I have nothing to say.
無	本店無提供免費停車，請多利用大眾運輸工具。	This store offers no free parking. Please use public transportation.
目前	目前一切順利。	Everything is going well at the moment.
目前	目前這個月的業績還不錯，希望下個月也能維持。	Sales this month are currently pretty good. I hope we can keep it up next month.
自由	他喜歡自由。	He loves freedom.
自由	週末的時間很自由，你想去哪裡走走都可以。	My weekend schedule is free, so we can go wherever you like.
較	這件比較便宜。	This one is cheaper.
較	相較於去年，今年夏天的雨量較少，水庫水位偏低。	Compared with last year, there's less rain this summer, and reservoir levels are low.
開	請開門。	Please open the door.
開	我爸每天開車上班，週末才開車帶全家出去玩。	My dad drives to work every day and only drives the family out on weekends.
一點	我只吃一點。	I'll only eat a little.
一點	這道菜再加一點鹽就剛好了，你嚐嚐看。	This dish will be just right with a bit more salt. Give it a taste.
以後	以後再說吧。	Let's talk about it later.
以後	畢業以後，我想去國外工作一兩年看看。	After graduating, I want to try working abroad for a year or two.
另	我另有安排。	I have other plans.
另	這台電腦壞了，我另外借了一台來用。	This computer is broken, so I borrowed another one to use.
存在	鬼真的存在嗎？	Do ghosts really exist?
存在	這個系統還存在一些小問題，工程師正在修正。	The system still has some small problems, and the engineers are fixing them.
成功	他成功了！	He made it!
成功	經過三個月的努力，她終於成功減了五公斤。	After three months of effort, she finally succeeded in losing five kilos.
故事	我愛聽故事。	I love listening to stories.
故事	睡前我都會念一個故事給女兒聽，她最愛海盜的故事。	I read my daughter a story every night before bed, and she loves pirate stories most.
次	我去過兩次。	I've been twice.
次	這個月我已經去了三次醫院，希望下次檢查結果會好一點。	I've already been to the hospital three times this month. I hope the next check-up turns out better.
無法	我無法回答。	I can't answer.
無法	因為颱風來襲，航班無法起飛，旅客只好改搭高鐵。	Because of the typhoon, flights couldn't take off, so passengers took the high-speed rail instead.
省	我們省點錢吧。	Let's save some money.
省	用手機看電子書可以省紙，也可以省下不少錢。	Reading e-books on your phone saves paper and also quite a bit of money.
縣	他住在苗栗縣。	He lives in Miaoli County.
縣	新竹縣的天氣很乾燥，冬天風也特別大。	The weather in Hsinchu County is dry, and the wind is especially strong in winter.
設計	這個包包設計得很好看。	This bag is nicely designed.
設計	他在一家廣告公司做平面設計，常常為客戶設計海報。	He does graphic design at an ad agency and often designs posters for clients.
集團	他在大集團上班。	He works at a big corporation.
集團	這個集團旗下有飯店、百貨和一家電子公司。	This group owns hotels, department stores, and an electronics company.
之前	吃飯之前先洗手。	Wash your hands before eating.
之前	我之前在台南住過一年，所以對那邊的小吃很熟。	I lived in Tainan for a year before, so I know the local snacks well there.
以來	三年以來我都沒換過手機。	I haven't changed my phone in three years.
以來	自從搬到鄉下以來，我的睡眠品質改善了很多。	Ever since moving to the countryside, my sleep quality has improved a lot.
全球	全球都在變暖。	The whole world is warming.
全球	這款遊戲在全球有上千萬名玩家，連我阿姨也在玩。	This game has tens of millions of players worldwide, and even my aunt plays it.
副	他是副班長。	He is the deputy class leader.
副	我們公司的副總下週要來台灣開會。	Our company's vice president is coming to Taiwan for a meeting next week.
台	我買了一台新電腦。	I bought a new computer.
台	教室後面那台冷氣壞了，所以大家都很熱。	The air conditioner at the back of the classroom is broken, so everyone is hot.
基本	基本上我都在家煮飯。	Basically, I cook at home.
基本	學好一門語言，最基本的就是每天花時間練習。	The most basic thing in learning a language is spending time practicing every day.
學	我在學中文。	I'm learning Chinese.
學	我姊從小學鋼琴，現在還會在教會彈給大家聽。	My sister has learned piano since she was little and still plays for everyone at church.
幫助	謝謝你的幫助。	Thanks for your help.
幫助	多運動對睡眠很有幫助，也能幫助你放鬆心情。	Exercising more is very helpful for sleep and can help you relax.
成立	這家公司成立於二○一○年。	This company was founded in 2010.
成立	我們幾個同學打算成立一個讀書會，每個月聚一次。	A few classmates and I plan to set up a book club that meets once a month.
據	據說這家店很好吃。	They say this shop is delicious.
據	據氣象局預測，明天北部地區會有大雨。	According to the weather bureau, northern areas will have heavy rain tomorrow.
條	我買了一條褲子。	I bought a pair of pants.
條	這條巷子很窄，開車的時候要小心對面來的機車。	This alley is narrow, so be careful of scooters coming from the other side when driving.
獨立	他從小就很獨立。	He has been independent since he was little.
獨立	我上大學後搬出來住，開始學著獨立生活。	After starting college I moved out and began learning to live independently.
第一	他是第一名。	He is number one.
第一	這是我第一次一個人出國，心裡又緊張又興奮。	This is my first time going abroad alone, and I'm both nervous and excited.
舉行	婚禮在週六舉行。	The wedding will be held on Saturday.
舉行	畢業典禮將於下週五上午十點在體育館舉行。	The graduation ceremony will be held in the gymnasium at 10 a.m. next Friday.
規定	學校規定要穿制服。	The school requires wearing uniforms.
規定	依照公司規定，請假三天以上要附上醫生證明。	Under company rules, leave of three days or more requires a doctor's note.
辦法	我想不出辦法。	I can't think of a way.
辦法	手機被偷了，現在只能先去報案，再想辦法補辦。	My phone was stolen, so now I can only report it and then figure out how to get a replacement.
除了	除了我，大家都去了。	Everyone went except me.
除了	除了週末以外，我平常下班後還要去上英文課。	Besides weekends, I also go to English class after work on weekdays.
不到	他不到十歲。	He isn't even ten.
不到	從我家走到車站不到五分鐘，所以很方便。	It takes less than five minutes to walk from my home to the station, so it's convenient.
例如	我喜歡水果，例如芒果。	I like fruit, such as mango.
例如	夏天可以做很多活動，例如游泳、衝浪或是露營。	In summer you can do lots of activities, such as swimming, surfing, or camping.
共同	我們有共同的興趣。	We have a shared interest.
共同	兩家人共同出錢，買了一間小房子給阿嬤住。	The two families chipped in together and bought a small house for Grandma.
反對	我反對這個計畫。	I oppose this plan.
反對	大部分住戶都反對在社區旁邊蓋垃圾處理廠。	Most residents oppose building a waste plant next to the neighborhood.
堅持	你要堅持下去。	You have to keep going.
堅持	他每天早上都堅持跑步，已經持續兩年了。	He insists on running every morning and has kept it up for two years.
屬於	這本書屬於我。	This book belongs to me.
屬於	這種花屬於玫瑰科，在台灣的高山上也看得到。	This flower belongs to the rose family and can also be seen on Taiwan's high mountains.
性	這是個性問題。	It's a matter of personality.
性	她個性很開朗，所以人緣特別好。	She has a cheerful personality, so she's especially popular.
提高	請提高音量。	Please raise the volume.
提高	多練習聽力，才能提高考試的分數。	Practice listening more so you can raise your exam score.
期	這一期雜誌很好看。	This issue of the magazine is great.
期	期中考的時間快到了，大家都在圖書館拚命念書。	Midterms are coming up, and everyone is cramming at the library.
水	我想喝水。	I want to drink water.
水	水燒開了嗎？先幫我倒一杯，我要泡茶。	Has the water boiled? Pour me a cup first. I want to make tea.
當地	當地人很友善。	The locals are friendly.
當地	去旅行的時候，我喜歡吃當地的小吃，順便跟老闆聊聊天。	When I travel, I like eating local snacks and chatting with the owner.
系列	這是系列電影。	This is a film series.
系列	這個系列的小說一共有五本，我已經看完前三本了。	This novel series has five books in total, and I've finished the first three.
自然	我愛大自然。	I love nature.
自然	說話要自然一點，不要太緊張，慢慢講就好。	Speak more naturally, don't be too nervous, just go slowly.
警察	警察來了。	The police are here.
警察	路口發生車禍，警察正在指揮交通，請大家繞道。	There was an accident at the intersection, and police are directing traffic, so please take a detour.
醫院	他在醫院上班。	He works at the hospital.
醫院	我奶奶昨天不舒服，我們趕快帶她去醫院檢查。	My grandma felt unwell yesterday, so we hurried to take her to the hospital for a check-up.
且	這個手機小且輕。	This phone is small and light.
且	這家民宿乾淨且安靜，價格也很合理。	This guesthouse is clean and quiet, and the price is reasonable too.
任	他任總經理三年了。	He has served as general manager for three years.
任	新上任的校長說，他會任由學生自己決定社團活動。	The newly appointed principal said he will leave decisions about club activities up to the students.
健康	健康最重要。	Health is the most important thing.
健康	我爺爺每天散步、早睡早起，身體一直很健康。	My grandpa walks every day and keeps early hours, so he has always been healthy.
分鐘	我等了十分鐘。	I waited ten minutes.
分鐘	這道菜要先蒸二十分鐘，再放進烤箱烤五分鐘。	This dish needs to be steamed for twenty minutes first and then baked in the oven for five.
反應	他的反應很快。	He reacts quickly.
反應	我吃到蝦子會有過敏反應，臉和手都會腫起來。	I have an allergic reaction when I eat shrimp, and my face and hands swell up.
四	我家有四個人。	There are four people in my family.
四	每個月第四個週六，社區都會舉辦跳蚤市場。	On the fourth Saturday of each month, the neighborhood holds a flea market.
失去	我失去了信心。	I lost confidence.
失去	他失去工作以後，一直在找新的機會，沒有放棄。	After losing his job, he kept looking for new opportunities and didn't give up.
官員	官員來學校參觀。	Officials visited the school.
官員	幾位政府官員今天在記者會上說明新的交通政策。	Several government officials explained the new traffic policy at a press conference today.
居民	居民都很友善。	The residents are all friendly.
居民	社區居民對新蓋的公園很滿意，晚上都會去運動。	Neighborhood residents are happy with the new park and go exercise there in the evening.
引起	這件事引起討論。	This matter sparked discussion.
引起	他的一句玩笑話引起了全班同學哈哈大笑。	One of his jokes made the whole class burst out laughing.
感到	我感到很累。	I feel very tired.
感到	聽到朋友要出國留學，我既替她高興，又感到有點捨不得。	Hearing my friend is going abroad to study, I'm happy for her but feel a bit sad to see her go.
按	請按這個鈕。	Please press this button.
按	進電梯後，按八樓就可以了，我們公司在那裡。	After you get in the elevator, just press eight. Our company is there.
早	你今天好早。	You're early today.
早	我明天早上六點就要出門，所以今晚得早點睡。	I have to leave at six tomorrow morning, so I need to sleep early tonight.
東	太陽從東邊升起。	The sun rises in the east.
東	這條路一直往東走，就會看到海邊的小漁港。	Keep going east along this road and you'll see a small fishing harbor by the sea.
每天	我每天都運動。	I exercise every day.
每天	我每天下班回家，都會先陪狗狗在公園裡走一圈。	Every day when I get home from work, I first take my dog for a walk around the park.
狀態	我現在狀態不好。	I'm not in good shape right now.
狀態	手機一直顯示離線狀態，可能是網路有問題。	The phone keeps showing offline status. There may be a network problem.
男	他是男生。	He is a boy.
男	我們班有二十個男生，十八個女生，男女比例差不多。	Our class has twenty boys and eighteen girls, so the ratio is about even.
知識	知識就是力量。	Knowledge is power.
知識	看紀錄片可以學到很多天文知識，我弟最愛看這類節目。	Documentaries teach you a lot about astronomy, and my brother loves these shows.
節目	這個節目很好看。	This show is great.
節目	晚上八點有一個旅遊節目，介紹台灣各地的小鎮。	At eight tonight there's a travel show introducing small towns across Taiwan.
經歷	這是難忘的經歷。	This is an unforgettable experience.
經歷	他經歷過一次大地震，所以對防災特別有概念。	He went through a major earthquake, so he knows a lot about disaster preparedness.
聯合	兩家公司聯合發表聲明。	The two companies jointly issued a statement.
聯合	幾所大學聯合舉辦了一場關於人工智慧的研討會。	Several universities jointly held a seminar on artificial intelligence.
裡面	盒子裡面有什麼？	What's inside the box?
裡面	冰箱裡面還有半個西瓜，你要不要拿出來吃？	There's half a watermelon in the fridge. Do you want to take it out and eat it?
責任	這是我的責任。	This is my responsibility.
責任	當爸爸媽媽最大的責任，就是把孩子好好養大。	The biggest responsibility of being a parent is raising your kids well.
轉	請向右轉。	Please turn right.
轉	你到前面的路口轉彎，再過兩個紅綠燈就到了。	Turn at the intersection ahead, and after two more traffic lights you'll be there.
部	我看了一部電影。	I watched a movie.
部	她在公司的業務部工作，常常要出差去見客戶。	She works in the company's sales department and often travels to meet clients.
閱讀	我喜歡閱讀。	I like reading.
閱讀	每天睡前閱讀半小時，是我多年來的習慣。	Reading for half an hour before bed each day has been my habit for years.
領域	他是這個領域的專家。	He's an expert in this field.
領域	近年來，電動車在汽車領域裡越來越受歡迎。	In recent years, electric cars have become increasingly popular in the auto industry.
不少	這裡有不少人。	There are quite a few people here.
不少	週末的市場擠了不少遊客，連賣水果的攤子也大排長龍。	The weekend market was packed with tourists, and even the fruit stalls had long lines.
交流	我們常常交流。	We often exchange ideas.
交流	學校安排我們和日本的學生交流，一起上課和吃飯。	The school arranged an exchange with Japanese students, and we had classes and meals together.
作家	她是個作家。	She's a writer.
作家	這位作家的新書上週出版，書店裡擺了一整排。	This author's new book came out last week, and the bookstore put out a whole row.
入	請由左邊入場。	Please enter from the left.
入	他剛入社會，什麼都還在學，常常下班後還留在公司。	He just entered the workforce and is still learning everything, often staying at the office after hours.
出版	這本書剛出版。	This book was just published.
出版	這家出版社每年出版三十多本童書，很受家長歡迎。	This publisher puts out over thirty children's books a year, popular with parents.
協議	他們簽了協議。	They signed an agreement.
協議	房東和房客協議好，租約到期後再延長一年。	The landlord and tenant agreed to extend the lease by one year after it expires.
各地	各地都在下雨。	It's raining everywhere.
各地	颱風過後，各地的學校都宣布停課一天。	After the typhoon, schools in various places announced a day off.
困難	這個問題很困難。	This problem is very difficult.
困難	創業初期遇到不少困難，但是家人一直支持我。	I ran into quite a few difficulties when starting my business, but my family always supported me.
多年	我們是多年的朋友。	We've been friends for many years.
多年	這家麵店開了多年，老闆還記得我小時候愛吃什麼。	This noodle shop has been open for many years, and the owner remembers what I liked as a kid.
實在	我實在太累了。	I'm really too tired.
實在	這家餐廳的服務實在不怎麼樣，我們以後不會再來了。	The service at this restaurant is really not great. We won't come back.
廣泛	這本書讀者很廣泛。	This book has a wide readership.
廣泛	這種手機遊戲被廣泛使用，從小學生到阿公阿嬤都在玩。	This mobile game is widely played, from elementary school kids to grandparents.
戰略	這是公司的新戰略。	This is the company's new strategy.
戰略	老闆決定調整戰略，把重心放在網路銷售上。	The boss decided to adjust strategy and focus on online sales.
教授	他教授數學。	He teaches mathematics.
教授	這所大學的老師可以教授多種外語，包括日文和法文。	Teachers at this university can teach several foreign languages, including Japanese and French.
明天	明天見！	See you tomorrow!
明天	明天早上有雨，記得帶傘，也別忘了把窗戶關好。	It'll rain tomorrow morning. Remember your umbrella and don't forget to close the windows.
正確	這個答案正確。	This answer is correct.
正確	刷牙的方法要正確，才能把牙齒真正刷乾淨。	You have to brush your teeth the right way to really get them clean.
狀況	我的狀況還好。	I'm doing okay.
狀況	路上發生狀況，所以公車比平常晚了二十分鐘。	Something happened on the road, so the bus was twenty minutes later than usual.
監督	老師在監督考試。	The teacher is supervising the exam.
監督	民眾可以監督政府如何使用稅金，這是公民的權利。	The public can oversee how the government uses tax money. That's a citizen's right.
穫	今年的收穫很好。	This year's harvest is good.
穫	農夫每年秋天都忙著收穫稻米，一整天都在田裡。	Farmers are busy harvesting rice every autumn and spend all day in the fields.
網址	請給我網址。	Please give me the URL.
網址	我把訂位的網址傳給你了，記得在今晚前完成預約。	I sent you the booking URL. Remember to finish the reservation before tonight.
規劃	我在規劃旅行。	I'm planning a trip.
規劃	新捷運線的規劃已經完成，預計明年開始動工。	The plan for the new MRT line is done, and construction is expected to start next year.
說話	請不要說話。	Please don't talk.
說話	他說話很小聲，所以我得靠近一點才聽得清楚。	He speaks very softly, so I have to get closer to hear him clearly.
身上	我身上沒有錢。	I have no money on me.
身上	他身上帶著一把小雨傘，所以雨一下就不怕了。	He carries a small umbrella on him, so he isn't afraid when it rains.
道路	道路很寬。	The road is wide.
道路	連日大雨造成山區道路坍方，目前已經封閉搶修。	Days of heavy rain caused a landslide on the mountain road, which is now closed for repairs.
重大	這是重大消息。	This is major news.
重大	這次地震沒有造成重大傷亡，不過有些老房子受損。	The earthquake didn't cause major casualties, though some old houses were damaged.
關	請關燈。	Please turn off the light.
關	出門前記得把瓦斯關好，窗戶也要關起來。	Remember to turn off the gas before leaving, and close the windows too.
需	我需要幫忙。	I need help.
需	辦理簽證需附上兩張照片，並繳交手續費。	Applying for a visa requires two photos and a processing fee.
麵	我想吃麵。	I want to eat noodles.
麵	夜市那家牛肉麵的麵很有嚼勁，湯頭也很濃。	The noodles at that beef noodle stall at the night market are chewy and the broth is rich.
不好	這個天氣不好。	The weather is bad.
不好	昨晚我睡得不好，今天一直沒有精神。	I didn't sleep well last night and have felt drained all day.
享受	我享受假期。	I enjoy my vacation.
享受	週末泡個溫泉，好好享受一下難得的悠閒時光。	Soak in a hot spring over the weekend and enjoy some rare leisure time.
依據	依據規定辦理。	Handle it according to the rules.
依據	依據氣象局的資料，這個週末將有冷氣團來襲。	According to the weather bureau's data, a cold front will hit this weekend.
傳播	病毒會傳播。	Viruses spread.
傳播	假消息在社群網站上傳播得很快，大家要先查證再轉貼。	Fake news spreads quickly on social media, so check before you reshare.
公共	這是公共場所。	This is a public place.
公共	請維護公共環境整潔，垃圾不要亂丟。	Please keep public spaces clean and don't litter.
制定	學校制定了新規則。	The school drew up new rules.
制定	政府正在制定新的法規，希望減少塑膠袋的使用。	The government is drafting new regulations to reduce plastic bag use.
半	我等了半小時。	I waited half an hour.
半	現在是三點半，離開會還有一個半小時，可以先休息一下。	It's three-thirty and there's still an hour and a half until the meeting, so you can rest a bit.
商品	商品很便宜。	The goods are cheap.
商品	這項商品買二送一，只到這個週日，要買要快。	This item is buy two, get one free, only until this Sunday, so hurry.
地球	地球是圓的。	The Earth is round.
地球	為了保護地球，越來越多人自備環保杯和環保筷。	To protect the Earth, more and more people bring their own reusable cups and chopsticks.
大型	這是大型超市。	This is a large supermarket.
大型	明天那場大型演唱會，車站附近一定很擁擠。	Tomorrow's big concert will surely make the area near the station crowded.
官	他想當官。	He wants to be an official.
官	小時候他想當大官，現在卻只想當個自由自在的畫家。	As a kid he wanted to be a high official, but now he just wants to be a free-spirited painter.
少數	只有少數人來。	Only a few people came.
少數	少數民族的傳統服飾色彩鮮豔，很吸引觀光客的目光。	The traditional costumes of ethnic minorities are colorful and attract tourists.
幾天	我只去幾天。	I'm only going for a few days.
幾天	這幾天一直下雨，衣服晾了幾天都還沒乾。	It has rained these past few days, and the laundry still isn't dry after hanging for several days.
快速	車子速度很快速。	The car is very fast.
快速	搭高鐵可以快速到達高雄，只要九十分鐘左右。	Taking the high-speed rail gets you to Kaohsiung quickly, in only about ninety minutes.
或許	或許他忘了。	Maybe he forgot.
或許	明天或許會放晴，到時候我們再約去爬山好了。	It might clear up tomorrow, so let's plan to go hiking then.
捲	請捲起袖子。	Please roll up your sleeves.
捲	她把毛巾捲起來放進行李箱，再塞進兩雙襪子。	She rolled up the towel, put it in the suitcase, and stuffed in two pairs of socks.
收入	我的收入不高。	My income isn't high.
收入	他每個月的收入大部分都用來付房租和還學貸。	Most of his monthly income goes to rent and paying off student loans.
文字	我喜歡文字。	I like words.
文字	這個app可以把語音轉成文字，開會的時候特別好用。	This app converts speech to text, which is especially handy in meetings.
書記	他是班上的書記。	He is the class secretary.
書記	這次會議由書記負責記錄，會後會把紀錄寄給大家。	The secretary is taking notes at this meeting and will email everyone the minutes afterward.
材料	準備好材料了嗎？	Are the materials ready?
材料	做蛋糕的材料有麵粉、雞蛋、糖和奶油，超市都買得到。	The ingredients for the cake are flour, eggs, sugar and butter, all available at the supermarket.
樣子	他的樣子很累。	He looks tired.
樣子	你看他那個樣子，應該是昨晚又熬夜打電動了。	Look at him, he probably stayed up gaming again last night.
消費	我很少消費。	I rarely spend money.
消費	週年慶期間消費滿一千元，可以抵用一百元現金券。	During the anniversary sale, spend 1,000 dollars and get a 100-dollar voucher.
物質	水是一種物質。	Water is a substance.
物質	他不太在意物質生活，覺得簡單過日子就很幸福。	He doesn't care much about material life and feels living simply is happy.
男子	那個男子很高。	That man is very tall.
男子	一名男子昨晚在巷口撿到錢包，主動交給了警方。	A man found a wallet at the end of an alley last night and handed it to police on his own.
相對	相對來說比較便宜。	Comparatively speaking, it's cheaper.
相對	相對於都市，鄉下的生活步調比較慢，空氣也比較好。	Compared with cities, life in the countryside is slower and the air is better.
移民	他想移民到加拿大。	He wants to immigrate to Canada.
移民	很多人因為孩子的教育而考慮移民，但手續並不簡單。	Many people consider emigrating for their kids' education, but the process isn't simple.
缺乏	他缺乏經驗。	He lacks experience.
缺乏	長期缺乏運動，加上飲食不正常，讓他的體力越來越差。	A long lack of exercise plus an irregular diet made his stamina worse and worse.
臉	你的臉很紅。	Your face is red.
臉	出門前我都會先洗臉、擦防曬乳，才不會曬黑。	Before going out I wash my face and put on sunscreen so I don't get tanned.
街	街上人很多。	The street is crowded.
街	週末我們常去老街逛逛，順便吃些小吃。	On weekends we often stroll around the old street and have some snacks.
計算	請幫我計算。	Please calculate it for me.
計算	我用手機計算這個月的花費，發現光是飲料就花了一千多元。	I used my phone to calculate this month's spending and found drinks alone cost over a thousand dollars.
課程	這門課程很有趣。	This course is interesting.
課程	這個線上課程總共有十堂課，每週上一次，結束後還有證書。	This online course has ten lessons, one per week, with a certificate at the end.
貨幣	台灣的貨幣是新台幣。	Taiwan's currency is the New Taiwan dollar.
貨幣	出國旅行前，要先把貨幣換成當地使用的錢。	Before traveling abroad, you need to exchange your currency for the local money.
身邊	朋友都在我身邊。	My friends are all by my side.
身邊	出門時身邊要帶著悠遊卡和手機，其他東西都可以不帶。	When going out, keep your EasyCard and phone with you. You can leave everything else.
運用	要善用時間。	Use your time wisely.
運用	老師鼓勵我們把學到的單字運用在日常對話裡。	The teacher encourages us to use the words we learn in daily conversation.
開心	我今天很開心。	I'm very happy today.
開心	看到弟弟考上理想的學校，全家人都開心得不得了。	Seeing my brother get into his dream school, the whole family was overjoyed.
雙	我買了一雙鞋。	I bought a pair of shoes.
雙	這雙襪子很厚，冬天穿起來特別暖和，我媽也買了一雙。	This pair of socks is thick and especially warm in winter. My mom bought a pair too.
頁	請翻到第十頁。	Please turn to page ten.
頁	這份報告一共有二十頁，請在明天之前看完。	This report is twenty pages in total. Please finish reading it by tomorrow.
體	我愛運動，身體很好。	I love sports and have a healthy body.
體	這個字體太小了，把整體排版調大一點會比較好讀。	This font is too small. Enlarging the overall layout would make it easier to read.
一邊	他一邊走一邊吃。	He eats as he walks.
一邊	我習慣一邊聽音樂，一邊寫功課，這樣比較不無聊。	I like to listen to music while doing homework so it's less boring.
亂	房間好亂。	The room is such a mess.
亂	別亂丟垃圾，要丟進垃圾車旁邊的回收桶。	Don't litter. Throw it in the recycling bin next to the garbage truck.
倍	價錢是昨天的兩倍。	The price is double yesterday's.
倍	這家店的生意在促銷後成長了三倍，老闆笑得合不攏嘴。	This shop's business tripled after the promotion, and the owner can't stop smiling.
出席	我會出席會議。	I'll attend the meeting.
出席	家長會明天晚上七點舉行，請家長準時出席。	The parent-teacher meeting is at seven tomorrow evening. Parents, please attend on time.
區別	這兩個字有區別。	There's a difference between these two characters.
區別	我很難區別這兩種茶，味道對我來說都差不多。	I find it hard to tell these two teas apart. They taste about the same to me.
各個	各個國家不一樣。	Each country is different.
各個	各個部門的主管下週都要來開年度會議。	The heads of every department are coming next week for the annual meeting.
嚴格	老師很嚴格。	The teacher is strict.
嚴格	我媽對作息管得很嚴格，晚上十一點一定要關燈睡覺。	My mom is strict about routines. Lights must be out by eleven.
多麼	天氣多麼好！	What nice weather!
多麼	你不知道我多麼想念小時候在外婆家過暑假的日子。	You don't know how much I miss spending summers at Grandma's as a kid.
姐姐	我姐姐很高。	My older sister is tall.
姐姐	我姐姐在國外念書，每個週末都會跟我們視訊聊天。	My older sister studies abroad and video-chats with us every weekend.
實踐	要實踐承諾。	You must keep your promise.
實踐	環保不能只是口號，要從日常生活中一點一滴實踐。	Environmentalism can't just be slogans. It has to be practiced bit by bit in daily life.
小學	我弟弟念小學。	My little brother is in elementary school.
小學	我小學的時候最愛下課去操場打躲避球，現在想起來好懷念。	In elementary school I loved playing dodgeball on the field after class. I miss it now.
層	這棟樓有十層。	This building has ten floors.
層	蛋糕有三層，中間夾著草莓和鮮奶油，看起來好好吃。	The cake has three layers with strawberries and whipped cream between them. It looks delicious.
廠	他在工廠上班。	He works at a factory.
廠	這間廠每天生產上萬個零件，再運到全球各地。	This plant makes tens of thousands of parts a day and ships them around the world.
後面	我在你後面。	I'm behind you.
後面	電影院後面有一家小咖啡店，看完電影可以去坐坐。	There's a little cafe behind the cinema where you can sit after the movie.
性質	這份工作性質特別。	This job is unusual in nature.
性質	兩份工作的性質不同，一個要常出差，另一個大多在辦公室。	The two jobs differ in nature. One involves lots of travel, the other mostly office work.
戰	他們打了一場戰。	They fought a battle.
戰	這場球賽是兩隊爭冠的關鍵戰，球迷們從早上就開始排隊。	This game is the key battle for the title, and fans began lining up in the morning.
掉	我的手機掉了。	My phone dropped.
掉	我的錢包掉在計程車上了，趕快打電話問問看。	I dropped my wallet in the taxi, so quickly phone and ask.
損失	我們損失很大。	We suffered big losses.
損失	這場大水造成農民不小的損失，政府正在評估補助。	The flood caused farmers considerable losses, and the government is evaluating subsidies.
方	這個盒子是方的。	This box is square.
方	我把桌子放在窗戶前方，這樣看書時光線比較好。	I put the desk in front of the window so there's better light for reading.
東方	太陽在東方升起。	The sun rises in the east.
東方	很多外國人對東方的茶文化很有興趣，會特地來台灣學泡茶。	Many foreigners are interested in Eastern tea culture and come to Taiwan to learn tea brewing.
機器	這台機器壞了。	This machine is broken.
機器	工廠買了新機器，生產速度快了一倍，品質也更穩定。	The factory bought a new machine, doubling production speed and making quality more stable.
注	請注意安全。	Please be careful.
注	上課要專心，注意聽老師說的重點，不要看手機。	Focus in class, pay attention to the teacher's key points, and don't look at your phone.
片	我吃了一片餅乾。	I ate a cookie.
片	我買了一片光碟，裡面有五十首老歌，開車時最適合聽。	I bought a disc with fifty old songs, perfect for listening to while driving.
畢竟	他畢竟還小。	He's still young, after all.
畢竟	畢竟是第一次做菜，鹹了一點也沒關係，下次再調整就好。	It's your first time cooking after all, so a bit salty is fine. Just adjust next time.
的確	他的確很聰明。	He is indeed smart.
的確	這家店的蛋糕的確好吃，難怪每天都要排隊。	The cakes here are indeed good, no wonder there's a line every day.
社會主義	他在研究社會主義。	He is studying socialism.
社會主義	這門課會討論社會主義的歷史，也比較不同國家的制度。	This course discusses the history of socialism and compares systems across countries.
節	今天有兩節數學課。	There are two math classes today.
節	中秋節是家人團圓的節日，我們一家人會在院子裡烤肉。	Mid-Autumn Festival is a time for family reunions, and we barbecue in the yard.
考試	明天要考試。	I have an exam tomorrow.
考試	為了準備下週的考試，他這幾天都留在圖書館念到關門。	To prepare for next week's exam, he's been studying at the library until closing these days.
處於	他處於危險中。	He is in danger.
處於	公司目前處於轉型期，每個部門都在調整工作方式。	The company is currently in a transition period, and every department is adjusting how it works.
觀眾	觀眾很熱情。	The audience is enthusiastic.
觀眾	演唱會結束後，現場觀眾一起大聲唱歌，久久不願離開。	After the concert, the audience sang along loudly and didn't want to leave.
貼	請貼郵票。	Please put on a stamp.
貼	我把今天的行程貼在冰箱上，這樣大家都看得到。	I stuck today's schedule on the fridge so everyone can see it.
遊行	大家去遊行。	Everyone went to the parade.
遊行	廟會的遊行隊伍好長，有鑼鼓、舞龍，還有很多小朋友。	The temple fair parade was long, with drums, a dragon dance, and lots of kids.
關閉	商店已關閉。	The store has closed.
關閉	因為颱風，戶外遊樂區今天暫時關閉，請民眾不要前往。	Due to the typhoon, the outdoor park is temporarily closed today. Please don't go.
領	我去領包裹。	I'm going to pick up a package.
領	領薪水那天，我都會先去提款機領一些現金，再轉帳給我媽。	On payday I first withdraw some cash at the ATM, then transfer money to my mom.
高度	大樓的高度驚人。	The building's height is astonishing.
高度	老闆對這次計畫的成果給予高度評價，還請大家吃宵夜。	The boss gave the project results high praise and even treated everyone to a late-night snack.
上述	請見上述說明。	Please see the explanation above.
上述	上述各項費用已包含稅金，不需另外支付。	All the fees listed above already include tax, with no extra payment needed.
之下	在老師的指導之下，他進步很多。	Under the teacher's guidance, he improved a lot.
之下	在大家的幫忙之下，我們終於在天黑前把帳篷搭好了。	With everyone's help, we finally got the tent up before dark.
交換	我們交換電話。	We exchanged phone numbers.
交換	班上同學在聖誕節交換禮物，我抽到一本很漂亮的筆記本。	Classmates exchange gifts at Christmas, and I drew a really pretty notebook.
作戰	士兵出外作戰。	The soldiers went out to fight.
作戰	這部電影描寫士兵在山區作戰的過程，場面非常震撼。	This film depicts soldiers fighting in the mountains, and the scenes are very powerful.
傳說	這是古老的傳說。	This is an ancient legend.
傳說	傳說這座山有一隻會變成人的狐狸，村裡的老人都這麼說。	Legend has it this mountain has a fox that can turn into a person. The village elders all say so.
出生	他出生在台南。	He was born in Tainan.
出生	我姪女昨天出生了，全家人都趕到醫院看她。	My niece was born yesterday, and the whole family rushed to the hospital to see her.
原本	我原本想去。	I originally wanted to go.
原本	原本約好今天見面，但朋友臨時有事，就改到下週了。	We'd originally agreed to meet today, but my friend had something come up, so we moved it to next week.
司機	司機很親切。	The driver is friendly.
司機	計程車司機一路跟我們聊天，還推薦了幾家好吃的餐廳。	The taxi driver chatted with us the whole way and recommended some good restaurants.
咱們	咱們一起走吧。	Let's go together.
咱們	咱們都是自家人，別客氣，多吃一點！	We're all family here, don't stand on ceremony, eat more!
在線	朋友都在線上。	My friends are all online.
在線	客服人員目前都在線為您服務，請稍等一下。	Our service staff are online to help you now. Please wait a moment.
報紙	爸爸在看報紙。	Dad is reading the newspaper.
報紙	以前每天早上，爺爺都會到巷口的超商買一份報紙。	In the past, Grandpa would buy a newspaper at the corner store every morning.
大多數	大多數人喜歡甜點。	Most people like dessert.
大多數	大多數學生放學後都會去補習班，只有少數人直接回家。	Most students go to cram school after class, and only a few go straight home.
女生	她是女生。	She is a girl.
女生	我們社團的女生比較多，所以活動大多是烘焙或手作。	There are more girls in our club, so most activities are baking or crafts.
室	這是我的辦公室。	This is my office.
室	實驗室的門平常都鎖著，要有教授的許可才能進去。	The lab door is usually locked, and you need the professor's permission to enter.
尚未	他尚未回覆。	He hasn't replied yet.
尚未	本次活動尚未確定舉辦時間，請留意官方網站的通知。	The date for this event hasn't been set yet. Please watch for official announcements.
市民	市民都很開心。	The citizens are all happy.
市民	市民可以用手機預約垃圾清運，不用在家等垃圾車。	City residents can book garbage pickup by phone without waiting for the garbage truck.
店	這家店很有名。	This shop is famous.
店	我們下班後常常去公司旁邊那家小吃店，一邊吃一邊聊天。	After work we often go to the snack shop near the office and chat while eating.
忘	我忘了帶鑰匙。	I forgot my keys.
忘	別忘了明天要交報告，我已經提醒你好幾次了。	Don't forget the report is due tomorrow. I've reminded you several times.
感情	他們感情很好。	They get along very well.
感情	兄弟倆感情很好，每次吵完架很快就和好了。	The two brothers are close, and they make up quickly after every argument.
所有人	所有人請坐好。	Everyone, please sit down.
所有人	老師提醒所有人，下課前一定要把桌面整理乾淨。	The teacher reminded everyone to tidy their desks before class ends.
接近	天快要接近黑了。	It's getting close to dark.
接近	他說話很有親和力，讓人很想接近他。	He's so friendly in the way he talks that you want to get close to him.
收集	我喜歡收集郵票。	I like collecting stamps.
收集	工廠的環保小組正在收集廢水的資料，再提供給政府單位。	The factory's environmental team is collecting wastewater data to give to the government.
日常	這是日常工作。	This is routine work.
日常	這部漫畫畫的是上班族的日常生活，讀起來好有共鳴。	This comic depicts office workers' everyday life, and it's very relatable.
有著	他有著一個夢想。	He has a dream.
有著	這座小鎮有著悠久的歷史，老街上還保留很多日式建築。	This small town has a long history, and the old street still preserves many Japanese-era buildings.
植物	我家有很多植物。	We have lots of plants at home.
植物	陽台上的植物需要多曬太陽，每兩天澆一次水就夠了。	The plants on the balcony need more sun and water every two days is enough.
氣	我很生氣。	I'm very angry.
氣	今天天氣很悶，連呼吸都覺得空氣不太流通，真想趕快下雨。	The weather is stuffy today, and the air feels so still that I wish it would rain soon.
消費者	消費者要小心。	Consumers should be careful.
消費者	很多消費者買東西前會先上網看評價，再決定要不要買。	Many consumers check online reviews before deciding whether to buy.
照	請照這個做。	Please do it like this.
照	太陽照在身上很暖，我們坐在草地上拍了好多照片。	The sun felt warm on us, and we sat on the grass taking lots of photos.
犧牲	他犧牲了睡眠。	He sacrificed his sleep.
犧牲	為了照顧生病的媽媽，她犧牲了自己的休息時間，也沒怨言。	To take care of her sick mom, she gave up her own rest time without complaint.
當中	這些人當中有我同學。	Among these people is my classmate.
當中	十個應徵者當中，只有兩位符合我們的需求，真的很難找。	Out of ten applicants, only two met our needs. It's really hard to find people.
相互	我們相互幫忙。	We help each other.
相互	鄰居之間相互照顧，讓整個社區的氣氛變得很溫暖。	Neighbors looking out for each other makes the whole community feel warm.
科學家	他想當科學家。	He wants to be a scientist.
科學家	科學家在南極發現了新的生物，消息傳出後引起很多討論。	Scientists found a new organism in Antarctica, and the news prompted lots of discussion.
答案	答案是對的。	The answer is right.
答案	這題我想了很久，翻到最後一頁才看到答案，原來這麼簡單。	I thought about this one for ages, then saw the answer on the last page. It's so simple.
結論	我們得出結論了。	We've reached a conclusion.
結論	討論了一個下午，大家還是沒有結論，只好改天再談。	After a whole afternoon of discussion, there was still no conclusion, so we'll talk another day.
羅	公司四處網羅人才。	The company is recruiting talent everywhere.
羅	這份清單羅列了今年所有的活動，包括時間和地點。	This list sets out all this year's events, including times and places.
股份	他有公司的股份。	He holds shares in the company.
股份	爸爸把一部分股份轉給了哥哥，讓他可以參與公司的決策。	Dad transferred some of his shares to my brother so he can take part in company decisions.
船	我們坐船去。	We're going by boat.
船	週末天氣好的話，可以搭船到小島上看海鳥，傍晚再回港口。	If the weather is nice on the weekend, we can take a boat to the islet to see seabirds and return by evening.
表明	他表明了立場。	He made his position clear.
表明	她在面試時表明自己對這份工作非常有興趣，也願意加班。	At the interview she made clear she was very interested in the job and willing to work overtime.
解放	週五下班真是解放。	Getting off work on Friday is such a liberation.
解放	用洗碗機之後，我終於解放了雙手，晚上可以多看一集影集。	With the dishwasher, my hands were finally freed and I can watch one more episode at night.
調	他被調到台中。	He was transferred to Taichung.
調	公司把他從業務部調到企劃部，下個月開始上班。	The company transferred him from sales to planning, starting next month.
豬	這隻豬很胖。	This pig is fat.
豬	鄉下阿公養了十幾隻豬，每天早上都要去餵牠們。	Grandpa in the countryside raises a dozen or so pigs and feeds them every morning.
跳	小狗會跳。	The puppy can jump.
跳	我們每個週末都會到公園跳繩，有時候還跟鄰居比賽。	We jump rope at the park every weekend, sometimes racing the neighbors.
退出	我想退出群組。	I want to leave the group chat.
退出	他因為受傷必須退出比賽，大家都很為他加油。	He had to drop out of the competition because of an injury, and everyone cheered him on.
適應	我很快就適應了。	I adapted quickly.
適應	剛搬到新城市，需要一點時間適應當地的氣候和生活步調。	After moving to a new city, you need some time to adapt to the local climate and pace.
酒	我不喝酒。	I don't drink alcohol.
酒	阿伯每次聚餐都愛喝一點小酒，但是開車時絕對不碰酒。	Uncle likes a little drink at every gathering but never touches alcohol when driving.
預計	預計明天到。	It's expected to arrive tomorrow.
預計	新店預計下個月開幕，現在還在做最後的裝潢。	The new store is expected to open next month and is doing the final renovation now.
體驗	我想體驗一下。	I want to experience it.
體驗	這次旅行讓我體驗到原住民部落的生活，感覺很特別。	This trip let me experience life in an indigenous village, and it felt special.
一塊	我要一塊蛋糕。	I'd like a piece of cake.
一塊	你要不要一塊去？反正我們順路，可以搭同一班車。	Why don't you come along? We're going the same way, so we can take the same ride.
上升	氣溫在上升。	The temperature is rising.
上升	這幾年房價持續上升，年輕人想買房子越來越不容易。	Housing prices have kept rising in recent years, and it's getting harder for young people to buy.
不論	不論晴雨都去。	Rain or shine, we'll go.
不論	不論你是新手還是老手，都歡迎來參加我們的烘焙課。	Whether you're a beginner or a veteran, you're welcome to join our baking class.
代	我代她簽名。	I signed on her behalf.
代	我媽今天不能來，由我代她領獎，回家再讓她看獎狀。	My mom can't come today, so I'll accept the award for her and show her the certificate at home.
保留	請保留收據。	Please keep the receipt.
保留	這間老房子的外觀被完整保留下來，內部改成了咖啡廳。	The exterior of this old house was fully preserved, and the inside became a cafe.
僅僅	僅僅一個月而已。	It's only been a month.
僅僅	僅僅幾句話就讓他笑了出來，可見他們感情真的很好。	Just a few words made him laugh, which shows how close they are.
共和國	這是一個共和國。	This is a republic.
共和國	歷史課上，老師介紹了好幾個共和國是怎麼成立的。	In history class the teacher explained how several republics were founded.
前面	前面有人。	There's someone ahead.
前面	前面那個路口右轉，就能看到我說的那家早餐店。	Turn right at the intersection ahead and you'll see the breakfast shop I mentioned.
原始	這是原始資料。	This is the raw data.
原始	這座森林還保留著原始的樣貌，沒有被開發破壞。	This forest still keeps its primeval look, unspoiled by development.
各自	大家各自回家。	Everyone went home on their own.
各自	吃完飯後我們各自搭車回家，到家再傳訊息報平安。	After dinner we each took our own ride home and messaged to say we'd arrived safely.
哈	哈哈，好好笑！	Haha, so funny!
哈	他講了一個笑話，大家聽了都哈哈大笑起來。	He told a joke, and everyone burst into laughter.
回憶	這是美好的回憶。	These are fond memories.
回憶	看著舊照片，我回憶起小時候和外公一起釣魚的夏天。	Looking at old photos, I recalled the summers fishing with Grandpa as a child.
執政	他們執政三年了。	They have been in power for three years.
執政	新的執政團隊承諾，將在年底前公布完整的改革計畫。	The new governing team promised to announce a full reform plan by the end of the year.
女士	女士請先上車。	Ladies first, please board.
女士	各位女士先生，本班飛機即將起飛，請繫好安全帶。	Ladies and gentlemen, this flight is about to take off. Please fasten your seat belts.
宇宙	宇宙很大。	The universe is vast.
宇宙	晚上躺在草地上看星星，會讓人覺得宇宙真的很神奇。	Lying on the grass looking at stars at night makes the universe feel truly amazing.
尋求	請尋求幫助。	Please seek help.
尋求	遇到困難時，別害怕尋求家人和朋友的幫忙。	When you hit trouble, don't be afraid to seek help from family and friends.
常常	他常常遲到。	He's often late.
常常	我常常在下班後去健身房，這樣比較能放鬆心情。	I often go to the gym after work, since it helps me relax.
強制	這是強制規定。	This is a mandatory rule.
強制	騎乘機車強制要戴安全帽，違規者會被開罰單。	Wearing a helmet on a scooter is mandatory, and violators will be ticketed.
心情	我今天心情好。	I'm in a good mood today.
心情	下雨天心情總是特別低落，只想窩在家裡喝熱可可。	Rainy days always bring my mood down, and I just want to stay home with hot cocoa.
愛國	他很愛國。	He is very patriotic.
愛國	小時候學校常常播放愛國歌曲，現在聽到還是會想起那段時光。	Our school often played patriotic songs when I was a kid, and I still think of those days when I hear them.
戴	他戴著眼鏡。	He's wearing glasses.
戴	出門騎車一定要戴安全帽，冬天還要戴手套才不會冷。	Always wear a helmet when riding, and in winter wear gloves so your hands don't get cold.
抱	媽媽抱著孩子。	Mom is holding the child.
抱	小狗一看到主人回家，就開心地跳起來要他抱。	As soon as the puppy saw its owner come home, it jumped up happily to be picked up.
撤銷	請撤銷訂單。	Please cancel the order.
撤銷	我撤銷了昨天傳錯的訊息，希望對方還沒有看到。	I unsent the message I sent by mistake yesterday, hoping they hadn't seen it.
早已	大家早已離開了。	Everyone had already left.
早已	老闆早已知道這件事，只是一直沒有說出來。	The boss already knew about this long ago and just didn't say anything.
杯	請給我一杯水。	Please give me a glass of water.
杯	下午三點我們都會去訂飲料，我習慣點無糖的，一次兩杯。	At three every afternoon we order drinks. I like sugar-free and get two cups at a time.
檔案	檔案存好了嗎？	Did you save the file?
檔案	這份檔案太大，用電子郵件寄不出去，建議改用雲端分享。	This file is too large to email, so I suggest sharing it via the cloud.
歸	這本書歸你了。	This book is yours now.
歸	出差回來後，他歸還了公司借給他的筆電。	After returning from the business trip, he gave back the laptop the company lent him.
法官	法官在審理案件。	The judge is hearing the case.
法官	法官聽完雙方說法後，決定下週再宣布判決結果。	After hearing both sides, the judge decided to announce the verdict next week.
港	船停在港口。	The boat is docked at the harbor.
港	高雄港每天進出的貨櫃船很多，是全台灣最大的港口。	Many container ships pass through Kaohsiung Port daily, Taiwan's largest.
熟悉	我很熟悉這裡。	I know this place well.
熟悉	剛換新工作，我還在熟悉公司的系統和同事的做事方式。	I just changed jobs and I'm still getting familiar with the company's system and how my colleagues work.
環保	我們要環保。	We should protect the environment.
環保	現在很多飲料店都鼓勵客人自備環保杯，還會折價五元。	Many drink shops now encourage customers to bring reusable cups and give a five-dollar discount.
登記	請先登記。	Please register first.
登記	搬家以後要去戶政事務所登記新地址，才可以領到新的證件。	After moving you must register the new address at the household registration office to get new documents.
相比	兩者不能相比。	The two can't be compared.
相比	和去年相比，今年夏天的颱風少多了，水庫也快見底了。	Compared with last year, there were far fewer typhoons this summer, and reservoirs are nearly empty.
秘書	她是我的秘書。	She is my secretary.
秘書	老闆的秘書負責安排行程，所以想約他開會要先問她。	The boss's secretary arranges his schedule, so ask her first if you want to meet him.
紛紛	大家紛紛離開。	People left one after another.
紛紛	下課鐘一響，同學們紛紛衝出教室，跑向福利社。	When the bell rang, students rushed out of the classroom toward the school store one after another.
群體	他融入了群體。	He fit into the group.
群體	這個社會群體很團結，只要有人需要幫忙，大家就會伸出援手。	This community is tight-knit, and whenever someone needs help, everyone reaches out.
能量	我需要能量。	I need energy.
能量	早上喝一杯豆漿、吃顆蛋，讓我一整天都充滿能量。	A cup of soy milk and an egg in the morning keeps me full of energy all day.
草	草地很綠。	The lawn is very green.
草	週末我們在公園的草地上野餐，小朋友在旁邊追著蝴蝶跑。	On the weekend we picnicked on the park lawn while the kids chased butterflies nearby.
衛星	衛星繞著地球轉。	Satellites orbit the Earth.
衛星	有了衛星定位，手機地圖才能這麼準確地告訴你怎麼走。	Thanks to satellite positioning, phone maps can tell you precisely how to get there.
觀念	他的觀念很新。	His ideas are very modern.
觀念	老一輩的觀念比較保守，所以我們得花時間慢慢溝通。	The older generation's views are more conservative, so we need time to talk it through.
詩人	他是一位詩人。	He is a poet.
詩人	這位詩人常在咖啡店朗讀自己的作品，吸引了不少年輕人。	This poet often reads his own works at cafes, attracting many young people.
貓	我家有一隻貓。	We have a cat at home.
貓	那隻貓每天傍晚都會跳上窗台，等我媽回家。	That cat jumps onto the windowsill every evening to wait for my mom.
起訴	他被起訴了。	He was prosecuted.
起訴	檢察官今天以詐欺罪起訴一名男子，法院預計下個月開庭。	The prosecutor charged a man with fraud today, and the court is expected to open the trial next month.
轄	這裡歸台北市管轄。	This area is under Taipei City's jurisdiction.
轄	這個里歸哪個派出所管轄，可以到市政府網站查詢。	You can check the city website to see which police station this neighborhood falls under.
遊客	遊客很多。	There are many tourists.
遊客	假日的老街擠滿了外國遊客，小吃攤前都排著長長的隊伍。	On holidays the old street is packed with foreign tourists, with long lines at the snack stalls.
金額	金額是多少？	What's the amount?
金額	請確認金額無誤後再按付款，以免多扣到錢。	Please check the amount is correct before paying so you aren't overcharged.
雞	我喜歡吃雞。	I like eating chicken.
雞	夜市那家鹽酥雞很香，每次經過都忍不住買一包。	The fried chicken at the night market smells great, and I can't help buying a bag every time.
顯得	他顯得很緊張。	He seems very nervous.
顯得	房間換成白色的牆壁之後，整個空間顯得更明亮、更大。	With white walls, the whole room looks brighter and bigger.
鬚	他留著鬍鬚。	He has a beard.
鬚	爺爺的鬍鬚都白了，笑起來還是很和藹。	Grandpa's beard has turned white, but his smile is still kind.
一套	我買了一套衣服。	I bought an outfit.
一套	老師送了我們一套筆記本，每本封面都不一樣。	The teacher gave us a set of notebooks, each with a different cover.
世	這是新世代。	This is a new generation.
世	他一生中最難忘的事，就是在世界盃現場看比賽。	The most memorable thing in his life was watching a World Cup match in person.
乘客	乘客請排隊。	Passengers, please queue up.
乘客	公車上有幾位乘客在看手機，只有一位老先生在看窗外的風景。	A few passengers on the bus were on their phones, and only an old man looked at the scenery outside.
今後	今後請多指教。	I look forward to your guidance from now on.
今後	今後公司會更重視員工的健康，每週一天可以在家工作。	From now on the company will focus more on employee health, with one work-from-home day a week.
佈局	房間的佈局很好。	The room's layout is good.
佈局	這間店的佈局很寬敞，走道也夠寬，推嬰兒車也不用擔心。	This shop has a spacious layout with wide aisles, so pushing a stroller is no problem.
依靠	孩子需要依靠父母。	Children depend on their parents.
依靠	他腳受傷以後，走路得依靠拐杖，上下樓梯都很吃力。	After hurting his foot, he has to rely on crutches to walk, and stairs are hard.
做法	這個做法不錯。	This approach is good.
做法	這道菜的做法很簡單，只要先炒香蒜頭，再放進青菜就好。	The recipe is simple: fry garlic until fragrant, then add the greens.
全市	全市都停電了。	The whole city lost power.
全市	颱風來襲，全市的學校和公司都宣布明天停課停班。	With the typhoon coming, all schools and companies in the city announced closures tomorrow.
再度	他再度出現。	He appeared again.
再度	球隊再度拿下冠軍，球迷們在街上開心地慶祝。	The team won the championship once again, and fans celebrated happily in the streets.
分離	他們分離了很久。	They were apart for a long time.
分離	分離多年的兄弟在機場重逢，兩人忍不住抱頭痛哭。	Brothers separated for years met again at the airport and couldn't help crying in each other's arms.
創	他受了創傷。	He suffered trauma.
創	小時候的創傷讓她很怕黑，到現在還要開著小燈睡覺。	A childhood trauma left her afraid of the dark, so she still sleeps with a small light on.
加工	這是加工食品。	This is processed food.
加工	這家工廠專門替國外品牌加工，每天要處理上千件產品。	This factory specializes in processing for foreign brands, handling thousands of products daily.
南方	燕子飛向南方。	The swallows fly south.
南方	冬天一到，很多候鳥會從北方飛往南方，在台灣停留一陣子。	When winter comes, many migratory birds fly from the north to the south and stop in Taiwan for a while.
句	我只說了一句話。	I only said one sentence.
句	老師要我們每天用新學的單字造三個句子，再唸給同學聽。	The teacher has us make three sentences with new words daily and read them to classmates.
合同	我簽了合同。	I signed the contract.
合同	簽合同之前，請先仔細看清楚每一條內容，有問題要馬上問。	Before signing the contract, read every clause carefully and ask right away if you have questions.
味道	這個湯味道很好。	This soup tastes great.
味道	廚房傳來一股焦味，我趕快跑過去看，原來是蛋煎過頭了。	A burning smell came from the kitchen, and I rushed over to find the egg overcooked.
商店	商店開門了。	The store is open.
商店	社區附近新開了一家商店，賣的都是手工製作的小東西。	A new shop opened near the neighborhood selling handmade little items.
地上	地上有水。	There's water on the floor.
地上	小朋友把玩具丟在地上，我媽一邊撿一邊念他，叫他要收好。	The kid threw toys on the floor, and my mom picked them up while scolding him to put them away.
場所	這是公共場所。	This is a public venue.
場所	公共場所一律禁止吸菸，違反者最高罰一萬元。	Smoking is banned in all public venues, with fines up to ten thousand dollars.
夥伴	他是我的夥伴。	He's my partner.
夥伴	我們是一起長大的夥伴，不管有什麼事都會互相幫忙。	We grew up together as buddies and help each other no matter what.
天使	她像個天使。	She's like an angel.
天使	那個孩子笑起來像個小天使，連路過的陌生人都忍不住逗他。	That child smiles like a little angel, and even passing strangers can't resist playing with him.
套	我買了一套書。	I bought a set of books.
套	冬天外面冷，出門前我習慣先套上一件外套再穿鞋。	It's cold outside in winter, so before leaving I put on a jacket before my shoes.
害	你別害我。	Don't get me in trouble.
害	我昨天忘了關瓦斯，差點害全家人出事，真是嚇了一大跳。	I forgot to turn off the gas yesterday and nearly put the whole family in danger. It gave me a big scare.
對付	我來對付這件事。	I'll deal with this.
對付	那個老闆很難對付，所以大家都盡量不要惹他生氣。	That boss is hard to deal with, so everyone tries not to make him angry.
居然	他居然忘了。	He actually forgot.
居然	我本來以為考不好，結果居然拿了班上第一名。	I thought I'd do badly, but I unexpectedly got first place in the class.
市區	我住在市區。	I live downtown.
市區	市區的交通很擁擠，所以我通常搭捷運，比開車快很多。	Traffic downtown is crowded, so I usually take the MRT, which is much faster than driving.
引用	請引用資料。	Please cite your sources.
引用	寫論文時，引用別人的研究一定要註明出處，不然會被當作抄襲。	When writing a paper, you must cite sources when quoting others' research, or it counts as plagiarism.
從未	我從未去過。	I've never been there.
從未	他從未遲到過，所以這次沒來，大家都很擔心。	He had never been late, so when he didn't come this time, everyone was worried.
性格	她性格很好。	She has a good temperament.
性格	我哥性格比較內向，不太愛說話，但是對朋友很義氣。	My brother is rather introverted and quiet, but very loyal to his friends.
慢	請慢一點。	Please slow down.
慢	這家餐廳上菜很慢，我們等了四十分鐘還沒吃到主菜。	This restaurant serves slowly. We waited forty minutes without getting the main dish.
戲劇	我喜歡戲劇。	I love theater.
戲劇	她大學念的是戲劇系，畢業後在劇團工作了五年。	She studied drama in college and worked at a theater troupe for five years after graduating.
拖	地板很髒，要拖地。	The floor is dirty, so I need to mop.
拖	週末早上我都會把客廳拖一遍，再順便把窗戶擦乾淨。	On weekend mornings I mop the living room and wipe the windows.
接下來	接下來呢？	What's next?
接下來	接下來我要去健身房，你要不要一起去？	Next I'm going to the gym. Do you want to come along?
據說	據說他很有錢。	They say he's very rich.
據說	據說這間咖啡店的老闆以前是廚師，所以甜點特別好吃。	Reportedly the owner of this cafe used to be a chef, so the desserts are especially good.
改為	改為明天。	Changed to tomorrow.
改為	因為下大雨，原訂的戶外活動改為室內進行。	Because of heavy rain, the planned outdoor event was changed to be held indoors.
整合	我們要整合資料。	We need to integrate the data.
整合	這個app整合了訂位、點餐和付款功能，用起來很方便。	This app integrates reservations, ordering and payment, making it very convenient.
有時候	我有時候遲到。	I'm sometimes late.
有時候	有時候我會自己煮飯，有時候就隨便吃個便當。	Sometimes I cook for myself, and sometimes I just grab a lunchbox.
極為	這很極為重要。	This is extremely important.
極為	這項工作極為困難，需要大家分工合作，才有可能如期完成。	This job is extremely difficult and needs everyone cooperating to get done on time.
權益	要保障消費者權益。	We must protect consumers' rights.
權益	員工的權益很重要，公司應該依法提供保險和特休。	Employees' rights matter, and companies should provide insurance and paid leave as required by law.
氣氛	氣氛很好。	The atmosphere is great.
氣氛	朋友聚會的氣氛很熱鬧，大家一邊吃火鍋一邊聊天。	The friends' gathering had a lively atmosphere, with everyone chatting over hot pot.
活躍	他很活躍。	He's very active.
活躍	這個社群非常活躍，每天都有人分享食譜和生活小技巧。	This online community is very active, with people sharing recipes and life hacks daily.
激動	他很激動。	He is very excited.
激動	聽到自己得獎的消息，她激動得說不出話來，眼眶都紅了。	Hearing she'd won the award, she was too moved to speak, her eyes turning red.
煙	這裡不能抽煙。	You can't smoke here.
煙	廚房冒出一陣煙，原來是爸爸在煎魚，油開得太大了。	Smoke rose from the kitchen. Dad was frying fish with the heat too high.
玩家	他是遊戲玩家。	He's a gamer.
玩家	這款新遊戲上線第一天，就吸引了上萬名玩家同時登入。	On its first day, this new game attracted tens of thousands of players logging in at once.
畫面	畫面很清楚。	The picture is clear.
畫面	影片的畫面一直卡住，可能是網路不穩，我重新連線看看。	The video keeps freezing, maybe from an unstable network. I'll reconnect.
白色	我喜歡白色。	I like white.
白色	她穿著一件白色洋裝，站在海邊拍照，看起來很清爽。	She stood by the sea in a white dress taking photos, looking fresh.
硬	這個麵包很硬。	This bread is hard.
硬	這張床太硬了，我睡了一晚，隔天腰酸背痛。	This bed is too hard. After a night on it my back ached all next day.
種族	這裡有很多種族。	There are many ethnic groups here.
種族	不同種族的孩子在同一個班上學習，彼此交了不少好朋友。	Children of different ethnic groups study in the same class and have made many friends.
競選	他要競選市長。	He's running for mayor.
競選	競選期間，候選人每天都在路口向民眾鞠躬拜託。	During the campaign, candidates bow to passers-by at intersections every day to ask for votes.
細胞	細胞很小。	Cells are tiny.
細胞	人體的細胞每天都在更新，所以睡眠對修復身體很重要。	The body's cells renew every day, so sleep is important for repair.
總裁	他是公司總裁。	He's the company's CEO.
總裁	總裁今天上午在記者會上宣布，公司將在明年擴大海外市場。	The CEO announced at a press conference this morning that the company will expand overseas next year.
聯絡	我會再聯絡你。	I'll contact you again.
聯絡	搬家後請盡快聯絡水電公司，更新你的住址和聯絡電話。	After moving, contact the utility companies soon to update your address and phone number.
自治	學生有自治能力。	Students are capable of self-government.
自治	這個社區有自治管理委員會，大小事情都由住戶一起決定。	This community has a self-governing management committee, and residents decide everything together.
茶	我想喝茶。	I want to drink tea.
茶	阿嬤每天下午都泡一壺烏龍茶，讓整個客廳都是茶香。	Grandma brews a pot of oolong tea every afternoon, filling the living room with its fragrance.
藥品	這是藥品。	This is medicine.
藥品	藥品要放在小孩拿不到的地方，使用前也要看清楚說明書。	Medicine should be kept out of children's reach, and read the instructions before use.
覆蓋	雪覆蓋了山頭。	Snow covered the mountaintop.
覆蓋	天亮的時候，整座城市都被濃霧覆蓋，連對面的大樓都看不見。	At dawn the whole city was blanketed in thick fog, and even the opposite building was invisible.
認可	老闆認可我的計畫。	The boss approved my plan.
認可	這項新藥得到政府認可後，就能在各大醫院使用了。	After the government approves this new drug, it can be used in major hospitals.
謝	謝謝你！	Thank you!
謝	她只是笑著謝過大家的祝福，沒有多說什麼。	She just thanked everyone for their wishes with a smile and said nothing more.
貴族	他是貴族。	He's a nobleman.
貴族	電影裡的貴族住在大城堡裡，每天都要參加盛大的舞會。	The nobles in the movie live in big castles and attend grand balls every day.
跨	他跨過水溝。	He stepped over the ditch.
跨	這條河很窄，一步就能跨過去，不需要走橋。	The river is narrow enough to step across in one stride without taking the bridge.
轉化	水轉化成蒸氣。	Water turns into steam.
轉化	她把失敗的經驗轉化成動力，下次考試認真多了。	She turned the experience of failing into motivation and studied harder for the next exam.
迫害	他受到迫害。	He was persecuted.
迫害	歷史上曾有許多人因為信仰不同而受到迫害，必須離開家鄉。	Historically many people were persecuted for their different beliefs and had to leave home.
運	我今天很走運。	I'm lucky today.
運	貨車把新沙發運到家裡，兩個工人合力搬上了四樓。	The truck delivered the new sofa, and two workers carried it up to the fourth floor together.
遺憾	真遺憾。	What a pity.
遺憾	很遺憾，這次的活動因為天氣不好取消了，希望下次再見。	Unfortunately, the event was cancelled due to bad weather. Hope to see you next time.
部落	他住在部落。	He lives in a tribal village.
部落	這個部落每年夏天都舉辦豐年祭，吸引很多遊客前來參加。	This tribe holds a harvest festival every summer, attracting many visitors.
鐘	鐘響了。	The bell rang.
鐘	牆上的鐘慢了五分鐘，難怪我今天早上差點遲到。	The wall clock was five minutes slow, no wonder I almost was late this morning.
除非	除非你去。	Unless you go.
除非	除非明天下大雨，否則我們照原定計畫去爬山。	Unless it rains heavily tomorrow, we'll go hiking as planned.
電信	這是電信公司。	This is a telecom company.
電信	我換了電信公司之後，每個月的手機費省了兩百多塊。	After switching telecom companies, I save over two hundred dollars a month on my phone bill.
餓	我好餓。	I'm so hungry.
餓	下班回家路上肚子好餓，只好先去買一個蛋餅充飢。	I was very hungry on the way home from work, so I bought an egg pancake first.
一對	他們是一對。	They're a couple.
一對	新郎新娘是一對很登對的佳偶，大家都誠心祝福他們。	The bride and groom are a well-matched pair, and everyone sincerely wishes them well.
上學	我要去上學。	I'm going to school.
上學	我弟每天騎腳踏車上學，遇到下雨天才讓我媽載他。	My brother bikes to school every day, and only on rainy days does Mom drive him.
主導	他主導這個計畫。	He is leading this project.
主導	這次會議由行銷部主導，其他部門則提供資料和意見。	The marketing department is leading this meeting, with other departments providing data and input.
他媽的	他氣得罵了一句他媽的，然後甩門離開。	Furious, he swore "damn it" and slammed the door on his way out.
任職	他任職於銀行。	He works at a bank.
任職	她在這家公司任職十年，從基層做到部門主管。	She has worked at this company for ten years, rising from entry level to department head.
倫理	這是倫理問題。	This is an ethical issue.
倫理	醫生必須遵守醫療倫理，不能隨便透露病人的資料。	Doctors must follow medical ethics and cannot casually disclose patients' information.
價	價錢是多少？	What's the price?
價	水果的價格每天都不一樣，要貨比三家才買得到便宜的。	Fruit prices change daily, so you have to compare shops to find a bargain.
兩者	兩者都很好。	Both are good.
兩者	這兩款手機價格差不多，兩者的差別主要在相機。	These two phones cost about the same, and the main difference between them is the camera.
凌晨	現在是凌晨三點。	It's three in the early morning.
凌晨	他凌晨四點就起床準備早餐，等早餐店開門做生意。	He wakes up at four in the early morning to prepare breakfast before the shop opens.
制裁	他們受到制裁。	They were sanctioned.
制裁	許多國家對這個國家實施經濟制裁，希望促使它改變政策。	Many countries imposed economic sanctions on this nation, hoping to push it to change its policy.
勇敢	他很勇敢。	He is brave.
勇敢	小女孩勇敢地走上台，在全校師生面前唱完整首歌。	The little girl bravely walked on stage and sang the whole song in front of the school.
匿名	我想匿名捐款。	I want to donate anonymously.
匿名	這個留言板可以匿名發言，所以大家比較敢說真心話。	This message board allows anonymous posts, so people dare to speak their minds.
參數	請設定參數。	Please set the parameters.
參數	工程師調整了幾個參數後，程式的執行速度快了一倍。	After the engineer adjusted a few parameters, the program ran twice as fast.
同性戀	他是同性戀者。	He is gay.
同性戀	台灣是亞洲第一個同性婚姻合法化的地方，這在新聞上引起很多討論。	Taiwan was the first place in Asia to legalize same-sex marriage, which sparked lots of news discussion.
喜愛	我喜愛音樂。	I love music.
喜愛	這部卡通深受小朋友喜愛，週末的重播收視率特別高。	This cartoon is loved by kids, and its weekend reruns draw especially high ratings.
地獄	那裡像地獄一樣。	It's like hell there.
地獄	期末考週簡直是地獄，每天只睡四個小時，咖啡一杯接一杯。	Final exam week is pure hell, with four hours of sleep daily and one coffee after another.
外界	外界不知道。	The outside world doesn't know.
外界	球隊對外界的批評沒有回應，只專心準備下一場比賽。	The team didn't respond to outside criticism and just focused on preparing for the next game.
大賽	他參加大賽。	He entered the grand contest.
大賽	學校今年舉辦歌唱大賽，報名的同學多到要分成兩天比賽。	The school held a singing contest this year, with so many signups it was split over two days.
女神	她是我的女神。	She's my goddess.
女神	很多人把這位歌手當成女神，每場演唱會都擠滿了粉絲。	Many see this singer as a goddess, and her concerts are packed with fans.
學員	學員很認真。	The students are diligent.
學員	這間健身中心的學員超過兩百人，每週都有團體課程可以選擇。	This gym has over two hundred members, with group classes to choose from every week.
審議	委員會正在審議。	The committee is deliberating.
審議	立法院今天審議新的預算案，各黨團代表都提出了意見。	The Legislative Yuan reviewed the new budget bill today, with party caucus representatives offering views.
展現	他展現了實力。	He showed his ability.
展現	這場表演展現了台灣傳統文化的魅力，讓外國觀眾讚嘆不已。	This performance showed the charm of Taiwan's traditional culture and amazed foreign viewers.
巴士	我搭巴士去。	I'm going by bus.
巴士	遊覽巴士載著我們上山，沿路的風景美得讓大家不停拍照。	The tour bus took us up the mountain, and the scenery was so beautiful we kept taking photos.
延續	故事還會延續。	The story will continue.
延續	這家老店延續了三代人的好味道，每天都有老顧客專程來吃。	This old shop has carried its flavor through three generations, and regulars come specially every day.
微笑	她微笑著說好。	She said yes with a smile.
微笑	店員總是面帶微笑地招呼客人，讓人一進門就感到很舒服。	The clerk always greets customers with a smile, making people feel comfortable right away.
惡心	我覺得惡心。	I feel nauseous.
惡心	坐在後座看手機，我開始頭暈惡心，只好請司機靠邊停車。	Looking at my phone in the back seat made me dizzy and sick, so I asked the driver to pull over.
打敗	我們打敗了他們。	We beat them.
打敗	我們隊在決賽中打敗了去年的冠軍，全場歡聲雷動。	Our team beat last year's champion in the final, and the crowd roared.
投資者	投資者很擔心。	Investors are worried.
投資者	投資者在買股票之前，最好先研究公司的財報。	Investors had better study a company's financial reports before buying stock.
採購	我去採購食材。	I'm going to buy ingredients.
採購	公司採購了一批新電腦，下週會陸續發給各部門的同事。	The company purchased a batch of new computers, to be distributed to departments next week.
搜	請搜身。	Please search him.
搜	我在手機上搜了一下附近的餐廳，發現有一家評價很高。	I searched my phone for nearby restaurants and found one with high ratings.
敘述	他敘述了經過。	He told what happened.
敘述	請簡單敘述一下事情發生的經過，我再通知相關的同事。	Please briefly describe what happened and I'll notify the relevant colleagues.
日益	問題日益嚴重。	The problem is getting worse by the day.
日益	隨著物價日益上漲，很多家庭開始學著精打細算過日子。	As prices keep rising, many families are learning to budget carefully.
暫停	請暫停一下。	Please pause for a moment.
暫停	因為設備維修，本店的外送服務暫停到下週一。	Due to equipment repairs, our delivery service is suspended until next Monday.
本國	本國的學生很多。	There are many local students.
本國	本國的農產品品質很好，所以出口到許多國家。	Our country's agricultural products are of good quality and exported to many countries.
極大	影響極大。	The impact is huge.
極大	這個決定對公司的未來有極大的影響，不能隨便做。	This decision has an enormous effect on the company's future and can't be made casually.
正如	正如你所說。	Just as you said.
正如	正如大家所預料的，這次的比賽結果由經驗豐富的老將獲勝。	Just as everyone expected, the veteran won this competition.
水果	我愛吃水果。	I love eating fruit.
水果	市場裡的水果又新鮮又便宜，我每次都會買一大袋回家。	The fruit at the market is fresh and cheap, and I buy a big bag every time.
洞	地上有一個洞。	There's a hole in the ground.
洞	我的襪子破了一個洞，腳趾都跑出來了，只好換新的。	My sock has a hole and my toes are poking out, so I had to get a new pair.
源	水源很乾淨。	The water source is clean.
源	這條河是附近農田的水源，所以政府很重視它的水質。	This river is the water source for nearby farmland, so the government values its water quality.
熱愛	我熱愛音樂。	I love music.
熱愛	她熱愛攝影，每個週末都帶著相機到山上拍日出。	She loves photography and takes her camera up the mountains every weekend for sunrise.
特性	這種植物有特性。	This plant has special properties.
特性	每種材料都有不同的特性，選對材料才能做出好用的杯子。	Each material has different properties, and you need the right one to make a useful cup.
現狀	現狀不錯。	The current situation is fine.
現狀	我不滿足於現狀，所以決定下班後去學一門新的技術。	I'm not satisfied with the status quo, so I decided to learn a new skill after work.
留言	請留言給我。	Please leave me a message.
留言	你可以在我的貼文下面留言，我看到就會回覆你。	You can leave a comment under my post, and I'll reply when I see it.
白人	那個白人很高。	That white man is tall.
白人	我們社區新搬來一戶白人家庭，小孩的中文講得比我還標準。	A white family moved into our neighborhood, and their kids speak more standard Chinese than me.
目錄	請看目錄。	Please look at the table of contents.
目錄	翻開目錄就能找到各章的標題和頁碼，非常方便。	Flip to the table of contents to find each chapter's title and page number, very handy.
碰	別碰那個！	Don't touch that!
碰	我在街上碰到小學同學，兩個人站著聊了半天。	I ran into an elementary school classmate on the street, and we stood chatting for ages.
穀	這是穀物。	This is grain.
穀	早餐吃穀物片加牛奶，營養均衡，又不用花時間準備。	Cereal with milk for breakfast is balanced and takes no time to prepare.
管轄	這歸他管轄。	This is under his jurisdiction.
管轄	這個地區由新北市政府管轄，有問題可以打電話到區公所詢問。	This area is administered by New Taipei City, and you can phone the district office with questions.
糟糕	糟糕！我忘了！	Oh no! I forgot!
糟糕	糟糕，鑰匙放在公司了，我只好請室友下班回來幫我開門。	Oh no, I left my keys at the office, so I had to ask my roommate to let me in when he got home.
綁	請綁好鞋帶。	Please tie your shoelaces.
綁	她出門前把頭髮綁成馬尾，這樣騎車比較不會被風吹亂。	Before leaving she tied her hair in a ponytail so the wind wouldn't mess it up on her ride.
總數	總數是一百個。	The total is a hundred.
總數	今天來參加活動的人總數超過三百人，比預期多了一倍。	The total attendance at today's event exceeded three hundred, double what was expected.
考核	每年都有考核。	There's an assessment every year.
考核	新進員工要經過三個月的考核，才能正式成為公司的一份子。	New employees go through a three-month evaluation before officially joining the company.
舔	小狗在舔我的手。	The puppy is licking my hand.
舔	小朋友邊走邊舔冰淇淋，結果滴得整件衣服都是。	The kid licked an ice cream while walking and dripped it all over his shirt.
蒐	他喜歡蒐集郵票。	He likes collecting stamps.
蒐	警方正在蒐證，希望盡快找到犯人，還給受害者一個公道。	Police are gathering evidence in the hope of quickly finding the culprit and doing justice for the victim.
被告	被告不在場。	The defendant isn't present.
被告	法庭上，被告的律師提出新的證據，希望法官重新考慮。	In court, the defendant's lawyer presented new evidence, hoping the judge would reconsider.
設定	請設定鬧鐘。	Please set an alarm.
設定	我把手機設定成靜音，免得開會的時候被來電打擾。	I set my phone to silent so calls won't interrupt the meeting.
調節	請調節溫度。	Please adjust the temperature.
調節	冷氣的溫度可以自己調節，不過設定在二十六度比較省電。	You can adjust the AC temperature yourself, but 26 degrees saves more power.
讚	我給你按讚。	I'll give you a like.
讚	朋友發了出遊的照片，我看了好羨慕，馬上按了一個讚。	My friend posted trip photos, and I was so envious and immediately liked them.
賦予	老師賦予他重任。	The teacher entrusted him with an important task.
賦予	這項新法律賦予民眾更多權利，可以直接向政府提出意見。	This new law gives citizens more rights to voice opinions directly to the government.
踢	他在踢球。	He's kicking a ball.
踢	每週六早上，我們幾個朋友都會約在河濱公園踢足球。	Every Saturday morning, a few friends and I meet at the riverside park to play soccer.
迫使	壓力迫使他改變。	Pressure forced him to change.
迫使	物價上漲迫使很多家庭減少外食，改成自己煮飯。	Rising prices forced many families to eat out less and cook at home.
進而	先學好字，進而學句子。	Master characters first, and then sentences.
進而	多參加社團活動可以認識新朋友，進而擴大自己的生活圈。	Joining club activities lets you meet new friends and, in turn, widen your social circle.
邊緣	走在懸崖邊緣。	Walking on the cliff's edge.
邊緣	他站在懸崖邊緣往下看，腿不由自主地發抖。	He stood on the cliff's edge looking down, his legs trembling uncontrollably.
門口	他站在門口。	He's standing at the door.
門口	我先在大樓門口等你，你到了再傳訊息給我。	I'll wait for you at the building entrance. Message me when you arrive.
雨	外面下雨了。	It's raining outside.
雨	這場雨下了一整天，後院的菜園被淋得又濕又泥濘。	The rain went on all day and the back garden got wet and muddy.
頓	我吃了一頓好料。	I had a good meal.
頓	今天辛苦了，晚上我請你吃一頓大餐，好好犒賞自己。	You've worked hard today. I'll treat you to a big dinner tonight as a reward.
首頁	請回首頁。	Please go back to the home page.
首頁	這個網站的首頁設計得很簡單，一眼就能找到想要的功能。	The site's home page is simple, and you can find what you want at a glance.
鬆	繩子鬆了。	The rope came loose.
鬆	運動完把肌肉放鬆，再喝點水，隔天比較不會痠痛。	After exercise relax your muscles and drink some water so they ache less the next day.
一遍	請再說一遍。	Please say it once more.
一遍	這首歌我已經聽了十遍，歌詞還是記不住。	I've listened to this song ten times and still can't remember the lyrics.
不在乎	他不在乎。	He doesn't care.
不在乎	她說她不在乎別人的看法，只想做自己喜歡的事情。	She said she doesn't care what others think and just wants to do what she likes.
中斷	電話中斷了。	The call was cut off.
中斷	颱風造成山區供電中斷，居民點蠟燭度過了一整晚。	The typhoon cut off power in the mountains, and residents spent the night by candlelight.
人民政府	新聞說人民政府發布公告。	The news said the people's government issued an announcement.
修正	請修正錯字。	Please correct the typo.
修正	老師把我的作文修正了幾個地方，讓句子讀起來更順。	The teacher revised a few places in my essay so the sentences read more smoothly.
偶爾	我偶爾運動。	I exercise occasionally.
偶爾	偶爾下班後，我會一個人去河邊走走，放空腦袋。	Once in a while after work I go for a walk by the river alone and clear my mind.
優點	他有很多優點。	He has many strengths.
優點	這間房子的優點是離捷運站近，缺點是附近比較吵。	This house's advantage is its closeness to an MRT station, and the drawback is the noise.
公約	大家要遵守公約。	Everyone must follow the convention.
公約	社區住戶公約規定晚上十點後不能大聲喧嘩，也不能在走廊堆放雜物。	The residents' rules ban loud noise after 10 p.m. and clutter in corridors.
切	請切蛋糕。	Please cut the cake.
切	我把西瓜切成小塊放進冰箱，這樣大家想吃的時候就可以拿。	I cut the watermelon into pieces and put it in the fridge so everyone can grab some.
剝削	這是剝削。	This is exploitation.
剝削	新聞報導有些工廠剝削外籍勞工，讓他們長時間工作卻拿很少薪水。	The news reports some factories exploiting migrant workers, making them work long hours for low pay.
勒	他被勒索了。	He was extorted.
勒	詐騙集團以裸照勒索被害人，警方呼籲民眾提高警覺。	A scam ring extorted victims with nude photos, and police urge the public to be vigilant.
即便	即便下雨也去。	We'll go even if it rains.
即便	即便工作再忙，我也會盡量抽時間陪孩子吃晚餐。	Even when work is really busy, I try to make time to eat dinner with my kids.
史上	這是史上最冷的冬天。	This is the coldest winter in history.
史上	這部電影被稱為史上最賣座的國片，連我阿嬤都去看了。	This movie is called the highest-grossing local film ever, and even my grandma went to see it.
同胞	他是我的同胞。	He is my compatriot.
同胞	颱風過後，各地同胞紛紛捐款，幫助受災的家庭重建家園。	After the typhoon, compatriots everywhere donated money to help affected families rebuild.
告知	請告知結果。	Please let me know the result.
告知	醫院已告知家屬病人目前狀況穩定，不需要太擔心。	The hospital has informed the family that the patient is stable and there's no need to worry.
喂	喂，你好。	Hello, hi there.
喂	喂，請問王先生在嗎？我是他同事，想問一下開會的時間。	Hello, is Mr. Wang in? I'm his colleague and I'd like to ask about the meeting time.
國產	這是國產車。	This is a locally made car.
國產	我比較喜歡買國產的牛奶，因為比較新鮮，價格也合理。	I prefer buying domestic milk because it's fresher and reasonably priced.
堂	我今天有三堂課。	I have three classes today.
堂	這座廟的正堂很莊嚴，過年時有很多人來祈福。	The main hall of this temple is solemn, and many come to pray for blessings at New Year.
增	最近體重增加了。	I gained weight recently.
增	為了增加收入，他下班後還去超商打工，常常忙到半夜。	To earn more, he also works part-time at a convenience store after work, often busy till midnight.
大廈	那棟大廈很高。	That building is tall.
大廈	這棟大廈有二十層樓，裡面有很多公司，還有一家便利商店。	This tower has twenty floors with many companies and a convenience store.
奇蹟	這是個奇蹟。	This is a miracle.
奇蹟	醫生都說沒有希望了，沒想到他竟然奇蹟似地康復了。	The doctors all said there was no hope, but he made a miraculous recovery.
姓	你姓什麼？	What's your surname?
姓	我姓陳，是台灣最常見的姓氏之一，一個班上常常有好幾個人姓陳。	My surname is Chen, one of the most common in Taiwan, and a class often has several Chens.
學歷	他的學歷很高。	He has a high educational background.
學歷	這份工作不看學歷，只要有經驗、肯學習就可以應徵。	This job doesn't look at degrees. Anyone with experience and a willingness to learn can apply.
寄	我去寄信。	I'm going to mail a letter.
寄	我把生日禮物寄到外婆家，她收到後高興得打電話來謝謝我。	I mailed the birthday gift to Grandma's, and she was so happy she phoned to thank me.
射擊	他在練習射擊。	He's practicing shooting.
射擊	在奧運射擊項目中，選手要保持冷靜，才能打出好成績。	In Olympic shooting events, athletes must stay calm to score well.
尷尬	場面很尷尬。	The situation is awkward.
尷尬	我在電梯裡認錯人，打了招呼才發現不是同事，真的好尷尬。	I mistook a stranger in the elevator for a colleague and said hi, which was so awkward.
崩潰	我快崩潰了。	I'm about to crack.
崩潰	連續加班一個月，他終於崩潰，在辦公室裡大哭了一場。	After a month of overtime, he finally broke down and cried in the office.
常委	他是常委。	He's a standing committee member.
常委	這次會議由黨內的常委們共同討論，再決定是否通過這項提案。	The party's standing committee members will jointly discuss and then decide whether to pass the proposal.
廚房	廚房裡有人在煮飯。	Someone is cooking in the kitchen.
廚房	我們家的廚房很小，所以爸爸一次只能煮兩道菜。	Our kitchen is small, so Dad can only cook two dishes at a time.
影	地上有一個影子。	There's a shadow on the ground.
影	他的身影消失在人群中，我追了半天還是沒找到他。	His figure vanished into the crowd, and I chased for ages without finding him.
徵	這家店在徵人。	This shop is hiring.
徵	公司正在徵求志工，協助下週的公益活動，歡迎大家踴躍報名。	The company is seeking volunteers for next week's charity event. Everyone is welcome to sign up.
意志	他的意志很強。	He has a strong will.
意志	要戒菸需要很強的意志力，他試了三次才成功。	Quitting smoking takes strong willpower, and he succeeded on his third try.
截止	報名已截止。	Registration has closed.
截止	這次比賽的報名截止日期是下個月五號，請大家把握時間。	Registration for this contest closes on the fifth of next month, so please be quick.
扔	別亂扔垃圾。	Don't throw trash around.
扔	他把用不到的舊玩具扔進回收箱，房間一下子清爽多了。	He threw old toys he no longer used into the recycling bin, and the room felt much fresher.
抵抗	要抵抗誘惑。	You must resist temptation.
抵抗	多運動、多睡覺，可以增加身體的抵抗力，不容易感冒。	Exercising and sleeping more boost your body's resistance so you catch colds less.
指南	這是旅遊指南。	This is a travel guide.
指南	這本咖啡指南介紹了台北三十家特色咖啡店，我打算一家一家去逛。	This coffee guide covers thirty distinctive cafes in Taipei, and I plan to visit them one by one.
提交	請提交報告。	Please submit the report.
提交	申請表格要在這個星期五之前提交，晚了就不受理了。	The application form must be submitted by this Friday, and late ones won't be accepted.
攝影師	他是攝影師。	He is a photographer.
攝影師	婚禮上的攝影師跟拍了一整天，拍下很多感人的畫面。	The wedding photographer shot all day and captured many touching moments.
敵	他是我的敵人。	He is my enemy.
敵	這支球隊實力很強，我們根本不是他們的敵手。	This team is strong, and we're no match for them.
早晨	早晨的空氣很新鮮。	The morning air is fresh.
早晨	每天早晨，公園裡都有很多老人在打太極拳。	Every morning, lots of older people practice tai chi in the park.
曬	衣服在曬太陽。	The clothes are drying in the sun.
曬	今天天氣很好，我把棉被拿到陽台曬一曬，晚上睡起來會更香。	The weather's great today, so I air the quilt on the balcony, and it'll smell fresher tonight.
有力	他的聲音很有力。	His voice is powerful.
有力	老師用有力的證據說明了這個理論，同學們都被說服了。	The teacher explained the theory with strong evidence, and the students were convinced.
木	這張桌子是木頭做的。	This table is made of wood.
木	木製的玩具摸起來很溫暖，小朋友玩久了也不容易受傷。	Wooden toys feel warm to the touch, and kids are less likely to get hurt playing with them.
業績	他的業績很好。	His sales performance is good.
業績	這個月的業績比上個月成長了兩成，全公司都很開心。	This month's performance grew twenty percent over last month, and the whole company is happy.
標籤	我貼了標籤。	I put a label on it.
標籤	每個瓶子上都貼著標籤，寫著日期和裡面的食材。	Each jar has a label with the date and ingredients.
步驟	請照步驟做。	Please follow the steps.
步驟	組裝書架一共有五個步驟，只要照著圖片做就不會出錯。	Assembling the bookshelf takes five steps, and you won't go wrong if you follow the pictures.
每週	我每週運動兩次。	I exercise twice a week.
每週	我每週都會打電話回家，跟爸媽報告最近的生活。	Every week I call home to update my parents on my life.
沒用	這個東西沒用。	This thing is useless.
沒用	哭也沒用，事情已經發生了，我們想想辦法吧。	Crying is useless. It's happened already, so let's think of a solution.
泡	我來泡茶。	I'll make some tea.
泡	我每天晚上睡前都會泡腳，水溫不能太燙，大約四十度剛好。	Every night before bed I soak my feet, and the water shouldn't be too hot, about forty degrees is right.
海拔	山的海拔很高。	The mountain's elevation is high.
海拔	玉山的海拔將近四千公尺，是台灣最高的山。	Yushan is nearly four thousand meters above sea level, the highest mountain in Taiwan.
減輕	請減輕負擔。	Please lighten the burden.
減輕	幫忙分擔家事可以減輕媽媽的負擔，她才有時間休息。	Sharing the housework lightens Mom's load so she has time to rest.
漲	物價又漲了。	Prices have gone up again.
漲	最近蔬菜價格漲了不少，一把青菜要賣五十塊。	Vegetable prices have risen a lot, and a bunch of greens costs fifty dollars.
炸	我炸了雞腿。	I fried a drumstick.
炸	週末爸爸在家炸薯條和雞塊給我們吃，整個廚房都是香味。	On the weekend Dad deep-fried fries and nuggets for us, and the kitchen smelled great.
煮	我來煮飯。	I'll cook.
煮	媽媽煮了一鍋湯，等大家回家就可以喝了。	Mom cooked a pot of soup, ready for everyone when they get home.
營養	這個很營養。	This is very nutritious.
營養	小孩子需要均衡的營養，所以不能只吃零食，也要多吃蔬菜。	Kids need balanced nutrition, so they can't live on snacks and need more vegetables.
特權	他享有特權。	He enjoys privileges.
特權	有些人以為有錢就能擁有特權，卻忘了要遵守公共秩序。	Some think money buys privilege and forget to follow public order.
王朝	這是一個古老的王朝。	This is an ancient dynasty.
王朝	這個王朝統治了三百多年，留下了許多壯觀的建築。	This dynasty ruled for over three hundred years and left many magnificent buildings.
由此	由此可知。	From this we can tell.
由此	由此可見，習慣的養成需要時間，不能期待一個晚上就改變。	From this we see habits take time to form and can't be expected to change overnight.
當成	別把我當成外人。	Don't treat me like an outsider.
當成	他把這次失敗當成學習的機會，沒有因此灰心。	He treated this failure as a chance to learn and wasn't discouraged.
發布會	明天有發布會。	There's a launch event tomorrow.
發布會	這家公司明天舉行新手機發布會，很多科技記者都會到場。	This company holds a new phone launch tomorrow, and many tech reporters will attend.
監察	他負責監察。	He's in charge of oversight.
監察	監察委員會會調查官員有沒有違法，並向社會公布結果。	The Control Commission investigates whether officials broke the law and publishes the results.
眼中	在孩子眼中，爸爸是英雄。	In a child's eyes, Dad is a hero.
眼中	在她眼中，這隻小狗不只是寵物，而是家人。	In her eyes, this puppy is not just a pet but family.
砸	別砸東西。	Don't smash things.
砸	他生氣地把手機砸在地上，螢幕馬上碎成一片。	He angrily smashed his phone on the ground, and the screen shattered instantly.
祭	我們去祭祖。	We're going to honor our ancestors.
祭	清明節時全家人會一起去掃墓，準備水果和鮮花祭拜祖先。	At Tomb Sweeping Day the whole family visits graves and offers fruit and flowers to ancestors.
稱呼	我該怎麼稱呼你？	What should I call you?
稱呼	在台灣，對長輩要用適當的稱呼，直接叫名字會不太禮貌。	In Taiwan you should use proper forms of address for elders, and calling them by name is impolite.
筆者	筆者認為這很重要。	The author thinks this is important.
筆者	筆者在台灣住了五年，深深體會到鄰里之間的人情味。	The writer has lived in Taiwan five years and deeply felt the warmth among neighbors.
級別	這個級別很高。	This level is high.
級別	這場比賽按照年齡分成不同級別，讓每個人都有機會得獎。	The competition is divided into levels by age so everyone has a chance to win.
網民	網民都在討論。	Netizens are all discussing it.
網民	這則影片上傳後，不少網民留言表示被感動了。	After the video was uploaded, many netizens commented that they were moved.
總經理	他是總經理。	He's the general manager.
總經理	總經理親自到工廠巡視，並和第一線員工聊了很久。	The general manager visited the factory in person and chatted with frontline workers for a long time.
罷了	我只是說說罷了。	I was just saying.
罷了	他只是開個玩笑罷了，你不用這麼認真，更不必生氣。	He was just joking, so no need to take it so seriously, let alone get angry.
聚集	大家聚集在廣場。	Everyone gathered in the square.
聚集	下班時間，捷運站口聚集了許多人，有的在等朋友，有的在滑手機。	At rush hour many people gather at the MRT exit, some waiting for friends, some on phones.
腦子	你動動腦子。	Use your brain.
腦子	熬夜了一整晚，我現在腦子一片空白，什麼都想不起來。	After staying up all night, my mind is blank and I can't remember anything.
航班	這個航班延誤了。	This flight is delayed.
航班	由於濃霧，今天上午有十幾個航班取消，旅客只能改搭下午的班機。	Due to heavy fog, a dozen flights were cancelled this morning, and passengers had to take afternoon ones.
萬歲	祝你生日快樂，萬歲！	Happy birthday, hooray!
萬歲	比賽結束後，球迷們一起高喊「台灣萬歲」，場面十分感人。	After the game, fans shouted "Long live Taiwan" together, a very moving scene.
虐待	不要虐待動物。	Don't abuse animals.
虐待	新聞報導有人虐待流浪狗，警方已經介入調查。	News reported someone abusing stray dogs, and police have started an investigation.
補	我去補習。	I'm going to cram school.
補	他的褲子破了，奶奶拿針線幫他補了一個可愛的小圖案。	His pants tore, and Grandma patched them with a cute little pattern using needle and thread.
診斷	醫生正在診斷。	The doctor is making a diagnosis.
診斷	醫生診斷他是輕微的腸胃炎，開了三天的藥，叫他多休息。	The doctor diagnosed mild gastroenteritis, prescribed three days of medicine, and told him to rest.
謊言	那是個謊言。	That was a lie.
謊言	謊言說多了，連自己都分不清楚哪些是真的，哪些是假的。	After telling enough lies, you can't tell which parts are true and which are false.
變動	計畫有變動。	The plan has changed.
變動	航班時間偶爾會有變動，出發前請先上網確認。	Flight times sometimes change, so confirm online before departure.
賭場	他去賭場。	He went to a casino.
賭場	朋友去澳門的賭場玩了一晚，輸掉一個月的薪水，後悔得不得了。	My friend gambled a night at a casino in Macau, lost a month's salary, and regrets it deeply.
足以	這些足以證明。	This is enough to prove it.
足以	他現在的存款足以支付三個月的生活費，所以不用太擔心。	His savings are enough to cover three months of living costs, so he needn't worry too much.
軍官	他是軍官。	He is a military officer.
軍官	這位退役軍官每天早上都在公園帶領大家做體操。	This retired officer leads everyone in morning exercises at the park every day.
農	我爺爺是農夫。	My grandpa is a farmer.
農	雲林有很多農田，農民們在春天忙著插秧，夏天則忙著收成。	Yunlin has lots of farmland, and farmers plant rice in spring and harvest in summer.
進化	動物會進化。	Animals evolve.
進化	手機從最早的大哥大進化成現在的智慧型手機，速度快得驚人。	Phones have evolved from early bricks into today's smartphones at an astonishing speed.
邦	這是個友邦。	This is a friendly nation.
邦	台灣目前有十幾個邦交國，外交人員常常出國訪問。	Taiwan currently has a dozen or so diplomatic allies, and diplomats often go abroad on visits.
采	他精神很有神采。	He looks full of spirit.
采	昨天的球賽非常精采，最後一分鐘才逆轉得分，大家都喊得好大聲。	Yesterday's game was fantastic, with a turnaround in the last minute, and everyone shouted loudly.
開會	我現在在開會。	I'm in a meeting right now.
開會	每週一早上十點全公司要開會，大家要先準備好自己的報告。	The whole company has a meeting every Monday at ten, and everyone must prepare their reports.
防禦	我們要防禦。	We have to defend.
防禦	這種病毒入侵時，身體的防禦系統會先啟動，所以要多睡覺。	When this virus invades, the body's defense system kicks in, so get more sleep.
階層	社會有不同階層。	Society has different classes.
階層	不同階層的家庭，孩子能得到的教育資源常常差別很大。	Children from families of different social classes often get very different educational resources.
雪	山上下雪了。	It snowed on the mountain.
雪	合歡山冬天偶爾會下雪，週末很多人開車上山，想看看雪景。	Hehuanshan sometimes gets snow in winter, and many people drive up on weekends to see it.
順序	請按順序排隊。	Please line up in order.
順序	這些步驟的順序不能亂，要先洗菜再切菜，最後才下鍋。	The order of these steps can't be mixed up: wash, then cut, then cook.
顯著	效果很顯著。	The effect is remarkable.
顯著	運動三個月後，他的體力有顯著的進步，爬樓梯也不喘了。	After three months of exercise his stamina improved markedly, and he doesn't pant on stairs.
馬克	德國以前用馬克。	Germany used to use the mark.
馬克	爺爺有一枚舊的德國馬克硬幣，他說那是年輕時出國帶回來的紀念品。	Grandpa has an old German mark coin, a souvenir he brought back from abroad when young.
高清	這是高清電視。	This is an HD TV.
高清	我換了一台高清電視，連球員臉上的汗水都看得一清二楚。	I got an HD TV, and I can see even the sweat on the players' faces.
麵包	我吃了麵包。	I ate some bread.
麵包	巷口的麵包店早上六點就開門，剛出爐的吐司香得讓人睡不著。	The bakery at the end of the alley opens at six, and the fresh toast smells too good to sleep through.
一向	他一向很準時。	He's always been punctual.
一向	我媽一向很節省，連一張紙都捨不得浪費。	My mom has always been thrifty and hates to waste even a sheet of paper.
上訴	他決定上訴。	He decided to appeal.
上訴	法院判他有罪，律師說他們打算向高等法院上訴。	The court found him guilty, and the lawyer said they plan to appeal to the High Court.
不當	這樣做不當。	Doing it this way is improper.
不當	他在會議上的不當發言引起同事不滿，隔天就向大家道歉了。	His inappropriate remarks at the meeting upset colleagues, and he apologized the next day.
也就是說	也就是說，你不來了。	So, you're not coming.
也就是說	這份保單的期限是十年，也就是說到二○三六年才會到期。	This policy runs for ten years, meaning it expires in 2036.
人格	他的人格很高尚。	He has a noble character.
人格	尊重別人的人格是做人的基本原則，不能隨便批評或嘲笑。	Respecting others' dignity is a basic principle, and you shouldn't criticize or mock carelessly.
似	他們兩個似乎累了。	They both seem tired.
似	這朵雲看起來似一隻小兔子，小朋友看了都笑了。	This cloud looks like a little rabbit, and the kids laughed when they saw it.
信念	他有堅定的信念。	He has firm conviction.
信念	她始終抱著「努力不會白費」的信念，終於考上了理想的學校。	She always held the belief that effort won't be wasted, and finally got into her dream school.
傳輸	資料傳輸成功。	The data transfer succeeded.
傳輸	網路不穩的時候，檔案傳輸會很慢，有時還會中斷。	When the network is unstable, file transfer is slow and sometimes cuts off.
先前	先前的事不要提了。	Let's not mention what happened before.
先前	我先前在別家公司上班，現在才換到這裡不到半年。	I worked at another company before, and I only moved here less than half a year ago.
公益	他很熱心公益。	He's keen on charity work.
公益	很多大學生利用寒假參加公益活動，到偏鄉教小朋友讀書。	Many college students take part in charity events during winter break, teaching children in remote villages.
出國	我想出國玩。	I want to travel abroad.
出國	出國前要先確認護照有沒有過期，還要買好旅遊保險。	Before going abroad, check that your passport hasn't expired and buy travel insurance.
分歧	我們有分歧。	We have a disagreement.
分歧	兩位股東對公司的未來方向有分歧，會議開了三個小時還沒結論。	The two shareholders disagree on the company's direction, and after three hours there was no conclusion.
創始人	他是創始人。	He's the founder.
創始人	這家連鎖咖啡店的創始人，最早是在路邊擺攤賣咖啡起家的。	The founder of this coffee chain started out selling coffee from a roadside stall.
勸	請不要勸我。	Please don't try to persuade me.
勸	朋友勸我不要熬夜，不然對身體不好，我決定今天早點睡。	My friend urged me not to stay up late for my health, so I decided to sleep early today.
半個	我吃半個蘋果。	I'll eat half an apple.
半個	這個計畫我們只花了半個月就完成了，比預期快很多。	We finished this project in just half a month, much faster than expected.
反思	我需要反思。	I need to reflect.
反思	比賽輸了之後，教練要求大家反思，哪裡可以做得更好。	After losing, the coach asked everyone to reflect on what they could do better.
吾	吾輩讀書人，理當以天下為己任。	We scholars should take the world's affairs as our own duty.
啟發	這本書啟發了我。	This book inspired me.
啟發	老師的一番話啟發了我，讓我重新思考自己想走的路。	A few words from my teacher inspired me to rethink the path I want to take.
嚴	老師很嚴。	The teacher is strict.
嚴	這個社區的門禁很嚴，沒有登記的訪客不能進來。	This community has strict access control, and unregistered visitors can't enter.
國籍	你是什麼國籍？	What's your nationality?
國籍	填寫表格時，請在國籍欄寫上你護照上的國家。	When filling out the form, write the country on your passport in the nationality box.
型號	這是新型號。	This is a new model.
型號	請告訴我你手機的型號，我才能幫你找到合適的保護殼。	Tell me your phone model so I can find a suitable case for you.
墓	這是他的墓。	This is his grave.
墓	清明節的時候，全家人會去山上的墓地掃墓，帶著鮮花和水果。	At Tomb Sweeping Day, the family visits the hillside cemetery with flowers and fruit.
大氣	大氣很乾淨。	The air is clean.
大氣	這件外套設計得很大氣，穿起來有質感，也不容易過時。	This jacket has an elegant design, looks high-quality, and won't go out of style easily.
好評	這家店獲得好評。	This shop got good reviews.
好評	這部電影上映後獲得觀眾一致好評，連續三週都是票房冠軍。	After its release, the film got unanimous praise from audiences and topped the box office three weeks.
嫁	她要嫁人了。	She's getting married.
嫁	姊姊下個月要嫁到台南，我們全家都為她高興，也有點捨不得。	My sister marries into a family in Tainan next month, and we're all happy for her but also a bit sad.
完畢	準備完畢。	Preparation complete.
完畢	所有資料檢查完畢後，請把檔案存好，再傳給主管確認。	After all data has been checked, save the file and send it to your supervisor.
實時	實時更新。	Updated in real time.
實時	這個app可以實時顯示公車的位置，讓你不用在站牌下苦等。	This app shows bus locations in real time, so you don't have to wait at the stop.
封面	這本書封面很漂亮。	This book's cover is pretty.
封面	雜誌封面是一位年輕的運動員，標題寫著「挑戰極限」。	The magazine cover shows a young athlete, with a headline reading "Challenging Limits."
尺寸	尺寸合適嗎？	Is the size right?
尺寸	網購衣服前，一定要先量好自己的尺寸，才不會買到不合身的。	Before buying clothes online, measure yourself so you don't buy something that doesn't fit.
左派	他是左派。	He's a leftist.
左派	這位教授被認為是左派學者，常在報紙上寫文章批評市場自由化。	The professor is considered a leftist scholar and often writes newspaper articles criticizing market liberalization.
帶走	請不要帶走。	Please don't take it away.
帶走	離開教室前，請把自己的東西帶走，垃圾也一起帶走。	Before leaving the classroom, take your belongings and your trash with you.
廟	村口有座廟。	There's a temple at the village entrance.
廟	我媽每個月初一、十五都會去附近的廟拜拜，保佑全家平安。	On the first and fifteenth of each month, my mom goes to the nearby temple to pray for family safety.
影音	我喜歡影音平台。	I like video platforms.
影音	這個影音平台的內容很豐富，從電影到紀錄片都找得到。	This video platform has rich content, from movies to documentaries.
忍不住	我忍不住笑了。	I couldn't help laughing.
忍不住	看到蛋糕店櫥窗裡的草莓蛋糕，我忍不住走進去買了一塊。	Seeing the strawberry cake in the bakery window, I couldn't help going in to buy a slice.
惡劣	天氣很惡劣。	The weather is terrible.
惡劣	颱風帶來惡劣的天氣，所以今天所有的戶外活動都取消了。	The typhoon brought terrible weather, so all outdoor events today were cancelled.
感興趣	我對音樂感興趣。	I'm interested in music.
感興趣	如果你對手作課感興趣，可以來參加我們這週六的體驗活動。	If you're interested in handicraft classes, come to our trial event this Saturday.
找出	請找出答案。	Please find the answer.
找出	工程師花了一個下午才找出程式出錯的原因，原來只是少了一個符號。	The engineer spent an afternoon to find what caused the error: just a missing symbol.
拼	我們一起拼圖。	Let's do a puzzle together.
拼	為了考上理想的學校，他每天拼命念書，連週末也不休息。	To get into his dream school, he studies like mad every day, even on weekends.
接待	我來接待客人。	I'll receive the guests.
接待	飯店櫃檯的接待人員很親切，還主動幫我們叫計程車。	The hotel front desk staff were friendly and called a taxi for us on their own.
搭配	這兩件很搭配。	These two go well together.
搭配	這條白色圍巾搭配深色大衣，看起來很有層次，也很保暖。	This white scarf with a dark coat looks layered and keeps you warm.
操縱	他在操縱機器。	He's operating the machine.
操縱	有人懷疑比賽被人暗中操縱，所以聯盟決定展開調查。	Some suspect the match was secretly rigged, so the league decided to investigate.
改名	我想改名。	I want to change my name.
改名	這家餐廳換了老闆之後改名了，但是招牌菜還是一樣好吃。	This restaurant changed its name after changing owners, but the signature dishes are just as good.
整天	我整天都在忙。	I'm busy all day.
整天	下了整天的雨，我只好待在家裡看影集和打掃房間。	It rained all day, so I stayed home watching shows and cleaning.
施	政府正在施工。	The government is carrying out construction.
施	這條路從上個月開始施工，所以早上通勤都要多花二十分鐘。	Construction on this road started last month, so my morning commute takes an extra twenty minutes.
景點	這是熱門景點。	This is a popular attraction.
景點	九份是很熱門的景點，假日一到就擠滿了遊客，建議平日去。	Jiufen is a very popular attraction, packed on holidays, so I suggest going on weekdays.
有名	這家店很有名。	This shop is famous.
有名	鼎泰豐的小籠包很有名，不少外國觀光客特地來排隊。	Din Tai Fung's xiaolongbao is famous, and many foreign tourists line up specially.
校	請去學校。	Please go to school.
校	校慶那天，全校師生都會在操場上表演，還會有園遊會。	On school anniversary day, all teachers and students perform on the field, with a bazaar.
榜	榜單出來了。	The list is out.
榜	大學放榜那天，我們全家守在電腦前，緊張得連飯都吃不下。	On university admission results day, our whole family gathered at the computer, too nervous to eat.
次數	次數很多。	The number of times is large.
次數	最近我去健身房的次數越來越少，體重又開始上升了。	I've been going to the gym less and less, and my weight is rising again.
死去	那隻鳥死去了。	That bird died.
死去	小時候養的小狗死去那天，我哭了一整個晚上。	The day my childhood puppy died, I cried all night.
洪水	洪水來了。	The flood is here.
洪水	大雨過後洪水淹沒了道路，居民被迫撤離到附近的學校。	After heavy rain, floods submerged the road, and residents had to evacuate to a nearby school.
涉嫌	他涉嫌詐騙。	He's suspected of fraud.
涉嫌	一名男子涉嫌酒駕撞傷路人，警方已將他送辦。	A man is suspected of drunk driving and injuring a pedestrian, and police have referred him to prosecutors.
清除	請清除垃圾。	Please clear the trash.
清除	雨季前要先清除水溝裡的落葉，才不會積水淹到街上。	Before the rainy season, clear the fallen leaves from the gutters so water won't flood the street.
濛	外面下著濛濛細雨。	A misty drizzle is falling outside.
濛	早晨的山上細雨濛濛，遠處的樹林像蓋了一層薄紗。	In the morning mist-like drizzle, the distant forest looks veiled in gauze.
烏	天上有烏雲。	There are dark clouds in the sky.
烏	烏鴉在電線桿上叫個不停，看起來快要下大雨了。	Crows keep cawing on the utility pole, and it looks like heavy rain is coming.
父	他是我的父親。	He is my father.
父	父親節那天，我們一家去餐廳吃飯，還送了爸爸一雙新球鞋。	On Father's Day we ate at a restaurant and gave Dad a new pair of sneakers.
狂	他笑得很狂。	He laughs wildly.
狂	颱風夜外面狂風大作，樹枝被吹得到處亂飛，大家都躲在家裡。	The wind raged outside on typhoon night, branches flew everywhere, and everyone stayed home.
生涯	這是他的職業生涯。	This is his professional career.
生涯	他的教書生涯長達三十年，退休時有很多學生來送花。	His teaching career lasted thirty years, and many students came to give flowers when he retired.
病例	這是新病例。	This is a new case.
病例	衛生局今天通報兩例新病例，都是從國外回來的旅客。	The health bureau reported two new cases today, both travelers returning from abroad.
目光	大家看他的目光很溫暖。	Everyone looks at him warmly.
目光	她一出現，現場所有人的目光都被她吸引了過去。	When she appeared, everyone's gaze was drawn to her.
眼光	你的眼光真好。	You have good taste.
眼光	我姊挑東西的眼光很獨到，買的衣服都很好看又實穿。	My sister has a distinctive eye for choosing things, and her clothes are both pretty and practical.
社長	他是社長。	He's the club president.
社長	我們的攝影社社長每個月都會帶大家出去拍照，再一起討論。	Our photography club president takes everyone out to shoot each month and discuss the photos.
窗口	請到那個窗口。	Please go to that counter.
窗口	繳稅請到一樓的窗口辦理，辦完後記得保留收據。	Pay taxes at the first-floor counter and keep the receipt afterward.
範	他是我們的模範。	He's our role model.
範	這道題目有範例可以參考，照著做一遍就會了。	This problem has an example to refer to, and you'll get it by following along.
精確	數字很精確。	The numbers are precise.
精確	這台電子秤很精確，連一克的差別都量得出來。	This scale is very precise and can measure even a one-gram difference.
約會	我今晚有約會。	I have a date tonight.
約會	他們約會了三個月，今天終於決定要正式在一起。	They dated for three months and finally decided to be officially together today.
編寫	他在編寫程式。	He's writing a program.
編寫	這本字典是由十幾位老師花了五年時間編寫而成的。	This dictionary was compiled by a dozen teachers over five years.
罪名	罪名成立。	The charge was established.
罪名	他被控詐欺的罪名，最後因為證據不足而獲判無罪。	He was charged with fraud but found not guilty for lack of evidence.
考生	考生請入座。	Candidates, please be seated.
考生	大考當天，許多考生的家長都在校門口陪他們進場。	On exam day many candidates' parents accompanied them to the school gate.
肚子	我肚子餓了。	I'm hungry.
肚子	吃了太多冰以後，我的肚子一直痛，只好請假去看醫生。	After eating too much ice my stomach kept hurting, so I took leave to see a doctor.
臭	這個味道很臭。	This smells bad.
臭	我最怕臭豆腐的味道，但是我朋友超愛，每次逛夜市都要吃。	I hate the smell of stinky tofu, but my friend loves it and has it every time at the night market.
萬一	萬一下雨怎麼辦？	What if it rains?
萬一	出門前多帶一個行動電源，萬一手機沒電也不用擔心。	Take a power bank before leaving, just in case your phone dies.
虛假	這是虛假消息。	This is false information.
虛假	網路上有很多虛假廣告，買東西前要先確認商家的評價。	There are many fake ads online, so check seller reviews before buying.
複製	請複製這段文字。	Please copy this text.
複製	我把網址複製起來貼到訊息裡，這樣你點一下就可以進去了。	I copied the URL and pasted it into the message so you can click and open it.
觀光	我們去觀光。	We're going sightseeing.
觀光	台灣的觀光產業在疫情後慢慢恢復，各地民宿也開始客滿。	Taiwan's tourism industry gradually recovered after the pandemic, and guesthouses began to fill up.
認知	你的認知有誤。	Your understanding is mistaken.
認知	每個人對健康的認知不一樣，有人覺得多吃蔬菜，有人覺得多運動。	Everyone sees health differently: some think more vegetables, others more exercise.
變更	行程有變更。	The itinerary has changed.
變更	如需變更預約日期，請至少在三天前通知我們。	To change your booking date, please notify us at least three days in advance.
起飛	飛機起飛了。	The plane took off.
起飛	班機將在十分鐘後起飛，請旅客立即前往登機門。	The flight takes off in ten minutes. Passengers please go to the boarding gate now.
近年	近年來天氣變化很大。	Weather has changed a lot in recent years.
近年	近年台灣的咖啡文化很興盛，每條街上都有好幾間咖啡店。	In recent years Taiwan's coffee culture has flourished, with several cafes on every street.
遂	他遂決定離開。	He then decided to leave.
遂	他努力了十年，最後終於得償所願，遂在家鄉開了自己的店。	After ten years of work he finally got his wish and opened his own shop in his hometown.
遠遠	他遠遠地走來。	He's walking over from afar.
遠遠	我遠遠就看到你了，你站在路口揮手，我馬上就認出來。	I saw you from far away, waving at the intersection, and recognized you right away.
重要性	這件事有重要性。	This matter is of importance.
重要性	老師一直強調複習的重要性，因為不複習就會很快忘記。	The teacher keeps stressing the importance of review, since you forget quickly without it.
鑑定	專家正在鑑定。	The expert is appraising it.
鑑定	這幅畫經過專家鑑定，確定是真跡，價值上千萬。	After expert appraisal, this painting was confirmed authentic and is worth tens of millions.
關稅	關稅提高了。	Tariffs went up.
關稅	政府宣布調降部分進口水果的關稅，希望讓消費者買得更便宜。	The government announced lower tariffs on some imported fruit, hoping to make it cheaper for consumers.
隱私	我需要隱私。	I need privacy.
隱私	很多人擔心手機app會蒐集個人資料，所以特別注意隱私設定。	Many worry apps collect personal data, so they pay close attention to privacy settings.
面試	我明天要面試。	I have an interview tomorrow.
面試	面試時要穿得整齊，也要先查好公司的資料，才能回答問題。	Dress neatly at an interview and research the company first so you can answer questions.
頭部	頭部受傷了。	His head was injured.
頭部	騎車摔倒時，安全帽保護了他的頭部，所以他只受了輕傷。	When he fell off his scooter, the helmet protected his head, so he only had minor injuries.
驅動	電機驅動車輪。	A motor drives the wheels.
驅動	這台電動車用電池驅動，一次充電可以跑三百公里。	This electric car is battery-driven and goes three hundred kilometers on one charge.
鳳凰	鳳凰是神話中的鳥。	The phoenix is a mythical bird.
鳳凰	廟裡的屋頂上有龍和鳳凰的裝飾，細節非常精緻。	The temple roof is decorated with dragons and phoenixes in very fine detail.
一流	這是一流的餐廳。	This is a first-class restaurant.
一流	這家飯店的服務一流，房間乾淨舒適，早餐也很豐盛。	This hotel's service is first-rate, with clean comfortable rooms and a hearty breakfast.
上層	上層的空間比較大。	The upper level has more space.
上層	蛋糕上層是奶油，下層是水果，吃起來口感很豐富。	The cake's top layer is cream and the bottom is fruit, with a rich texture.
不及	我不及他。	I'm not as good as him.
不及	他跑得太慢，來不及搭上最後一班車，只好叫計程車回家。	He ran too slowly to catch the last bus and had to take a taxi home.
世界各地	世界各地都有人說中文。	People speak Chinese all over the world.
世界各地	世界各地的遊客湧入台灣，想親眼看看這裡的夜市和小吃。	Visitors from all over the world flock to Taiwan to see its night markets and snacks.
主播	她是新聞主播。	She's a news anchor.
主播	這位主播每晚準時出現在電視上，報導當天的重大新聞。	This anchor appears on TV every night on time to report the day's major news.
五十	這件五十元。	This costs fifty dollars.
五十	今年是我爸爸五十歲生日，我們打算全家一起出國慶祝。	This year is Dad's fiftieth birthday, and we plan to celebrate abroad as a family.
仍舊	他仍舊在等。	He's still waiting.
仍舊	搬家以後，我仍舊會回老家吃媽媽煮的菜，一個月至少一次。	After moving I still go back to eat Mom's cooking at least once a month.
佳	成績甚佳。	The grades are very good.
佳	他的表現極佳，所以被公司選為本季的最佳員工。	He performed excellently, so the company chose him as this quarter's best employee.
修建	他們在修建橋。	They're building a bridge.
修建	政府計畫在河邊修建一條自行車道，讓民眾可以安心騎車。	The government plans to build a bike path by the river so people can ride safely.
偵探	他是偵探。	He's a detective.
偵探	小時候我最愛看偵探小說，常常猜不到犯人是誰。	As a kid I loved detective novels and often couldn't guess the culprit.
傾斜	樹向左傾斜。	The tree leans to the left.
傾斜	地震之後，這棟老房子有點傾斜，居民都先搬到親戚家住。	After the earthquake, this old house tilted a little, and residents moved to relatives' homes.
光榮	這是光榮的事。	This is an honor.
光榮	能代表學校參加比賽，我覺得非常光榮，也特別緊張。	Representing the school in the competition feels like a great honor, and I'm especially nervous.
全長	橋的全長是一公里。	The bridge's total length is one kilometer.
全長	這條自行車道全長三十公里，沿途可以看到海景和稻田。	This bike path is thirty kilometers long, with sea views and rice fields along the way.
共同體	這是社區共同體。	This is a community.
共同體	鄰居們組成了一個共同體，一起種菜、分享食物，也互相照顧。	Neighbors formed a community, growing vegetables, sharing food and looking after each other.
出手	他出手很大方。	He spends generously.
出手	朋友出手相助，幫我度過了最困難的一個月，我很感謝他。	My friend lent a hand and helped me through my hardest month, and I'm grateful.
刑法	這是刑法的規定。	This is a provision of the criminal law.
刑法	依照刑法規定，酒後駕車如果造成他人受傷，最高可處五年徒刑。	Under the Criminal Code, drunk driving that injures others carries up to five years in prison.
制止	請制止他。	Please stop him.
制止	路人看到有人在欺負小孩，立刻上前制止，並報警處理。	A passer-by saw someone bullying a child, stepped in to stop it, and called the police.
劇場	我們去劇場。	We're going to the theater.
劇場	這間小劇場每個月都有不同的表演，票價便宜，很受學生歡迎。	This small theater has different shows every month at cheap prices, popular with students.
動蕩	局勢動蕩不安。	The situation is turbulent.
動蕩	經過動蕩的年代，老一輩的人特別珍惜現在安穩的生活。	Having lived through turbulent times, older folks cherish today's stable life.
卒	小兵卒子。	A common foot soldier.
卒	下象棋的時候，他寧可犧牲一個卒，也要保住自己的車。	In Chinese chess he'd rather sacrifice a pawn than lose his chariot.
原文	這是原文。	This is the original text.
原文	看翻譯版不如讀原文，因為有些幽默只有原文才懂。	Rather than reading the translation, read the original, since some humor is only understood in it.
反饋	請給我反饋。	Please give me feedback.
反饋	客人的反饋對我們很重要，我們會根據意見調整菜單。	Customer feedback matters to us, and we adjust the menu according to it.
口袋	我的口袋有錢。	There's money in my pocket.
口袋	他把鑰匙放進口袋，結果走路時一直發出叮叮噹噹的聲音。	He put his keys in his pocket, and they jingled the whole way.
同比	銷售額同比增長。	Sales grew year on year.
同比	新聞指出，今年第一季出口同比增加百分之八，比預期還要好。	News says first-quarter exports rose eight percent year on year, better than expected.
唯	這是唯一的方法。	This is the only way.
唯	唯有每天練習，才能把字寫得漂亮，沒有捷徑可走。	Only by practicing daily can you write beautiful characters. There's no shortcut.
喜劇	我愛看喜劇。	I love watching comedies.
喜劇	這部喜劇片笑點很多，全家人看了都笑到肚子痛。	This comedy has many laughs, and the whole family laughed until their stomachs hurt.
四周	四周很安靜。	It's quiet all around.
四周	颱風過後，四周的樹都倒了，街上滿是樹枝和落葉。	After the typhoon, the trees all around had fallen, and the street was full of branches and leaves.
地主	他是地主。	He is a landowner.
地主	這塊地的地主已經八十歲了，打算把它賣掉，搬去和兒子同住。	The owner of this land is eighty and plans to sell it and move in with his son.
塑料	工廠回收塑料，再做成新的瓶子。	The factory recycles plastic and makes it into new bottles.
壽命	手機的壽命有限。	A phone's lifespan is limited.
壽命	隨著醫學進步，台灣人的平均壽命逐年增加，已經超過八十歲。	With medical progress, Taiwan's average life expectancy keeps rising and now exceeds eighty.
大於	五大於三。	Five is greater than three.
大於	這份申請需要年滿十八歲，也就是年齡要大於或等於十八。	This application requires being eighteen, meaning age must be greater than or equal to eighteen.
奉獻	他奉獻一生。	He devoted his life.
奉獻	這位醫生把一生都奉獻給偏鄉的病人，大家都很敬佩他。	This doctor devoted his life to rural patients, and everyone respects him.
妹子	那個妹子笑起來很甜。	That girl has a sweet smile.
季度	這個季度業績不錯。	This quarter's performance is good.
季度	公司每個季度都會開一次檢討會，討論銷售和成本。	The company holds a review meeting each quarter to discuss sales and costs.
安慰	我來安慰你。	Let me comfort you.
安慰	她考試考不好很難過，朋友陪著她散步，說了很多安慰的話。	She was sad about doing poorly on the exam, and her friend walked with her, saying many comforting words.
容量	這個硬碟容量很大。	This hard drive has a large capacity.
容量	這個行動電源的容量是一萬毫安培，足夠幫手機充三次電。	This power bank has 10,000 mAh capacity, enough to charge a phone three times.
專訪	記者專訪了他。	A reporter interviewed him exclusively.
專訪	這本雜誌這個月專訪了一位年輕的陶藝家，談他回到家鄉開工作室的故事。	This month the magazine ran an interview with a young potter about opening a studio in his hometown.
小麥	小麥是食物。	Wheat is a food.
小麥	麵粉是用小麥磨成的，所以麵包和麵條都是小麥做的。	Flour is milled from wheat, so bread and noodles are made from wheat.
山脈	那裡有山脈。	There's a mountain range there.
山脈	中央山脈貫穿台灣南北，也是很多登山客的目標。	The Central Mountain Range runs across Taiwan north to south and is many hikers' goal.
帥哥	那個帥哥是誰？	Who's that handsome guy?
帥哥	咖啡店新來的店員是個帥哥，所以最近女生變多了。	The new clerk at the cafe is a handsome guy, so there are more girls lately.
年級	我讀三年級。	I'm in third grade.
年級	我弟弟剛升上六年級，開始準備國中的入學考試。	My little brother just moved up to sixth grade and has started preparing for junior high entrance exams.
廢棄	這是廢棄工廠。	This is an abandoned factory.
廢棄	山邊有一間廢棄的老房子，傳說晚上會有奇怪的聲音。	A deserted old house stands on the hillside, and legend says it makes strange noises at night.
彩	天空出現彩虹。	A rainbow appeared in the sky.
彩	這場演唱會非常精彩，台下的觀眾不斷鼓掌喝彩。	The concert was fantastic, and the audience kept applauding and cheering.
忠誠	狗很忠誠。	Dogs are loyal.
忠誠	這位老員工對公司非常忠誠，從來沒有想過換工作。	This veteran employee is very loyal to the company and has never thought of changing jobs.
惡意	他沒有惡意。	He meant no harm.
惡意	網路上有人惡意散播假消息，造成很多人不必要的恐慌。	Some people maliciously spread false news online, causing needless panic.
憑借	憑借努力成功。	Success through effort.
憑借	他憑借多年的經驗，很快就找到問題所在，大家都很佩服。	Relying on years of experience, he quickly found the issue, and everyone admired him.
成效	成效很好。	The results are good.
成效	實施垃圾分類三個月後，成效很明顯，街道乾淨了不少。	Three months after starting waste sorting, the results are clear and the streets are much cleaner.
打工	我暑假去打工。	I'll work a part-time job this summer.
打工	很多大學生利用假日打工賺零用錢，有的在餐廳，有的在超商。	Many college students work part-time on holidays for pocket money, some in restaurants and some in convenience stores.
抹	請抹一下桌子。	Please wipe the table.
抹	吃完飯後，我習慣拿抹布把餐桌抹乾淨，再把碗盤洗好。	After dinner I wipe the table clean with a rag and wash the dishes.
指引	請看指引。	Please see the guide.
指引	地上的黃色線條是方向指引，跟著走就能找到出口。	The yellow lines on the floor are directional guides. Follow them to find the exit.
掀起	風掀起了他的帽子。	The wind lifted his hat.
掀起	這部影集一播出就掀起熱烈討論，每個人都在猜結局。	This series sparked heated discussion as soon as it aired, with everyone guessing the ending.
控告	他被控告了。	He was accused.
控告	房客以房東違法提高租金為由，向法院提出控告。	The tenant filed a complaint with the court, saying the landlord illegally raised the rent.
撥	我來撥電話。	I'll make the call.
撥	你可以撥這個專線電話，客服人員全天二十四小時都在。	You can dial this hotline, and customer service staff are available twenty-four hours.
擬定	我來擬定計畫。	I'll draw up the plan.
擬定	我們先擬定旅行的預算，再決定要去哪個國家。	We'll first draft the travel budget, then decide which country to visit.
放開	請放開我。	Please let go of me.
放開	孩子不肯放開媽媽的手，直到老師拿出玩具才慢慢走進教室。	The child wouldn't let go of Mom's hand until the teacher brought out toys and he slowly entered the classroom.
敢於	他敢於說真話。	He dares to speak the truth.
敢於	這位創業家敢於嘗試新的做法，所以公司成長得很快。	This entrepreneur dares to try new approaches, so the company grew fast.
族群	這是不同族群。	These are different ethnic groups.
族群	台灣有許多不同的族群，大家一起生活，也互相尊重彼此的文化。	Taiwan has many ethnic groups who live together and respect each other's cultures.
星球	地球是一顆星球。	Earth is a planet.
星球	科學家在尋找適合人類居住的星球，希望能找到第二個家。	Scientists are searching for planets humans could live on, hoping for a second home.
景觀	這裡景觀很好。	The landscape here is nice.
景觀	這間咖啡店的窗戶面向山谷，景觀開闊，常有人來這裡看日落。	This cafe's windows face a valley with a wide view, and people come to watch sunsets.
月初	月初很忙。	The start of the month is busy.
月初	公司的薪水都在月初發放，所以我月初會先把房租和信用卡繳掉。	The company pays salaries at the start of the month, so I pay rent and credit card first thing.
期刊	這是學術期刊。	This is an academic journal.
期刊	這篇研究發表在國際期刊上，引起了很多國外學者的注意。	This study appeared in an international journal and drew the attention of many foreign scholars.
根據地	這裡是我們的根據地。	This is our base of operations.
根據地	登山隊把山腳的小鎮當成根據地，補給完畢後才往山上出發。	The climbing team used the foothill town as their base and set off after resupplying.
樂器	你會什麼樂器？	What instruments do you play?
樂器	我家有很多樂器，像是吉他、鋼琴，還有爸爸收藏的口琴。	We have many instruments at home, like guitars, a piano, and Dad's collection of harmonicas.
檢察官	他是檢察官。	He is a prosecutor.
檢察官	檢察官今天上午傳喚了三名證人，以釐清事發當晚的經過。	The prosecutor summoned three witnesses this morning to clarify what happened that night.
歲月	歲月過得真快。	Time flies.
歲月	我們在這條老街上度過了很多快樂的歲月，現在想起來還是很懷念。	We spent many happy years on this old street, and I still miss them.
比起	比起咖啡，我更愛茶。	I like tea more than coffee.
比起	比起搭車，我更喜歡騎腳踏車上學，因為可以順便運動。	I prefer biking to school over taking a ride because I also get exercise.
永恆	愛情是永恆的。	Love is eternal.
永恆	照片可以讓美好的瞬間變成永恆，所以我總是隨身帶著相機。	Photos make wonderful moments eternal, so I always carry my camera.
沿岸	沿岸有很多漁船。	There are many fishing boats along the coast.
沿岸	颱風來襲前，沿岸居民已經先撤離到內陸的安全地區。	Before the typhoon hit, coastal residents had evacuated to safe inland areas.
泰	他很泰然。	He is calm.
泰	遇到大事，他總是泰然自若，讓周圍的人也跟著安心。	In big events he's always unruffled, which puts those around him at ease.
海邊	我們去海邊。	We're going to the beach.
海邊	週末我們開車到海邊吹風，順便吃了剛釣到的新鮮魚。	On the weekend we drove to the seaside to enjoy the breeze and ate freshly caught fish.
測	請測量一下。	Please measure it.
測	醫生用溫度計幫我測體溫，結果有三十八度，要我趕快回家休息。	The doctor took my temperature with a thermometer, 38 degrees, and told me to go home and rest.
演奏	他在演奏鋼琴。	He's playing the piano.
演奏	音樂會上，管弦樂團演奏了幾首經典名曲，觀眾聽得如癡如醉。	At the concert, the orchestra performed classics and the audience was entranced.
濃度	酒精濃度很高。	The alcohol concentration is high.
濃度	消毒水的濃度太高會傷皮膚，使用前要按照說明書稀釋。	Disinfectant that's too concentrated hurts skin, so dilute it per the instructions before use.
烤	我來烤肉。	I'll barbecue.
烤	中秋節我們全家在院子裡烤肉，爸爸負責烤香腸，我負責切水果。	At Mid-Autumn the family barbecued in the yard, with Dad grilling sausages and me cutting fruit.
焦慮	我覺得焦慮。	I feel anxious.
焦慮	快到考試日期，他每天都焦慮得睡不著，只好看醫生。	With exams near, he was so anxious he couldn't sleep daily and saw a doctor.
物價	物價很高。	Prices are high.
物價	台北的物價比其他縣市高，尤其是房租，讓年輕人壓力很大。	Taipei prices are higher than other cities, especially rent, putting heavy pressure on young people.
獨家	這是獨家新聞。	This is an exclusive news story.
獨家	這家店有獨家配方的滷肉飯，別的地方吃不到。	This shop has an exclusive-recipe braised pork rice you can't get elsewhere.
甜	這個西瓜很甜。	This watermelon is sweet.
甜	我不喜歡太甜的飲料，所以都點半糖或微糖。	I don't like overly sweet drinks, so I order half or low sugar.
留給	這個留給你。	This is for you.
留給	媽媽把最大的一塊肉留給我，自己只吃青菜。	Mom saved the biggest piece of meat for me and only ate vegetables.
發作	他的病又發作了。	His illness flared up again.
發作	天氣一冷，我的氣喘就容易發作，所以出門前都要戴口罩。	My asthma flares up when it gets cold, so I wear a mask before going out.
真誠	他很真誠。	He is sincere.
真誠	我真誠地向你道歉，那天不該對你發脾氣。	I sincerely apologize. I shouldn't have lost my temper with you that day.
短信	我收到一則短信。	I received a text message.
祖先	我們的祖先來自福建。	Our ancestors came from Fujian.
祖先	每年過年前，家人會準備豐盛的菜餚祭拜祖先。	Every year before New Year the family prepares a feast to honor the ancestors.
租賃	這是租賃合約。	This is a lease contract.
租賃	這家公司專門做汽車租賃，旅客可以在機場直接取車。	This company specializes in car rental, and travelers can pick up cars at the airport.
節省	我想節省時間。	I want to save time.
節省	搭高鐵上班可以節省不少時間，不過票價也比較貴。	Taking the high-speed rail to work saves a lot of time, although the fare is higher.
累積	錢慢慢累積。	Money builds up slowly.
累積	這幾年他累積了不少經驗，終於有機會升為主管。	He has accumulated much experience these years and finally has a chance to become a supervisor.
緣	我們有緣。	We have a predestined bond.
緣	我跟這個城市很有緣，換了好幾份工作，最後還是回到這裡。	I have a real affinity with this city, and after several jobs I came back here in the end.
罪惡	他有罪惡感。	He feels guilty.
罪惡	偷了東西之後，他一直很有罪惡感，最後忍不住去自首。	After stealing, he felt guilt and in the end turned himself in.
聚焦	請聚焦在重點。	Please focus on the key points.
聚焦	這次的報導聚焦在偏鄉的醫療問題，希望引起社會的重視。	This report focuses on rural healthcare problems, hoping to draw society's attention.
脾氣	他脾氣很好。	He's good-tempered.
脾氣	我爸脾氣急，但是很快就消氣，不會記恨。	My dad is hot-tempered but cools off fast and holds no grudges.
致力於	他致力於教育。	He devotes himself to education.
致力於	這個團體致力於保護海洋生態，每個月都舉辦淨灘活動。	This group is devoted to protecting marine ecology and holds a beach cleanup every month.
芯片	手機的芯片很重要。	A phone's chip is important.
著手	我們著手進行。	We're getting started.
著手	新店的裝潢下週著手進行，預計兩個月後開幕。	Renovation of the new shop begins next week, with opening expected in two months.
蝦	我愛吃蝦。	I love eating shrimp.
蝦	夜市裡有一攤炸蝦，酥脆的外皮配上甜甜的醬，我每次都忍不住多買一份。	A night market stall sells fried shrimp with a crispy coating and sweet sauce, and I always buy extra.
衡量	請衡量一下。	Please weigh it up.
衡量	選擇工作時，要衡量薪水、地點和發展機會，不能只看哪個錢多。	When choosing jobs, weigh pay, location and growth, not just who pays more.
視野	這裡視野很好。	The view here is great.
視野	出國留學不但能學語言，還能開拓視野，認識不同的想法。	Studying abroad doesn't only teach language but broadens horizons and exposes you to new ideas.
訪	我去拜訪朋友。	I'm visiting a friend.
訪	記者前往災區採訪，訪問了好幾位受災的居民。	The reporter went to the disaster area and interviewed several affected residents.
評選	大家參加評選。	Everyone takes part in the selection.
評選	這次的最佳員工由同事投票評選，得票最多的人可以獲得獎金。	The best employee is voted on by colleagues, and the top vote-getter receives a bonus.
說不定	說不定會下雨。	It might rain.
說不定	別擔心，說不定他只是忘了看手機，等一下就會回你訊息了。	Don't worry. Maybe he just forgot to check his phone and will reply soon.
講座	我去聽講座。	I'm going to a lecture.
講座	圖書館下週有一場關於理財的講座，免費入場，歡迎民眾參加。	The library has a free talk on personal finance next week, and the public is welcome.
資深	她是資深記者。	She's a veteran reporter.
資深	我們公司有一位資深工程師，大家遇到問題都會去請教他。	Our company has a senior engineer everyone consults when they have problems.
走過	他走過來了。	He walked over.
走過	每天上班我都會走過一條老街，經過賣早餐的小攤和便利商店。	Every day I walk through an old street past the breakfast stand and a convenience store on my way to work.
跌	小心別跌倒。	Be careful not to fall.
跌	最近股票大跌，很多人賠了錢，我媽也跟著心情不好。	Stocks fell sharply recently, many lost money, and my mom's mood dropped too.
車子	車子壞了。	The car broke down.
車子	我的車子停在地下停車場，你出來的時候我再開過去接你。	My car is in the underground garage, and I'll drive over to pick you up when you come out.
轟	遠處傳來轟的一聲。	A boom sounded in the distance.
轟	天空突然轟隆隆地響起雷聲，大家趕快跑去收衣服。	Thunder suddenly rumbled in the sky, and everyone rushed to bring in the laundry.
這天	這天很熱。	This day is hot.
這天	這天是我們結婚十週年紀念日，所以我們決定出去吃一頓好的。	This day is our tenth wedding anniversary, so we decided to go out for a nice meal.
違規	這樣違規了。	That's against the rules.
違規	在紅線停車是違規的，被拍到就會收到罰單。	Parking on a red line is a violation, and if photographed you'll get a ticket.
邀	他邀我吃飯。	He invited me to dinner.
邀	朋友邀我下週一起去爬山，我已經先答應了。	A friend invited me to go hiking next week, and I've already said yes.
醜聞	這是一個醜聞。	This is a scandal.
醜聞	這位藝人被爆出醜聞後，廣告代言全部被取消了。	After the celebrity's scandal broke, all endorsement deals were cancelled.
鋪	我來鋪床。	I'll make the bed.
鋪	工人們正在路上鋪柏油，所以今天這條路暫時封閉。	Workers are paving the road with asphalt, so it's closed today.
鑒於	鑒於天氣不好，活動取消。	In view of the bad weather, the event is cancelled.
鑒於	鑒於近期疫情嚴重，本公司決定讓員工在家上班一週。	Considering the recent serious outbreak, the company decided to let employees work from home for a week.
門檻	門檻有點高。	The threshold is a bit high.
門檻	這家餐廳的消費門檻太高，我們一般人不太敢進去。	This restaurant's price threshold is too high, and ordinary folks don't dare enter.
防範	要防範詐騙。	Guard against scams.
防範	警方呼籲民眾提高警覺，防範假冒客服的詐騙電話。	Police urge the public to be alert and guard against fake customer-service scam calls.
院士	他是院士。	He's an academician.
院士	這位院士研究癌症超過三十年，獲得了許多國際獎項。	This academician has researched cancer for over thirty years and won many international awards.
隔壁	隔壁在吵。	It's noisy next door.
隔壁	隔壁的阿姨常常送我們自己種的青菜，我媽也會回送水果。	The aunt next door often gives us vegetables she grew, and my mom returns the favor with fruit.
雙重	這是雙重保險。	This is double insurance.
雙重	這個帳號有雙重驗證，登入時還要輸入手機收到的密碼。	This account has two-factor authentication, requiring a code sent to your phone as well.
靈感	我突然有靈感。	I suddenly had inspiration.
靈感	他散步時看到一隻小貓，突然有了新故事的靈感，趕快回家寫下來。	Walking, he saw a kitten and suddenly got an idea for a story, rushing home to write it down.
颶風	颶風來了。	A hurricane is coming.
颶風	新聞說颶風正從海上逼近美國東岸，居民必須提前撤離。	The news says a hurricane is approaching the US east coast and residents must evacuate early.
首領	他是部落首領。	He is the tribe's chief.
首領	這部電影演的是海盜首領的故事，他帶著手下尋找寶藏。	This film is about a pirate chief who leads his crew searching for treasure.
高鐵	我搭高鐵去高雄。	I'm taking the high-speed rail to Kaohsiung.
高鐵	從台北搭高鐵到台中只要一個小時，很多人每天通勤。	Taipei to Taichung on the high-speed rail takes just an hour, and many commute daily.
麥克	請把麥克拿給他。	Please give him the mic.
麥克	演講前，工作人員先測試麥克，確定每個人都聽得到聲音。	Before the speech, staff tested the mic to ensure everyone could hear.
一身	他穿一身黑。	He's dressed all in black.
一身	跑完步，我一身汗，趕快去沖個澡，再喝一大杯水。	After the run I was drenched in sweat, so I showered quickly and drank a big glass of water.
下級	下級要服從上級。	Subordinates must obey superiors.
下級	主管對下級很親切，所以員工都願意跟他說心裡話。	The manager is kind to subordinates, so employees open up to him.
中世紀	這是中世紀的城堡。	This is a medieval castle.
中世紀	歷史課教到中世紀的歐洲，那時的人都住在城堡周圍。	History class covered medieval Europe, when people lived around castles.
乾燥	冬天空氣乾燥。	The air is dry in winter.
乾燥	天氣乾燥時，嘴唇和皮膚容易乾裂，要多喝水、多擦乳液。	When the weather is dry, lips and skin chap easily, so drink more water and use lotion.
代表性	這是代表性的作品。	This is a representative work.
代表性	這道菜是台灣最有代表性的小吃之一，外國朋友來都想嘗嘗。	This dish is among Taiwan's most representative snacks, and foreign friends all want to try it.
低下	他地位低下。	His status is low.
低下	他低下頭，小聲說了一句對不起，看起來很後悔。	He lowered his head and softly said sorry, looking regretful.
供電	山區供電中斷了。	Power supply in the mountains was cut.
供電	颱風過後，電力公司連夜搶修，希望天亮前恢復供電。	After the typhoon, the power company worked overnight to restore power by dawn.
倒閉	那家店倒閉了。	That shop closed down.
倒閉	疫情期間，很多小餐廳撐不下去，只好倒閉。	During the pandemic, many small restaurants couldn't hold on and had to close.
傳承	我們要傳承文化。	We should pass on our culture.
傳承	這家老店的手藝一代一代傳承下來，現在由第三代接手經營。	This old shop's craft has been passed down generation by generation, now run by the third.
先行	你先行一步。	You go ahead first.
先行	我們先行離開，你們慢慢吃，不用急著趕過來。	We'll leave first. Take your time and no need to rush.
內存	手機內存不夠了。	The phone's memory is full.
公認	這是公認的事實。	This is a recognized fact.
公認	這位教授是公認的專家，不管什麼問題他都能給出清楚的解答。	This professor is a recognized expert who can answer any question clearly.
冰箱	冰箱裡有牛奶。	There's milk in the fridge.
冰箱	冰箱快要壞了，聲音很大，找人來修還是直接換一台好呢？	The fridge is nearly dead and loud. Should we get it fixed or just replace it?
出路	這條路沒出路。	This road leads nowhere.
出路	畢業後的出路不只有考公職，也可以考慮創業或出國工作。	Beyond civil service exams, graduates have options like starting a business or working abroad.
刮	外面在刮風。	The wind is blowing outside.
刮	颱風登陸時，外面刮著大風，雨也斜斜地打在窗戶上。	When the typhoon landed, strong wind blew outside and rain hit the window sideways.
力氣	我沒有力氣。	I have no strength.
力氣	他力氣很大，一個人就能把冰箱搬上三樓。	He's very strong and can carry a fridge to the third floor alone.
包容	請包容我。	Please bear with me.
包容	台灣是個很包容的社會，各種文化和宗教都能和平共處。	Taiwan is a tolerant society where various cultures and religions coexist peacefully.
卓越	他表現卓越。	He performed outstandingly.
卓越	她在研究領域有卓越的貢獻，因此獲得了國際大獎。	She made outstanding contributions in research and won an international award.
參照	請參照說明書。	Please refer to the manual.
參照	填寫表格時，請參照範例，不要漏掉任何一個欄位。	When filling out the form, refer to the sample and don't miss any field.
另有	另有安排。	There are other arrangements.
另有	這個活動另有優惠，只要帶學生證就可以打八折。	The event has another discount: bring a student ID for twenty percent off.
吊	把衣服吊起來。	Hang up the clothes.
吊	工人用起重機把大型的招牌吊到大樓的外牆上。	Workers used a crane to hoist the large sign onto the building's outer wall.
和解	他們和解了。	They reconciled.
和解	雙方在法院外和解，房東答應退還一半的押金。	The two sides settled out of court, and the landlord agreed to refund half the deposit.
問道	老師問道：「誰沒寫功課？」	The teacher asked, "Who didn't do the homework?"
問道	她好奇地問道：「這個要怎麼用？」	She asked curiously, "How do you use this?"
固然	這樣做固然好。	Doing it this way is indeed good.
固然	這份工作固然薪水高，但是常常加班，也沒什麼時間陪家人。	The job does pay well, but there's lots of overtime and little time for family.
坦	他很坦白。	He is frank.
坦	這條步道很平坦，連推嬰兒車的家庭也能輕鬆散步。	This trail is flat enough for even families with strollers to stroll easily.
塗	請塗防曬乳。	Please apply sunscreen.
塗	他把牆壁塗成淡藍色，房間看起來像天空一樣清爽。	He painted the walls light blue, and the room feels airy like the sky.
外地	我來自外地。	I'm from another place.
外地	很多外地來的年輕人在台北工作，過年才回老家。	Many young people from elsewhere work in Taipei and only go home for New Year.
大城市	我想住大城市。	I want to live in a big city.
大城市	大城市的機會多，但是生活壓力也很大，房租特別貴。	Big cities offer more opportunities, but life is stressful and rent especially high.
天體	太陽是天體。	The sun is a celestial body.
天體	天文社的同學用望遠鏡觀察各種天體，像是月亮、木星和土星。	Astronomy club members use telescopes to watch celestial bodies like the moon, Jupiter and Saturn.
女權	她關心女權。	She cares about women's rights.
女權	在大學的課堂上，教授討論了女權運動的歷史，同學們都很有興趣。	In university class the professor discussed the history of the women's rights movement, and students were very interested.
姐	姐，你在哪裡？	Sis, where are you?
姐	我姐昨天加班到十點，回家後只吃了一碗泡麵就睡了。	My sister worked overtime until ten yesterday, then had a bowl of instant noodles and slept.
宅	我週末都宅在家。	I stay home on weekends.
宅	下雨天我就宅在家裡看影集，連外送都懶得點。	On rainy days I stay home watching shows, too lazy even to order delivery.
家具	這個家具很新。	This furniture is new.
家具	搬進新家之前，我們先去家具行挑了沙發和餐桌。	Before moving into the new home, we went to a furniture store to pick a sofa and a dining table.
寮	山上有一間小寮。	There's a small hut on the mountain.
寮	漁民在海邊搭了一間簡單的寮，下雨時可以躲雨和休息。	Fishermen built a simple shack by the sea to shelter from rain and rest.
導航	我用手機導航。	I use my phone to navigate.
導航	開車去陌生的地方，用手機導航比較不會迷路。	When driving somewhere unfamiliar, phone navigation helps you not get lost.
屁	他放了一個屁。	He farted.
屁	別說屁話了，你根本沒有認真想過這個問題。	Stop talking nonsense. You've never seriously thought about this.
巡邏	警察在巡邏。	The police are on patrol.
巡邏	晚上社區的志工會輪流巡邏，確保大家的安全。	At night volunteers in the community take turns patrolling to keep everyone safe.
帶上	請帶上雨傘。	Please take your umbrella.
帶上	出門時別忘了帶上悠遊卡、鑰匙和手機，其他東西都可以不帶。	When going out, don't forget your EasyCard, keys and phone. You can skip the rest.
平穩	車子開得很平穩。	The car drives smoothly.
平穩	這幾天物價平穩，沒有明顯上漲，大家鬆了一口氣。	Prices have been stable these days with no obvious rise, and everyone sighed with relief.
康復	他快康復了。	He's almost recovered.
康復	爺爺手術後在家休養了兩個月，終於康復，可以自己散步了。	After surgery Grandpa rested at home for two months, finally recovered and able to walk himself.
強國	他們是強國。	They're a major power.
強國	一個國家要成為強國，不但要有經濟力量，還要有文化魅力。	To become a great power, a nation needs both economic strength and cultural appeal.
徐	風徐徐吹來。	A breeze blows gently.
徐	微風徐徐地吹過田野，稻穗跟著輕輕搖動。	A gentle breeze drifted over the fields, and rice ears swayed softly.
心意	這是我的心意。	This is a token of my feelings.
心意	這份小禮物只是一點心意，謝謝你這段時間的照顧。	This little gift is just a token of appreciation for taking care of me lately.
恐怖主義	我們反對恐怖主義。	We oppose terrorism.
恐怖主義	國際社會正在合作對抗恐怖主義，也加強機場的安全檢查。	The international community is cooperating against terrorism and tightening airport security.
慣例	這是慣例。	This is the usual practice.
慣例	按照慣例，公司每年尾牙都會抽獎，大家都很期待。	By custom, the company has a raffle at its year-end banquet every year, and everyone looks forward to it.
戶口	我要遷戶口。	I need to move my household registration.
戶口	結婚後，她把戶口遷到先生的老家，辦理手續花了一個下午。	After marriage she moved her household registration to her husband's hometown, which took an afternoon.
扭轉	局勢已被扭轉。	The situation has been reversed.
扭轉	球隊在下半場連得五分，成功扭轉了落後的局面。	The team scored five straight in the second half and turned the deficit around.
拿走	請不要拿走。	Please don't take it away.
拿走	這些舊書如果沒人要，就讓路人隨便拿走吧。	If no one wants these old books, let passers-by take them.
掌控	他掌控一切。	He controls everything.
掌控	我最近學會掌控自己的時間，每天都留一小時給運動和閱讀。	I've recently learned to control my time, keeping an hour daily for exercise and reading.
插入	請插入隨身碟。	Please insert the flash drive.
插入	把充電線插入插座之前，要先確認手是乾的，比較安全。	Before plugging the cable into the outlet, make sure your hands are dry to be safe.
搶救	醫生全力搶救。	Doctors did all they could to save him.
搶救	消防員衝進火場搶救被困的居民，所有人都平安脫困了。	Firefighters rushed into the fire to rescue trapped residents, and everyone escaped safely.
擴建	學校要擴建。	The school will be expanded.
擴建	市政府決定擴建捷運站，讓通勤的人不用再擠在狹小的月台。	The city decided to expand the MRT station so commuters no longer crowd on the cramped platform.
放手	我不想放手。	I don't want to let go.
放手	孩子長大了，爸媽要學會放手，讓他自己做決定。	The child has grown, so parents must learn to let go and let him decide.
新一代	新一代手機上市了。	A new generation of phones has been released.
新一代	新一代的年輕人習慣用手機付款，很少帶現金出門。	The new generation of young people pays by phone and rarely carries cash.
明日	明日見！	See you tomorrow!
明日	氣象局預測明日午後有雷陣雨，外出請記得攜帶雨具。	The weather bureau forecasts afternoon thunderstorms tomorrow, so take rain gear when out.
景象	那是美麗的景象。	That was a beautiful sight.
景象	日落時，整片海面變成金黃色，是我見過最美的景象。	At sunset, the whole sea turned golden, the most beautiful sight I've seen.
會晤	兩位首長舉行會晤。	The two leaders held a meeting.
會晤	兩國的外交部長下週將在台北會晤，討論雙方的合作。	The two countries' foreign ministers will meet in Taipei next week to discuss cooperation.
本事	他很有本事。	He is very capable.
本事	你有本事就自己去考考看，別光說別人的壞話。	If you're so capable, take the exam yourself rather than just badmouthing others.
柴油機	這是柴油機。	This is a diesel engine.
柴油機	這台老卡車用的是柴油機，聲音很大，但是力氣很足。	This old truck has a diesel engine, loud but powerful.
椅子	請坐椅子。	Please take a chair.
椅子	教室裡的椅子有點矮，我坐久了腰很痛，想換一張新的。	The chairs in the classroom are low, and my back hurts after sitting long, so I want a new one.
樹木	公園裡有很多樹木。	The park has many trees.
樹木	夏天，濃密的樹木讓公園涼爽很多，大家都來這裡散步。	In summer the dense trees make the park much cooler, and everyone comes to walk.
武	他學武術。	He studies martial arts.
武	這位老師從小習武，現在在社區教小朋友打太極和防身術。	This teacher has practiced martial arts since childhood and teaches kids tai chi and self-defense in the community.
毛病	這台電腦有毛病。	This computer has a problem.
毛病	我的機車最近有點毛病，發動的時候總是怪怪的，得送修了。	My scooter has had trouble lately, acting strangely when starting, and needs repair.
水晶	這是水晶。	This is crystal.
水晶	她手上戴著一條水晶手鍊，在燈光下閃閃發亮。	She wears a crystal bracelet that sparkles under the lights.
治癒	他的病治癒了。	His illness was cured.
治癒	看到小貓在陽光下打呼嚕，心情一下子就被治癒了。	Seeing a kitten purr in the sunshine instantly soothed my mood.
流入	河水流入大海。	The river flows into the sea.
流入	大雨後，雨水流入低窪的街道，造成部分地區淹水。	After heavy rain, water flowed into low-lying streets and flooded some areas.
淚	他流了眼淚。	He shed tears.
淚	聽到好消息的那一刻，媽媽忍不住掉下淚來，我們也跟著紅了眼眶。	The moment she heard the good news, Mom couldn't hold back tears, and our eyes reddened too.
溫泉	我們去泡溫泉。	We're going to soak in a hot spring.
溫泉	冬天泡溫泉最舒服，北投有很多溫泉旅館，週末常常客滿。	Hot springs are most comfortable in winter, and Beitou has many hot-spring inns, often full on weekends.
激光	激光很亮。	The laser is bright.
無產階級	無產階級是工人階級。	The proletariat is the working class.
無產階級	這部小說描寫十九世紀工廠裡的無產階級生活，非常真實。	This novel describes proletarian life in nineteenth-century factories, very realistically.
爵士	他被封為爵士。	He was knighted.
爵士	咖啡店裡播放著輕柔的爵士樂，很適合邊看書邊放鬆。	The cafe plays soft jazz, perfect for relaxing with a book.
猴子	猴子在樹上。	The monkey is in the tree.
猴子	動物園的猴子很調皮，一直搶遊客手上的零食。	The zoo's monkeys are naughty and keep grabbing snacks from visitors.
理事會	理事會開會了。	The council is meeting.
理事會	協會理事會決定下個月舉辦年度大會，並討論新的預算。	The association's council decided to hold the annual meeting next month and discuss the new budget.
異議	我沒有異議。	I have no objection.
異議	如果大家對這個方案沒有異議，我們就照這樣進行了。	If no one objects to this plan, we'll proceed this way.
發文	他在網路上發文。	He posted online.
發文	我昨天發文問大家哪裡有好吃的咖啡，結果收到很多推薦。	I posted yesterday asking where to find good coffee and received many recommendations.
皇室	這是皇室成員。	This is a royal family member.
皇室	英國皇室的婚禮每次都吸引全世界的目光，電視台還現場直播。	British royal weddings always attract global attention, with live TV broadcasts.
省長	他是省長。	He is a provincial governor.
省長	新上任的省長在記者會上承諾，會改善偏遠地區的交通。	The newly appointed governor promised at a press conference to improve transport in remote areas.
碗	請給我一個碗。	Please give me a bowl.
碗	阿嬤煮的湯很好喝，我每次都喝兩碗才夠。	Grandma's soup is delicious, and I always need two bowls.
秋天	秋天很涼。	Autumn is cool.
秋天	秋天是爬山的好季節，天氣涼爽，沿途還能看到紅葉。	Autumn is a great season for hiking, with cool weather and red leaves on the way.
窗戶	請關窗戶。	Please close the window.
窗戶	房間的窗戶一打開，涼風就吹進來，夏天不用開冷氣也很舒服。	When you open the room's window, a cool breeze comes in, comfortable even without AC in summer.
管理員	管理員在門口。	The manager is at the door.
管理員	大樓的管理員會幫住戶收包裹，並通知大家來領。	The building manager receives parcels for residents and notifies them to pick up.
糟	真糟糕！	How terrible!
糟	今天運氣真糟，趕公車卻被關在門外，還下起大雨。	Terrible luck today: I got shut out of the bus I rushed for, and then it poured.
終點	終點到了。	We've reached the terminus.
終點	這班公車的終點是動物園，所以很多家長會帶孩子搭這一班。	This bus ends at the zoo, so many parents take this one with their kids.
緩和	氣氛緩和了。	The mood eased.
緩和	主管笑著說了個笑話，會議室裡緊張的氣氛才慢慢緩和下來。	The manager told a joke with a smile, and the tense mood in the meeting room slowly eased.
羨慕	我很羨慕你。	I really envy you.
羨慕	看到朋友全家一起出國旅行，我真的好羨慕。	Seeing my friend's whole family travel abroad together, I really envy them.
聯手	他們聯手做生意。	They teamed up in business.
聯手	兩家公司聯手推出新產品，希望能吸引更多年輕客人。	The two companies teamed up to launch a new product, hoping to attract more young customers.
自發	大家自發排隊。	Everyone lined up spontaneously.
自發	災害發生後，許多民眾自發組織起來，帶著物資去幫忙清理。	After the disaster, many people spontaneously organized and went with supplies to help clean up.
良心	他有良心。	He has a conscience.
良心	這家店用料實在，價格也公道，老闆真的很有良心。	This shop uses honest ingredients at fair prices, and the owner really has a conscience.
萬物	大自然孕育萬物。	Nature nurtures all things.
萬物	春天一到，萬物開始復甦，山上的花一朵接著一朵開。	When spring comes, everything revives and mountain flowers bloom one after another.
虛偽	他很虛偽。	He is hypocritical.
虛偽	我討厭虛偽的人，嘴上說關心你，其實根本不在乎。	I dislike hypocritical people who claim to care but don't.
行人	行人請走斑馬線。	Pedestrians, please use the crosswalk.
行人	台灣的路口常常有機車穿梭，行人過馬路時一定要特別小心。	At Taiwan intersections scooters weave through, so pedestrians must be extra careful crossing.
裁定	法院已裁定。	The court has ruled.
裁定	法院裁定這起案件暫時停止審理，等雙方補齊資料後再繼續。	The court ruled that the case be suspended until both sides supply more documents.
親屬	他是我的親屬。	He's my relative.
親屬	醫院規定探病時間只開放給病人的親屬，且一次不超過兩位。	The hospital allows only the patient's relatives to visit, no more than two at a time.
訂單	訂單已確認。	The order is confirmed.
訂單	網路商店的訂單一天比一天多，老闆決定多請兩位員工幫忙包裝。	The online shop's orders increase daily, so the owner decided to hire two more people for packing.
誠實	他很誠實。	He is honest.
誠實	老師常教我們要誠實，做錯事要勇敢承認，不要找藉口。	The teacher often tells us to be honest and admit mistakes bravely rather than making excuses.
警報	警報響了。	The alarm rang.
警報	地震警報突然響起，大家馬上躲到桌子底下保護自己。	The earthquake alert suddenly sounded, and everyone dove under their desks.
讚美	她喜歡被讚美。	She likes being praised.
讚美	媽媽很少讚美我，所以聽到她說「做得好」，我開心了一整天。	Mom rarely praises me, so hearing "well done" made me happy all day.
賽車	他愛看賽車。	He loves watching car races.
賽車	這款賽車遊戲的畫面非常逼真，玩起來像真的在賽道上飆速度。	The graphics of this racing game are so realistic it feels like speeding on a real track.
車廂	車廂裡很擠。	The carriage is crowded.
車廂	高鐵的車廂又乾淨又安靜，坐起來比開車舒服多了。	High-speed rail carriages are clean and quiet, much more comfortable than driving.
迎	我去迎接他。	I'm going to welcome him.
迎	新年到了，大家都貼上春聯，迎接新的一年。	New Year has come, and everyone puts up spring couplets to welcome the new year.
進出	請注意進出安全。	Please mind your safety entering and exiting.
進出	這棟大樓的進出都要刷卡，沒有卡的訪客得在一樓登記。	Entering and leaving this building requires swiping a card, and visitors without one register on the first floor.
過往	我想忘記過往。	I want to forget the past.
過往	他很少提起過往的事，只說現在過得很好就夠了。	He rarely mentions the past and only says it's enough that he's doing well now.
邪	這件事真邪門。	This thing is really weird.
邪	老一輩常說，晚上吹口哨會招邪，所以小時候我不敢在晚上吹。	The older generation says whistling at night attracts evil spirits, so as a child I dared not at night.
醬	請加醬。	Please add sauce.
醬	媽媽做的辣椒醬又香又辣，配飯或拌麵都好吃。	Mom's chili sauce is fragrant and spicy, good with rice or tossed with noodles.
釣魚	我爸愛釣魚。	My dad loves fishing.
釣魚	週末爸爸會帶我去水庫釣魚，雖然常常釣不到，但是很放鬆。	On weekends Dad takes me fishing at the reservoir, and though we often catch nothing it's relaxing.
門票	門票多少錢？	How much is the ticket?
門票	這個景點的門票是兩百元，學生買半價，六十五歲以上免費。	Admission is two hundred dollars, half price for students and free for those over sixty-five.
防守	我們隊防守很好。	Our team defends well.
防守	比賽最後一分鐘，球隊全力防守，終於守住了一分的領先。	In the final minute, the team defended with everything and held the one-point lead.
陪伴	謝謝你的陪伴。	Thanks for keeping me company.
陪伴	狗狗陪伴我度過了最難熬的一段時間，牠就像家人一樣。	My dog accompanied me through my hardest time, like a member of the family.
雕像	廣場上有一座雕像。	There's a statue in the square.
雕像	博物館門口的雕像是藝術家花了兩年時間用大理石雕成的。	The statue at the museum entrance was carved from marble by an artist over two years.
電影節	他去電影節。	He went to the film festival.
電影節	每年秋天的電影節都會吸引許多導演和影迷來到台北。	Every autumn the film festival attracts many directors and film fans to Taipei.
韋	孔子讀易，韋編三絕。	Confucius read the Book of Changes so often that the binding strips broke three times.
飾	這個頭飾很漂亮。	This headpiece is pretty.
飾	她在聖誕樹上掛滿了各式裝飾，晚上再開燈，閃閃發亮。	She hung decorations all over the Christmas tree, and at night with the lights on, it sparkles.
馬路	過馬路要小心。	Be careful crossing the road.
馬路	我家門前的馬路很寬，下班時間車子多，過馬路時要走地下道。	The road in front of my house is wide and busy at rush hour, so I use the underpass to cross.
高中生	他是高中生。	He's a high school student.
高中生	很多高中生放學後會留在學校自習室，準備大學入學考試。	Many high school students stay in school study rooms after class to prepare for college entrance exams.
龍頭	水龍頭壞了。	The faucet is broken.
龍頭	轉開水龍頭，水就嘩啦嘩啦地流出來，記得用完要關緊。	Turn on the faucet and water gushes out, so remember to shut it tightly after use.
上方	上方有字。	There are words above.
上方	請看螢幕上方的說明，按照順序輸入你的手機號碼。	Please read the instructions above the screen and enter your phone number in order.
下崗	工人下崗了。	The worker was laid off.
下崗	工廠關閉後，許多員工被迫下崗，只好四處找新的工作。	After the factory closed, many employees were laid off and had to look for new jobs.
不堪	他累得不堪。	He's utterly exhausted.
不堪	連日加班讓他疲憊不堪，一回到家就倒在沙發上睡著了。	Days of overtime left him exhausted, and he fell asleep on the sofa as soon as he got home.
世間	世間有很多好人。	There are many good people in the world.
世間	世間最難的事，大概就是看透別人的心思吧。	The hardest thing in the world is probably seeing through other people's thoughts.
中藥	我喝中藥。	I drink Chinese herbal medicine.
中藥	奶奶習慣用中藥調養身體，每天早上都要煮一碗苦苦的藥湯。	Grandma uses Chinese herbs to nourish her body, brewing a bitter bowl of medicine every morning.
乾旱	今年乾旱。	This year is a drought.
乾旱	連續半年的乾旱讓水庫乾涸，農民只能輪流灌溉稻田。	Half a year of drought dried up the reservoirs, and farmers could only irrigate in turns.
享用	請慢慢享用。	Please take your time and enjoy.
享用	點餐完畢後，請在座位上稍等，餐點好了會請您享用。	After ordering, please wait at your seat, and we'll serve it when it's ready for you to enjoy.
企鵝	企鵝住在南極。	Penguins live in Antarctica.
企鵝	水族館的企鵝走起路來搖搖擺擺，小朋友看了都哈哈大笑。	The aquarium penguins waddle when they walk, and the kids burst out laughing.
低級	這是低級錯誤。	This is a rookie mistake.
低級	這個笑話太低級了，在公司裡不適合講。	This joke is too vulgar and not suitable for the office.
併購	他們併購了公司。	They acquired the company.
併購	這家大企業併購了好幾家小公司，成為業界最大的集團。	This large firm acquired several small companies and became the industry's biggest group.
促	時間很急促。	Time is rushed.
促	政府推出優惠促進消費，希望能帶動小店的生意。	The government launched discounts to boost spending, hoping to lift small shops' business.
信件	我收到信件了。	I received the letter.
信件	請把重要的信件放在抽屜裡，不要和廣告混在一起。	Put important letters in the drawer, not mixed with ads.
倒霉	我今天真倒霉。	I'm so unlucky today.
倒霉	出門忘記帶傘，結果下大雨，還被路過的車子濺了一身水，真倒霉。	I forgot my umbrella, then it poured, and a passing car splashed me. So unlucky.
側面	請看側面。	Please look at the side.
側面	這個杯子的側面有一個小裂縫，用久了可能會漏水。	This cup has a small crack on the side and may leak after long use.
傳言	這只是傳言。	It's just a rumor.
傳言	有傳言說公司下個月要裁員，所以大家都有點緊張。	There's a rumor the company will lay off staff next month, so everyone is a little tense.
兇	那隻狗很兇。	That dog is fierce.
兇	我的老闆生氣的時候很兇，但是平常對大家都很好。	My boss is fierce when angry but usually kind to everyone.
內衣	這是內衣。	This is underwear.
內衣	冬天天氣冷，我會先穿一件發熱內衣再穿毛衣，比較保暖。	In cold winters I wear thermal underwear under my sweater to keep warm.
公子	令公子在哪裡讀書？	Where does your son study?
公子	那位公子哥兒出手大方，每天都開著跑車到處玩。	That rich young man spends lavishly and drives a sports car everywhere every day.
兼任	他兼任老師。	He teaches part-time as well.
兼任	這位醫生同時兼任大學教授，每週有兩天在學校上課。	This doctor also serves as a university professor, teaching two days a week.
分公司	公司有分公司。	The company has branches.
分公司	我們在高雄有一家分公司，負責南部地區的業務。	We have a branch office in Kaohsiung handling business in the south.
刪	請刪掉這個。	Please delete this.
刪	手機儲存空間不夠，我只好把一些舊照片和不用的app刪掉。	My phone storage ran out, so I deleted some old photos and unused apps.
創傷	他有心理創傷。	He has psychological trauma.
創傷	車禍後的創傷讓他有一段時間不敢開車，後來慢慢才恢復。	The trauma after the accident made him afraid to drive for a while before he recovered.
務實	他很務實。	He's pragmatic.
務實	比起空談夢想，她更務實，每天都按計畫存錢、學技能。	Instead of dreaming aloud, she's practical, saving and learning skills daily as planned.
勿	請勿吸菸。	No smoking, please.
勿	圖書館內請勿大聲喧嘩，也請勿飲食，謝謝合作。	Please do not make noise or eat in the library. Thank you for your cooperation.
升高	溫度升高了。	The temperature rose.
升高	氣溫升高後，冰淇淋的銷量也跟著升高，店家忙得不可開交。	As temperatures rose, ice cream sales also went up, and shops were swamped.
叉	請給我一支叉子。	Please give me a fork.
叉	他用叉子叉起一塊蛋糕，小心地放進嘴裡。	He speared a piece of cake with a fork and carefully put it in his mouth.
反革命	那個罪名是反革命。	That charge was counterrevolutionary.
反革命	歷史課上提到過反革命的罪名。	The history class mentioned the charge of counterrevolution.
口頭	我口頭通知他。	I notified him verbally.
口頭	老闆口頭答應加薪，但是我還是希望他能寫在合約上。	The boss verbally agreed to a raise, but I'd still like it in the contract.
司令部	這是司令部。	This is headquarters.
司令部	新聞畫面裡，軍方司令部正在召開緊急會議，討論最新局勢。	In the news footage, the military command was holding an emergency meeting on the latest situation.
名牌	他穿名牌。	He wears brand names.
名牌	她對名牌包包沒有興趣，覺得實用又耐用的比較重要。	She isn't interested in designer bags and thinks practical, durable ones matter more.
呂	這首曲子氣勢磅礡，有黃鐘大呂之聲。	This piece is majestic, with the grandeur of grand ceremonial music.
哥們	我跟這個哥們很熟。	I'm close with this buddy.
喚醒	請喚醒他。	Please wake him.
喚醒	清晨的鳥叫聲把我從夢中喚醒，窗外的天才剛亮。	Birdsong in the early morning woke me from a dream, with the sky just brightening.
嚴謹	他做事很嚴謹。	He works rigorously.
嚴謹	這份研究報告的資料很嚴謹，每個數字都附上了出處。	This research report's data is rigorous, with a source for every number.
國際化	公司要國際化。	The company needs to internationalize.
國際化	台灣的大學越來越國際化，校園裡有很多外國學生。	Taiwan's universities are becoming more international, with many foreign students on campus.
在職	他是在職員工。	He's a current employee.
在職	很多上班族利用晚上進修在職專班，希望能升遷或轉換跑道。	Many office workers study in-service programs at night, hoping to get promoted or switch careers.
坐牢	他坐牢了。	He went to jail.
坐牢	他因為酒駕撞傷人而被判處坐牢兩年，家人都很難過。	He was sentenced to two years in prison for injuring someone while drunk driving, and the family was devastated.
報仇	我要報仇。	I want revenge.
報仇	這部武俠片講的是一個年輕人為了替父親報仇，苦練武功的故事。	This martial arts film tells of a young man who trains hard to avenge his father.
壁畫	牆上有壁畫。	There's a mural on the wall.
壁畫	老街的牆上畫了一幅壁畫，描繪以前市場熱鬧的景象。	A mural on the old street's wall depicts the lively market of the past.
夢見	我夢見你了。	I dreamed of you.
夢見	昨晚我夢見自己回到小學的教室，同學們都還是小時候的模樣。	Last night I dreamed I was back in my elementary classroom with classmates still looking like kids.
大腿	我大腿很痠。	My thighs are sore.
大腿	昨天爬了一天的山，今天大腿痠得連下樓梯都很吃力。	After hiking all day yesterday, my thighs ache so much that even stairs are tough today.
失效	藥已經失效了。	The medicine has expired.
失效	優惠券已經失效，不能再用，下次記得在期限內使用。	The coupon has expired and can't be used. Next time use it before the deadline.
女主角	她是女主角。	She's the female lead.
女主角	這部電影的女主角演技非常好，為了這個角色還特別學了劍術。	The film's heroine acts superbly and even learned swordsmanship for the role.
妃	她是皇帝的妃子。	She's the emperor's concubine.
妃	電視劇裡的妃子們為了爭寵，常常在宮裡互相陷害。	In the TV drama, the imperial consorts often scheme against each other in the palace to win favor.
婆婆	我婆婆人很好。	My mother-in-law is very nice.
婆婆	她的婆婆很會煮菜，每次回婆家，一桌子的菜都吃不完。	Her mother-in-law cooks well, and each time she visits there's a table full she can't finish.
孤兒	他是孤兒。	He's an orphan.
孤兒	這間育幼院收留了許多孤兒，志工們每週都來陪孩子們玩。	This orphanage takes in many orphans, and volunteers come weekly to play with the kids.
完工	工程完工了。	The construction is completed.
完工	新大樓預計明年三月完工，到時候公司就可以搬進去了。	The new building is expected to be completed next March, when the company can move in.
定製	這是定製的。	This is custom-made.
定製	他請師傅為他定製了一套西裝，布料和尺寸都是自己選的。	He had a tailor custom-make a suit, choosing the fabric and size himself.
富豪	他是富豪。	He's a tycoon.
富豪	這位富豪每年都捐出大量金錢給慈善機構，幫助弱勢家庭。	This wealthy man donates large sums to charities every year to help disadvantaged families.
寬鬆	這件衣服很寬鬆。	This garment is loose.
寬鬆	我喜歡穿寬鬆的衣服，因為在家工作的時候比較舒服。	I like loose clothes because they're comfortable when working from home.
小屋	山上有一間小屋。	There's a cabin on the mountain.
小屋	我們在山上租了一間小屋，晚上可以看星星，早上有鳥叫聲。	We rented a cabin in the mountains, with stars at night and birdsong in the morning.
屏	請屏住呼吸。	Please hold your breath.
屏	醫生要我深呼吸後屏息幾秒，才能拍清楚的X光片。	The doctor had me breathe in deeply and hold it for a few seconds to take a clear X-ray.
左手	我用左手寫字。	I write with my left hand.
左手	我是左撇子，所以吃飯、寫字都用左手，用剪刀就比較不方便。	I'm left-handed so I eat and write with my left hand, though scissors are less convenient.
平行	這兩條線平行。	These two lines are parallel.
平行	鐵軌是平行的，火車才能穩穩地沿著軌道前進。	Rails are parallel so trains can run steadily along them.
底部	杯子底部有水。	There's water at the cup's bottom.
底部	箱子的底部有一個小洞，所以裡面的東西都漏出來了。	There's a small hole at the bottom of the box, so everything inside fell out.
建構	我們來建構網站。	Let's build the website.
建構	老師說，學習語言就是在建構自己的知識系統，一步一步來。	The teacher says learning a language is building your own knowledge system, step by step.
強硬	他態度強硬。	His attitude is tough.
強硬	老闆對這次的涨價採取強硬態度，一點也不肯讓步。	The boss took a hard line on the price increase and wouldn't give an inch.
得不到	我得不到答案。	I can't get an answer.
得不到	最想要的東西往往得不到，所以我們才會更珍惜已經擁有的。	What we want most often can't be had, so we cherish what we already have.
心臟病	他有心臟病。	He has heart disease.
心臟病	爺爺有心臟病，所以醫生叫他不要吃太油，也不要太激動。	Grandpa has heart disease, so the doctor told him to avoid oily food and getting too excited.
怪異	這個聲音很怪異。	This sound is strange.
怪異	半夜傳來怪異的聲音，我嚇得不敢出房門，躲在被子裡。	A strange sound came in the night, and I was too scared to leave my room and hid under the blanket.
悲哀	我感到悲哀。	I feel sorrowful.
悲哀	看著老房子被拆掉，爺爺露出悲哀的神情，什麼話也沒說。	Watching the old house demolished, Grandpa looked sorrowful and said nothing.
憲政	這是憲政制度。	This is a constitutional system.
憲政	台灣的憲政制度經過多次修改，才有今天民主的樣子。	Taiwan's constitutional system went through many amendments before becoming today's democracy.
戰車	這是一輛戰車。	This is a tank.
戰車	博物館展出了一輛二戰時期的戰車，很多小朋友圍著拍照。	The museum exhibits a WWII tank, and many kids gather to take photos.
手工業	他從事手工業。	He works in handicrafts.
手工業	這個小鎮以傳統手工業聞名，像是編織和陶藝都很受歡迎。	This town is known for traditional handicrafts such as weaving and pottery.
打架	他們在打架。	They're fighting.
打架	兩個小孩為了一個玩具打架，被老師叫到辦公室，各自寫了悔過書。	Two kids fought over a toy and were called into the office to each write an apology.
抨擊	他抨擊政策。	He criticized the policy.
抨擊	這篇社論嚴厲抨擊政府的環保政策，認為根本不夠落實。	This editorial harshly attacked the government's environmental policy as not enforced enough.
拘捕	警方拘捕了他。	Police arrested him.
拘捕	警方昨晚在夜市拘捕一名通緝犯，沒有造成任何人受傷。	Police arrested a wanted suspect at the night market last night with no one hurt.
挨	我們挨著坐。	We sat next to each other.
挨	颱風過後，里長挨家挨戶詢問有沒有人需要幫忙。	After the typhoon, the village chief went door to door asking who needs help.
捲入	他被捲入麻煩。	He got dragged into trouble.
捲入	他不小心被捲入公司的人事鬥爭，每天都過得提心吊膽。	He was accidentally drawn into the company's office politics and lives on edge daily.
接納	他們接納了我。	They accepted me.
接納	新同學剛轉來時很緊張，幸好班上同學很快就接納了他。	The new student was nervous when he transferred, but classmates quickly accepted him.
揭發	他揭發了真相。	He exposed the truth.
揭發	那位員工勇敢揭發公司違法排放廢水的事，後來受到社會讚揚。	The employee bravely exposed the company's illegal wastewater discharge and was later praised.
搭乘	請搭乘電梯。	Please take the elevator.
搭乘	搭乘大眾運輸工具時，請把座位讓給有需要的乘客。	When riding public transport, please give your seat to passengers in need.
撥款	政府撥款修路。	The government allocated funds for road repair.
撥款	市政府將撥款一億元，用來改善老舊社區的公共設施。	The city will allocate 100 million to improve public facilities in old neighborhoods.
攝像頭	這個攝像頭很清楚。	This surveillance camera is clear.
放入	請放入硬幣。	Please insert coins.
放入	把洗好的蔬菜放入鍋中，加一點鹽，蓋上蓋子煮五分鐘就好了。	Put the washed vegetables into the pot, add a little salt, cover, and cook five minutes.
教義	這是宗教教義。	This is religious doctrine.
教義	這個宗教的教義主張慈悲和寬容，所以信徒都樂於幫助別人。	This religion's teachings advocate compassion and tolerance, so followers gladly help others.
數額	數額很大。	The amount is large.
數額	轉帳的數額超過一定金額時，銀行會再多一道確認的步驟。	When a transfer amount exceeds a limit, the bank adds an extra confirmation step.
族人	族人們聚在一起。	The tribe members gathered.
族人	每年豐年祭，族人都會穿上傳統服飾，一起跳舞歌唱。	At the harvest festival each year, tribe members wear traditional clothes and dance and sing together.
星座	你是什麼星座？	What's your zodiac sign?
星座	我是天蠍座，朋友都說這個星座的人愛記仇，我覺得有點被冤枉。	I'm a Scorpio, and friends say the sign holds grudges, which I find a bit unfair.
暢銷	這本書很暢銷。	This book sells well.
暢銷	這款手搖飲是店裡最暢銷的商品，每天傍晚都要排隊。	This bubble tea drink is the shop's best seller, with a line every evening.
月球	月球繞地球轉。	The moon circles the Earth.
月球	科學家計畫在月球上建立基地，作為未來探索太空的起點。	Scientists plan to build a base on the moon as a starting point for future space exploration.
期貨	他買期貨。	He trades futures.
期貨	期貨市場風險很高，沒有經驗的人最好不要輕易嘗試。	The futures market is high risk, so inexperienced people shouldn't try it lightly.
核准	申請已核准。	The application is approved.
核准	你的簽證申請已核准，大約三個工作天後可以來領取。	Your visa application is approved and can be collected in about three working days.
棟	這棟房子很舊。	This house is old.
棟	這棟大樓共有四十層，是附近最高的一棟，晚上燈光特別漂亮。	This building has forty floors, the tallest nearby, with beautiful lights at night.
構想	我有個構想。	I have an idea.
構想	這個構想很有趣，不過要實際做出來，還需要更多資金與人手。	This idea is interesting, but it takes more funds and people to actually build.
樹林	那邊有片樹林。	There's a grove over there.
樹林	我們在樹林裡散步，空氣很新鮮，還遇到了好幾隻松鼠。	We walked through the woods with fresh air and met several squirrels.
檢	醫生來檢查。	The doctor came to examine.
檢	出國前要先到醫院做健康檢查，確認沒有傳染病。	Before going abroad, get a medical check-up at the hospital to confirm no contagious disease.
正統	這是正統的做法。	This is the orthodox way.
正統	這家餐廳賣的是正統的義大利麵，師傅還是從羅馬來的。	This restaurant serves authentic Italian pasta, and the chef came from Rome.
殘疾	他有殘疾。	He has a disability.
殘疾	政府提供殘疾人士專屬的停車位與交通補助，希望他們出門更方便。	The government provides reserved parking and transport subsidies for people with disabilities to make going out easier.
民用	這是民用電。	This is civilian electricity.
民用	這架無人機是民用的，一般人買來拍照或拍影片都沒有問題。	This drone is for civilian use, and ordinary people can use it for photos or videos.
決戰	明天是決戰。	Tomorrow is the decisive battle.
決戰	明天晚上就是冠軍決戰，兩隊的球迷都已經在球場外排隊。	Tomorrow night is the championship showdown, and both teams' fans are already queuing outside the stadium.
泥	鞋子都是泥。	The shoes are covered in mud.
泥	下過雨的山路又濕又泥濘，我們走得很慢，鞋子都沾滿了泥巴。	After rain the mountain road was wet and muddy, we walked slowly, and our shoes were caked with mud.
流浪	他在流浪。	He's wandering.
流浪	公園裡有很多流浪貓，附近的居民常常會帶飼料來餵牠們。	There are many stray cats in the park, and nearby residents often bring food to feed them.
淨化	要淨化空氣。	We need to purify the air.
淨化	這台空氣清淨機能淨化空氣，過濾灰塵和花粉，過敏的人很適合。	This air purifier cleans air by filtering dust and pollen, ideal for allergy sufferers.
減弱	風勢減弱了。	The wind weakened.
減弱	颱風登陸後威力減弱，變成熱帶性低氣壓，雨勢也逐漸變小。	After landfall the typhoon weakened into a tropical depression, and the rain gradually eased.
漁民	漁民出海了。	The fishermen went to sea.
漁民	颱風前，漁民都把船隻繫好並停靠在港內，等天氣好轉再出海。	Before the typhoon, fishermen moored their boats in the harbor and waited for better weather.
激起	這件事激起公憤。	This incident aroused public anger.
激起	他的演講激起了年輕人的熱情，很多人當場報名志工。	His speech stirred young people's enthusiasm, and many signed up as volunteers on the spot.
無恥	真是無恥！	How shameless!
無恥	他犯了錯還把責任推給別人，真是無恥到了極點。	He made a mistake and blamed others, which is utterly shameless.
熱潮	這是一股熱潮。	This is a craze.
熱潮	露營在疫情後掀起一股熱潮，假日的營地幾乎都客滿。	Camping became a craze after the pandemic, and campsites are nearly full on holidays.
爭端	兩國有爭端。	The two countries have a dispute.
爭端	兩國對海域的歸屬有爭端，經過多次談判才取得共識。	The two countries disputed maritime ownership and reached consensus only after repeated negotiations.
狂歡	大家一起狂歡。	Everyone partied together.
狂歡	跨年夜，信義區聚集了上萬人，大家一起狂歡倒數迎接新年。	On New Year's Eve, tens of thousands gathered in Xinyi District to celebrate and count down.
玩弄	別玩弄別人。	Don't toy with others.
玩弄	他玩弄別人的感情，最後自己也被大家疏遠了。	He toyed with other people's feelings and ended up shunned by everyone.
甘	他心甘情願。	He is perfectly willing.
甘	這道湯喝起來甘甜，是用白蘿蔔和排骨慢慢燉出來的。	This soup tastes sweet, slowly stewed from white radish and pork ribs.
用心	老師教得很用心。	The teacher teaches attentively.
用心	這份生日禮物看得出來她很用心，每個細節都考慮到了。	You can tell she put effort into this birthday gift, considering every detail.
疑惑	我心裡很疑惑。	I'm puzzled.
疑惑	大家對這個決定有些疑惑，所以主管特地開會向員工說明。	People had doubts about the decision, so the manager held a meeting to explain it to staff.
發酵	麵團正在發酵。	The dough is fermenting.
發酵	麵糰要放在溫暖的地方發酵一個小時，才會膨脹變軟。	Dough must ferment in a warm place for an hour to expand and soften.
盡情	大家盡情玩。	Everyone play to your heart's content.
盡情	畢業旅行的最後一天，我們盡情地玩，直到太陽下山才捨得回飯店。	On the last day of the graduation trip we played to our hearts' content until sunset before returning to the hotel.
盼	我盼著你來。	I'm hoping you'll come.
盼	媽媽日夜盼著出國的哥哥回家過年，連年夜飯都先準備好了。	Mom longed day and night for my brother abroad to come home for New Year and even prepared the feast early.
硬幣	我有硬幣。	I have coins.
硬幣	投幣式洗衣機只收十元硬幣，所以我出門前先去超商換零錢。	The coin-operated washer only takes ten-dollar coins, so I swap for change at the convenience store first.
祈求	我祈求平安。	I pray for peace.
祈求	新年到廟裡拜拜，大家都祈求全家平安、事事順利。	At New Year people visit temples to pray for family safety and smooth sailing.
福音	這是個福音。	This is good news.
福音	新藥的問世對病人來說是個福音，大家都看到了康復的希望。	The new drug is good news for patients, giving everyone hope of recovery.
稅務	我去稅務局。	I'm going to the tax office.
稅務	五月是報稅季，很多人會到稅務機關詢問如何申報。	May is tax season, and many people visit tax offices to ask how to file.
章程	請看章程。	Please see the regulations.
章程	社團的章程規定，每年要舉行一次會員大會，並改選幹部。	The club's constitution requires an annual general meeting and officer elections.
筑	古人彈筑唱歌。	People of old played the zhu lute and sang.
粘	把這段文字粘貼過去。	Paste this text over there.
粘	複製完以後，請按右鍵選擇「粘貼」，就可以把內容放進文件裡。	After copying, right-click and choose "paste" to put the content in the document.
納稅人	他是納稅人。	He's a taxpayer.
納稅人	政府花每一分錢，都要對納稅人負責，也必須公開帳目。	Every penny the government spends must be accountable to taxpayers, with accounts made public.
結盟	兩國結盟了。	The two countries allied.
結盟	幾個小國為了對抗大國的壓力而結盟，並互相支援。	Several small nations allied against pressure from a large one and supported each other.
緣故	不知道什麼緣故。	I don't know the reason.
緣故	因為天氣的緣故，今天的戶外音樂會延到下週舉行。	Because of the weather, today's outdoor concert was postponed to next week.
縱然	縱然困難也要做。	We'll do it even if it's difficult.
縱然	縱然下大雨，我們還是照原定計畫出發，不想讓期待落空。	Even if it rains hard, we'll set off as planned and not let expectations go to waste.
纏	繩子纏在樹上。	The rope is wound around the tree.
纏	耳機線纏在一起，我花了好幾分鐘才解開。	My earphone cord tangled and it took me minutes to undo it.
老外	那個老外會說中文。	That foreigner speaks Chinese.
老外	夜市裡有不少老外在排隊買蚵仔煎，還邊吃邊比大拇指說好吃。	At the night market many foreigners queue for oyster omelets and give a thumbs up while eating.
耕地	這是耕地。	This is farmland.
耕地	都市擴張佔用了許多耕地，政府正在研究如何保護農田。	Urban expansion has taken up much farmland, and the government is studying how to protect it.
肩膀	我肩膀很痠。	My shoulders are sore.
肩膀	長時間用電腦讓我的肩膀特別僵硬，每週都要去按摩一次。	Long computer use makes my shoulders extra stiff, so I get a massage every week.
臣	大臣在宮中。	The minister is in the palace.
臣	電視劇裡的大臣們跪在殿前，向皇帝報告國家大事。	In the TV drama, ministers kneel before the hall to report state affairs to the emperor.
致敬	向英雄致敬。	Salute to the heroes.
致敬	電影最後的畫面向已故的導演致敬，現場觀眾都鼓掌許久。	The film's final scene paid tribute to the late director, and the audience applauded for a long time.
良	品質良好。	Quality is good.
良	他的成績良好，態度良善，老師都很放心把工作交給他。	His grades are good and his attitude kind, so teachers trust him with tasks.
落下	雨滴落下來了。	Raindrops are falling.
落下	夕陽慢慢落下，海面被染成一片橘紅色，大家都停下腳步看。	The sun slowly set, painting the sea orange-red, and everyone stopped to watch.
藉由	藉由運動減壓。	Relieve stress through exercise.
藉由	藉由網路，我們可以和遠在國外的家人視訊聊天。	Through the internet we can video-chat with family far abroad.
表彰	他受到表彰。	He was commended.
表彰	市長在典禮上表彰了十位優秀教師，感謝他們的付出。	The mayor commended ten outstanding teachers at the ceremony, thanking them for their work.
裸體	畫裡人物是裸體。	The figure in the painting is nude.
裸體	美術館展出了一幅古典的裸體畫，家長們帶著孩子觀賞時一臉尷尬。	The museum showed a classical nude painting, and parents looked awkward viewing it with kids.
親手	我親手做的。	I made it myself.
親手	這條圍巾是我親手織的，要送給我最好的朋友當生日禮物。	I knitted this scarf by hand to give my best friend for her birthday.
訂購	我想訂購商品。	I want to order goods.
訂購	你可以在網站上訂購蛋糕，我們會在指定的日期送到你家。	You can order cakes on our website, and we'll deliver on the date you choose.
詞典	我查詞典。	I'm looking it up in a dictionary.
詞典	這本詞典收錄了三萬多個詞語，每個詞都附有例句，非常好用。	This dictionary includes over thirty thousand words, each with example sentences, very handy.
論點	他的論點很清楚。	His argument is clear.
論點	這篇文章的論點很有說服力，每段都附上了真實的例子。	This article's argument is persuasive, with real examples in every paragraph.
譬如	譬如說，蘋果。	For example, apples.
譬如	我想學一些有用的技能，譬如烹飪、攝影或是寫程式。	I want to learn useful skills, like cooking, photography or coding.
負債	他負債累累。	He's deep in debt.
負債	他為了創業而負債，每個月都得省吃儉用還款。	He took on debt to start a business and must live frugally to repay each month.
賓	他是貴賓。	He is a distinguished guest.
賓	婚宴上，新人向每桌賓客敬酒，感謝大家的到來。	At the wedding banquet, the couple toasted every table of guests to thank them for coming.
走勢	走勢向上。	The trend is up.
走勢	分析師認為，下半年的股市走勢將受到利率變化的影響。	Analysts think the stock market's trend in the second half will be shaped by interest rate changes.
身影	我看到他的身影。	I saw his figure.
身影	每天清晨，公園裡都能看到阿公練拳的身影。	Every dawn you can see Grandpa practicing boxing in the park.
輕微	傷勢輕微。	The injury is slight.
輕微	這次車禍只造成輕微擦傷，大家都鬆了一口氣。	The accident caused only minor scrapes, and everyone breathed a sigh of relief.
辭	我要辭職。	I want to resign.
辭	他向公司提出辭呈，打算回老家照顧生病的父母。	He submitted his resignation, planning to go home to care for his sick parents.
追加	請追加訂單。	Please add to the order.
追加	這次活動的預算不夠，主管同意追加十萬元的經費。	The budget for the event was short, and the supervisor approved an additional hundred thousand.
逼近	颱風正在逼近。	The typhoon is approaching.
逼近	截止日期逼近，全辦公室的人都在拚命趕工。	The deadline is closing in, and the whole office is rushing to finish.
遣返	他被遣返了。	He was repatriated.
遣返	非法入境的旅客被移民署遣返回國，並禁止再次入境。	Travelers who entered illegally were sent back by immigration and barred from re-entry.
部件	這是機器部件。	This is a machine part.
部件	這台洗衣機有一個部件壞了，需要等廠商寄新的來更換。	One part of this washing machine is broken and must be replaced after the maker sends a new one.
金剛	他像金剛一樣強壯。	He's as strong as King Kong.
金剛	廟裡的金剛神像威風凜凜，據說可以保護信徒平安。	The temple's guardian statues look imposing and are said to protect worshippers.
開發區	這是開發區。	This is a development zone.
