我	我今天早上七點起床。	I got up at seven this morning.
我	我的手機沒電了，可以借我充電嗎？	My phone is out of battery. Can I borrow a charger?
你	你吃飽了嗎？	Are you full?
你	你下班後有空的話，要不要一起去運動？	If you're free after work, do you want to work out together?
就	我到家就打給你。	I'll call you as soon as I get home.
就	如果你不想去，就在家休息吧。	If you don't want to go, then just rest at home.
我們	我們明天一起去爬山吧。	Let's go hiking together tomorrow.
我們	我們公司下個月要搬到新的辦公室。	Our company is moving to a new office next month.
沒有	我沒有帶傘。	I didn't bring an umbrella.
沒有	這附近沒有藥局，買藥很不方便。	There's no pharmacy nearby, so it's inconvenient to buy medicine.
但	東西很好吃，但太貴了。	The food is delicious, but too expensive.
但	雖然下著大雨，但球賽還是照常舉行。	Although it was pouring, the game went ahead as usual.
日	今天是十月八日。	Today is October 8th.
日	我們約在下個月十五日見面。	We're meeting on the 15th of next month.
國家	台灣是一個很美的國家。	Taiwan is a beautiful country.
國家	這位老師去過很多個國家教書。	This teacher has taught in many countries.
看	我出去的時候，你幫我看一下家。	While I'm out, could you keep an eye on the house?
看	媽媽在客廳看著弟弟寫功課。	Mom is in the living room watching my brother do his homework.
又	他又遲到了。	He's late again.
又	這家店又好吃又便宜，難怪每天都客滿。	This place is both tasty and cheap, no wonder it's full every day.
新	我買了一支新手機。	I bought a new phone.
新	這家新開的咖啡店，週末都要排隊。	There's a line every weekend at this newly opened café.
過	過馬路要小心。	Be careful when crossing the road.
過	今年中秋節我們在外婆家過。	This year we spent the Mid-Autumn Festival at Grandma's.
吧	昨晚我們去了一間酒吧。	Last night we went to a bar.
吧	他放學後常常去網吧打電動。	After school he often goes to an internet café to play games.
日本	我去年夏天去了日本。	I went to Japan last summer.
日本	日本的拉麵種類很多，我最喜歡豚骨口味。	Japan has many kinds of ramen, and I like tonkotsu best.
這樣	這樣做比較快。	It's faster to do it this way.
這樣	你不要這樣看我，我會不好意思啦。	Don't look at me like that, it makes me shy.
再	請再說一次。	Please say it once more.
再	明天再說吧，我現在好累。	Let's talk about it tomorrow, I'm so tired now.
嚮	她從小就嚮往大海。	Since childhood she has longed for the sea.
嚮	那位嚮導帶我們走過山中的小路。	The guide led us along a mountain trail.
時候	你什麼時候下班？	When do you get off work?
時候	小時候，我常常跟阿嬤去市場買菜。	When I was little, I often went to the market with Grandma.
認為	我認為這個方法不錯。	I think this method is pretty good.
認為	很多人認為早睡早起對身體比較好。	Many people think going to bed and getting up early is healthier.
人民	人民有表達意見的自由。	The people have the freedom to express their opinions.
人民	政府應該傾聽人民的聲音。	The government should listen to the voice of the people.
出現	天空出現了一道彩虹。	A rainbow appeared in the sky.
出現	他一出現，全班同學都安靜下來了。	The moment he showed up, the whole class went quiet.
情況	現在的情況怎麼樣？	How is the situation now?
情況	醫生說阿公的情況已經穩定下來了。	The doctor said Grandpa's condition has stabilized.
為了	為了考試，我天天念書。	I study every day for the exam.
為了	為了省錢，她每天自己帶午餐去公司。	To save money, she brings her own lunch to the office every day.
網站	這個網站很好用。	This website is very easy to use.
網站	你可以上公司網站查詢最新的活動資訊。	You can check the latest event info on the company website.
還是	你要喝茶還是咖啡？	Do you want tea or coffee?
還是	雖然下雨了，我們還是決定騎機車去海邊。	Even though it rained, we still decided to ride our scooters to the beach.
不要	不要在這裡抽菸。	Don't smoke here.
不要	不要一直滑手機，眼睛會壞掉喔。	Don't keep scrolling on your phone, you'll ruin your eyes.
則	學生要認真，老師則要有耐心。	Students should be diligent, while teachers need to be patient.
則	早上天氣很好，下午則下起了雷陣雨。	The weather was nice in the morning, but it poured with thunder in the afternoon.
學生	這間教室有三十個學生。	There are thirty students in this classroom.
學生	學生憑學生證可以半價入場。	Students get half-price admission with a student ID.
根據	根據天氣預報，明天會下雨。	According to the forecast, it'll rain tomorrow.
根據	根據新聞報導，這條道路下週開始施工。	According to news reports, construction on this road starts next week.
至	週一至週五都有營業。	Open Monday through Friday.
至	本店營業時間為上午十點至晚上九點，全年無休。	Our hours are 10 a.m. to 9 p.m., open all year round.
遊戲	弟弟喜歡玩遊戲。	My little brother likes playing games.
遊戲	這款手機遊戲太好玩，我不小心玩到半夜兩點。	This mobile game is so fun that I accidentally played until 2 a.m.
一種	這是一種台灣水果。	This is a kind of Taiwanese fruit.
一種	珍珠奶茶是一種源自台灣的飲料，現在全世界都喝得到。	Bubble tea is a drink that originated in Taiwan and is now available worldwide.
分	把蛋糕分成四塊。	Cut the cake into four pieces.
分	這筆獎金由大家平均分，每個人都有一份。	The bonus is split evenly, so everyone gets a share.
因	因下雨，比賽延期了。	Because of rain, the match was postponed.
因	本次活動因人數不足而取消，敬請見諒。	This event is cancelled due to insufficient sign-ups. We apologize.
委員會	委員會明天開會。	The committee meets tomorrow.
委員會	學校成立了一個委員會，專門處理校園安全問題。	The school set up a committee to handle campus safety issues.
市場	我媽早上去市場買菜。	My mom goes to the market in the morning to buy vegetables.
市場	傳統市場的水果新鮮又便宜，我常常去逛。	Fruit at the traditional market is fresh and cheap, so I often go browse.
新聞	你看了今天的新聞嗎？	Did you watch the news today?
新聞	這則新聞一出來，網路上立刻引起熱烈討論。	As soon as this news came out, it sparked heated discussion online.
東西	這條路是東西向的，很好找。	This road runs east to west, so it's easy to find.
東西	台灣島東西窄、南北長，像一片葉子。	Taiwan is narrow east to west and long north to south, like a leaf.
產品	這個產品很受歡迎。	This product is very popular.
產品	這家公司的產品品質很好，連國外客人都來訂貨。	This company's products are so good that even overseas customers place orders.
繼續	請繼續說下去。	Please go on.
繼續	雖然很累，他還是繼續跑完了全程馬拉松。	Though exhausted, he kept going and finished the full marathon.
話	他說的話我聽不懂。	I don't understand what he said.
話	你有話就直接說，不用客氣。	If you have something to say, just say it. Don't hold back.
那些	那些書是誰的？	Whose are those books?
那些	那些以前的同學，我們已經很多年沒聯絡了。	Those old classmates, we haven't been in touch for many years.
一切	一切都會好起來的。	Everything will be fine.
一切	他把旅行的一切都準備好了，只等出發。	He has everything for the trip ready and is just waiting to leave.
事情	我有事情要跟你說。	I have something to tell you.
事情	事情已經過去了，你就別再放在心上了。	It's over now, so don't keep dwelling on it.
信息	他的話裡藏著一個重要的信息。	There was an important message hidden in his words.
信息	這幅畫傳達的信息很清楚。	The message this painting conveys is very clear.
哪裡	廁所在哪裡？	Where is the restroom?
哪裡	你想去哪裡玩？哪裡都可以，我都聽你的。	Where do you want to go? Anywhere is fine, I'll follow your lead.
幹	你在幹嘛？	What are you doing?
幹	這棵樹的樹幹很粗，要兩個人才抱得住。	This tree's trunk is so thick that it takes two people to wrap their arms around it.
提出	他提出了一個好建議。	He put forward a good suggestion.
提出	同事在會議上提出了新的計畫，老闆聽了很有興趣。	A coworker proposed a new plan in the meeting, and the boss was interested.
未	我還未吃午餐。	I haven't had lunch yet.
未	這件事尚未確定，請耐心等候通知。	This is not yet confirmed. Please wait patiently for a notice.
民主	台灣是民主國家。	Taiwan is a democracy.
民主	民主制度讓每個人都有投票的權利。	A democratic system gives everyone the right to vote.
當然	當然可以！	Of course you can!
當然	這件事當然要先問過爸媽的意見才行。	Of course we have to ask Mom and Dad first about this.
管理	她負責管理公司的帳目。	She is in charge of managing the company's accounts.
管理	好的時間管理能讓你的工作更有效率。	Good time management makes your work more efficient.
處	我跟室友處得不錯。	I get along fine with my roommate.
處	他個性很好，跟誰都處得來。	He has a great personality and gets along with everyone.
過程	比賽的過程很精采。	The match was really exciting.
過程	做菜的過程中，要隨時注意火候，才不會燒焦。	While cooking, keep an eye on the heat so nothing burns.
世紀	現在是二十一世紀。	We are in the twenty-first century.
世紀	這座老廟已經有將近兩個世紀的歷史了。	This old temple has nearly two centuries of history.
仍	他仍在公司加班。	He is still working overtime at the office.
仍	即使過了這麼多年，她仍然記得第一次見面的情景。	Even after so many years, she still remembers their first meeting.
傳統	這是傳統的做法。	This is the traditional way of doing it.
傳統	在台灣，端午節吃粽子、划龍舟是很重要的傳統。	In Taiwan, eating zongzi and dragon boat racing at Dragon Boat Festival are important traditions.
利用	我利用午休時間背單字。	I use my lunch break to memorize vocabulary.
利用	很多上班族會利用通勤時間聽廣播節目。	Many office workers use their commute to listen to radio shows.
反	你的鞋穿反了。	You've got your shoes on the wrong way.
反	結果恰恰相反，價格不降反升。	The result was the exact opposite; prices rose instead of falling.
嚴重	他的病情很嚴重。	His illness is serious.
嚴重	這次颱風造成的災情相當嚴重，不少地區停水停電。	The typhoon caused severe damage, with many areas losing water and power.
女人	那個女人在公車站等車。	That woman is waiting for the bus at the stop.
女人	我阿姨是個很獨立的女人，一個人把兩個孩子養大。	My aunt is a very independent woman who raised two kids on her own.
導致	熬夜會導致皮膚變差。	Staying up late can make your skin worse.
導致	大雨導致山區道路坍方，客運只好改道行駛。	Heavy rain caused landslides on the mountain road, so the buses had to detour.
怎樣	這件衣服怎樣？	How about this piece of clothing?
怎樣	不管天氣怎樣，我們週末都要去露營。	No matter what the weather's like, we're going camping this weekend.
拿	幫我拿一下包包。	Hold my bag for a moment, please.
拿	出門前記得拿鑰匙和錢包，不要又忘了喔。	Remember to take your keys and wallet before you go out. Don't forget again!
期間	暑假期間，我在咖啡店打工。	During summer vacation, I worked part-time at a café.
期間	活動期間購買任何商品，都可以參加抽獎。	Anything purchased during the promotion period earns you a lottery entry.
比賽	明天有一場籃球比賽。	There's a basketball game tomorrow.
比賽	這次作文比賽有一百多個同學報名參加。	Over a hundred students signed up for this essay contest.
相信	我相信你。	I believe you.
相信	只要你肯努力，我相信一定會有好結果。	As long as you work hard, I'm sure there will be good results.
群眾	廣場上聚集了許多群眾。	A large crowd gathered in the square.
群眾	演唱會結束後，群眾慢慢散去，現場恢復安靜。	After the concert, the crowd slowly dispersed and the venue went quiet.
行為	這種行為很不禮貌。	This kind of behavior is very rude.
行為	孩子的行為常常是模仿大人，所以爸媽要以身作則。	Kids often imitate adults' behavior, so parents should set an example.
超過	這個箱子超過十公斤。	This box is over ten kilograms.
超過	今天氣溫超過三十八度，是今年夏天最熱的一天。	Today's temperature topped 38 degrees, the hottest day of this summer.
達到	他終於達到了目標。	He finally reached his goal.
達到	只要銷售額達到標準，公司就會發年終獎金。	As long as sales hit the target, the company will pay out a year-end bonus.
颱	這個週末有颱風要來。	A typhoon is coming this weekend.
颱	颱風天停班停課，大家都待在家裡看電視。	On typhoon days work and school are canceled, so everyone stays home watching TV.
介紹	我來介紹一下，這是我同事。	Let me introduce you, this is my coworker.
介紹	朋友介紹我去一家很好吃的牛肉麵店。	A friend recommended a really tasty beef noodle shop to me.
全部	作業我全部寫完了。	I've finished all of my homework.
全部	這些衣服全部都打七折，只到今天為止。	All of these clothes are 30% off, today only.
加入	我想加入籃球社。	I want to join the basketball club.
加入	煮湯的時候，最後再加入一點蔥花，味道會更香。	When making soup, add some chopped scallions at the end for more aroma.
土地	這片土地很肥沃。	This land is very fertile.
土地	爺爺一輩子都在這塊土地上種田，從沒離開過。	Grandpa farmed this piece of land his whole life and never left.
宣布	老師宣布明天放假。	The teacher announced that tomorrow is a day off.
宣布	公司宣布下個月起調整上班時間，大家都很驚訝。	The company announced working hours will change next month, and everyone was surprised.
後來	後來我們就沒再聯絡了。	Later on, we lost touch.
後來	一開始他不喜歡喝咖啡，後來卻每天都要喝一杯。	At first he didn't like coffee, but later he needed a cup every day.
指	他用手指著前面的路口。	He pointed at the intersection ahead with his finger.
指	我說的「他」，指的是剛才那位穿藍衣服的先生。	By "him" I mean the man in blue just now.
是不是	你是不是感冒了？	Have you caught a cold?
是不是	這家店是不是搬走了？我怎麼找不到。	Has this shop moved? I can't find it anywhere.
正式	下週一正式上班。	I officially start work next Monday.
正式	新的捷運路線將在明年正式通車。	The new MRT line will officially open next year.
理論	這只是理論，實際做起來很難。	That's just theory. In practice it's hard.
理論	這個理論聽起來有道理，但還需要更多實驗來證明。	This theory sounds reasonable, but more experiments are needed to prove it.
範圍	考試範圍是第一到第五課。	The exam covers lessons one through five.
範圍	這支手機的保固範圍不包括人為損壞。	This phone's warranty doesn't cover damage caused by users.
綜合	我最愛吃綜合水果。	I love mixed fruit the most.
綜合	大家的意見經過綜合整理後，老師才決定下一步。	After everyone's opinions were summarized, the teacher decided what to do next.
語言	你會說幾種語言？	How many languages do you speak?
語言	學習一種新的語言，最好的方法就是多開口。	The best way to learn a new language is to speak up a lot.
那裏	那裏有一家書店。	There's a bookstore over there.
那裏	你先到那裏等我，我十分鐘後就到。	Wait for me over there first. I'll arrive in ten minutes.
顯示	螢幕上顯示電量不足。	The screen shows low battery.
顯示	調查結果顯示，越來越多年輕人選擇不買車。	Survey results show that more and more young people choose not to buy cars.
交易	這筆交易很順利。	The deal went smoothly.
交易	網路購物要選擇安全的交易方式，才不會被騙。	When shopping online, pick a safe way to pay so you won't get scammed.
係	本公司係合法登記之企業。	This company is a legally registered business.
係	此係學校規定，請同學務必遵守。	This is a school rule, and students must follow it.
內部	這棟大樓的內部很新。	The inside of this building is very new.
內部	這是公司的內部資料，請不要外傳。	This is internal company information. Please don't share it outside.
動物	你喜歡什麼動物？	What animals do you like?
動物	週末我帶小孩去動物園，看大象和長頸鹿。	On the weekend I took the kids to the zoo to see elephants and giraffes.
和平	大家都希望世界和平。	Everyone hopes for world peace.
和平	兩國代表坐下來談判，希望能和平解決問題。	Representatives of both countries sat down to negotiate, hoping for a peaceful solution.
場	昨天下了一場大雨。	There was a heavy rain yesterday.
場	這場演唱會的票一開賣就被搶光了。	Tickets for this concert sold out as soon as they went on sale.
子	我兒子今年七歲。	My son is seven this year.
子	桌子上有一碗熱湯，趁熱快喝吧。	There's a bowl of hot soup on the table. Drink it while it's hot.
小說	我最近在看一本小說。	I'm reading a novel lately.
小說	這部小說後來被改編成電影，票房也很好。	This novel was later adapted into a movie, and it did well at the box office.
平臺	這個平臺可以線上看影片。	You can watch videos online on this platform.
平臺	月臺旁邊有一個平臺，很多人在那裡拍照。	Next to the station platform is a terrace where many people take photos.
思想	他的思想很開放。	His way of thinking is very open-minded.
思想	讀書不只是為了考試，更能讓我們有獨立的思想。	Reading isn't just for exams. It helps us develop independent thinking.
拉	用力拉門才打得開。	You have to pull the door hard to open it.
拉	他在公園裡拉小提琴，路人都停下來聽。	He played the violin in the park, and passersby stopped to listen.
教師	她是一位國小教師。	She is an elementary school teacher.
教師	教師節那天，學生們寫了卡片送給老師。	On Teachers' Day, the students wrote cards for their teacher.
最好	你最好帶件外套。	You'd better bring a jacket.
最好	明天要考試，今天最好早點睡，不要熬夜。	There's a test tomorrow, so it's best to sleep early and not stay up.
此外	此外，還有一件事要提醒大家。	In addition, there's one more thing to remind everyone.
此外	本店提供外送服務，此外也歡迎電話預訂座位。	We offer delivery. In addition, phone reservations are welcome.
清楚	我聽不清楚。	I can't hear clearly.
清楚	這張地圖畫得很清楚，連小巷子都找得到。	This map is drawn so clearly that even small alleys can be found.
理解	我可以理解你的心情。	I can understand how you feel.
理解	這篇文章太專業了，我花了很久才勉強理解。	This article is so technical that it took me ages to barely understand it.
看見	我看見一隻貓在屋頂上。	I saw a cat on the roof.
看見	昨天在路上看見老同學，我們聊了好一陣子。	I ran into an old classmate on the street yesterday and we chatted for a while.
穿	天氣冷，要多穿一點。	It's cold, so wear more layers.
穿	這雙鞋穿起來很舒服，我走一整天都不會累。	These shoes are comfortable to wear, so I don't get tired walking all day.
絕對	這絕對是個好機會。	This is absolutely a great opportunity.
絕對	你放心，我絕對不會把這個祕密說出去。	Don't worry, I will never tell anyone this secret.
美元	一美元大約換三十塊台幣。	One US dollar is about thirty NT dollars.
美元	出國前，我先到銀行換了幾百美元。	Before going abroad, I exchanged a few hundred US dollars at the bank.
花	我買了一束花送媽媽。	I bought a bouquet of flowers for Mom.
花	這個月我花了太多錢，得開始省一點。	I spent too much this month and need to start saving.
談	我們到咖啡廳談一談。	Let's go to a café and have a talk.
談	他們談了一整晚，最後終於決定一起創業。	They talked all night and finally decided to start a business together.
身體	多運動對身體好。	Exercise is good for your body.
身體	最近身體不太舒服，我想先請假去看醫生。	I haven't been feeling well lately, so I'd like to take leave and see a doctor.
進一步	我想進一步了解這個工作。	I'd like to learn more about this job.
進一步	如果你想進一步討論細節，歡迎隨時打給我。	If you'd like to discuss the details further, feel free to call me anytime.
長期	他長期失眠。	He has long-term insomnia.
長期	這是一份長期的合約，所以價格可以再談。	This is a long-term contract, so the price is negotiable.
青年	這個營隊是為青年設計的。	This camp is designed for young people.
青年	政府推出新方案，鼓勵青年回到家鄉創業。	The government launched a new program to encourage young people to start businesses in their hometowns.
黑	天黑了，我們回家吧。	It's getting dark. Let's go home.
黑	我今天穿一件黑色的外套，配白色的鞋子。	I'm wearing a black jacket today with white shoes.
主題	這次報告的主題是什麼？	What is the theme of this report?
主題	這家咖啡廳的主題是貓，到處都是貓的裝飾。	This café has a cat theme and is full of cat decorations.
令	我們需要兩令影印紙。	We need two reams of copy paper.
令	辦公室剛訂了五令A4紙，大約下週會送到。	The office just ordered five reams of A4 paper, arriving around next week.
允許	這裡不允許拍照。	Photography isn't allowed here.
允許	爸媽不允許我太晚回家，所以我十點前一定要到。	My parents don't allow me to come home too late, so I must be back by ten.
具體	請說得具體一點。	Please be more specific.
具體	你的建議很好，但可以提供具體的做法嗎？	Your suggestion is good, but can you give a concrete way to do it?
創新	公司鼓勵員工創新。	The company encourages employees to innovate.
創新	這家小店的創新口味很受年輕人歡迎，常常賣完。	This little shop's innovative flavors are popular with young people and often sell out.
及其	公司及其員工都很重視環保。	The company and its employees all value environmental protection.
及其	這份報告介紹了台灣的茶葉及其出口情況。	This report introduces Taiwan's tea and its exports.
嘛	有話好好說嘛，不要生氣。	Come on, talk it out nicely. Don't get angry.
嘛	這很簡單嘛，你多練習幾次就會了。	It's easy, you know. Just practice a few more times and you'll get it.
城	這座城很古老。	This town is very old.
城	我們沿著古城的城牆慢慢走，邊走邊拍照。	We walked slowly along the old city wall, taking photos as we went.
委員	他是社區的管理委員。	He's a member of the community management committee.
委員	新上任的委員在會議上提出了三項改革計畫。	The newly appointed committee member proposed three reform plans in the meeting.
幾	他說的話幾乎都是真的。	Almost everything he said is true.
幾	這個月我幾近天天加班，週末也沒休息。	This month I worked overtime almost every day and didn't rest on weekends either.
感謝	感謝你的幫忙。	Thank you for your help.
感謝	感謝各位今天抽空參加，我們下次再見。	Thank you all for making time to come today. See you next time.
放棄	我不會放棄的。	I won't give up.
放棄	他為了照顧家人，放棄了出國工作的機會。	To take care of his family, he gave up the chance to work abroad.
方向	你走錯方向了。	You're going the wrong way.
方向	我在山上迷路了，連東南西北哪個方向都分不清楚。	I got lost in the mountains and couldn't even tell which direction was which.
檢查	醫生幫我檢查身體。	The doctor gave me a checkup.
檢查	出門前請再檢查一次門窗有沒有關好。	Before leaving, please check once more that the doors and windows are closed.
無論	無論如何，我都會去。	No matter what, I'll go.
無論	無論天氣好不好，他每天早上都會去公園跑步。	Whatever the weather, he goes jogging in the park every morning.
現實	現實有時很殘酷。	Reality can be harsh sometimes.
現實	夢想很美好，但現實是房租和生活費都要錢。	Dreams are lovely, but in reality rent and living costs take money.
神	廟裡拜的是哪一位神？	Which deity is worshipped in this temple?
神	大家都說這家店的老闆做菜神到不行。	Everyone says this shop owner cooks like a god.
糰	我早餐吃了一個飯糰。	I had a rice ball for breakfast.
糰	冬至那天，我們全家一起搓湯糰，吃得很開心。	On the winter solstice, our whole family rolled glutinous rice balls and had a great time eating.
舉辦	學校將舉辦運動會。	The school will hold a sports day.
舉辦	社區每年中秋節都會舉辦烤肉活動，大家都會參加。	The neighborhood holds a barbecue every Mid-Autumn Festival, and everyone takes part.
設	公司在南部設了一個分店。	The company set up a branch in the south.
設	這棟大樓的每一層都設有緊急出口。	Every floor of this building has an emergency exit.
質量	物理課學到質量和重量不一樣。	In physics class we learned that mass and weight are different.
質量	物體的質量越大，要推動它就越費力。	The greater an object's mass, the more effort it takes to push it.
速度	這輛車的速度很快。	This car is very fast.
速度	網路速度太慢了，下載一部影片要等半個小時。	The internet is so slow that downloading a video takes half an hour.
醫生	我明天要看醫生。	I'm seeing a doctor tomorrow.
醫生	醫生建議我少吃油炸食物，多喝水。	The doctor advised me to eat less fried food and drink more water.
鎮	這個小鎮很安靜。	This little town is very quiet.
鎮	鎮上只有一條老街，假日卻擠滿了觀光客。	The town has only one old street, but it's packed with tourists on holidays.
雙方	雙方都同意了。	Both sides agreed.
雙方	買賣雙方經過幾次討論後，終於談好了價格。	After several discussions, the buyer and seller finally settled on a price.
類似	我也遇過類似的事。	I've run into something similar.
類似	這家餐廳的菜色和我家附近那家類似，但味道更清淡。	The dishes here are similar to the restaurant near my home, but milder in taste.
下載	我正在下載新的App。	I'm downloading a new app.
下載	你可以到官網下載表格，填好之後再寄回來。	You can download the form from the official site, fill it in, and send it back.
久	好久不見！	Long time no see!
久	我在門口等了很久，他才終於出現。	I waited at the door for a long time before he finally showed up.
估計	我估計要三天才能完成。	I estimate it'll take three days to finish.
估計	估計今晚會下大雨，你出門最好帶傘。	It'll probably rain hard tonight, so you'd better take an umbrella.
偉大	這是一個偉大的發明。	This is a great invention.
偉大	媽媽獨自把我們養大，我覺得她是最偉大的人。	Mom raised us all by herself, and I think she's the greatest person.
先進	這家醫院的設備很先進。	This hospital's equipment is very advanced.
先進	台灣的半導體技術非常先進，在全世界都很有名。	Taiwan's semiconductor technology is very advanced and famous worldwide.
出口	請從左邊的出口出去。	Please exit through the exit on the left.
出口	台灣出口很多電子產品到世界各地。	Taiwan exports lots of electronic products around the world.
包	我想包一份禮物給朋友。	I want to wrap a gift for a friend.
包	水餃包好以後，先放進冰箱冷凍起來。	Once the dumplings are wrapped, put them in the freezer first.
去年	去年冬天特別冷。	Last winter was especially cold.
去年	我去年開始學游泳，現在已經可以游五十公尺了。	I started learning to swim last year and can now swim fifty meters.
命令	這是上司的命令。	This is an order from my superior.
命令	爸爸用嚴肅的口氣命令我，不准再玩手機。	Dad ordered me in a stern tone not to play with my phone anymore.
國民	每位國民都應該繳稅。	Every citizen should pay taxes.
國民	這個節目很受國民喜愛，每個週末都有很多人收看。	This show is much loved by the public, and many people tune in every weekend.
境內	颱風已經進入台灣境內。	The typhoon has entered Taiwan's territory.
境內	境內的高速公路在連假期間常常塞車。	Highways within the country often get jammed during long holidays.
學會	我終於學會騎腳踏車了。	I finally learned to ride a bike.
學會	她花了三個月才學會做蛋糕，現在常常做給朋友吃。	It took her three months to learn to bake cakes, and now she often makes them for friends.
尋找	我正在尋找一份新工作。	I'm looking for a new job.
尋找	警方呼籲民眾協助尋找失蹤的小狗。	The police called on the public to help find the missing puppy.
師	他是我的鋼琴老師。	He's my piano teacher.
師	醫師、律師和會計師都是需要考照的專業工作。	Doctors, lawyers and accountants are all professions that require a license exam.
從事	她從事教育工作。	She works in education.
從事	爸爸從事貿易工作將近三十年，常常到國外出差。	Dad has worked in trade for nearly thirty years and often travels abroad on business.
懂	我聽不懂。	I don't understand.
懂	你說得這麼快，我根本沒辦法懂你在說什麼。	You speak so fast that I can't understand what you're saying at all.
指導	老師指導我寫論文。	The teacher guides me in writing my thesis.
指導	在教練的指導下，他的游泳成績進步很多。	Under the coach's guidance, his swimming improved a lot.
換	我想換一個座位。	I'd like to change my seat.
換	這件衣服太小了，我可以去店裡換大一號嗎？	This shirt is too small. Can I go to the store and exchange it for a bigger size?
整體	整體來說，我很滿意。	Overall, I'm quite satisfied.
整體	這間房子整體的設計很簡單，住起來很舒服。	The house's overall design is simple, and it's comfortable to live in.
明確	請給我一個明確的答案。	Please give me a definite answer.
明確	合約上必須明確寫出付款日期和金額。	The contract must clearly state the payment date and amount.
本來	我本來想去，後來下雨就算了。	I originally wanted to go, but it rained so I didn't.
本來	這家店本來生意普通，上了電視後突然大紅。	This shop's business was ordinary at first, but after being on TV it suddenly took off.
案	警方正在調查這個案子。	The police are investigating this case.
案	這份提案已經送交董事會，下週會有結果。	This proposal has been submitted to the board, and results will come next week.
法院	他明天要去法院。	He's going to court tomorrow.
法院	法院下週將對這起案件作出判決。	The court will deliver a verdict in this case next week.
熱	今天好熱。	It's so hot today.
熱	湯還很熱，小心不要燙到舌頭。	The soup is still hot, so be careful not to burn your tongue.
犯罪	犯罪是違法的。	Committing a crime is illegal.
犯罪	警察加強巡邏後，這一區的犯罪率明顯下降了。	After police stepped up patrols, the crime rate in this area dropped noticeably.
發揮	你要發揮自己的優點。	You should make the most of your strengths.
發揮	他在比賽中發揮得很好，最後拿到了冠軍。	He performed very well in the competition and finally won the championship.
科	你大學念哪一科？	What did you study in university?
科	我媽媽去醫院看皮膚科，醫生說只是過敏。	My mom went to the dermatology department at the hospital, and the doctor said it was just an allergy.
統治	這個國家被外族統治了很久。	This country was ruled by a foreign people for a long time.
統治	歷史課上，老師講到了清朝統治台灣的時期。	In history class, the teacher talked about the period of Qing rule over Taiwan.
老闆	老闆，我要一份滷肉飯。	Boss, I'll have an order of braised pork rice.
老闆	我們老闆人很好，過年還會包紅包給大家。	Our boss is very nice and even gives everyone red envelopes at New Year.
英雄	他是我心中的英雄。	He's my hero.
英雄	消防員衝進火場救出小孩，被大家稱為英雄。	The firefighter rushed into the fire and saved a child, and everyone called him a hero.
見到	很高興見到你。	Nice to see you.
見到	在機場見到多年不見的好朋友，我激動得說不出話。	Seeing an old friend at the airport after many years, I was too moved to speak.
詞	這個詞怎麼唸？	How do you pronounce this word?
詞	這首歌的詞寫得很美，聽了讓人想起家鄉。	The lyrics of this song are beautiful and remind you of home.
豐富	這裡的食物很豐富。	The food here is plentiful.
豐富	他的工作經驗很豐富，所以公司決定請他當主管。	He has rich work experience, so the company decided to make him a manager.
距離	家裡離學校的距離不遠。	My home isn't far from school.
距離	從這裡到車站的距離大約五百公尺，走路只要七分鐘。	The distance from here to the station is about 500 meters, a seven-minute walk.
週	我每週都去游泳。	I go swimming every week.
週	這週末天氣很好，我們一起去郊外走走吧。	The weather is nice this weekend, so let's go for a walk in the countryside.
那種	我不喜歡那種顏色。	I don't like that kind of color.
那種	那種老式的冰店現在越來越少了，我很懷念。	Old-fashioned ice shops like that are getting rarer, and I miss them.
隨	你隨我來。	Follow me.
隨	出門時請隨身攜帶證件，隨時準備接受檢查。	When going out, please carry your ID with you, ready for inspection at any time.
電	手機沒電了。	The phone is out of battery.
電	昨晚颱風來襲，停電了整整三個小時。	The typhoon struck last night and the power was out for a full three hours.
食品	這是新鮮的食品。	This is fresh food.
食品	購買包裝食品前，請先看清楚保存期限。	Before buying packaged food, please check the expiration date first.
鼓勵	老師常常鼓勵我們。	The teacher often encourages us.
鼓勵	謝謝你一直鼓勵我，我才有勇氣去參加比賽。	Thanks for always encouraging me. That's why I had the courage to enter the competition.
不足	今天睡眠不足。	I didn't get enough sleep today.
不足	因為經費不足，這個計畫只好暫時停止。	Because of insufficient funding, the project had to be put on hold.
使得	這場大雨使得交通大亂。	The heavy rain threw traffic into chaos.
使得	他的努力使得整個團隊都受到鼓舞。	His hard work inspired the whole team.
共有	班上共有三十位同學。	There are thirty classmates in total in the class.
共有	這間公寓是我和哥哥共有的，所以賣掉要經過他同意。	I co-own this apartment with my brother, so selling it needs his consent.
動作	她的動作很優美。	Her movements are very graceful.
動作	教練示範了一次動作，要我們照著慢慢做。	The coach demonstrated the movement once and told us to follow it slowly.
取	我去郵局取包裹。	I'm going to the post office to pick up a package.
取	顧客可憑取貨通知，到櫃檯領取商品。	Customers can pick up their goods at the counter with the pickup notice.
品牌	這個品牌很有名。	This brand is very famous.
品牌	很多年輕人偏愛本土設計師創立的服飾品牌。	Many young people prefer clothing brands founded by local designers.
培養	要培養好習慣。	You have to cultivate good habits.
培養	爸媽從小培養我閱讀的興趣，所以我現在很愛看書。	My parents nurtured my interest in reading from a young age, so I love books now.
太陽	太陽出來了。	The sun has come out.
太陽	夏天中午的太陽很大，出門一定要擦防曬乳。	The midday sun is strong in summer, so always wear sunscreen out.
客戶	客戶打電話來了。	A client called.
客戶	這位客戶對我們的服務很滿意，還介紹朋友來。	This client was very pleased with our service and even referred friends.
尊重	我們要尊重別人。	We should respect others.
尊重	就算意見不同，也要尊重對方說話的權利。	Even when opinions differ, you should respect the other person's right to speak.
就算	就算下雨，我也要去。	Even if it rains, I'm going.
就算	就算你不喜歡，也要試試看，說不定會改變想法。	Even if you don't like it, give it a try. You might change your mind.
平等	人人生而平等。	All people are born equal.
平等	無論性別或年齡，每個人都應該享有平等的工作機會。	Regardless of gender or age, everyone should have equal job opportunities.
形象	他給人的形象很好。	He gives people a good impression.
形象	這家公司很注重品牌形象，連包裝都請設計師處理。	This company cares about its brand image and even has designers handle the packaging.
心裡	我心裡有點緊張。	I'm feeling a little nervous inside.
心裡	她嘴上沒說什麼，心裡卻一直在想那件事。	She said nothing, but she kept thinking about it in her heart.
懷疑	我懷疑他在說謊。	I suspect he's lying.
懷疑	你不用懷疑，這家店的評價真的很好。	You don't need to doubt it. This shop really has great reviews.
投票	明天是投票日。	Tomorrow is election day.
投票	不管多忙，我都會抽空去投票，因為這是我的權利。	No matter how busy I am, I make time to vote because it's my right.
推廣	政府在推廣節能減碳。	The government is promoting energy saving and carbon reduction.
推廣	為了推廣新產品，我們在各個社群平臺投放廣告。	To promote the new product, we run ads on every social platform.
收到	我收到你的訊息了。	I got your message.
收到	昨天我收到一個包裹，打開才發現是朋友寄來的禮物。	Yesterday I received a package and found it was a gift from a friend.
普遍	這種現象很普遍。	This phenomenon is very common.
普遍	現在普遍的看法是，多運動比吃補品更有效。	The prevailing view now is that exercising is more effective than taking supplements.
槍	小朋友愛玩水槍。	Kids love playing with water guns.
槍	警察拿著槍，小心地走進昏暗的巷子。	The police officer cautiously entered the dim alley with a gun in hand.
比例	男女比例大約一比一。	The ratio of men to women is about one to one.
比例	地圖的比例是一比五萬，所以一公分代表五百公尺。	The map scale is 1:50,000, so one centimeter stands for 500 meters.
測試	明天有英文測試。	There's an English test tomorrow.
測試	新軟體上線前，工程師會做很多次測試。	Before new software goes live, engineers run many tests.
用來	這個杯子是用來泡茶的。	This cup is used for brewing tea.
用來	這把剪刀只能用來剪紙，不能剪其他東西。	This pair of scissors can only be used to cut paper, nothing else.
瘋狂	他們真是瘋狂的粉絲。	They're really crazy fans.
瘋狂	演唱會門票一開賣，瘋狂的粉絲就擠爆了網站。	When concert tickets went on sale, frenzied fans crashed the website.
石油	石油價格又漲了。	Oil prices have gone up again.
石油	台灣的石油幾乎都要從國外進口。	Almost all of Taiwan's petroleum has to be imported.
立法	立法院正在討論新法律。	The Legislative Yuan is discussing a new law.
立法	政府打算立法禁止在公共場所抽菸。	The government plans to legislate against smoking in public places.
網上	我在網上買了一雙鞋。	I bought a pair of shoes online.
網上	網上有很多免費的學習資源，你可以多利用。	There are lots of free learning resources online. Make good use of them.
自我	請先做個自我介紹。	Please give a self-introduction first.
自我	面試的時候，要清楚地表達自我，不要太緊張。	In an interview, express yourself clearly and don't be too nervous.
複	作業做完要複習。	After finishing homework, you need to review.
複	這個問題比想像中複雜，需要重複確認好幾次。	This problem is more complicated than imagined and needs to be double-checked several times.
議員	議員在會議上發言。	The councilor spoke at the meeting.
議員	市議員到社區參加座談會，聽居民談對交通的意見。	The city councilor attended a community forum to hear residents' views on traffic.
轉移	媽媽想轉移我的注意力。	Mom wants to shift my attention.
轉移	公司把部分工廠轉移到東南亞，以降低成本。	The company relocated some factories to Southeast Asia to cut costs.
酒店	警方昨晚臨檢一家酒店，沒有發現違法情事。	Police inspected a hostess club last night and found nothing illegal.
面前	他站在大家面前。	He stood in front of everyone.
面前	在老師面前，她一句話都不敢多說。	In front of the teacher, she didn't dare say a word more.
飛	鳥在天空中飛。	Birds are flying in the sky.
飛	我明天要搭飛機飛去高雄，下午就會到。	Tomorrow I'm flying to Kaohsiung and will arrive in the afternoon.
七	現在是七點。	It's seven o'clock now.
七	我七歲的時候，第一次跟爸爸去釣魚。	When I was seven, I went fishing with Dad for the first time.
中間	我坐在中間。	I sit in the middle.
中間	公園中間有一個小池塘，旁邊有很多人在餵魚。	In the middle of the park is a small pond, with many people feeding the fish beside it.
事物	他喜歡嘗試新事物。	He likes trying new things.
事物	小孩子對周遭的事物總是充滿好奇心。	Children are always curious about the things around them.
令人	這個消息令人難過。	This news is saddening.
令人	她的演講令人印象深刻，台下掌聲不斷。	Her speech was impressive, and applause kept coming from the audience.
信號	這裡的手機信號很差。	The phone signal here is very poor.
信號	看到紅色信號燈，所有車輛都要停下來。	When you see the red signal, all vehicles must stop.
公路	這條公路很長。	This highway is very long.
公路	我們開車沿著海岸公路走，沿途風景很漂亮。	We drove along the coastal highway, and the scenery on the way was beautiful.
刺激	辣椒會刺激胃。	Chili peppers irritate the stomach.
刺激	搭雲霄飛車很刺激，但我嚇到腿都軟了。	Riding a roller coaster is thrilling, but I was so scared my legs went weak.
南部	我阿嬤住在南部。	My grandma lives in the south.
南部	南部的冬天比較溫暖，所以很多人去那裡過年。	Winter in the south is warmer, so many people go there for the New Year.
古代	古代沒有電燈。	There was no electric light in ancient times.
古代	古代的人用毛筆寫字，所以書法非常重要。	People in ancient times wrote with brushes, so calligraphy was very important.
周圍	周圍很安靜。	It's very quiet around here.
周圍	我家周圍有公園和市場，生活機能很好。	There are a park and a market around my home, so it's very convenient.
啥	你在說啥？	What are you talking about?
啥	吃啥都行，只要不要太辣就好。	I'll eat anything, as long as it's not too spicy.
地點	開會的地點在哪？	Where is the meeting held?
地點	婚禮的時間和地點已經確定，請大家預留時間。	The wedding's time and place have been set. Please save the date.
多次	我多次提醒他。	I reminded him many times.
多次	這首歌我聽了多次，還是覺得很好聽。	I've listened to this song many times and still think it's lovely.
天天	我天天都喝水。	I drink water every day.
天天	他天天早起運動，所以身體一直很健康。	He exercises early every day, so he's always been healthy.
安裝	工人來安裝冷氣。	The workers came to install the air conditioner.
安裝	你可以自己安裝這個軟體，步驟很簡單。	You can install this software yourself. The steps are simple.
將軍	下棋時，我將軍了。	I put him in check in chess.
將軍	電影裡的將軍帶著軍隊，勇敢地守住了城池。	In the movie, the general led his army and bravely held the city.
工資	這份工作工資不高。	The pay for this job isn't high.
工資	政府每年都會調整基本工資，讓勞工的生活更有保障。	The government adjusts the minimum wage each year to better protect workers' livelihoods.
年齡	她的年齡不大。	She's not very old.
年齡	這個遊樂園的門票價格依年齡而不同。	Tickets for this amusement park vary in price by age.
建造	他們正在建造新橋。	They're building a new bridge.
建造	這座廟是一百年前建造的，到現在還保存得很好。	This temple was built a hundred years ago and is still well preserved.
意	我不太同意你的意見。	I don't quite agree with your opinion.
意	他送我這份禮物是一番好意，我當然要收下。	He gave me this gift out of goodwill, so of course I'll accept it.
成熟	這些水果成熟了。	These fruits are ripe.
成熟	她雖然年輕，但處理事情很成熟，大家都很信任她。	Though young, she handles things maturely, and everyone trusts her.
授權	老闆授權我簽約。	The boss authorized me to sign the contract.
授權	未經授權，不得使用本網站的圖片和文字。	Without authorization, the images and text on this site may not be used.
攝影	我喜歡攝影。	I like photography.
攝影	他是專業的攝影師，常常到山上拍日出和雲海。	He's a professional photographer who often goes up the mountains to shoot sunrises and seas of clouds.
方便	搭捷運很方便。	Taking the MRT is convenient.
方便	你什麼時候方便？我們約個時間吃飯吧。	When are you free? Let's set a time for dinner.
更是	他更是個好人。	He's an even better person.
更是	這道菜本來就好吃，加了辣椒之後更是讓人停不下來。	This dish was already tasty, and with chili added it's even harder to stop eating.
林	這座山上有一大片森林。	There is a large forest on this mountain.
林	我們在樹林裡走了一個小時，才找到那條小溪。	We walked in the woods for an hour before finding that stream.
武裝	警衛全副武裝站在門口。	The guards stood at the door fully armed.
武裝	新聞說，邊境出現了一批武裝人員，附近居民被迫撤離。	The news said armed personnel appeared at the border, forcing nearby residents to evacuate.
治理	政府正努力治理空氣汙染。	The government is working hard to control air pollution.
治理	河川治理需要長期的規劃，還要居民配合不亂丟垃圾。	River management needs long-term planning, and residents must cooperate by not littering.
演出	今晚有一場舞蹈演出。	There's a dance performance tonight.
演出	她在這部舞台劇裡演出主角，每天都練習到很晚。	She plays the lead in this stage play and rehearses late every day.
牛	農場裡有很多牛。	There are many cows on the farm.
牛	爺爺家養了幾頭牛，每天早上都要去擠牛奶。	Grandpa keeps a few cattle and has to milk them every morning.
理想	你的理想是什麼？	What is your dream?
理想	這間公寓離學校近、租金也便宜，是理想的住處。	This apartment is close to school and cheap, an ideal place to live.
發射	火箭今天發射成功。	The rocket launched successfully today.
發射	基地每年都會發射好幾顆氣象衛星，用來預測天氣。	The base launches several weather satellites each year to forecast the weather.
知	我不知道答案。	I don't know the answer.
知	請各位同學提前通知家長，以便大家知悉活動時間。	Students, please notify your parents in advance so that everyone knows the event time.
立刻	我立刻過去。	I'll come over right away.
立刻	聽到消息後，他立刻放下手邊的工作趕回家。	On hearing the news, he immediately dropped his work and rushed home.
簽署	請在這裡簽署。	Please sign here.
簽署	兩家公司昨天簽署了合作協議，預計下個月開始。	The two companies signed a cooperation agreement yesterday, starting next month.
總部	公司總部在台北。	The company's headquarters is in Taipei.
總部	這家連鎖咖啡店的總部設在高雄，全台有兩百間分店。	This coffee chain is headquartered in Kaohsiung, with two hundred branches islandwide.
職務	他的職務是業務經理。	His position is sales manager.
職務	新來的同事接下了行政職務，負責公司的日常雜事。	The new coworker took over the administrative duties, handling the office's daily chores.
自殺	新聞呼籲大家多關心身邊的人，預防自殺。	The news urged everyone to care more about those around them to prevent suicide.
自殺	自殺防治專線二十四小時都有人接聽，需要幫助時請撥打。	The suicide prevention hotline is staffed 24 hours. Please call when you need help.
血	他的手流血了。	His hand is bleeding.
血	我每年都去捐血，希望能幫助需要的人。	I donate blood every year, hoping to help those in need.
要是	要是下雨就不去了。	If it rains, we won't go.
要是	要是你有空的話，可以幫我去接一下小孩嗎？	If you're free, could you pick up the kids for me?
試圖	他試圖說服老闆。	He tried to persuade the boss.
試圖	小偷試圖翻牆逃跑，結果被路過的警察抓個正著。	The thief tried to climb over a wall and escape, but a passing police officer caught him red-handed.
警告	我警告你別再來了。	I'm warning you not to come again.
警告	氣象局發出豪雨警告，請民眾避免前往山區。	The weather bureau issued a heavy rain warning, urging people to avoid mountain areas.
賺	他一個月賺多少錢？	How much does he earn a month?
賺	這家店雖然小，但生意很好，每個月都賺不少。	Though small, this shop does great business and earns quite a bit every month.
轉變	他的態度轉變了。	His attitude has changed.
轉變	疫情之後，許多公司的工作方式有了很大的轉變。	After the pandemic, many companies' ways of working changed greatly.
進去	門開著，你進去吧。	The door is open. Go on in.
進去	電影已經開始了，我們輕輕地進去，不要吵到別人。	The movie has started, so let's go in quietly and not disturb others.
邏輯	他說話很有邏輯。	He speaks very logically.
邏輯	這個故事的邏輯有問題，前面和後面根本對不起來。	There's a logic flaw in this story, because the beginning and the end don't match.
集體	大家集體討論後才決定。	It was decided only after a group discussion.
集體	全班集體出遊，大家都玩得很開心。	The whole class went on an outing together, and everyone had a great time.
首	我最愛唱這首歌。	I love singing this song the most.
首	這次演唱會他一口氣唱了二十首歌，聲音還是很穩。	At this concert he sang twenty songs in a row, and his voice stayed steady.
黑人	那位黑人歌手唱得很好聽。	That Black singer sings beautifully.
黑人	班上有一個從美國來的黑人同學，大家都叫他阿德。	There's a Black classmate from the US in our class, and we all call him by a nickname.
一面	她一面走路一面吃早餐。	She eats breakfast while walking.
一面	他一面看電視，一面摺衣服，兩件事同時完成。	He folds clothes while watching TV, getting both done at once.
不必	你不必擔心。	You don't need to worry.
不必	這只是小事，你不必放在心上，也不用特地道歉。	It's a small thing. You needn't take it to heart or specially apologize.
人為	這次火災是人為的。	This fire was man-made.
人為	調查結果顯示，這次意外並非天災，而是人為疏失。	The investigation showed the accident wasn't a natural disaster but human error.
依	依照規定辦理。	Handle it according to the rules.
依	請依指示排隊，依序進場。	Please queue as instructed and enter in order.
停	車子停在路邊。	The car is parked by the road.
停	雨一直下，到了下午三點才終於停。	The rain kept falling and finally stopped around three in the afternoon.
八	現在八點了。	It's eight o'clock now.
八	這間教室裡有八張桌子，每張桌子坐四個人。	This classroom has eight tables, with four people at each.
利	這個決定對大家都有利。	This decision benefits everyone.
利	存在銀行的錢會有利息，不過現在利率很低。	Money in the bank earns interest, but rates are very low now.
北部	我住在北部。	I live in the north.
北部	北部冬天常常下雨，濕冷的天氣讓人不太想出門。	The north often has rain in winter, and the damp cold makes people not want to go out.
可憐	那隻小狗好可憐。	That puppy is so pitiful.
可憐	看到流浪貓在雨中發抖，路人覺得牠很可憐，便帶牠回家。	Seeing the stray cat shivering in the rain, a passerby felt sorry for it and took it home.
呼籲	專家呼籲大家多運動。	Experts urge everyone to exercise more.
呼籲	環保團體呼籲民眾少用塑膠袋，自備環保袋購物。	Environmental groups urge the public to use fewer plastic bags and bring their own.
噸	這輛卡車載了三噸貨物。	This truck carries three tons of cargo.
噸	港口每天都有幾千噸的貨物進出，工人非常忙碌。	Thousands of tons of cargo pass through the port daily, keeping workers busy.
大師	他是有名的書法大師。	He's a famous calligraphy master.
大師	爸爸帶我去拜訪茶道大師，學習怎麼泡一杯好茶。	Dad took me to visit a tea master to learn how to brew a good cup of tea.
子女	他有兩個子女。	He has two children.
子女	許多父母為了子女的教育，願意犧牲自己的休閒時間。	Many parents are willing to sacrifice their leisure time for their children's education.
射	他用弓射箭。	He shoots arrows with a bow.
射	小孩子很愛玩水槍，互相射得全身都濕了。	Kids love water guns and shoot each other until they're soaked.
小心	小心地板很滑。	Careful, the floor is slippery.
小心	過馬路要小心來車，尤其是騎機車的人。	Watch out for cars when crossing, especially scooters.
廁所	請問廁所在哪裡？	Excuse me, where is the restroom?
廁所	公園的廁所很乾淨，還有專人定時打掃。	The park's restroom is very clean and someone cleans it regularly.
得以	大家的努力讓計畫得以順利完成。	Everyone's effort allowed the plan to be completed smoothly.
得以	多虧鄰居幫忙，我們家才得以在雨季前修好屋頂。	Thanks to the neighbors' help, we were able to fix the roof before the rainy season.
患者	醫院裡有很多患者。	There are many patients in the hospital.
患者	糖尿病患者要特別注意飲食，不能吃太多甜食。	Diabetic patients must watch their diet and avoid too many sweets.
憑	憑票入場。	Admission with a ticket.
憑	憑這張優惠券，你可以免費升級一杯飲料的尺寸。	With this coupon, you can upgrade a drink size for free.
打電話	我等一下打電話給你。	I'll call you in a bit.
打電話	他每個週末都會打電話回家，問候爸媽。	He calls home every weekend to check on his parents.
接著	你先說，我接著說。	You go first, and I'll go next.
接著	先把蔥爆香，接著放入絞肉，翻炒到變色為止。	First sauté the scallions, then add the minced meat and stir-fry until it changes color.
族	他是上班族。	He's an office worker.
族	這個山區住著不同的原住民族，各有自己的語言和文化。	Various indigenous peoples live in this mountain area, each with its own language and culture.
有限	我的時間有限。	My time is limited.
有限	預算有限，所以我們只能選擇比較便宜的方案。	The budget is limited, so we can only pick the cheaper plan.
棒	你真棒！	You're awesome!
棒	這家餐廳的服務很棒，我們下次還要來。	The service at this restaurant is great, and we'll come again.
歐	一歐元大約換三十多塊台幣。	One euro is worth about thirty-some NT dollars.
歐	他存了一些歐元，打算暑假去歐洲玩。	He saved some euros and plans to travel to Europe this summer.
決策	這是一項重要的決策。	This is an important decision.
決策	公司的重大決策都要經過董事會討論才能決定。	Major company decisions have to be discussed by the board before being made.
消滅	我們要消滅蚊子。	We want to wipe out mosquitoes.
消滅	為了消滅蟑螂，我們請專業人員來家裡噴藥。	To get rid of the cockroaches, we asked professionals to spray at our home.
火車	我坐火車去台中。	I take the train to Taichung.
火車	買不到高鐵票的人，就會改搭火車，雖然比較慢，但風景很好。	People who can't get high-speed rail tickets take the train instead. It's slower but scenic.
獲取	他獲取了不少經驗。	He gained a lot of experience.
獲取	網站要求用戶授權後，才能獲取他們的位置資訊。	The website can only obtain users' location data after they grant permission.
男孩	那個男孩在踢球。	That boy is kicking a ball.
男孩	隔壁的男孩每天放學後都在巷子裡騎腳踏車。	The boy next door rides his bike in the alley every day after school.
直	這條路很直。	This road is very straight.
直	你有什麼話就直說，不用拐彎抹角。	If you have something to say, say it directly. No need to beat around the bush.
祖國	他很想念祖國。	He misses his homeland very much.
祖國	離開祖國多年的老人，終於在晚年回到了故鄉。	The old man who had left his homeland for years finally returned to his hometown in old age.
等級	這是最高等級。	This is the highest grade.
等級	遊戲裡的等級越高，能使用的技能就越多。	The higher your level in the game, the more skills you can use.
經費	學校經費很緊。	The school's funds are tight.
經費	活動的經費由社區管理委員會負責，居民不需要另外付錢。	The community committee covers the event's funding, so residents don't pay extra.
職	她在公司擔任要職。	She holds an important position in the company.
職	他因為身體不好，決定辭職回老家休養。	Due to poor health, he decided to resign and rest in his hometown.
自行	請自行取用。	Please help yourself.
自行	旅客請自行保管貴重物品，本館恕不負責。	Guests are asked to keep valuables safe themselves, as we cannot be held responsible.
藝術家	那位藝術家住在山上。	That artist lives in the mountains.
藝術家	這位藝術家用回收的塑膠瓶做出了一件大型作品。	This artist made a large artwork out of recycled plastic bottles.
視為	大家把他視為老師。	Everyone regards him as a teacher.
視為	逾期不繳費，將視為自動放棄資格。	Failure to pay by the deadline will be deemed a waiver of eligibility.
評估	我們需要評估風險。	We need to assess the risks.
評估	醫生會先評估病人的情況，再決定要不要開刀。	The doctor will first assess the patient's condition before deciding on surgery.
談話	他們在花園裡談話。	They're talking in the garden.
談話	總統的談話內容很快就登上了各大新聞網站。	The president's remarks quickly appeared on major news sites.
質	這個產品的質感很好。	This product has a great texture.
質	水果的品質好壞，要看它的本質和保存方式。	The quality of fruit depends on its nature and how it is stored.
載	報紙上載有昨天比賽的結果。	The newspaper carried yesterday's match results.
載	這本書記載了台灣早期的生活情形，很有參考價值。	This book records everyday life in early Taiwan and is very valuable.
造	工廠在造新的機器。	The factory is building new machines.
造	這間工廠專門製造自行車零件，產品銷售到世界各地。	This factory makes bicycle parts and sells them worldwide.
醫學	她在大學念醫學。	She studies medicine at university.
醫學	醫學不斷進步，很多以前的絕症現在都能治療。	Medicine keeps advancing, and many once-incurable diseases can now be treated.
障礙	路上有障礙物。	There's an obstacle on the road.
障礙	語言不通是他在國外生活的最大障礙。	The language barrier was his biggest obstacle to living abroad.
領土	這是我國的領土。	This is our country's territory.
領土	兩國為了領土問題爭論多年，至今仍然沒有結論。	The two countries have disputed territory for years without a conclusion.
騙子	那個人是騙子。	That person is a swindler.
騙子	詐騙集團的騙子假冒銀行員，打電話要老人家匯錢。	Scammers posing as bank staff called elderly people asking them to transfer money.
一人	一人一票，非常公平。	One person, one vote. It's very fair.
一人	我一人住在這間小套房，很自在也很安靜。	I live alone in this small studio, which is comfortable and quiet.
不幸	他不幸生病了。	Unfortunately he fell ill.
不幸	這起意外不幸造成兩人受傷，幸好都不嚴重。	The accident unfortunately injured two people, but luckily not seriously.
主辦	這場活動由市政府主辦。	This event is organized by the city government.
主辦	主辦單位準備了點心和飲料，讓來賓可以自由取用。	The organizers prepared snacks and drinks for guests to help themselves.
人性	這是人性的弱點。	This is a weakness of human nature.
人性	好的電影不只是特效，更要寫出人性的複雜。	A good film isn't just effects. It has to show the complexity of human nature.
企圖	他企圖逃走。	He tried to escape.
企圖	有人企圖闖入便利商店，被監視器拍了下來。	Someone attempted to break into a convenience store and was caught on camera.
例子	請舉一個例子。	Please give an example.
例子	這個例子說明了小細節也可能影響大結果。	This example shows that small details can affect big outcomes.
倆	我們倆是同學。	We two are classmates.
倆	他們倆從小一起長大，感情好得像親兄弟。	The two of them grew up together and are as close as brothers.
內地	內地的氣候比沿海乾燥。	The climate inland is drier than the coast.
內地	這些漁民離開海邊，搬到內地去種田。	These fishermen left the coast and moved inland to farm.
公正	法官必須公正。	A judge must be impartial.
公正	比賽的結果要公正透明，才能讓選手信服。	The results of a contest must be fair and transparent to convince the athletes.
刀	這把刀很利。	This knife is very sharp.
刀	切水果時要小心用刀，不要切到手指。	Be careful with the knife when cutting fruit so you don't cut your fingers.
刪除	請刪除這張照片。	Please delete this photo.
刪除	手機容量不夠，我只好刪除一些很久沒用的App。	My phone storage was full, so I had to delete some apps I hadn't used in ages.
劉	我同事姓劉。	My coworker's surname is Liu.
劉	那位姓劉的老師教我們數學，大家都很喜歡他。	The teacher surnamed Liu teaches us math and everyone likes him.
千萬	千萬不要遲到。	Whatever you do, don't be late.
千萬	出門在外，千萬要注意安全，不要隨便相信陌生人。	When you're out, be sure to stay safe and don't trust strangers easily.
反正	反正我也沒事。	Anyway, I have nothing to do.
反正	你不用買，反正家裡還有很多，想吃就拿。	You don't need to buy any. There's plenty at home anyway, so help yourself.
司	他在一家貿易公司工作。	He works at a trading company.
司	這件事如果鬧上法院，打官司會花很多時間和金錢。	If this goes to court, the lawsuit will cost a lot of time and money.
吹	外面風吹得很大。	The wind is blowing hard outside.
吹	他很會吹口琴，生日派對上吹了一首好聽的曲子。	He's good at the harmonica and played a lovely tune at the birthday party.
圍繞	孩子們圍繞著老師。	The children gathered around the teacher.
圍繞	今天的討論主要圍繞在如何降低成本這個問題上。	Today's discussion mainly centered on how to cut costs.
基層	她從基層做起。	She started at the bottom.
基層	基層員工的意見，常常是改善公司制度最寶貴的參考。	Frontline employees' feedback is often the most valuable input for improving company systems.
外面	外面在下雨。	It's raining outside.
外面	外面的世界很大，你應該出去走走，多看看。	The outside world is big. You should go out and see more.
大批	有大批遊客湧進來。	A large number of tourists poured in.
大批	新貨剛到，大批商品正在整理，請稍等一下。	New stock just arrived and large batches are being sorted. Please wait a moment.
失業	爸爸失業了。	Dad lost his job.
失業	很多人因為公司倒閉而失業，生活頓時陷入困難。	Many people lost their jobs when their companies closed, and life suddenly became hard.
客	這家店的客人很多。	This shop has a lot of customers.
客	我點了一客牛排，附湯和飲料。	I ordered a steak set, with soup and a drink.
寶貝	寶貝，該睡覺了。	Sweetie, it's time for bed.
寶貝	阿嬤把這串玉珠當寶貝，每天都會小心地擦乾淨。	Grandma treasures this jade bead string and carefully wipes it clean every day.
尼	她出家當了尼姑。	She left home to become a nun.
尼	這件外套是尼龍做的，防風又好穿。	This jacket is made of nylon. It's windproof and comfortable.
工程師	他是軟體工程師。	He's a software engineer.
工程師	工程師正在檢查橋樑的結構，確保安全。	The engineers are inspecting the bridge's structure to make sure it's safe.
平民	這個節目訪問了很多平民。	This program interviewed many ordinary people.
平民	戰爭中受傷最重的往往是平民，而不是士兵。	In wars, civilians, rather than soldiers, are often hurt the most.
建國	建國初期，生活很辛苦。	In the early years after the founding, life was hard.
建國	爺爺說，建國以來這個國家變化很大。	Grandpa said this country has changed a lot since its founding.
形態	水有三種形態。	Water has three forms.
形態	雲的形態不同，代表天氣可能會有不同的變化。	Different cloud shapes can signal different weather changes.
急	別急，慢慢來。	Don't rush. Take your time.
急	媽媽急著出門，連早餐都沒吃就跑去搭公車。	Mom was in a hurry to leave and ran for the bus without even eating breakfast.
情形	當時的情形很混亂。	The situation back then was chaotic.
情形	這種情形在台灣很少見，一旦發生就會上新聞。	This kind of situation is rare in Taiwan and makes the news when it happens.
截至	截至今天，報名人數已滿。	As of today, registrations are full.
截至	截至上個月底，這個計畫已經完成了百分之八十。	As of the end of last month, the project is 80% complete.
技能	他有很多技能。	He has many skills.
技能	學一項實用的技能，對將來找工作很有幫助。	Learning a practical skill helps a lot with finding a job later.
指控	他被指控偷東西。	He was accused of stealing.
指控	多名員工指控公司長期欠薪，勞工局已展開調查。	Several employees accused the company of long-term unpaid wages, and the labor bureau has opened an investigation.
搬	我們下個月要搬家。	We're moving next month.
搬	你幫我搬一下這個箱子，它真的很重。	Help me move this box. It's really heavy.
支	我買了一支筆。	I bought a pen.
支	這支手機的電池很耐用，一次充飽可以用兩天。	This phone has a durable battery and lasts two days on a full charge.
教會	姐姐教會我煮飯。	My sister taught me how to cook.
教會	他花了一個下午，耐心教會爺爺怎麼用手機傳訊息。	He spent an afternoon patiently teaching Grandpa how to send messages on his phone.
方針	公司有新的方針。	The company has new guidelines.
方針	政府公布了新的環保方針，要求各行各業減少碳排放。	The government announced new environmental policies requiring all industries to cut carbon emissions.
最初	最初我也不相信。	At first I didn't believe it either.
最初	最初這間店只賣早餐，後來才開始賣午餐和晚餐。	At first this shop only sold breakfast, and later it began selling lunch and dinner.
某種	他有某種特別的習慣。	He has some special habit.
某種	這份工作讓我感到某種壓力，但我也學到很多。	This job puts me under a certain pressure, but I'm also learning a lot.
機器人	那個機器人會打掃。	That robot can clean.
機器人	餐廳用機器人送餐，小朋友看了都覺得很新奇。	The restaurant uses robots to deliver food, and the kids find it amazing.
殺害	警方正在調查殺害事件。	Police are investigating the killing.
殺害	新聞報導一名男子涉嫌殺害鄰居，目前已被警方逮捕。	News reported a man suspected of killing his neighbor has been arrested by police.
波	一波冷氣團來了。	A cold front is coming.
波	第二波疫苗預約下週開始，請大家記得上網登記。	The second wave of vaccine appointments starts next week. Remember to register online.
溫度	今天溫度很低。	The temperature is very low today.
溫度	冷氣的溫度不要調太低，二十六度就很舒服了。	Don't set the air conditioner's temperature too low. Twenty-six degrees is comfortable.
無關	這跟你無關。	This has nothing to do with you.
無關	這次爭執與錢無關，而是我們對事情的看法不同。	This quarrel has nothing to do with money, but with our different views.
物資	災區缺少物資。	The disaster area lacks supplies.
物資	颱風過後，民眾捐出了許多物資，送到受災的村莊。	After the typhoon, people donated lots of supplies, delivered to the affected village.
環	把門環扣好。	Fasten the door ring.
環	這家店的環境很舒適，我們坐了一個下午。	The environment in this shop is comfortable, and we stayed all afternoon.
瘋	你瘋了嗎？	Are you crazy?
瘋	那個消息讓大家都瘋了，社群上一直在轉貼。	That news made everyone go wild, and it kept getting reposted on social media.
眼前	眼前是一片大海。	Before my eyes was a vast sea.
眼前	眼前最重要的事，就是先把這個月的帳單繳清。	The most important thing right now is to pay off this month's bills.
秘書長	秘書長今天要主持會議。	The secretary-general will chair the meeting today.
秘書長	新任秘書長上任後，立刻召集各部門討論預算。	After taking office, the new secretary-general immediately convened departments to discuss the budget.
突出	他的表現很突出。	His performance is outstanding.
突出	牆上突出一根釘子，經過時請小心。	A nail sticks out of the wall, so be careful when passing.
納	這些錢是用來繳納稅金的。	This money is for paying taxes.
納	公司願意接納不同的意見，所以員工都敢說真話。	The company welcomes different opinions, so employees dare to speak honestly.
線路	這條公車線路很方便。	This bus route is very convenient.
線路	電工說房子的線路太舊，必須全部換新才安全。	The electrician said the wiring in the house is too old and has to be replaced for safety.
考	明天要考數學。	We have a math exam tomorrow.
考	姐姐想考上台大，所以每天晚上都在圖書館念書到十點。	My sister wants to get into NTU, so she studies at the library until ten every night.
脫	進門請脫鞋。	Please take off your shoes at the door.
脫	天氣太熱，他把外套脫下來，掛在椅背上。	It was so hot that he took off his jacket and hung it on the chair.
舒服	這張沙發好舒服。	This sofa is so comfortable.
舒服	我今天頭有點痛，身體不太舒服，想早點回家休息。	I have a headache and don't feel well today, so I want to go home early to rest.
蓋	記得把鍋子蓋好。	Remember to put the lid on the pot.
蓋	他們打算在山腳下蓋一棟小木屋，當作週末度假用。	They plan to build a small cabin at the foot of the mountain as a weekend retreat.
被捕	小偷昨晚被捕了。	The thief was arrested last night.
被捕	嫌犯在機場被捕時，身上帶著大量現金。	The suspect was arrested at the airport carrying a large amount of cash.
許可	沒有許可不能進入。	You can't enter without permission.
許可	施工單位已取得許可，下週就可以動工。	The construction team has obtained a permit and can begin next week.
說道	他笑著說道：「歡迎光臨。」	He smiled and said, "Welcome."
說道	老師看了看成績單，輕聲說道：「你這次進步很多。」	The teacher looked at the report card and said softly, "You've improved a lot this time."
負擔	這筆費用我可以負擔。	I can afford this expense.
負擔	房貸的負擔很重，所以他每個月都要省吃儉用。	The mortgage burden is heavy, so he has to live frugally every month.
趕快	趕快起床，要遲到了！	Get up quickly, you're going to be late!
趕快	雨快下了，趕快把衣服收進來，不然都會濕掉。	It's about to rain, so quickly bring in the laundry or it'll get wet.
輸入	請輸入你的密碼。	Please enter your password.
輸入	輸入電話號碼時要小心，打錯一個數字就聯絡不到人了。	Be careful when entering a phone number, since one wrong digit means you can't reach them.
農場	爺爺有一個農場。	Grandpa has a farm.
農場	週末我們全家去農場採草莓，順便學怎麼種菜。	On the weekend our family went to a farm to pick strawberries and learn how to grow vegetables.
週末	這個週末你有空嗎？	Are you free this weekend?
週末	週末我通常睡到十點，然後去市場買菜、煮飯。	On weekends I usually sleep until ten, then go to the market and cook.
遵守	請遵守交通規則。	Please obey traffic rules.
遵守	進入圖書館的人都要遵守規定，不能大聲說話。	Everyone entering the library must follow the rules and not talk loudly.
邪惡	電影裡的巫師很邪惡。	The wizard in the movie is very wicked.
邪惡	童話故事裡，邪惡的皇后總是會被正義的力量打敗。	In fairy tales, the wicked queen is always defeated by the force of justice.
錄	我用手機錄音。	I'm recording audio with my phone.
錄	那場演講被完整地錄下來，放在網路上供大家觀看。	That speech was fully recorded and posted online for everyone to watch.
難民	難民需要幫助。	Refugees need help.
難民	許多難民離開家園，來到鄰近的國家尋求安全。	Many refugees left their homes and came to neighboring countries seeking safety.
顧問	他是公司的顧問。	He's the company's consultant.
顧問	我們請了一位財務顧問，幫我們規劃退休後的生活。	We hired a financial adviser to help plan our life after retirement.
魔	小孩怕魔鬼。	Children are afraid of demons.
魔	街頭藝人表演魔術，把一張紙變成了一朵花。	The street performer did a magic trick and turned a piece of paper into a flower.
一輩子	我愛你一輩子。	I'll love you for a lifetime.
一輩子	阿公一輩子都很節儉，從來不亂花錢。	Grandpa has been thrifty all his life and never spent money recklessly.
不准	這裡不准停車。	No parking here.
不准	媽媽不准我晚上十點以後再玩電腦。	Mom doesn't allow me to use the computer after ten at night.
便是	這便是我要找的答案。	This is exactly the answer I've been looking for.
便是	台灣最有名的小吃，便是讓人排隊也要吃的滷肉飯。	Taiwan's most famous snack is the braised pork rice people will queue up for.
傳奇	他是個傳奇人物。	He is a legendary figure.
傳奇	這位老闆從夜市小攤做到上市公司，故事真是傳奇。	This boss went from a night market stall to a listed company. What a legendary story.
內戰	這個國家發生了內戰。	A civil war broke out in this country.
內戰	內戰結束後，人民花了很多年才重建家園。	After the civil war ended, it took the people years to rebuild their homes.
兵	他在當兵。	He's serving in the military.
兵	台灣的男生滿十八歲後要當兵，有些人會利用空檔學習新技能。	Taiwanese men must serve in the military after eighteen, and some use spare time to learn new skills.
列車	列車即將進站。	The train is about to enter the station.
列車	列車長提醒乘客，列車行駛中請勿將頭手伸出窗外。	The conductor reminded passengers not to put their head or hands out the window while the train is moving.
創意	她的創意很特別。	Her idea is very original.
創意	這間咖啡店用創意十足的擺設，吸引了很多年輕客人。	This café attracts many young customers with its highly creative decor.
勞動力	這裡勞動力不足。	There is a shortage of labor here.
勞動力	人口老化使勞動力逐年減少，企業不得不引進自動化設備。	An aging population shrinks the labor force every year, so companies have to adopt automation.
即可	填好表格後交給櫃檯即可。	Just hand the form to the counter after filling it in.
即可	輸入帳號和密碼後，按下登入鍵即可進入系統。	Once you enter your account and password, press the login button to access the system.
只好	車壞了，我只好走路。	My car broke down, so I had to walk.
只好	沒買到高鐵票，他只好改搭客運回南部老家。	Unable to get a high-speed rail ticket, he had to take a coach back to his southern hometown.
命名	這種花以發現者命名。	This flower is named after its discoverer.
命名	這座山是以山形像一隻鳥而命名的，當地人都這麼叫。	This mountain was named for its bird-like shape, and locals all call it that.
回報	謝謝你，我一定會回報你。	Thank you, I'll definitely repay you.
回報	完成任務後，請立即回報主管，讓他知道進度。	After finishing the task, report back to your supervisor right away so he knows the progress.
塞	別把這麼多東西塞進包包。	Don't stuff so many things into the bag.
塞	下班時間路上塞車，原本半小時的路走了快一個半小時。	Traffic was jammed at rush hour, and a half-hour trip took nearly an hour and a half.
大聲	請不要大聲說話。	Please don't speak loudly.
大聲	他大聲喊著朋友的名字，但是對方戴著耳機沒聽到。	He shouted his friend's name loudly, but his friend had headphones on and didn't hear.
女友	他的女友很漂亮。	His girlfriend is pretty.
女友	為了給女友一個驚喜，他偷偷訂了一間海邊的餐廳。	To surprise his girlfriend, he secretly booked a restaurant by the sea.
婚禮	下週六我要參加婚禮。	Next Saturday I'm going to a wedding.
婚禮	婚禮上新娘穿著白紗，新郎緊張得連話都說不好。	At the wedding the bride wore a white gown and the groom was too nervous to speak properly.
家屬	家屬在醫院外面等。	The family members are waiting outside the hospital.
家屬	手術前，醫生向家屬說明了可能的風險。	Before the surgery, the doctor explained the possible risks to the family.
小型	這是小型的電腦。	This is a small computer.
小型	小型餐廳的優點，是老闆可以親自招呼每一位客人。	The advantage of a small restaurant is that the owner can greet each customer personally.
工作人員	工作人員正在準備。	The staff are getting ready.
工作人員	活動現場有工作人員引導觀眾入座，大家都很有秩序。	Staff at the venue guided the audience to their seats, and everyone was orderly.
影響力	他的影響力很大。	He has great influence.
影響力	社群網站上的名人影響力很大，一句話就能帶動買氣。	Celebrities on social networks have great influence, and one remark can drive sales.
恩	我永遠記得你的恩情。	I'll always remember your kindness.
恩	感恩節那天，我們全家一起吃了一頓豐盛的晚餐。	On Thanksgiving, our whole family had a hearty dinner together.
戰場	士兵回到了戰場。	The soldiers returned to the battlefield.
戰場	球場就像戰場，兩隊球員都拚盡全力要贏得勝利。	The court is like a battlefield, with both teams giving their all to win.
技巧	畫畫要靠技巧。	Drawing relies on technique.
技巧	說話的技巧很重要，同樣的意思換個方式講，效果就不同。	Speaking skills matter. The same meaning said differently has a different effect.
指責	不要隨便指責別人。	Don't blame others casually.
指責	他受到許多網友的指責，只好公開道歉。	He was criticized by many netizens and had to apologize publicly.
提議	我有一個提議。	I have a suggestion.
提議	大家都同意他的提議，決定把會議改到下週一。	Everyone agreed to his proposal and decided to move the meeting to next Monday.
收益	投資有收益嗎？	Does the investment earn a profit?
收益	這家店今年的收益比去年增加了兩成，老闆很開心。	This shop's earnings rose 20% from last year, and the owner is delighted.
旁	車子停在路旁。	The car is parked by the roadside.
旁	他站在旁邊看了很久，才鼓起勇氣上前搭話。	He stood to the side watching for a long time before getting the courage to talk.
時尚	她穿得很時尚。	She dresses very fashionably.
時尚	這間店的衣服設計時尚，價格也不貴，很受學生歡迎。	Clothes here are stylish yet affordable, popular among students.
望	我望著窗外的雨。	I gaze out the window at the rain.
望	媽媽望子成龍，所以把所有的期望都放在哥哥身上。	Mom hoped her son would excel and put all her hopes on my brother.
核	這顆桃子的核很大。	This peach has a big pit.
核	核能發電是台灣近年最受討論的能源議題之一。	Nuclear power is one of the most debated energy issues in Taiwan in recent years.
權威	他是這個領域的權威。	He's an authority in this field.
權威	這份報告是由權威機構發布的，內容十分可信。	This report was released by an authoritative organization, so it is very credible.
殘酷	現實很殘酷。	Reality is harsh.
殘酷	這部紀錄片揭露了戰爭殘酷的一面，看得讓人心情沉重。	This documentary reveals the cruel side of war and leaves viewers heavy-hearted.
沒法	我沒法去。	I can't make it.
沒法	路都被淹了，我們沒法開車回家，只好在朋友家住一晚。	The roads were flooded and we couldn't drive home, so we stayed a night at a friend's.
清理	週末我要清理房間。	This weekend I'm going to clean up my room.
清理	每年春天，社區居民會一起清理水溝，避免下大雨時淹水。	Every spring, neighbors clear the drains together to prevent flooding in heavy rain.
火箭	火箭飛上太空了。	The rocket flew into space.
火箭	弟弟的房間裡有一個火箭模型，是他自己組裝的。	My brother's room has a rocket model that he assembled himself.
爺爺	我爺爺很愛下棋。	My grandpa loves playing chess.
爺爺	爺爺每天早上都去公園打太極拳，身體非常硬朗。	Grandpa does tai chi in the park every morning and is very healthy.
玩具	弟弟有很多玩具。	My little brother has lots of toys.
玩具	生日那天，姑姑送了我一組積木玩具，我玩了一整天。	On my birthday Aunt gave me a set of building-block toys, and I played all day.
田	農夫在田裡工作。	The farmer is working in the field.
田	南部的稻田一望無際，收成的季節金黃色的稻穗很漂亮。	Rice fields in the south stretch to the horizon, and the golden rice ears at harvest are beautiful.
發動機	這輛車的發動機有問題。	There's a problem with this car's engine.
發動機	師傅檢查了一下發動機，說只是火星塞壞掉而已。	The mechanic checked the engine and said it was just a faulty spark plug.
皮	這個蘋果的皮很薄。	This apple has thin skin.
皮	這雙皮鞋是真皮做的，保養得好可以穿很多年。	These leather shoes are made of genuine leather and can last for years if cared for.
石	古代官員的俸祿，常以多少石米來計算。	In ancient times, officials' salaries were often counted in dan of rice.
福	新年快樂，祝你福氣滿滿！	Happy New Year, wishing you plenty of good fortune!
福	春節時，家家戶戶都會把「福」字倒過來貼在門上。	At Lunar New Year, families stick the character 福 upside down on their doors.
筆	我需要一支筆。	I need a pen.
筆	他的字寫得很漂亮，尤其是用毛筆寫的時候。	His handwriting is beautiful, especially when written with a brush.
粉絲	她有很多粉絲。	She has lots of fans.
粉絲	這位歌手開演唱會時，粉絲們都舉著螢光棒一起大合唱。	When this singer holds concerts, fans wave glow sticks and sing along together.
結局	這部電影的結局很感人。	This film's ending is very moving.
結局	大家都希望這個故事能有一個圓滿的結局。	Everyone hopes this story will have a happy ending.
線上	我們在線上開會。	We're having a meeting online.
線上	很多補習班現在都有線上課程，學生在家就能上課。	Many cram schools now offer online courses, so students can study from home.
美食	台灣有很多美食。	Taiwan has a lot of delicious food.
美食	每到假日，這條老街都擠滿了來品嘗各種美食的遊客。	On holidays this old street is packed with tourists tasting all kinds of delicacies.
腦袋	我的腦袋一片空白。	My mind went blank.
腦袋	他腦袋很靈光，再難的數學題都能很快解出來。	He's quick-witted and can solve even hard math problems fast.
草案	新法規草案出來了。	The draft of the new regulation is out.
草案	這份草案要先交給委員會審查，通過後才會正式公布。	This draft must first go to a committee for review and will only be announced after approval.
行使	他行使了自己的投票權。	He exercised his right to vote.
行使	公民應該好好行使權利，同時也要承擔相對的責任。	Citizens should properly exercise their rights and also bear the corresponding responsibilities.
親愛	親愛的媽媽，母親節快樂！	Dear Mom, Happy Mother's Day!
親愛	親愛的同學們，畢業之後我們一定要常常聯絡。	Dear classmates, after graduation we must keep in touch.
詩歌	我喜歡讀詩歌。	I like reading poetry.
詩歌	國文課上，老師帶我們欣賞唐代的詩歌，並討論其中的意境。	In Chinese class, the teacher led us to appreciate Tang poetry and discuss its mood.
護士	護士幫我量血壓。	The nurse took my blood pressure.
護士	護士小心地替病人換藥，還親切地問他覺得好一點了沒。	The nurse carefully changed the patient's dressing and kindly asked if he felt better.
買賣	他做買賣很多年了。	He's been in trade for many years.
買賣	這家小店的買賣不大，但老闆待客誠懇，客人都很固定。	This small shop does modest business, but the owner is sincere and customers are loyal.
贊	我贊成你的想法。	I approve of your idea.
贊	這間公司贊助了本次馬拉松，所以每位選手都拿到一件T恤。	This company sponsored the marathon, so every runner got a T-shirt.
辦事	爸爸去市公所辦事。	Dad went to the city hall to take care of some business.
辦事	她辦事很有效率，交給她我們都很放心。	She's very efficient at getting things done, so we feel at ease leaving it to her.
這邊	請到這邊來。	Please come over here.
這邊	這邊的天氣比較涼，你出門記得多帶一件外套。	The weather here is cooler, so remember to bring an extra jacket.
遠離	遠離危險的地方。	Stay away from dangerous places.
遠離	爸媽希望我遠離壞朋友，專心把書念好。	My parents want me to stay away from bad friends and focus on studying.
銀	這個戒指是銀做的。	This ring is made of silver.
銀	我把發薪日領到的錢，一半存進銀行，一半留著零用。	I put half of my payday money into the bank and keep half for spending.
隊長	他是籃球隊的隊長。	He's the captain of the basketball team.
隊長	隊長在比賽前集合大家，提醒每個人要注意自己的位置。	Before the match, the captain gathered everyone and reminded each person to watch their position.
面向	這個問題有很多面向。	This issue has many aspects.
面向	看事情要從不同的面向思考，才不會被單一的觀點限制。	See things from different angles so you're not limited by a single viewpoint.
風暴	今晚有一場大風暴。	There's a big storm tonight.
風暴	這則消息引起了一場輿論風暴，公司被迫公開道歉。	This news stirred a storm of public opinion, and the company was forced to apologize.
高層	他住在大樓的高層。	He lives on a high floor of the building.
高層	公司高層昨天開了緊急會議，討論如何處理這個危機。	Company executives held an emergency meeting yesterday to discuss how to handle this crisis.
一線	這是最後的一線希望。	This is the last glimmer of hope.
一線	醫護人員站在抗疫的一線，每天都辛苦地工作。	Medical staff stand on the front line of the fight against the epidemic, working hard every day.
上次	上次的比賽很精采。	Last time's game was exciting.
上次	上次你借我的那本書，我已經看完了，下次還你。	I finished the book you lent me last time and will return it next time.
不變	他的習慣一直不變。	His habits never change.
不變	不管世界怎麼改變，媽媽對我們的愛永遠不變。	No matter how the world changes, Mom's love for us never changes.
予以	對此事將予以處理。	This matter will be dealt with.
予以	凡違反規定者，一律予以警告，累犯者則停權處理。	Anyone breaking the rules will be warned, and repeat offenders will be suspended.
企業家	他是成功的企業家。	He's a successful entrepreneur.
企業家	這位企業家白手起家，現在經營著遍布全台的連鎖店。	This entrepreneur started from scratch and now runs chain stores all over Taiwan.
保衛	士兵保衛國家。	Soldiers defend the nation.
保衛	居民團結起來，保衛自己的家園不被破壞。	Residents united to protect their homeland from being destroyed.
假裝	他假裝睡著了。	He pretended to be asleep.
假裝	她假裝沒看見我，轉身走向另一邊，讓我很尷尬。	She pretended not to see me and turned the other way, which embarrassed me.
儀器	實驗室有很多儀器。	The lab has many instruments.
儀器	使用這些精密儀器前，請先閱讀操作手冊。	Before using these precision instruments, please read the manual.
全年	這家店全年無休。	This shop is open all year with no days off.
全年	這座山全年都有遊客，不過冬天最容易看到雲海。	This mountain has visitors all year, but winter is the best time to see the sea of clouds.
出臺	政府今天出臺了新的補助辦法。	The government rolled out new subsidy measures today.
出臺	新的交通規則即將出臺，駕駛人要特別留意。	New traffic rules are about to be rolled out, so drivers should take note.
刺	玫瑰的刺很尖。	Rose thorns are sharp.
刺	被蚊子刺了一口，我整晚都癢得睡不著。	A mosquito bit me, and I was too itchy to sleep all night.
力度	他的力度很大。	His force is great.
力度	政府加大宣導力度，希望民眾能少用一次性餐具。	The government is stepping up its promotion efforts so people use less disposable tableware.
南北	這條高速公路連接南北。	This freeway connects north and south.
南北	高鐵南北往返只要不到兩個小時，現在很多人當天來回。	The high-speed rail makes a north-south trip in under two hours, so many go and return the same day.
口味	我喜歡清淡的口味。	I like mild flavors.
口味	每個人的口味不同，有人愛吃辣，有人只吃甜的。	Everyone's tastes differ: some love spicy, others only eat sweet.
吉	今天是吉日。	Today is an auspicious day.
吉	新年到了，祝大家大吉大利，萬事如意。	The new year is here. Wishing everyone good luck and all the best.
否定	他否定了這個說法。	He rejected this claim.
否定	不要一開始就否定別人的想法，先聽完再說。	Don't dismiss others' ideas at first. Hear them out first.
唉	唉，又下雨了。	Sigh, it's raining again.
唉	唉，考試考不好，真不知道怎麼跟爸媽交代。	Sigh, I did badly on the exam and don't know how to explain it to my parents.
回收	請把瓶子拿去回收。	Please take the bottles to be recycled.
回收	垃圾車來的時候，資源回收要分類清楚，才不會被退回。	When the garbage truck comes, recyclables must be sorted properly or they'll be rejected.
地帶	這是危險地帶。	This is a danger zone.
地帶	河邊的低窪地帶，一下大雨就容易淹水。	Low-lying areas by the river flood easily in heavy rain.
報警	他立刻報警。	He called the police immediately.
報警	發現有人闖進家裡時，要先躲起來，再悄悄報警。	When you find someone has broken into your home, hide first and then quietly call the police.
外資	外資進入台灣。	Foreign investment is entering Taiwan.
外資	外資對台灣的半導體產業很有信心，每年都投入大量資金。	Foreign investors are confident in Taiwan's semiconductor industry and invest heavily every year.
天地	這裡別有天地。	This place is a world of its own.
天地	旅行讓我看見更廣闊的天地，也讓我更了解自己。	Traveling shows me a broader world and helps me understand myself better.
姆	電阻的單位是歐姆。	The unit of resistance is the ohm.
姆	物理老師說，電流、電壓和歐姆定律是最基本的概念。	The physics teacher said current, voltage and Ohm's law are the most basic concepts.
存	我每個月存一點錢。	I save a little money every month.
存	這份檔案請存在雲端，才不會電腦壞掉就不見。	Please save this file in the cloud so it won't be lost if the computer breaks.
家伙	那個家伙又遲到了。	That guy is late again.
家伙	他是個很有趣的家伙，大家都喜歡跟他聊天。	He's a fun guy, and everyone likes chatting with him.
寺	我們去寺裡拜拜。	We went to the temple to pray.
寺	這座古寺有三百多年的歷史，假日有很多人來參觀。	This old temple has over three hundred years of history, and many visit on holidays.
層次	這道菜的層次很豐富。	This dish has rich layers of flavor.
層次	她的文章層次分明，從頭到尾都讀得很順暢。	Her essay is well structured and reads smoothly from start to finish.
席	我們坐在前排的座席。	We sat in the front-row seats.
席	朋友結婚請客，一共擺了二十席，場面非常熱鬧。	My friend's wedding banquet had twenty tables, and it was very lively.
平安	祝你一路平安。	Wishing you a safe journey.
平安	聽到你平安到家，大家才放心地睡覺了。	Hearing you got home safely, we could all finally sleep at ease.
弱	這個隊伍的實力比較弱。	This team is relatively weak.
弱	她從小身體就弱，一換季節就容易感冒。	She's been frail since she was little and catches colds whenever the seasons change.
後悔	我後悔沒有早點告訴你。	I regret not telling you sooner.
後悔	早知道今天會下大雨，我就不該騎車出門，現在真後悔。	If I'd known it would pour today, I wouldn't have ridden out. Now I really regret it.
惡化	他的病情惡化了。	His condition worsened.
惡化	空氣品質不斷惡化，不少民眾出門都戴上口罩。	Air quality keeps worsening, and many people wear masks outdoors.
戀愛	他們正在談戀愛。	They are in love.
戀愛	她從大學時代開始談戀愛，到現在已經八年了。	She started dating in university, and it's been eight years now.
手指	我的手指被門夾到了。	My finger got caught in the door.
手指	醫生說他的手指只是輕微扭傷，不需要開刀。	The doctor said his finger was only slightly sprained and didn't need surgery.
折磨	失眠真的很折磨人。	Insomnia is really torturous.
折磨	長期的頭痛折磨了他好幾年，讓他沒辦法專心工作。	Chronic headaches tormented him for years, making it hard for him to focus on work.
招聘	公司正在招聘新人。	The company is recruiting new staff.
招聘	這家店在門口貼出招聘啟事，徵求有經驗的店員。	The shop put up a recruitment notice at the door seeking experienced clerks.
控	他被控偷東西。	He was accused of stealing.
控	洗好的杯子要倒過來控乾，才不會留下水漬。	Washed cups should be turned upside down to drain, so no water marks are left.
擦	請擦桌子。	Please wipe the table.
擦	出門前記得擦防曬乳，不然皮膚會曬傷。	Remember to put on sunscreen before going out, or your skin will get sunburned.
救援	救援隊已經到了。	The rescue team has arrived.
救援	地震後，各地的救援人員連夜趕到災區，搜尋失蹤者。	After the earthquake, rescue workers from all over rushed to the disaster area overnight to search for the missing.
新鮮	這些蔬菜很新鮮。	These vegetables are very fresh.
新鮮	早上剛捕的魚特別新鮮，所以生魚片的價格比較高。	Fish caught this morning is extra fresh, so the sashimi is pricier.
暗	天暗了，快開燈。	It's getting dark. Turn on the light.
暗	房間太暗了，看書會傷眼睛，把燈再調亮一點吧。	The room is too dark and reading will strain your eyes. Turn the light up a bit.
會長	他是學生會的會長。	He is the president of the student council.
會長	商會的會長在年會上致詞，感謝所有會員的支持。	The chamber's president gave a speech at the annual meeting, thanking all members for their support.
服	她穿著一件白色的衣服。	She wears a white garment.
服	他在軍中服役一年，退伍後變得更成熟了。	He served a year in the military and became more mature after discharge.
東南	風從東南方吹來。	The wind blows from the southeast.
東南	東南亞的天氣終年炎熱，所以很多人喜歡去那裡度假。	Southeast Asia is hot all year, so many people like to vacation there.
樂觀	她對未來很樂觀。	She's optimistic about the future.
樂觀	雖然工作不順利，他還是很樂觀，相信明天會更好。	Though work isn't going well, he remains optimistic and believes tomorrow will be better.
欠	我欠你一頓飯。	I owe you a meal.
欠	他欠了朋友一筆錢，一直沒辦法還清。	He owes a friend some money and has never been able to repay it.
毀滅	洪水毀滅了村莊。	The flood destroyed the village.
毀滅	科幻電影常描寫地球被毀滅後，人類在太空中重新開始。	Sci-fi movies often depict humans starting over in space after Earth is destroyed.
永久	這裡禁止永久停車。	No permanent parking here.
永久	這筆捐款會被用來建立永久的獎學金，幫助更多學生。	This donation will be used to create a permanent scholarship to help more students.
沿海	沿海的風很大。	The wind along the coast is strong.
沿海	沿海地區夏天常有颱風，居民都會提前把窗戶加固。	Coastal areas often face typhoons in summer, and residents reinforce their windows in advance.
流傳	這個故事流傳很久了。	This story has circulated for a long time.
流傳	這道菜的做法在家族中流傳了好幾代，一直沒有改變。	This dish's recipe has been handed down in the family for generations unchanged.
清晰	照片很清晰。	The photo is very clear.
清晰	這支手機的相機畫質很清晰，連遠處的招牌都看得清楚。	This phone's camera is so clear that even distant signs are readable.
激發	音樂能激發靈感。	Music can spark inspiration.
激發	老師用有趣的問題激發學生的好奇心，大家都搶著舉手回答。	The teacher sparked students' curiosity with interesting questions, and everyone rushed to raise their hands.
無聊	好無聊喔。	So boring.
無聊	週末在家沒事做，只好滑手機打發無聊的時間。	With nothing to do at home on the weekend, I just scrolled my phone to kill the boredom.
燃料	汽車需要燃料。	Cars need fuel.
燃料	燃料價格上漲，使得運輸成本跟著增加。	Fuel prices rose, raising transportation costs as well.
版權	這張圖片有版權。	This image is copyrighted.
版權	未經版權所有人同意，不得複製或轉載本站內容。	Without the copyright holder's consent, content on this site may not be copied or reposted.
獨裁	他是獨裁者。	He's a dictator.
獨裁	歷史課本提到，獨裁統治下的人民往往沒有言論自由。	History textbooks say people under dictatorship often lack freedom of speech.
生效	新法律明天生效。	The new law takes effect tomorrow.
生效	合約簽署後即生效，雙方都必須遵守裡面的條款。	The contract takes effect upon signing, and both sides must follow its terms.
畫家	他是有名的畫家。	He's a famous painter.
畫家	那位畫家在公園一角擺起畫架，為路過的人畫肖像。	That painter set up an easel in a corner of the park to draw portraits for passersby.
症狀	感冒的症狀是流鼻水。	A runny nose is a symptom of a cold.
症狀	如果出現發燒、咳嗽等症狀，請盡快就醫並戴上口罩。	If symptoms like fever or cough appear, seek medical care promptly and wear a mask.
皇后	皇后戴著皇冠。	The queen wears a crown.
皇后	故事裡的皇后非常善良，總是幫助貧窮的人民。	The queen in the story is very kind and always helps poor people.
看出	我看出他很緊張。	I could tell he was nervous.
看出	從她的表情，我一眼就看出她其實不太高興。	From her expression I could tell at a glance she wasn't very happy.
砍	他用斧頭砍樹。	He chops trees with an axe.
砍	為了蓋新房子，工人們砍掉了後院那幾棵老樹。	To build a new house, workers cut down the old trees in the backyard.
示範	老師示範一次給我們看。	The teacher demonstrated once for us to see.
示範	師傅先示範如何揉麵團，然後讓我們自己試試看。	The chef first demonstrated how to knead dough and then let us try ourselves.
程	這個程序很簡單。	This procedure is simple.
程	旅遊的行程排得太滿，結果大家都累壞了。	The travel itinerary was too packed, and everyone ended up exhausted.
笑話	他講了一個笑話。	He told a joke.
笑話	你別說笑話了，那麼遠的路怎麼可能一天走完？	Stop joking. How could anyone walk such a long road in a day?
簽證	我要申請簽證。	I need to apply for a visa.
簽證	去日本旅遊的簽證手續很簡單，台灣人不用事先申請。	Visa procedures for traveling to Japan are simple, and Taiwanese don't need to apply in advance.
終身	他終身未婚。	He never married all his life.
終身	她把一生都獻給教育，是個終身學習的人。	She devoted her life to education and is a lifelong learner.
練習	我天天練習鋼琴。	I practice the piano every day.
練習	要說好一種語言，就要常常練習，不要怕說錯。	To speak a language well, practice often and don't be afraid of mistakes.
罪犯	警察抓到了罪犯。	The police caught the criminal.
罪犯	這些罪犯被關在監獄裡，有的人正在學習一技之長。	These criminals are in prison, and some are learning a skill.
考驗	這是一個考驗。	This is a test.
考驗	颱風的考驗讓我們發現，社區的排水系統需要大幅改善。	The typhoon put us to the test, showing the neighborhood's drainage system needs major improvement.
肌肉	他的肌肉很結實。	His muscles are strong.
肌肉	運動後肌肉會痠痛，多喝水和伸展可以舒緩。	Muscles get sore after exercise, and drinking water and stretching help.
自願	我是自願來幫忙的。	I came to help voluntarily.
自願	本次活動採自願報名，沒有任何強迫。	Sign-ups for this event are voluntary, with no compulsion.
艾	端午節的時候，大門會掛艾草。	At Dragon Boat Festival, mugwort is hung on the front door.
艾	阿嬤用艾草泡腳，說可以去濕氣、驅蚊蟲。	Grandma soaks her feet in mugwort, saying it removes dampness and repels bugs.
蔬菜	我多吃蔬菜。	I eat more vegetables.
蔬菜	醫生建議每天至少吃五份蔬菜水果，對身體比較好。	The doctor recommends at least five servings of vegetables and fruit daily for better health.
行政區	台北有十二個行政區。	Taipei has twelve administrative districts.
行政區	各行政區的垃圾車收運時間不同，請依公告為準。	Garbage collection times differ across administrative districts, so please follow the notice.
視覺	這幅畫的視覺效果很強。	This painting has a strong visual effect.
視覺	設計師很重視視覺上的平衡，連字體大小都再三調整。	The designer cares about visual balance and adjusts even font sizes again and again.
談論	大家都在談論這件事。	Everyone is talking about this.
談論	午餐時，同事們談論著週末要去哪裡玩。	At lunch, coworkers talked about where to go on the weekend.
譯	這本書翻譯得很好。	This book is well translated.
譯	她把一篇中文新聞譯成英文，再請朋友幫忙檢查。	She translated a Chinese news article into English and asked a friend to check it.
賊	昨晚有賊進來偷東西。	A thief broke in last night to steal.
賊	賊看到警察，轉身就跑，沒跑幾步就被追上了。	The thief saw the police, turned and ran, and was caught within a few steps.
起義	農民起義反抗統治。	Farmers staged an uprising against the rulers.
起義	歷史上有許多起義，都是因為人民再也無法忍受不公平的對待。	History has many uprisings because people could no longer tolerate unfair treatment.
身份證	請出示你的身份證。	Please show your ID card.
身份證	辦手機門號需要帶身份證和第二證件，記得先準備好。	Getting a phone number requires your ID card and a second document, so prepare them first.
辦公	他們在大樓裡辦公。	They work in the office building.
辦公	公司搬到新的辦公大樓後，同事們終於有了比較寬敞的辦公空間。	After the company moved to the new office building, coworkers finally got more spacious workspace.
通用	這張卡全台通用。	This card is accepted nationwide.
通用	悠遊卡可以在捷運、公車甚至超商通用，非常方便。	The EasyCard works on the MRT, buses and even convenience stores, which is very convenient.
違背	這違背了我的原則。	This goes against my principles.
違背	他違背了自己的承諾，讓大家對他失去了信任。	He broke his promise, and everyone lost trust in him.
酒吧	他在酒吧工作。	He works in a bar.
酒吧	下班後，幾個朋友約在附近的酒吧小酌，聊聊近況。	After work, a few friends met at a nearby bar for a drink and a catch-up.
錯過	我錯過了末班車。	I missed the last bus.
錯過	別錯過這個機會，下次不知道什麼時候才會再有。	Don't miss this opportunity. Who knows when the next one will come.
開除	他被公司開除了。	He was fired by the company.
開除	學校決定開除抄襲考試的學生，希望藉此警告其他人。	The school decided to expel a student for cheating on exams, hoping to warn others.
陸	支票上的金額寫著「陸仟元」。	The check's amount reads "six thousand dollars" in formal numerals.
陸	收據上的大寫數字「陸」代表六，是為了防止別人亂改。	The formal numeral 陸 on a receipt stands for six, to prevent tampering.
雙手	請用雙手接過名片。	Please receive the business card with both hands.
雙手	他雙手提著大包小包，好不容易才擠上公車。	With both hands full of bags, he barely squeezed onto the bus.
鞏固	複習能鞏固記憶。	Review strengthens memory.
鞏固	球隊靠著穩定的防守，鞏固了領先的優勢。	The team solidified its lead with steady defense.
頻率	他來的頻率很高。	He visits very frequently.
頻率	收音機要調到正確的頻率，才能收到清楚的節目。	The radio must be tuned to the right frequency to get a clear program.
餵	我餵貓吃飯。	I feed the cat.
餵	媽媽一口一口餵寶寶吃粥，寶寶吃得很開心。	Mom fed the baby porridge spoonful by spoonful, and the baby ate happily.
體內	體內的水分不足。	The body lacks water.
體內	運動讓體內的血液循環變好，人也比較有精神。	Exercise improves blood circulation in the body and boosts energy.
魅力	她很有魅力。	She is very charming.
魅力	這座小城靠著獨特的老街魅力，吸引了大批觀光客。	This small town draws many tourists with the charm of its unique old street.
一共	一共多少錢？	How much altogether?
一共	我們一共訂了五間房，三間給家人，兩間給朋友。	We booked five rooms in total, three for family and two for friends.
上周	上周我感冒了。	I caught a cold last week.
上周	上周開會時，老闆提到今年的業績比去年好很多。	At last week's meeting the boss said this year's performance is much better than last year's.
不怕	我不怕黑。	I'm not afraid of the dark.
不怕	不怕辛苦，只怕沒機會，他就是靠這個信念成功的。	Not fearing hardship, only fearing no chance. That belief is how he succeeded.
主編	她是雜誌的主編。	She is the magazine's editor-in-chief.
主編	主編在會議上決定，下一期的封面要用這張照片。	The editor-in-chief decided in the meeting to use this photo for the next issue's cover.
亮	天亮了。	Day has broken.
亮	這盞燈太亮了，晚上開著根本睡不著。	This lamp is too bright, so I can't sleep with it on at night.
仿佛	仿佛回到了小時候。	It felt as if I were a child again.
仿佛	聽著老歌，仿佛又看見那年夏天一起騎車的朋友。	Listening to the old song, it was as if I saw the friends I cycled with that summer.
侮辱	不要侮辱別人。	Don't insult others.
侮辱	他覺得被侮辱了，一氣之下離開了會議室。	He felt insulted and walked out of the meeting room in anger.
健全	制度要健全。	The system should be sound.
健全	公司的福利制度越健全，員工越願意長期留下來。	The more sound a company's benefits system is, the more willing employees are to stay long-term.
優良	這是優良的產品。	This is an excellent product.
優良	這所學校有優良的傳統，老師與學生之間感情很好。	This school has a fine tradition with warm teacher-student relationships.
全力	我會全力支持你。	I'll support you fully.
全力	隊員們全力衝刺，終於在最後一刻追上了對手。	The players sprinted with all their might and finally caught up at the last moment.
冬天	冬天很冷。	Winter is cold.
冬天	冬天的早上最難起床，我總是賴在被窩裡不想出門。	Winter mornings are the hardest to get up, and I always linger in bed.
出賣	他出賣了朋友。	He betrayed his friend.
出賣	我們這家店不出賣客人的個資，請放心。	Our shop doesn't sell customers' personal data, so please rest assured.
前景	這個行業前景很好。	This industry has good prospects.
前景	很多年輕人看好綠能產業的前景，紛紛投入這個領域。	Many young people are optimistic about green energy's prospects and are entering the field.
勁	他今天特別有勁。	He is full of energy today.
勁	小朋友們玩得起勁，連天黑了都不想回家。	The kids were so into playing that they didn't want to go home even when it got dark.
十五	今天是農曆十五。	Today is the fifteenth of the lunar month.
十五	公車站離這裡只有十五分鐘的路程，走路就到了。	The bus stop is only a fifteen-minute walk from here.
參議員	參議員發表了演說。	The senator gave a speech.
參議員	美國的參議員由各州選出，任期六年。	US senators are elected by each state to six-year terms.
君	他是謙謙君子。	He is a perfect gentleman.
君	古代的君王常常要聽取大臣的意見，才能治理好國家。	Ancient monarchs often had to listen to ministers to govern well.
唱歌	我喜歡唱歌。	I like singing.
唱歌	週末朋友約我去KTV唱歌，大家玩到半夜才回家。	On the weekend friends invited me to sing at KTV, and we played until midnight.
喲	喲，你今天好早啊！	Oh, you're early today!
喲	喲，這件衣服不錯喔，在哪裡買的？	Oh, nice outfit! Where did you buy it?
國土	這是我們的國土。	This is our national territory.
國土	颱風和地震對台灣的國土保安是很大的考驗。	Typhoons and earthquakes are a big test for Taiwan's land conservation.
在場	當時我在場。	I was there at the time.
在場	在場的每一位來賓都起立鼓掌，歡迎新人入場。	Every guest present stood and applauded to welcome the couple.
基金會	這個基金會幫助兒童。	This foundation helps children.
基金會	我朋友在一個環保基金會工作，常常帶志工去海邊淨灘。	My friend works for an environmental foundation and often takes volunteers to clean up beaches.
大使館	大使館在這附近。	The embassy is near here.
大使館	他去大使館辦理簽證，要帶護照和兩張照片。	He went to the embassy to process his visa, bringing his passport and two photos.
失誤	這是我的失誤。	This was my mistake.
失誤	裁判出現失誤，讓比賽結果引起很多爭議。	The referee's error caused much controversy over the match result.
娘	新娘穿著白紗。	The bride wore a white gown.
娘	過年時我們先回娘家，再去婆家吃團圓飯。	At New Year we first visit her parents' home, then go to her in-laws' for the reunion dinner.
孫	他有兩個孫子。	He has two grandsons.
孫	阿公最疼孫子，每次都偷偷給他們零用錢。	Grandpa dotes on his grandsons and always sneaks them pocket money.
宿舍	我住學校宿舍。	I live in the school dormitory.
宿舍	宿舍十一點後會關門，晚歸的同學要事先跟舍監說。	The dorm locks after eleven, so students returning late must tell the supervisor in advance.
審批	這個案子還在審批中。	This case is still under review and approval.
審批	政府審批的流程比想像中複雜，需要多個單位簽核。	The government's approval process is more complex than expected and needs sign-off from multiple units.
專項	這是專項經費。	This is a special-purpose fund.
專項	政府編列專項預算，補助偏鄉學校改善教學設備。	The government earmarked a special budget to subsidize remote schools' teaching equipment.
崛起	新的品牌正在崛起。	A new brand is rising.
崛起	近年來，台灣的獨立咖啡店迅速崛起，成為年輕人聚會的熱門地點。	In recent years independent cafés in Taiwan have risen quickly as popular hangouts for young people.
帝	古代的皇帝很有權力。	Ancient emperors were very powerful.
帝	信徒相信上帝無所不在，總是看顧著人們。	Believers hold that God is everywhere and watches over people.
平靜	湖面很平靜。	The lake surface is calm.
平靜	經過一段時間，她的心情才慢慢平靜下來。	After some time, her mood gradually calmed down.
彙報	我要向主管彙報進度。	I need to report progress to my supervisor.
彙報	每週一早上，各組組長都要向經理彙報上週的工作成果。	Every Monday morning, team leaders report last week's results to the manager.
從小	她從小就愛畫畫。	She has loved drawing since childhood.
從小	我從小在台南長大，對那裡的小吃特別有感情。	I grew up in Tainan, so I'm especially attached to the snacks there.
悲傷	她看起來很悲傷。	She looks very sad.
悲傷	聽到好友過世的消息，他悲傷得好幾天吃不下飯。	On hearing his good friend had died, he was too sad to eat for several days.
愛上	她愛上了畫畫。	She fell in love with painting.
愛上	出國交換一年，他愛上了那座城市的慢生活。	After a year abroad on exchange, he fell in love with that city's slow life.
所有權	房子的所有權是誰的？	Who holds ownership of the house?
所有權	買賣雙方簽約後，土地所有權才會轉移給新的主人。	Only after the buyer and seller sign does land ownership transfer to the new owner.
拍照	這裡可以拍照嗎？	Can I take photos here?
拍照	旅行時他最愛拍照，手機裡存了幾千張風景照。	He loves taking photos when traveling, with thousands of landscape shots on his phone.
排放	工廠排放廢氣。	Factories emit waste gas.
排放	政府規定工廠排放汙水前，必須先經過處理，否則會被罰款。	The government requires factories to treat wastewater before discharge, or they'll be fined.
提取	我去銀行提取現金。	I'm going to the bank to withdraw cash.
提取	旅客可到服務台提取寄放的行李，請出示領取單。	Travelers can collect stored luggage at the service desk with the claim slip.
撿	我在路上撿到一支筆。	I picked up a pen on the road.
撿	退潮之後，小朋友們在沙灘上撿貝殼，撿了一大桶。	After the tide went out, kids gathered shells on the beach and filled a big bucket.
支持者	他有很多支持者。	He has many supporters.
支持者	候選人在選前之夜感謝所有支持者，現場湧入上千人。	On the eve of the election, the candidate thanked all supporters, with thousands gathering.
效益	這項政策的效益很高。	This policy has high benefits.
效益	公司評估了新設備的效益後，才決定要不要購買。	The company assessed the new equipment's benefits before deciding whether to buy.
新年	新年快樂！	Happy New Year!
新年	新年期間，家家戶戶都會貼春聯，街上也掛滿了紅燈籠。	During the New Year, every home puts up couplets, and streets are hung with red lanterns.
昨日	昨日天氣晴朗。	Yesterday the weather was clear.
昨日	昨日氣溫創下今年新低，不少民眾出門都穿上了厚外套。	Yesterday's temperature set a new low for the year, and many wore heavy coats.
曼	她的舞姿很曼妙。	Her dancing is graceful.
曼	夕陽下，這座橋顯得曼妙動人，讓路過的人都忍不住停下來拍照。	Under the sunset the bridge looks enchanting, and passersby can't help stopping to take photos.
架構	這篇文章的架構很清楚。	This article's structure is very clear.
架構	工程師先設計好系統架構，再開始寫程式。	The engineers design the system architecture first and then start coding.
森	這裡的樹林很森嚴。	The woods here are quite forbidding.
森	深夜的老宅看起來陰森森的，我們都不敢進去。	The old house at midnight looked eerie, and none of us dared go in.
模仿	小孩喜歡模仿大人。	Kids like imitating adults.
模仿	他很會模仿名人的聲音，每次都把大家逗得哈哈大笑。	He imitates celebrities' voices so well that he always cracks everyone up.
此處	此處禁止停車。	No parking here.
此處	此處為緊急出口，請勿堆放物品，以免影響逃生。	This is an emergency exit. Do not pile items here, as it may hinder escape.
氣溫	今天氣溫很高。	The temperature is high today.
氣溫	入冬後氣溫驟降，早晚溫差大，出門要記得帶外套。	Temperatures dropped sharply with winter and there's a big day-night gap, so bring a jacket.
海峽	台灣海峽很寬。	The Taiwan Strait is wide.
海峽	漁船冒著風浪穿越海峽，到對岸的港口去補給。	The fishing boat braved wind and waves across the strait to resupply at a port on the other side.
清單	我列了一張購物清單。	I made a shopping list.
清單	出國前先列好行李清單，才不會漏帶重要的東西。	Make a packing list before going abroad so you don't forget important things.
演唱	她在舞台上演唱。	She sings on stage.
演唱	歌手在演唱會上演唱了新專輯的主打歌，觀眾都跟著唱。	At the concert, the singer performed the new album's lead single and the audience sang along.
炒	媽媽在炒青菜。	Mom is stir-frying vegetables.
炒	有些人靠炒股賺錢，但也有人因此賠光積蓄。	Some people earn money speculating in stocks, but others lose all their savings.
營造	她想營造溫馨的氣氛。	She wants to create a warm atmosphere.
營造	餐廳用暖黃的燈光和輕音樂，營造出悠閒舒適的用餐環境。	The restaurant uses warm yellow lights and soft music to create a relaxed dining environment.
牧師	牧師正在教堂講道。	The pastor is preaching in the church.
牧師	他們請牧師來主持婚禮，所有親友都到教堂參加。	They invited a pastor to officiate the wedding, and all relatives and friends came to the church.
珍貴	這張照片很珍貴。	This photo is precious.
珍貴	這些珍貴的古書要小心保存，不能隨便用手翻閱。	These precious old books must be carefully preserved and not casually handled.
畝	這塊地有三畝大。	This plot of land is three mu.
畝	爺爺在老家有幾畝稻田，每年秋天都要回去幫忙收割。	Grandpa has a few mu of rice paddies in his hometown, and goes back every autumn to help harvest.
白天	白天很熱，晚上很涼。	Days are hot and nights are cool.
白天	我白天要上班，只有晚上才有時間陪小孩寫功課。	I work during the day and only have time in the evening to help the kids with homework.
省級	中國大陸有三十多個省級行政區。	Mainland China has over thirty province-level administrative regions.
硃	這塊硃砂是中藥材。	This piece of cinnabar is a Chinese medicinal ingredient.
硃	書法老師用硃砂墨批改我們的作業，紅紅的很清楚。	The calligraphy teacher marks our homework with cinnabar ink, clear in red.
積分	我的會員積分有一千點。	I have a thousand membership points.
積分	累積足夠的積分後，可以兌換免費的咖啡。	Once you've accumulated enough points, you can redeem a free coffee.
筆記	我上課都會做筆記。	I take notes in class.
筆記	考試前一天，同學借我筆記，我熬夜把重點都看完。	The day before the exam, a classmate lent me notes, and I stayed up to go over the key points.
籍	你的國籍是什麼？	What is your nationality?
籍	圖書館裡有各種書籍，從小說到旅遊指南都有。	The library has all kinds of books, from novels to travel guides.
糾紛	鄰居之間有糾紛。	There's a dispute between the neighbors.
糾紛	租屋糾紛常常是因為合約寫得不夠清楚，雙方各執一詞。	Rental disputes often arise because contracts aren't clear, and each side insists on its own version.
絕大多數	絕大多數人都同意。	The vast majority of people agree.
絕大多數	台灣絕大多數的家庭都有至少一台機車。	The vast majority of Taiwanese households have at least one scooter.
續	請續杯。	A refill, please.
續	這家早餐店的紅茶可以續杯，所以我常常坐很久。	Black tea at this breakfast shop has free refills, so I often sit a long time.
老虎	老虎很兇猛。	Tigers are fierce.
老虎	動物園裡的老虎正在睡覺，小朋友們隔著玻璃看得入迷。	The tiger in the zoo was sleeping, and the kids watched fascinated through the glass.
聲援	大家聲援這個運動。	Everyone supports this movement.
聲援	許多學生走上街頭，聲援被解僱的老師。	Many students took to the streets in support of the dismissed teacher.
腦	他的腦很靈活。	His mind is nimble.
腦	昨晚沒睡好，今天一整天都昏昏沉沉，腦也轉不動。	I slept badly last night, so today I've been groggy and my brain won't work.
舒適	這張椅子很舒適。	This chair is comfortable.
舒適	飯店的房間乾淨又舒適，我們住得很滿意。	The hotel room was clean and comfortable, and we were very satisfied.
藝人	那位藝人很受歡迎。	That entertainer is very popular.
藝人	街頭藝人在捷運站旁邊表演，吸引了不少路人停下腳步。	A street performer performed next to the MRT station and made many passersby stop.
衝動	我有一股衝動。	I have an urge.
衝動	買東西不要太衝動，先想想自己是不是真的需要。	Don't buy things on impulse. Think first whether you really need it.
規格	這個螺絲規格不對。	This screw has the wrong specifications.
規格	不同品牌的充電線規格不一樣，買之前要先確認。	Charging cables from different brands have different specs, so check before buying.
訪談	記者訪談了一位老師。	The reporter interviewed a teacher.
訪談	研究生為了論文，訪談了十幾位在地的小農。	For his thesis, the grad student interviewed over ten local small farmers.
謠言	這只是謠言。	It's just a rumor.
謠言	網路上的謠言傳得很快，我們轉貼之前要先查證。	Rumors spread fast online, so we should verify before reposting.
賽事	這場賽事很精采。	This competition is exciting.
賽事	這項國際賽事吸引了來自二十多個國家的選手參加。	This international event drew athletes from over twenty countries.
轉載	文章轉載要經過同意。	Reprinting an article requires permission.
轉載	這篇報導是從其他報紙轉載來的，並不是我們原創。	This report was reprinted from another newspaper, not our original.
逝世	老先生昨天逝世了。	The old gentleman passed away yesterday.
逝世	這位知名作家於今晨逝世，享年八十五歲。	This well-known writer passed away this morning at the age of eighty-five.
過後	雨過後，天空放晴。	After the rain, the sky cleared.
過後	颱風過後，街上到處都是被吹倒的招牌和樹枝。	After the typhoon, the street was full of toppled signs and branches.
郭	古時候的城外還築有外城，稱為郭。	In ancient times an outer wall was built beyond the city wall, called the guo.
郭	「城郭」指的是城牆和外城，歷史書裡常常出現。	"Chengguo" refers to the city wall and outer wall, often seen in history books.
金沙	我最愛吃金沙豆腐。	I love eating salted egg yolk tofu.
金沙	這家餐廳的金沙蝦又香又酥，鹹蛋黃的味道很濃。	This restaurant's golden-sand shrimp is fragrant and crispy, with a strong salted egg yolk taste.
開闢	他們開闢了一條新路。	They opened up a new road.
開闢	政府打算在河邊開闢一座公園，讓居民有休閒的空間。	The government plans to create a park by the river, giving residents a space for leisure.
隔離	病人需要隔離。	Patients need to be isolated.
隔離	確診者必須在家隔離七天，期間不能外出。	Confirmed cases must isolate at home for seven days without going out.
霧	早上起了大霧。	There was heavy fog in the morning.
霧	山上的霧很濃，開車要打開霧燈，放慢速度。	The mountain fog is thick, so turn on fog lights and slow down.
預言	他預言明天會下雨。	He predicted that it will rain tomorrow.
預言	古書裡有一則預言，說五百年後會出現一位偉大的人物。	An old book holds a prophecy that a great figure would appear five hundred years later.
首位	他排在第一，是首位。	He's at the top, in first place.
首位	她是公司歷史上首位女性總經理，獲得了許多肯定。	She is the first female CEO in the company's history and has earned much recognition.
高考	大陸每年六月舉行高考。	Mainland China holds the college entrance exam every June.
高考	他在高考中拿到高分，順利進入了心目中的大學。	He scored high on the college entrance exam and got into his dream university.
一堆	桌上有一堆書。	There's a pile of books on the table.
一堆	我今天有一堆事情要處理，可能沒辦法陪你吃午餐。	I have a bunch of things to handle today and may not be able to join you for lunch.
三分	他有三分緊張。	He was somewhat nervous.
三分	我對這件事有三分懷疑，所以還想再查一查。	I'm somewhat doubtful about this, so I want to check some more.
下滑	成績開始下滑了。	His grades have started to slide.
下滑	景氣不好，這幾個月的銷售成績持續下滑。	The economy is poor, and sales have continued to decline in recent months.
不禁	她不禁笑了出來。	She couldn't help laughing.
不禁	看到那張舊照片，他不禁想起了已經過世的奶奶。	Seeing that old photo, he couldn't help thinking of his late grandmother.
丹	這是一顆仙丹。	This is an elixir pill.
丹	花園裡的牡丹開得很漂亮，引來不少人駐足欣賞。	The peonies in the garden bloom beautifully and make many people stop to admire them.
事後	事後我才知道。	I only found out afterwards.
事後	事後回想起來，那次失敗反而讓我學到最多。	In hindsight, that failure actually taught me the most.
人民法院	案件交給人民法院審理。	The case was handed to the people's court for trial.
人民法院	大陸的人民法院依法處理各種民事和刑事案件。	Courts in mainland China handle civil and criminal cases according to law.
保健	多運動有益保健。	Exercise is good for health care.
保健	媽媽很重視保健，每天都吃維他命，也會定期做健康檢查。	Mom cares about health and takes vitamins daily and has regular checkups.
停車場	停車場在哪裡？	Where is the parking lot?
停車場	假日的停車場常常客滿，所以我們都搭公車去市區。	Parking lots are often full on holidays, so we take the bus downtown.
傳聞	這只是傳聞。	It's just hearsay.
傳聞	傳聞這家餐廳的老闆將要退休，不少老客人都很捨不得。	There's talk that the restaurant's owner will retire, and many regulars are reluctant.
元年	今年是新時代的元年。	This year is the first year of a new era.
元年	民國元年，也就是西元一九一二年。	The first year of the Republic is 1912.
全家	全家一起去旅行。	The whole family went on a trip.
全家	過年的時候，全家人圍著圓桌吃團圓飯，非常溫馨。	At New Year, the whole family sat around the round table for the reunion dinner, so warm.
公尺	我家離學校五百公尺。	My home is five hundred meters from school.
公尺	游泳池長五十公尺，他一口氣就游完了。	The pool is fifty meters long, and he swam it in one breath.
凡是	凡是會員都有優惠。	All members get discounts.
凡是	凡是遲到的同學，都要在登記簿上簽名。	Any student who is late must sign the register.
分解	水可以分解成氫和氧。	Water can be broken down into hydrogen and oxygen.
分解	老師把困難的題目分解成幾個小步驟，讓我們比較好懂。	The teacher broke the hard problem into small steps so we could understand it better.
別墅	他們住在山上的別墅。	They live in a villa on the mountain.
別墅	週末，一家人到海邊的別墅度假，烤肉看夕陽。	On weekends the family vacations at the seaside villa, barbecuing and watching the sunset.
前途	年輕人有光明的前途。	Young people have a bright future.
前途	他放棄了穩定的工作去創業，大家都擔心他的前途。	He gave up a stable job to start a business, and everyone worries about his prospects.
勉強	我勉強吃完了。	I barely finished eating.
勉強	不想去就別勉強，我們下次再約也沒關係。	If you don't want to go, don't force yourself. We can meet another time.
午夜	午夜十二點了。	It's midnight.
午夜	午夜的街道特別安靜，只有幾家便利商店還亮著燈。	The midnight streets are especially quiet, with only a few convenience stores still lit.
厚	這本書很厚。	This book is thick.
厚	天氣變冷了，我把厚外套和圍巾都從衣櫃裡拿了出來。	The weather turned cold, so I took thick coats and scarves out of the closet.
又稱	台北又稱臺北。	Taipei is also written 臺北.
又稱	珍珠奶茶又稱波霸奶茶，是台灣最具代表性的飲料之一。	Bubble tea is also called boba milk tea, one of Taiwan's most representative drinks.
受過	他替朋友受過。	He took the blame for his friend.
受過	明明是同事出錯，老闆卻要我替他受過，真讓人生氣。	It was my coworker's mistake, yet the boss made me take the blame. So frustrating.
右派	他是右派的代表。	He is a representative of the right wing.
右派	報紙分析說，這項政策受到右派政黨的支持，左派則反對。	The newspaper analyzed that right-wing parties back this policy while the left opposes it.
君主	古代君主很有權力。	Ancient monarchs held great power.
君主	英國是君主立憲制的國家，國王主要負責象徵性的職務。	Britain is a constitutional monarchy, where the king mainly holds symbolic duties.
啪	啪的一聲，燈泡掉在地上。	With a pop, the light bulb fell to the floor.
啪	他生氣地啪一聲關上門，走了出去。	He angrily slammed the door shut with a bang and walked out.
噴	水管噴出水來了。	The pipe is spraying water.
噴	出門前我在身上噴了一點防蚊液，結果還是被叮了好幾個包。	I sprayed some mosquito repellent before going out and still got several bites.
國家級	這是國家級古蹟。	This is a national-level historic site.
國家級	這項計畫獲得國家級獎項，是對團隊最大的肯定。	The project won a national-level award, the greatest recognition for the team.
報酬	這份工作的報酬不錯。	This job pays well.
報酬	志工不求報酬，只希望能幫助需要的人。	Volunteers don't seek compensation, just hoping to help those in need.
壓縮	請把檔案壓縮一下。	Please compress the file.
壓縮	為了寄給客戶，我把照片壓縮成小檔案，才不會超出信箱限制。	To send to a client, I compressed the photos into small files to stay within the mailbox limit.
夜間	夜間行車要小心。	Be careful driving at night.
夜間	夜間部的學生白天工作，晚上才來學校上課。	Evening-division students work by day and come to school at night.
太子	太子是皇位的繼承人。	The crown prince is the heir to the throne.
太子	故事裡的太子為了拯救人民，離開宮殿到遠方冒險。	The crown prince in the story left the palace to adventure far away to save his people.
奶	寶寶在喝奶。	The baby is drinking milk.
奶	媽媽餵奶時，總是輕聲哼著歌哄寶寶入睡。	When Mom nurses, she always hums softly to lull the baby to sleep.
嫌犯	警方逮捕了嫌犯。	Police arrested the suspect.
嫌犯	嫌犯被帶到警局後，一直保持沉默，沒有回答任何問題。	After being taken to the station, the suspect stayed silent and answered no questions.
學費	大學的學費很貴。	University tuition is expensive.
學費	為了籌學費，他暑假去打工，一天工作十個小時。	To raise tuition, he worked part-time in the summer for ten hours a day.
宣	政府宣佈新政策。	The government announces a new policy.
宣	活動前一個月就開始宣傳，希望能吸引更多人來參加。	We started promoting the event a month in advance, hoping more people would join.
寶貴	時間很寶貴。	Time is precious.
寶貴	謝謝你給我這麼多寶貴的建議，我會好好考慮。	Thank you for so much valuable advice. I'll consider it carefully.
小學生	小學生放學了。	The elementary students are out of school.
小學生	放學時間，小學生們背著書包，在馬路邊排隊等導護媽媽帶他們過馬路。	At dismissal, schoolchildren with backpacks line up by the road for the crossing-guard mom to lead them across.
就此	就此結束吧。	Let's end it here.
就此	兩人握手言和，這場長達多年的爭執就此畫下句點。	The two shook hands and made peace, ending the years-long quarrel there.
巨人	故事裡有一個巨人。	There's a giant in the story.
巨人	傳說中的巨人一步就能跨過一座山，嚇得村民們都躲了起來。	The legendary giant could cross a mountain in one step, scaring villagers into hiding.
幅	牆上掛著一幅畫。	A painting hangs on the wall.
幅	博物館展出了好幾幅名畫，吸引大批民眾排隊觀賞。	The museum exhibited several famous paintings, drawing many to queue to see them.
度假	我們去海邊度假。	We went to the beach for a vacation.
度假	今年暑假我打算跟家人去墾丁度假，每天游泳、吃海鮮。	This summer I plan to vacation in Kenting with my family, swimming and eating seafood daily.
強勢	這位主管作風很強勢。	This supervisor has a forceful style.
強勢	新款手機以強勢的姿態進軍市場，上市第一週就賣出十萬支。	The new phone entered the market with force, selling a hundred thousand units in its first week.
忍	我忍不住笑了。	I couldn't help laughing.
忍	再忍一下，等這陣子忙完，我們就去旅行。	Hold on a bit longer. When this busy period ends, we'll go traveling.
怪物	故事裡有一隻怪物。	There's a monster in the story.
怪物	小朋友說床底下有怪物，爸爸只好打開燈給他看。	The child said there was a monster under the bed, so Dad had to turn on the light to show him.
愛好者	他是攝影愛好者。	He is a photography enthusiast.
愛好者	登山愛好者週末都會到郊山健行，享受大自然。	Hiking enthusiasts go to nearby mountains on weekends to enjoy nature.
戀	她戀上了咖啡。	She became attached to coffee.
戀	阿嬤很戀家，不管孩子怎麼勸，都不願意搬到城市。	Grandma is attached to home and refuses to move to the city no matter how her kids persuade her.
手工	這是手工餅乾。	These are handmade cookies.
手工	這家店賣的手工皂用天然材料製成，味道很淡雅。	The handmade soap sold here is made from natural ingredients and has a subtle scent.
扶貧	政府推動扶貧計畫。	The government promotes anti-poverty programs.
扶貧	這個基金會長期投入扶貧工作，幫助偏鄉家庭改善生活。	This foundation has long been committed to poverty relief, helping remote families improve their lives.
拜訪	我明天去拜訪客戶。	I'm visiting a client tomorrow.
拜訪	過年期間，我們帶著水果去拜訪長輩，順便拜個早年。	During the New Year, we took fruit to visit elders and offer New Year greetings.
捍衛	他們捍衛自己的權利。	They defend their own rights.
捍衛	球迷們穿著球隊的球衣，大聲喊著口號，捍衛主場的榮譽。	Fans in team jerseys shouted slogans loudly to defend their home ground's honor.
掠奪	海盜掠奪了商船。	Pirates plundered the merchant ship.
掠奪	殖民者掠奪當地的資源，使原住民的生活越來越困難。	Colonizers plundered local resources, making life harder for the indigenous people.
撤	警察要求民眾撤離。	Police ordered people to evacuate.
撤	活動結束後，工作人員開始撤掉舞台上的設備。	After the event, staff started removing equipment from the stage.
操控	他用遙控器操控玩具車。	He steers the toy car with a remote.
操控	這輛車的操控性很好，轉彎時非常穩定。	This car handles very well and is very stable when turning.
改稱	這條街改稱為中山路。	This street was renamed Zhongshan Road.
改稱	這家公司後來改稱為國際集團，業務範圍也擴大了。	The company was later renamed the International Group, and its business scope expanded.
救助	志工救助流浪狗。	Volunteers help stray dogs.
救助	政府提供急難救助金，協助遭遇意外的家庭度過難關。	The government offers emergency relief funds to help families through accidents.
新聞網	這個新聞網每天更新。	This news site is updated daily.
新聞網	許多人習慣在新聞網上看即時消息，不再買報紙。	Many people read breaking news on news sites instead of buying newspapers.
早餐	我早餐吃蛋餅。	I had egg pancake for breakfast.
早餐	早餐很重要，所以我每天都在早餐店買三明治和豆漿。	Breakfast is important, so I buy a sandwich and soy milk at a breakfast shop every day.
晚會	學校舉辦聖誕晚會。	The school is hosting a Christmas party.
晚會	畢業晚會上，同學們表演了節目，也互相交換了祝福。	At the graduation party, classmates performed and exchanged blessings.
更改	我想更改時間。	I want to change the time.
更改	訂位後如果需要更改日期，請提前一天打電話通知。	If you need to change the date after booking, please call a day ahead.
有罪	法官判他有罪。	The judge found him guilty.
有罪	經過審理，法院認定被告有罪，判處有期徒刑三年。	After trial, the court found the defendant guilty and sentenced him to three years.
杜	我們要杜絕浪費。	We must put an end to waste.
杜	為了杜絕詐騙，銀行加強了提款的身分驗證。	To prevent fraud, banks strengthened identity verification for withdrawals.
概率	下雨的概率很高。	The probability of rain is high.
概率	數學課上，老師教我們怎麼計算擲骰子的概率。	In math class the teacher taught us how to calculate dice probabilities.
樣本	請提供樣本。	Please provide a sample.
樣本	問卷調查的樣本越多，結果就越有參考價值。	The more samples in a survey, the more valuable the results are.
此地	此地風景優美。	The scenery here is beautiful.
此地	此地禁止吸菸，違者將依法處罰。	Smoking is prohibited here, and violators will be penalized by law.
殿	廟裡有一座大殿。	The temple has a main hall.
殿	遊客走進大殿時，都會安靜下來，雙手合十拜拜。	Visitors quiet down on entering the main hall and pray with palms together.
氣質	她很有氣質。	She has an elegant air.
氣質	這位老師氣質溫和，講話輕聲細語，學生都很喜歡她。	This teacher has a gentle demeanor and speaks softly, and students like her.
沙灘	我們在沙灘上玩。	We played on the beach.
沙灘	退潮的沙灘上有許多小螃蟹，孩子們追著牠們跑。	At low tide the beach has many small crabs, and the kids chase them.
注入	把水注入杯子。	Pour water into the cup.
注入	新老闆為這家老店注入了新的活力，生意比以前好很多。	The new owner infused new energy into this old shop, and business is much better.
海報	牆上貼著一張海報。	A poster is stuck on the wall.
海報	電影的海報設計得很吸引人，讓人忍不住想去看。	The movie poster is so appealing that it makes you want to see it.
深深	我深深地鞠了一躬。	I bowed deeply.
深深	這本書深深地影響了我，讓我對人生有了新的看法。	This book deeply influenced me and gave me a new view of life.
滲透	雨水滲透了牆壁。	Rainwater seeped through the wall.
滲透	潮濕的空氣滲透進整間屋子，連衣服都有一股霉味。	The damp air permeated the whole house, and even clothes smelled musty.
潮	海邊的潮水漲上來了。	The tide at the beach has risen.
潮	這個牌子的衣服很潮，年輕人都愛穿。	This brand's clothes are trendy, and young people love wearing them.
火星	營火的火星飛上夜空。	The sparks from the campfire flew into the night sky.
火星	一點火星就可能引發山林大火，登山客一定要小心。	A single spark can start a forest fire, so hikers must be careful.
無知	他對這件事很無知。	He's ignorant of this matter.
無知	有些人因為無知而相信謠言，反而被騙走了錢。	Some people believe rumors out of ignorance and get cheated of their money.
煽動	他煽動大家鬧事。	He incited everyone to make trouble.
煽動	有人在網路上煽動情緒，讓原本單純的小事演變成大爭議。	Some stirred up emotions online, turning a simple matter into a big dispute.
猜測	這只是我的猜測。	This is just my guess.
猜測	警方猜測，小偷可能是從後院的窗戶進入屋內的。	Police suspect the thief may have entered through the backyard window.
理智	我要保持理智。	I need to stay rational.
理智	雖然很生氣，他還是理智地先冷靜下來，再跟對方談。	Though angry, he rationally calmed down first before talking to the other person.
用力	用力推門。	Push the door hard.
用力	搬重物時，要彎膝蓋再用力，不然腰會受傷。	When lifting heavy things, bend your knees before exerting force or you'll hurt your back.
瘦	他最近瘦了很多。	He has lost a lot of weight lately.
瘦	這件褲子穿起來有點瘦，我想換大一號的。	These pants are a bit tight, so I want a bigger size.
直徑	圓的直徑是十公分。	The circle's diameter is ten centimeters.
直徑	這根水管的直徑太小，水流不夠大，需要換成粗一點的。	This pipe's diameter is too small and the flow is weak, so it needs a thicker one.
瞄準	他瞄準目標。	He aimed at the target.
瞄準	這間公司瞄準年輕族群，推出了一系列平價的新產品。	The company is targeting young consumers with a series of affordable new products.
碳	碳是一種元素。	Carbon is an element.
碳	為了減少碳排放，政府鼓勵大家多搭乘大眾運輸工具。	To reduce carbon emissions, the government encourages more use of public transportation.
科目	你最喜歡哪個科目？	Which subject do you like best?
科目	大考要考的科目很多，所以我早早就開始安排複習計畫。	The big exam covers many subjects, so I started planning my review early.
競爭力	這家公司的競爭力很強。	This company's competitiveness is strong.
競爭力	想提高競爭力，除了專業能力之外，語言能力也很重要。	To raise competitiveness, language skills matter in addition to expertise.
