和	我和朋友去看電影。	I'm going to see a movie with a friend.
和	我和我媽每個週末都會一起去市場買菜。	My mom and I go to the market together every weekend to buy groceries.
妳	妳今天看起來很開心喔。	You look so happy today.
妳	妳明天有空嗎?我想請妳幫我看一下這份報告。	Are you free tomorrow? I'd like you to take a look at this report for me.
年	今年夏天特別熱。	This summer is especially hot.
年	我們公司每年年底都會辦一次尾牙。	Our company holds a year-end banquet every year.
會	他會說三種語言。	He can speak three languages.
會	明天可能會下雨,出門記得帶傘。	It might rain tomorrow, so remember to bring an umbrella.
而	這家店便宜而且好吃。	This place is cheap and delicious.
而	這個問題看起來簡單,而實際上非常複雜。	This problem looks simple, but it's actually very complicated.
併	請把這兩張表併起來。	Please combine these two tables.
併	兩間分店決定併成一間,以節省房租。	The two branches decided to merge into one to save on rent.
等	你等我一下。	Wait for me a moment.
等	等你下班,我們再一起去吃晚餐吧。	When you get off work, let's go have dinner together.
多	今天來的人很多。	A lot of people came today.
多	這個週末你多休息,別再熬夜了。	Get more rest this weekend, and stop staying up late.
給	我給你一杯水。	I'll get you a glass of water.
給	老闆給了我們每人一個紅包。	The boss gave each of us a red envelope.
及	他及時趕到了。	He arrived just in time.
及	本店提供咖啡、茶及各式點心。	This shop offers coffee, tea and a variety of desserts.
更	這個比那個更好。	This one is better than that one.
更	下雨天路更滑,騎機車要更小心。	Roads are even slipperier in the rain, so be extra careful riding a scooter.
里	我家住在這個里。	My home is in this neighborhood (li).
里	里長今天在活動中心辦了一場說明會。	The borough warden held an information session at the community center today.
如果	如果下雨,我們就不去。	If it rains, we won't go.
如果	如果你有任何問題,隨時打電話給我。	If you have any questions, call me anytime.
最	這是我最愛的歌。	This is my favorite song.
最	他是我們班上最會唱歌的人。	He's the best singer in our class.
進行	會議正在進行。	The meeting is in progress.
進行	道路工程預計下個月進行,請民眾配合改道。	The road work is scheduled for next month, so please take the detour.
出	我現在要出門了。	I'm heading out now.
出	她從包包裡拿出手機,打給了她朋友。	She took her phone out of her bag and called her friend.
國際	這是國際機場。	This is an international airport.
國際	這間公司在國際市場上很有名。	This company is well known in the international market.
時間	你現在有時間嗎?	Do you have time right now?
時間	我們約的時間是下午三點,別遲到喔。	We agreed on three in the afternoon, so don't be late.
隻	我家有一隻貓。	We have a cat at home.
隻	院子裡跑來了兩隻小狗,孩子們開心極了。	Two puppies ran into the yard, and the kids were thrilled.
以及	我買了蘋果以及香蕉。	I bought apples and bananas.
以及	會議將討論預算、人事以及明年的行銷計畫。	The meeting will discuss the budget, personnel and next year's marketing plan.
包括	價錢包括稅金。	The price includes tax.
包括	這次旅費包括機票、住宿和每天的早餐。	The trip cost includes the flight, the hotel and breakfast every day.
應該	你應該早點睡。	You should go to bed earlier.
應該	他說五點會到,現在應該快到了吧。	He said he'd arrive at five, so he should be almost here by now.
為什麼	你為什麼哭了?	Why are you crying?
為什麼	為什麼今天的馬路這麼塞?是不是有活動?	Why is the road so jammed today? Is there some event?
號	嬰兒在房裡號啕大哭。	The baby is wailing in the room.
號	聽到壞消息後,她抱著媽媽號啕大哭了好久。	After hearing the bad news, she hugged her mom and wailed for a long time.
還有	桌上還有一塊蛋糕。	There's still a piece of cake on the table.
還有	還有三天就放假了,大家再加油一下。	Only three days until the holiday, so hang in there a little longer.
不過	這家很好吃,不過有點貴。	This place is tasty, but a bit pricey.
不過	我很想去,不過明天一早要開會,只好下次了。	I'd love to go, but I have a meeting early tomorrow, so next time.
只是	我只是隨便看看。	I'm just browsing.
只是	他只是個孩子,你就別對他這麼嚴格了。	He's only a kid, so don't be so strict with him.
希望	我希望明天放晴。	I hope it clears up tomorrow.
希望	我們都希望這次的考試能順利通過。	We all hope to pass this exam smoothly.
此	前方施工,此路不通。	Construction ahead; this road is closed.
此	此處禁止停車,違者將被拖吊。	No parking here; violators will be towed.
萬	這支手機要兩萬元。	This phone costs twenty thousand dollars.
萬	這場演唱會吸引了超過三萬名歌迷到場。	The concert drew more than thirty thousand fans.
那麼	不要那麼緊張。	Don't be so nervous.
那麼	這家店的人那麼多,我們還是改天再來吧。	There are so many people at this place; let's come another day.
中心	他家在市中心。	His home is in the city center.
中心	社區活動中心每週三都有免費的健康講座。	The community center has a free health talk every Wednesday.
區	你住哪一區?	Which district do you live in?
區	這一區的房租比隔壁區便宜很多。	The rent in this district is much cheaper than the next one.
國內	這是國內航班。	This is a domestic flight.
國內	這幾年國內旅遊越來越熱門,假日飯店都很難訂。	Domestic travel has gotten popular in recent years, and hotels are hard to book on holidays.
孩子	孩子已經睡著了。	The child has already fallen asleep.
孩子	週末我常帶孩子去公園玩,讓他們跑一跑。	On weekends I often take my kids to the park to run around.
建立	我們要建立信任。	We need to build trust.
建立	這個學期,老師希望大家能建立良好的閱讀習慣。	This semester, the teacher hopes everyone will build good reading habits.
方式	換個方式試試。	Try a different way.
方式	現在很多人習慣用手機支付的方式買東西。	Many people are now used to paying by phone when they shop.
歲	我弟今年十歲。	My little brother is ten this year.
歲	我奶奶今年八十歲了,每天早上還去公園運動。	My grandma is eighty this year and still exercises in the park every morning.
由於	由於下雨,比賽取消。	The game was canceled because of rain.
由於	由於塞車,我們比預定時間晚了半小時才到。	Because of traffic, we arrived half an hour later than planned.
者	參加者請在入口處登記。	Participants, please sign in at the entrance.
者	本次活動歡迎有興趣者現場報名,名額有限。	Interested people are welcome to sign up on site; spots are limited.
買	我想買一杯咖啡。	I want to buy a cup of coffee.
買	我媽今天在市場買了很多新鮮的水果。	My mom bought a lot of fresh fruit at the market today.
那個	那個很好吃。	That one is delicious.
那個	那個穿藍色外套的人是我們的新同事。	The person in the blue jacket is our new coworker.
一次	我去過一次日本。	I've been to Japan once.
一次	這家店每個月只開放一次預約,要搶喔。	This shop opens reservations only once a month, so be quick.
人口	這個城市人口很多。	This city has a large population.
人口	台灣的人口老化問題越來越受到大家重視。	Taiwan's aging population is getting more and more attention.
個人	這只是我個人的意見。	This is just my personal opinion.
個人	個人資料請妥善保管,不要隨便給陌生人。	Keep your personal information safe and don't give it to strangers.
報告	我要交報告了。	I'm about to hand in my report.
報告	老闆要我下週一前把這份報告整理好。	The boss wants me to get this report in order before next Monday.
您	請問您要喝什麼?	What would you like to drink?
您	謝謝您今天特地跑一趟,真的辛苦您了。	Thank you for making the trip today; I really appreciate your effort.
改變	我想改變一下。	I want to change things up a bit.
改變	這場大雨改變了我們原本去爬山的計畫。	The heavy rain changed our plan to go hiking.
本	這本書很好看。	This book is really good.
本	本月起,圖書館的開放時間改為早上九點。	Starting this month, the library opens at nine in the morning.
法律	我想學法律。	I want to study law.
法律	騎機車不戴安全帽是違反法律的,會被罰錢。	Riding a scooter without a helmet breaks the law and you'll be fined.
發	他發了一則訊息。	He sent a message.
發	公司這個月終於發薪水了,大家都很開心。	The company finally paid salaries this month, and everyone is happy.
網	漁夫正在海邊收網。	The fisherman is pulling in his net by the sea.
網	蜘蛛在陽台角落結了一張大網,我媽拿掃把把它掃掉了。	A spider spun a big web in the corner of the balcony, and my mom swept it away with a broom.
視頻	他把拍好的視頻傳給了我。	He sent me the video he shot.
達	他達到了目標。	He reached his goal.
達	參加活動的人數達到五百人,主辦單位非常滿意。	The turnout reached five hundred people, and the organizers were very pleased.
並且	他很聰明,並且很努力。	He's smart and hardworking as well.
並且	請先填好表格,並且附上身分證影本,再交給櫃台。	Please fill out the form, attach a copy of your ID, then hand it to the counter.
以上	十八歲以上才能看。	You must be eighteen or older to watch this.
以上	購物滿一千元以上,就可以免運費喔。	Orders of 1,000 dollars or more get free shipping.
價值	這幅畫很有價值。	This painting is very valuable.
價值	對我來說,健康的價值比賺大錢更重要。	To me, health is worth more than making a lot of money.
制	公司訂了新制度。	The company set up a new system.
制	政府從去年開始限制店家提供免費的塑膠袋。	Since last year, the government has restricted shops from offering free plastic bags.
受到	他受到老師稱讚。	He was praised by the teacher.
受到	這款新手機一推出,就受到年輕人的歡迎。	As soon as this new phone came out, it was popular with young people.
回	我下午就回家。	I'll go home this afternoon.
回	你回去的時候,記得順便幫我買杯飲料。	On your way back, remember to pick up a drink for me.
如此	沒想到會如此順利。	I didn't expect it to go so smoothly.
如此	他平時很安靜,今天卻如此興奮,真讓人意外。	He's usually quiet, so it's surprising he's so excited today.
小時	我睡了八個小時。	I slept for eight hours.
小時	從台北搭高鐵到高雄,大約只要一個半小時。	Taking the high-speed rail from Taipei to Kaohsiung takes only about an hour and a half.
感覺	我感覺有點冷。	I feel a little cold.
感覺	第一次一個人搭飛機出國,那種感覺既緊張又興奮。	Flying abroad alone for the first time felt both nerve-racking and exciting.
控制	他控制不了脾氣。	He can't control his temper.
控制	醫生說她要控制甜食,血糖才會穩定下來。	The doctor said she has to limit sweets so her blood sugar will stabilize.
未來	我很期待未來。	I'm looking forward to the future.
未來	未來幾天各地都會有大雨,請民眾注意安全。	Heavy rain is expected everywhere in the coming days, so please stay safe.
法國	我想去法國玩。	I want to travel to France.
法國	我同事去年去法國旅行,帶回來很多好吃的巧克力。	My coworker traveled to France last year and brought back lots of tasty chocolate.
真正	他是真正的朋友。	He's a true friend.
真正	真正重要的事,往往不是花錢就能買到的。	What really matters often can't be bought with money.
能力	她的能力很強。	She's very capable.
能力	這份工作需要能同時處理很多事情的能力。	This job requires the ability to handle many things at once.
表現	你今天表現很好。	You did really well today.
表現	他在面試時表現得很穩,老闆對他印象很好。	He performed steadily in the interview, and the boss was impressed.
路	前面的路很窄。	The road ahead is narrow.
路	我不太認得路,所以一直靠手機導航。	I don't know the way well, so I keep relying on my phone's navigation.
選舉	明天是選舉日。	Tomorrow is election day.
選舉	每次選舉前,街上都會掛滿候選人的旗子。	Before every election, the streets are covered with candidates' flags.
馬	那匹馬跑得好快。	That horse runs so fast.
馬	週末我們去了牧場,孩子第一次騎在馬上,既害怕又開心。	We went to a ranch on the weekend, and my kid, riding a horse for the first time, was scared yet happy.
以前	我以前住在台南。	I used to live in Tainan.
以前	以前放學後,我們都會一起去巷口的柑仔店。	We used to go to the corner grocery together after school.
公開	這件事還沒公開。	This hasn't been made public yet.
公開	公司預計下週一公開新產品的價格和上市日期。	The company plans to announce the new product's price and release date next Monday.
區域	這個區域禁止停車。	Parking is prohibited in this area.
區域	明天北部區域會有短暫陣雨,中南部則是多雲到晴。	Tomorrow there will be brief showers in the north, and cloudy to sunny in the center and south.
均	全班均已繳交。	The whole class has handed it in.
均	本店商品均提供七天鑑賞期,歡迎安心選購。	All items here come with a seven-day trial period, so shop with confidence.
實施	新規定下個月實施。	The new rule takes effect next month.
實施	政府從今年起實施垃圾分類,民眾要把回收物分開丟。	The government started enforcing waste sorting this year, so people must separate recyclables.
德國	他在德國念書。	He studies in Germany.
德國	我哥哥最近買了一台德國製的咖啡機。	My older brother recently bought a German-made coffee machine.
指出	老師指出我的錯誤。	The teacher pointed out my mistake.
指出	研究報告指出,每天走路三十分鐘對身體很有幫助。	The study points out that walking thirty minutes a day is very good for your health.
最近	你最近好嗎?	How have you been lately?
最近	最近天氣忽冷忽熱,大家要小心不要感冒。	The weather has been hot and cold lately, so be careful not to catch a cold.
母親	母親節快到了。	Mother's Day is coming up.
母親	我的母親每天早上都會為全家人準備早餐。	My mother makes breakfast for the whole family every morning.
生	她生了一個女兒。	She gave birth to a daughter.
生	我家的貓昨天晚上生了四隻小貓。	Our cat had four kittens last night.
簡單	這道菜很簡單。	This dish is very simple.
簡單	這個遊戲的規則很簡單,五分鐘就能學會。	The rules of this game are simple; you can learn them in five minutes.
老師	老師走進教室了。	The teacher walked into the classroom.
老師	我們的國文老師上課很幽默,同學都很喜歡他。	Our Chinese teacher is funny in class, and everyone likes him.
說明	請你說明一下。	Please explain it a bit.
說明	店員耐心地向我說明這支手機的使用方式。	The clerk patiently explained to me how to use this phone.
那裡	那裡有一間書店。	There's a bookstore over there.
那裡	聽說那裡的夜景很漂亮,我們週末過去看看吧。	I heard the night view there is beautiful; let's go check it out this weekend.
下來	請你坐下來。	Please sit down.
下來	太陽下山以後,天氣慢慢涼了下來。	After the sun went down, the weather gradually cooled off.
人士	專業人士都這麼說。	Professionals all say so.
人士	這個課程特別適合想轉換跑道的上班人士。	This course is especially suited for working people who want to switch careers.
保持	請保持安靜。	Please keep quiet.
保持	為了保持健康,我每天早上都會慢跑半小時。	To stay healthy, I jog for half an hour every morning.
公民	他是台灣公民。	He is a citizen of Taiwan.
公民	每位公民都有權利在選舉中投下自己的一票。	Every citizen has the right to cast a vote in an election.
十分	這裡十分安靜。	It's very quiet here.
十分	這家餐廳的服務十分周到,我們下次還會再來。	The service at this restaurant is very attentive; we'll come again.
哦	哦,我知道了。	Oh, I see.
哦	你說他明天要來啊?哦,那我先把房間整理一下。	You say he's coming tomorrow? Oh, then I'll tidy up the room first.
大量	他喝了大量的水。	He drank a large amount of water.
大量	這次颱風帶來大量的雨水,山區有可能發生土石流。	The typhoon brings heavy rainfall, and mudslides are possible in the mountains.
字	這個字怎麼念?	How do you pronounce this character?
字	我的字寫得不好看,所以每天都練習寫一頁。	My handwriting isn't pretty, so I practice a page every day.
少	今天人比較少。	There are fewer people today.
少	你最近少喝點含糖飲料,對身體比較好。	Drink fewer sugary drinks lately; it's better for your health.
幾乎	我幾乎都忘了。	I've almost forgotten it all.
幾乎	這家店太受歡迎了,假日幾乎都要排隊一小時以上。	This shop is so popular that on holidays you almost always queue for over an hour.
想要	我想要一杯奶茶。	I'd like a milk tea.
想要	你想要什麼生日禮物?我可以先幫你留意一下。	What birthday gift do you want? I can keep an eye out for it.
拍	請幫我拍張照。	Please take a photo for me.
拍	他拿著手機,在夕陽下拍了好幾張美美的照片。	Holding his phone, he took several beautiful photos in the sunset.
文章	這篇文章很有趣。	This article is very interesting.
文章	我每天早上都會看一篇新聞文章,練習中文閱讀。	Every morning I read a news article to practice reading Chinese.
最終	最終他還是答應了。	In the end, he agreed.
最終	經過三天的討論,大家最終決定把旅行改到下個月。	After three days of discussion, everyone finally decided to push the trip to next month.
死亡	這起意外造成一人死亡。	The accident caused one death.
死亡	醫生說,這種病的死亡率已經比過去低了很多。	The doctor said the mortality rate of this illness is much lower than in the past.
減少	我想減少吃糖。	I want to cut down on sugar.
減少	公司決定減少加班,讓員工有更多時間陪家人。	The company decided to reduce overtime so employees have more time with family.
生命	生命真的很珍貴。	Life is truly precious.
生命	她把生命中最美好的時光,都花在照顧流浪狗上。	She spent the best time of her life taking care of stray dogs.
真實	這個故事是真實的。	This story is true.
真實	這部電影改編自真實事件,看完讓人久久不能平靜。	This movie is based on a true event, and it left me shaken for a long time.
笑	他笑得很開心。	He laughed happily.
笑	我弟一講笑話,全家人都被他逗得笑了起來。	As soon as my little brother told a joke, the whole family burst out laughing.
統一	大家的意見統一了。	Everyone's opinions are unified.
統一	為了方便管理,公司要統一購買辦公室的文具。	For easier management, the company will buy office stationery centrally.
考慮	讓我考慮一下。	Let me think it over.
考慮	他正在考慮要不要換工作,搬到別的縣市去。	He's considering whether to change jobs and move to another city.
若	若有問題,請來電。	If you have questions, please call.
若	若明天下大雨,活動將延期舉行,詳情請看公告。	If it rains heavily tomorrow, the event will be postponed; see the notice for details.
謝謝	謝謝你的幫忙。	Thanks for your help.
謝謝	謝謝你昨天特地送我回家,下次換我請你吃飯。	Thanks for taking me home specially yesterday; next time dinner's on me.
軍事	他喜歡看軍事新聞。	He likes watching military news.
軍事	這座博物館展出了許多軍事歷史的照片和文物。	This museum displays many photos and artifacts of military history.
選	你選哪一個?	Which one do you pick?
選	我花了很久才從菜單上選出想吃的口味。	It took me a long time to pick a flavor from the menu.
門	請把門關上。	Please close the door.
門	有人在敲門,你去看看是誰吧。	Someone's knocking on the door; go see who it is.
靠	他靠在牆上休息。	He's resting against the wall.
靠	我不想靠家人幫忙,想靠自己的力量買房子。	I don't want to rely on my family; I want to buy a house on my own.
不了	不了,我吃飽了。	No thanks, I'm full.
不了	「要不要一起去唱歌?」「不了,我明天要早起。」	"Want to go sing karaoke together?" "I'll pass, I have to get up early tomorrow."
事業	他的事業很成功。	His career is very successful.
事業	她三十歲就辭掉工作,開始經營自己的事業。	She quit her job at thirty and started running her own business.
件	我買了一件外套。	I bought a jacket.
件	這件事我會處理,你不用擔心。	I'll handle this matter, so don't worry.
兄弟	他們是親兄弟。	They are real brothers.
兄弟	我們三個兄弟小時候常常為了搶電視遙控器吵架。	We three brothers often fought over the TV remote as kids.
再次	謝謝你再次幫忙。	Thanks for helping again.
再次	這部電影太好看了,我打算再次買票進去看一遍。	This movie is so good that I plan to buy a ticket and watch it once more.
創造	我們一起創造回憶。	Let's create memories together.
創造	這家公司想創造一個讓員工更自在的工作環境。	This company wants to create a work environment where employees feel more at ease.
召開	會議將在明天召開。	The meeting will be convened tomorrow.
召開	學校預計下週召開家長會,討論畢業旅行的安排。	The school will hold a parents' meeting next week to discuss the graduation trip.
回到	我剛回到家。	I just got home.
回到	出國玩了一個星期,終於回到熟悉的床上,真舒服。	After a week abroad, being back in my own bed is so comfortable.
壓力	我最近壓力很大。	I've been under a lot of pressure lately.
壓力	老師說,適度的壓力可以讓人進步,太多就不好了。	The teacher said moderate pressure helps you improve, but too much is bad.
婦女	公園旁有婦女服務中心。	There's a women's service center next to the park.
婦女	政府推出新補助,幫助單親婦女重新回到職場。	The government introduced a new subsidy to help single mothers return to the workforce.
廣告	這個廣告很有趣。	This commercial is really funny.
廣告	我在看影片時,常常要等廣告播完才能繼續。	When I watch videos, I often have to wait for the ad to finish.
態度	他的態度很好。	He has a good attitude.
態度	面對客人的抱怨,店員還是保持有禮貌的態度。	Facing the customer's complaint, the clerk stayed polite.
政權	政權和平轉移了。	Power was transferred peacefully.
政權	新聞報導,那個國家的政權在一夜之間垮台了。	The news reported that the country's regime collapsed overnight.
於是	下雨了,於是我們回家。	It started raining, so we went home.
於是	他發現手機沒電,於是跟旁邊的人借了充電線。	He found his phone dead, so he borrowed a charging cable from the person beside him.
權	你有投票的權利。	You have the right to vote.
權	消費者的權益受到法律保障,有問題可以打客服電話。	Consumer rights are protected by law; call customer service if you have a problem.
父母	我的父母住在高雄。	My parents live in Kaohsiung.
父母	週末我會回老家陪父母吃飯,聊聊最近的生活。	On weekends I go home to have meals with my parents and chat about recent life.
申請	我想申請獎學金。	I want to apply for a scholarship.
申請	申請護照要帶身分證、照片,還有舊的護照。	To apply for a passport, bring your ID, a photo and your old passport.
程度	他的中文程度不錯。	His Chinese level is good.
程度	台灣的交通便利程度在亞洲算是相當不錯的。	Taiwan's level of transport convenience is quite good by Asian standards.
組	我們分成三組。	We split into three groups.
組	老師把全班分成五組,每組要上台報告一次。	The teacher divided the class into five groups, and each group presents once.
製作	他們正在製作蛋糕。	They're making a cake.
製作	這家工作室專門製作手工皮件,每一件都要花好幾天。	This studio makes handmade leather goods, each taking several days.
設立	學校設立了獎學金。	The school set up a scholarship.
設立	為了照顧長輩,社區今年在公園旁設立了日間關懷據點。	To look after seniors, the neighborhood set up a day-care center by the park this year.
購買	我要購買車票。	I'd like to buy a ticket.
購買	購買門票的民眾請到左邊櫃台排隊,謝謝。	Those buying tickets, please line up at the left counter, thank you.
逼	別逼我嘛。	Don't pressure me, come on.
逼	媽媽逼我每天練琴一小時,我真的很不想練。	My mom makes me practice piano an hour a day, and I really don't want to.
醫療	這裡醫療很方便。	Medical care is convenient here.
醫療	台灣的健保讓大家都能負擔得起基本醫療費用。	Taiwan's national health insurance makes basic medical costs affordable for everyone.
鐵路	台灣有環島鐵路。	Taiwan has a railway that circles the island.
鐵路	這條鐵路從台北一路通到台東,沿途風景很美。	This railway runs from Taipei all the way to Taitung, with beautiful scenery.
難道	難道你不知道嗎?	Don't tell me you didn't know?
難道	你每天都熬夜,難道不覺得累嗎?	You stay up late every day; don't you feel tired?
首先	首先要洗手。	First, wash your hands.
首先	首先,謝謝大家今天抽空來參加這場說明會。	First of all, thank you all for making time to join this briefing.
不可	這裡不可抽菸。	Smoking is not allowed here.
不可	病人剛開完刀,在傷口癒合前不可提重物。	The patient just had surgery and must not lift heavy things until the wound heals.
云	古人云:有備無患。	As the ancients said, being prepared prevents trouble.
云	做事要有自己的想法,不要只是人云亦云。	Have your own ideas and don't just parrot what others say.
位置	這個位置有人嗎?	Is this seat taken?
位置	電影院的位置我已經訂好了,在第五排中間。	I've booked the cinema seats, in the middle of row five.
停止	雨已經停止了。	The rain has stopped.
停止	颱風來襲,渡輪的營運已經停止,請旅客改搭其他交通工具。	With the typhoon coming, the ferry service has stopped, so please take other transport.
光	窗外有光。	There's light outside the window.
光	光是排隊就花了一個小時,我們最後還是回家吃泡麵。	Just the queuing took an hour, so we went home and had instant noodles.
分佈	人口分佈不太平均。	The population isn't evenly distributed.
分佈	台灣的山脈主要分佈在中部和東部,西部則多是平原。	Taiwan's mountains are mostly in the center and east, while the west is mainly plains.
化	冰塊慢慢化了。	The ice slowly melted.
化	現在很多公司都在推動數位化,連開會都改成線上了。	Many companies are pushing digitalization now; even meetings have moved online.
取消	我想取消訂位。	I'd like to cancel my reservation.
取消	因為颱風,今天晚上的演唱會臨時取消,主辦單位會退票。	The concert tonight was suddenly canceled due to the typhoon, and the organizer will refund tickets.
員工	這家公司員工很多。	This company has many employees.
員工	老闆每年都會帶員工出國旅遊,大家感情都很好。	The boss takes the staff abroad every year, so everyone gets along well.
團隊	我們是一個團隊。	We are a team.
團隊	這個專案能完成,要感謝整個團隊這幾個月的努力。	We owe the completion of this project to the whole team's effort these months.
多數	多數人都同意。	Most people agree.
多數	根據調查,多數上班族每天通勤時間超過一小時。	According to a survey, most office workers commute over an hour every day.
學者	他是知名學者。	He's a well-known scholar.
學者	幾位學者在電視上討論台灣少子化的問題。	Several scholars discussed Taiwan's low birth rate on TV.
對方	對方沒有回應。	The other party didn't respond.
對方	吵架的時候,先聽聽對方怎麼說,再決定要不要生氣。	When arguing, first hear what the other person says, then decide whether to be angry.
常	我常去那家店。	I often go to that shop.
常	她常在下班後去健身房運動,所以身材一直很好。	She often works out at the gym after work, so she's always in good shape.
從而	他多練習,從而進步了。	He practiced more and thereby improved.
從而	新制度簡化了申請流程,從而讓民眾辦事更方便。	The new system simplified the application process, making things more convenient for the public.
成績	他的成績很好。	His grades are very good.
成績	下週就要公布期末成績了,同學們都很緊張。	Final grades will be announced next week, and the students are all nervous.
按照	請按照順序排隊。	Please line up in order.
按照	我們按照說明書的步驟,一個小時就把書櫃組好了。	Following the manual's steps, we put the bookcase together in an hour.
擔任	他擔任班長。	He serves as class president.
擔任	她從去年開始擔任公司的行銷主管,工作很忙。	She became the company's marketing manager last year and is very busy.
敵人	他們是敵人。	They are enemies.
敵人	在這款遊戲裡,你要躲開敵人,才能順利過關。	In this game, you have to dodge enemies to pass the level.
普通	這是普通的一天。	This is an ordinary day.
普通	他只是個普通的上班族,每天搭公車上下班。	He's just an ordinary office worker who takes the bus to and from work.
本身	手機本身沒問題。	The phone itself is fine.
本身	問題不在天氣,而在計畫本身,排得太趕了。	The problem isn't the weather but the plan itself, which was too tight.
案件	這起案件很複雜。	This case is very complicated.
案件	這起詐騙案件已經交給檢察官處理,受害者超過百人。	This fraud case has been handed to prosecutors, with over a hundred victims.
活	這條魚還活著。	This fish is still alive.
活	他一個人要打好幾份工,才能養活全家人。	He has to work several jobs alone to support his whole family.
爭取	我要爭取機會。	I want to fight for the chance.
爭取	員工們正在向公司爭取更多的休假日。	The employees are pushing the company for more days off.
理由	你有什麼理由?	What's your reason?
理由	他遲到的理由是手機鬧鐘沒響,但老闆不太相信。	His excuse for being late was that his alarm didn't ring, but the boss didn't quite buy it.
皆	他們兩人皆是醫生。	Both of them are doctors.
皆	凡本校學生,皆可免費借用圖書館的討論室。	All students of this school may borrow the library discussion rooms for free.
秘密	這是我們的秘密。	This is our secret.
秘密	你可以幫我保守這個秘密嗎?我還沒告訴我媽。	Can you keep this secret for me? I haven't told my mom yet.
統計	我在統計人數。	I'm counting the number of people.
統計	根據最新統計,今年的外送平台訂單比去年多了兩成。	According to the latest statistics, delivery app orders are up twenty percent from last year.
聽到	我聽到有人在叫。	I heard someone shouting.
聽到	我剛剛聽到樓下鄰居在吵架,聲音很大。	I just heard the neighbors downstairs arguing, very loudly.
著名	他是著名的作家。	He is a famous writer.
著名	淡水以夕陽和阿給著名,假日總是擠滿遊客。	Tamsui is famous for its sunsets and aigei, and is packed with tourists on holidays.
規則	遊戲有一些規則。	The game has some rules.
規則	你得先搞懂比賽的規則,才知道怎麼得分。	You have to understand the rules before you know how to score.
認真	他學習很認真。	He studies seriously.
認真	老闆說這件事很重要,要我們認真看待。	The boss said this matter is important and wants us to take it seriously.
財產	這是他的私人財產。	This is his private property.
財產	老先生把全部財產都捐給了慈善機構。	The old man donated all his assets to a charity.
路線	這條路線比較近。	This route is shorter.
路線	我研究了好幾條登山路線,最後選了最輕鬆的那一條。	I looked at several hiking routes and chose the easiest one.
進步	你的英文進步了。	Your English has improved.
進步	孩子每天練習,鋼琴彈得進步很多。	The kid practices every day and has improved a lot at piano.
重視	我們很重視客人。	We value our customers highly.
重視	現在很多公司越來越重視員工的心理健康。	More and more companies now value their employees' mental health.
隨著	隨著天氣變冷,我多穿了一件。	As the weather got colder, I put on another layer.
隨著	隨著科技進步,手機已經成為生活中不可缺少的工具。	With technological progress, the phone has become an indispensable tool in daily life.
電視台	我哥在電視台工作。	My older brother works at a TV station.
電視台	新聞記者代表電視台到現場採訪,結果等了三個小時。	The reporter went on site for the TV station and ended up waiting three hours.
首次	這是我首次出國。	This is my first time going abroad.
首次	這位歌手今年首次在小巨蛋開演唱會,票一開賣就賣完。	This singer is holding a concert at the Taipei Arena for the first time, and tickets sold out right away.
一句	他只說了一句話。	He said only one sentence.
一句	她只說了一句「辛苦了」,我心裡就覺得很溫暖。	She said just one line, "You've worked hard," and it warmed my heart.
並非	事情並非如此。	It isn't really like that.
並非	成功並非一朝一夕的事,需要長時間的努力。	Success doesn't happen overnight; it takes long-term effort.
依然	他依然很開心。	He is still happy.
依然	過了這麼多年,那家老店的味道依然沒變。	After so many years, that old shop tastes just the same.
冠軍	我們拿到冠軍了!	We won the championship!
冠軍	他連續三年都是全校游泳比賽的冠軍。	He's been the school swimming champion for three years in a row.
勢力	這個幫派勢力很大。	This gang has great influence.
勢力	那個政黨在地方上的勢力越來越大。	That party's influence in local areas keeps growing.
口	我家有四口人。	There are four people in my family.
口	他喝了一口熱茶,才慢慢開始說話。	He took a sip of hot tea before he slowly began to speak.
哥哥	我有一個哥哥。	I have an older brother.
哥哥	我哥哥每個週末都會開車載我們全家去郊外走走。	My older brother drives our whole family to the countryside every weekend.
壞	這個蘋果壞了。	This apple has gone bad.
壞	我的筆電突然壞掉,明天只好拿去維修。	My laptop suddenly broke, so I'll have to take it for repair tomorrow.
好好	你好好休息吧。	Get a good rest.
好好	這件事我們坐下來好好談,不要急著吵架。	Let's sit down and talk this through properly instead of rushing into a fight.
家人	我愛我的家人。	I love my family.
家人	過年時,家人們都會回老家一起吃團圓飯。	At Lunar New Year, the whole family goes home for the reunion dinner.
導演	他想當導演。	He wants to be a director.
導演	這位導演的新電影預計下個月上映。	This director's new film is due out next month.
就要	火車就要開了。	The train is about to leave.
就要	畢業典禮就要到了,同學們都在準備表演節目。	Graduation is about to arrive, and classmates are preparing performances.
年度	這是今年度最大的活動。	This is the biggest event of this year.
年度	公司正在準備下一個年度的預算,各部門都很忙。	The company is preparing next year's budget, and every department is busy.
往往	他往往最晚到。	He's usually the last to arrive.
往往	週末的時候,我往往睡到中午才起床。	On weekends I usually sleep until noon.
忘記	我忘記帶鑰匙了。	I forgot to bring my keys.
忘記	別忘記明天要交作業,不然老師會生氣。	Don't forget the homework is due tomorrow, or the teacher will be angry.
成本	成本太高了。	The cost is too high.
成本	原物料漲價,所以店家只好調高價格來補貼成本。	Raw materials got pricier, so the shop had to raise prices to cover costs.
抗議	學生們在抗議。	The students are protesting.
抗議	居民不滿工廠的噪音,上街抗議要求改善。	Residents, unhappy with the factory noise, took to the streets demanding improvement.
描述	請你描述一下。	Please describe it.
描述	她向警察描述那個小偷的長相,警察一邊聽一邊記下來。	She described the thief's appearance to the police, who took notes as they listened.
故	他無故缺席了。	He was absent without reason.
故	由於天候不佳,故本次活動順延一週,敬請見諒。	Due to bad weather, this event is postponed a week; we apologize for the inconvenience.
本人	請本人親自來辦理。	Please come in person to handle it.
本人	領取包裹時,請攜帶證件,並由本人親自簽收。	When collecting the parcel, bring your ID and sign for it yourself.
標誌	這是公司的標誌。	This is the company's logo.
標誌	馬路上的紅色標誌是在提醒駕駛前方禁止通行。	The red sign on the road warns drivers that passage ahead is prohibited.
毛	小狗的毛很軟。	The puppy's fur is very soft.
毛	我家貓咪到了換季就會掉很多毛,沙發上都是。	Our cat sheds a lot when the seasons change, and it's all over the sofa.
爆發	火山爆發了。	The volcano erupted.
爆發	兩位同學因為小事吵了起來,最後情緒完全爆發。	Two classmates argued over something small, and their emotions finally exploded.
用於	這杯子只用於喝茶。	This cup is only used for drinking tea.
用於	這種膠帶主要用於包裝紙箱,黏性很強。	This tape is mainly used for sealing cardboard boxes and is very sticky.
發動	他發動了車子。	He started the car.
發動	公司發動所有同事,一起幫忙搬到新辦公室。	The company rallied all the coworkers to help move into the new office.
確保	請確保門已鎖好。	Please make sure the door is locked.
確保	為確保大家的安全,這間教室最多只能容納五十個人。	To ensure everyone's safety, this classroom holds at most fifty people.
競爭	市場競爭很激烈。	Market competition is fierce.
競爭	這兩家手搖飲料店在同一條街上競爭,都推出買一送一。	These two bubble tea shops compete on the same street, both offering buy-one-get-one-free.
網頁	這個網頁打不開。	This web page won't open.
網頁	我把訂位的網頁截圖存起來,到店裡再給店員看。	I saved a screenshot of the booking page to show the staff at the shop.
自身	這是我自身的經驗。	This is my own experience.
自身	想改變別人之前,先檢討自身的問題比較實際。	Before trying to change others, it's more realistic to examine your own problems.
規範	這些規範要遵守。	These standards must be followed.
規範	學校訂了一套手機使用規範,上課時不能滑手機。	The school set phone-use rules, so you can't scroll your phone in class.
讀者	讀者來信很多。	We receive many letters from readers.
讀者	這本書的讀者大多是想學理財的上班族。	Most readers of this book are office workers who want to learn about personal finance.
量	護理師幫我量體溫。	The nurse took my temperature.
量	裁縫師先替我量好尺寸,再開始裁剪布料。	The tailor measured my size first and then started cutting the fabric.
預測	氣象局預測明天會下雨。	The weather bureau predicts rain tomorrow.
預測	專家預測今年的颱風數量會比往年多,民眾要提早準備。	Experts predict more typhoons than usual this year, so people should prepare early.
食物	我愛吃辣的食物。	I love spicy food.
食物	夏天食物很容易壞,剩下的記得放進冰箱。	Food spoils easily in summer, so put leftovers in the fridge.
丈夫	她的丈夫是醫生。	Her husband is a doctor.
丈夫	我同事的丈夫常常幫忙接小孩放學,所以她可以安心加班。	My coworker's husband often picks up the kids from school, so she can work overtime at ease.
主動	他主動來幫忙。	He came to help on his own initiative.
主動	遇到問題時,要主動問老師,不要等別人來問你。	When you hit a problem, ask the teacher yourself instead of waiting to be asked.
互相	我們要互相幫忙。	We should help each other.
互相	住在同一棟樓的鄰居互相照顧,感覺就像一家人。	The neighbors in our building look after each other like one family.
以外	除了他以外,大家都到了。	Everyone has arrived except him.
以外	除了這件以外,其他衣服都在打折,要不要看看?	Everything except this piece is on sale; want to take a look?
俱樂部	我加入了攝影俱樂部。	I joined the photography club.
俱樂部	這家健身俱樂部每個月都有免費的瑜珈體驗課。	This fitness club offers a free yoga trial class every month.
具	請把工具放回原位。	Please put the tools back in place.
具	這間民宿的家具和廚具都很齊全,住起來很方便。	This guesthouse has all the furniture and kitchenware, so it's very convenient to stay.
前進	我們繼續前進。	Let's keep moving forward.
前進	隊伍沿著山路一步一步前進,天黑前終於到了山屋。	The group advanced step by step along the mountain trail and reached the hut before dark.
博物館	我們去博物館吧。	Let's go to the museum.
博物館	這間博物館週一休館,所以我們只好改到星期二才去。	This museum is closed on Mondays, so we had to go on Tuesday instead.
可怕	這部電影好可怕。	This movie is so scary.
可怕	昨晚的雷聲太可怕了,連家裡的狗都躲到床底下。	The thunder last night was so frightening that even our dog hid under the bed.
命	他救了我一命。	He saved my life.
命	算命的說我命裡有貴人,我聽聽就好。	The fortune teller said I have helpful people in my fate, but I'll just take it lightly.
嘗試	我想嘗試新的東西。	I want to try something new.
嘗試	她第一次嘗試做麵包,雖然有點焦,味道還不錯。	She tried baking bread for the first time; it was a bit burnt but tasted fine.
基	打好基礎很重要。	Building a solid foundation is important.
基	這棟大樓的地基很深,所以不怕地震。	This building has deep foundations, so it's safe against earthquakes.
夠	這些錢夠用嗎?	Is this money enough?
夠	你帶的錢夠不夠?不夠的話我先借你。	Do you have enough money? If not, I'll lend you some.
天氣	今天天氣很好。	The weather is great today.
天氣	天氣預報說週末會放晴,我們可以去海邊走走。	The forecast says it will clear up this weekend, so we can walk by the sea.
完善	這家醫院設備很完善。	This hospital is well equipped.
完善	這座新圖書館的設施很完善,還有親子閱讀區和自習室。	The new library has comprehensive facilities, including a kids' reading area and study rooms.
對待	他對待客人很親切。	He treats guests warmly.
對待	我們應該用同樣的態度對待每一位同學,不要有偏見。	We should treat every classmate with the same attitude, without prejudice.
左	請向左轉。	Please turn left.
左	郵局就在前面的紅綠燈左邊,過馬路就看得到。	The post office is on the left of the traffic light ahead; you'll see it once you cross.
幸福	我覺得很幸福。	I feel very happy.
幸福	對她來說,每天跟家人一起吃晚餐就是最大的幸福。	To her, having dinner with her family every day is the greatest happiness.
弄	我住在中山路二段三十巷五弄。	I live at Lane 5, Alley 30, Section 2 of Zhongshan Road.
弄	外送員在巷弄裡迷了路,打電話問我門牌號碼。	The delivery guy got lost in the alleys and called to ask for my house number.
意外	真是個意外的驚喜。	What an unexpected surprise.
意外	他不小心摔了一跤,幸好只是個小意外。	He accidentally took a fall, but luckily it was only a minor mishap.
房	我想租一間房。	I'd like to rent a room.
房	這間房子一共有三房兩廳,很適合一家人住。	This house has three bedrooms and two living areas, great for a family.
掌握	我已經掌握重點了。	I've got the key points down.
掌握	要掌握一門新語言,最重要的就是每天持續練習。	To master a new language, the most important thing is daily practice.
收費	這裡停車要收費。	You have to pay for parking here.
收費	這間補習班收費合理,而且老師教得很清楚。	This cram school charges reasonable fees, and the teachers explain clearly.
既然	既然來了,就坐吧。	Since you're here, have a seat.
既然	既然你不想去,那我們就改天再約吧。	Since you don't want to go, let's make plans another day.
替	我替你拿。	I'll carry it for you.
替	他生病了,我今天要替他上班。	He's sick, so I have to cover his shift today.
條例	市政府通過了新條例。	The city government passed a new ordinance.
條例	根據這項條例,店家不能提供一次性塑膠吸管。	Under this ordinance, shops can't provide single-use plastic straws.
每次	每次都是你贏。	You win every time.
每次	每次考試前,我媽都會煮一碗麵線給我加油。	Before every exam, my mom cooks me a bowl of vermicelli for luck.
法庭	他今天要上法庭。	He has to go to court today.
法庭	法庭上,法官仔細聽完雙方律師的說法,才宣布判決。	In court, the judge carefully heard both lawyers before announcing the verdict.
演員	她是電影演員。	She's a film actress.
演員	這位演員為了演好這個角色,足足減了十公斤。	To play this role well, the actor lost a full ten kilos.
物	請保管好貴重物品。	Please keep your valuables safe.
物	這間店賣的都是手工製作的小物,很適合當伴手禮。	This shop sells handmade little items, perfect as souvenirs.
生存	沒有水就無法生存。	Without water, there's no survival.
生存	在大城市裡生存不容易,房租和物價都越來越高。	Surviving in a big city isn't easy, with rent and prices rising.
發起	他發起了一場活動。	He started an event.
發起	同學們發起募款活動,幫助受災的家庭重建家園。	Classmates launched a fundraiser to help disaster-hit families rebuild their homes.
破	杯子破了。	The cup broke.
破	他的球鞋穿到都破了,還捨不得丟掉。	His sneakers are worn through, yet he can't bear to throw them away.
竟然	他竟然忘了。	He actually forgot.
竟然	我沒想到這麼難的題目,她竟然五分鐘就解出來了。	I never expected such a hard problem, but she solved it in five minutes.
紅色	我喜歡紅色。	I like red.
紅色	她穿了一件紅色的洋裝,在人群中特別顯眼。	She wore a red dress and stood out in the crowd.
罪	他犯了罪。	He committed a crime.
罪	這個人被控詐欺罪,下週要出庭受審。	This man is charged with fraud and will stand trial next week.
肉	我不吃肉。	I don't eat meat.
肉	這家店的滷肉飯,肉很軟,醬汁也很香。	The braised pork rice here has tender meat and a fragrant sauce.
至於	至於價錢,明天再談。	As for the price, let's discuss it tomorrow.
至於	我只負責設計,至於要怎麼印刷,就交給印刷廠決定。	I only handle the design; as for how to print it, the print shop decides.
街道	街道很乾淨。	The streets are very clean.
街道	下過雨的街道上,到處都是路燈的倒影。	On the rain-washed streets, there were reflections of streetlights everywhere.
視	請不要歧視別人。	Please don't discriminate against others.
視	他把這份工作視為人生中最重要的挑戰。	He regards this job as the most important challenge of his life.
試驗	他們在做試驗。	They're running an experiment.
試驗	這種新藥還在試驗階段,預計明年才會上市。	This new drug is still in trials and will come out next year.
議會	議會通過了預算。	The council passed the budget.
議會	縣議會今天開會,討論明年的交通預算。	The county council met today to discuss next year's transport budget.
贏得	她贏得了比賽。	She won the competition.
贏得	這家小店靠著親切的服務,贏得了附近居民的信任。	This little shop won the neighbors' trust with its friendly service.
辦理	請到櫃台辦理。	Please handle it at the counter.
辦理	辦理退貨請攜帶發票和商品,並在七天內到店。	To return an item, bring the receipt and product to the store within seven days.
達成	我們達成共識了。	We've reached a consensus.
達成	經過幾個小時的討論,雙方終於達成了協議。	After hours of discussion, the two sides finally reached an agreement.
鄉村	我喜歡鄉村生活。	I like country life.
鄉村	週末我們開車到鄉村,在小溪旁野餐了一整個下午。	On the weekend we drove to the countryside and picnicked by a stream all afternoon.
電力	這裡的電力不穩。	The power supply is unstable here.
電力	颱風過後,許多地區的電力還沒有恢復。	After the typhoon, power hasn't been restored in many areas.
首都	巴黎是法國的首都。	Paris is the capital of France.
首都	日本的首都是東京,我去年夏天才第一次去。	Japan's capital is Tokyo, and I only went for the first time last summer.
黨員	他是這個政黨的黨員。	He is a member of this party.
黨員	黨員大會今天投票,選出新的黨主席。	The party congress voted today to elect a new chairperson.
上來	你快上來吧!	Come on up!
上來	那種感覺很特別,但我一時說不上來。	That feeling is special, but I can't put it into words right now.
不滿	他對結果不滿。	He's dissatisfied with the result.
不滿	顧客對服務不滿,所以向櫃台提出了意見。	The customer was unhappy with the service and complained at the counter.
什麼樣	你喜歡什麼樣的音樂?	What kind of music do you like?
什麼樣	你想找什麼樣的工作?薪水和時間哪個比較重要?	What kind of job do you want? Which matters more, pay or hours?
俄	俄而下起大雨。	Suddenly it began to pour.
俄	我們才走到半路,俄而烏雲密布,雷聲大作。	We were only halfway when dark clouds suddenly gathered and thunder rumbled.
傷	他手受傷了。	His hand got hurt.
傷	昨天打籃球時,我不小心傷到了腳踝。	I accidentally hurt my ankle playing basketball yesterday.
公	這裡是公家的場地。	This is a public venue.
公	公私要分明,不能把公司的資源拿來做私事。	Keep public and private separate; don't use company resources for personal matters.
利潤	這家店利潤很高。	This shop has high profits.
利潤	去年公司的利潤成長了一成,老闆決定發年終獎金。	Last year's profits grew ten percent, so the boss decided to give year-end bonuses.
十	我有十本書。	I have ten books.
十	十月的台灣天氣很舒服,很適合去爬山。	Taiwan's weather in October is pleasant, great for hiking.
可見	地上都是水,可見剛下過雨。	The ground is wet, so it must have just rained.
可見	他每天都最早到公司,可見他對這份工作有多認真。	He's always first to arrive, which shows how serious he is about this job.
咖啡	我想喝咖啡。	I want to drink coffee.
咖啡	我每天早上都會去巷口的咖啡店買一杯拿鐵。	Every morning I buy a latte at the coffee shop at the end of the alley.
嚇	你嚇到我了!	You scared me!
嚇	半夜突然聽到敲門聲,我嚇得不敢出聲。	I suddenly heard knocking at midnight and was too scared to make a sound.
地鐵	他在倫敦搭地鐵。	He takes the subway in London.
地鐵	我在巴黎搭地鐵時,差點被月台上的人群擠進車廂。	When I took the Paris metro, the crowd on the platform nearly pushed me onto the train.
夫人	夫人請坐。	Madam, please have a seat.
夫人	王先生今天帶著夫人出席學校的畢業典禮。	Mr. Wang attended the school graduation ceremony with his wife today.
學科	你喜歡哪個學科?	Which subject do you like?
學科	這所大學的學科很齊全,從文學到工程都有。	This university offers a full range of subjects, from literature to engineering.
將來	你將來想做什麼?	What do you want to do in the future?
將來	我想趁年輕多存點錢,將來才有選擇的自由。	I want to save while young so I'll have freedom of choice later.
屁股	我的屁股好痛。	My butt really hurts.
屁股	他滑倒時屁股先著地,痛得半天站不起來。	He fell on his butt and was in too much pain to stand for a while.
建成	這座橋明年建成。	This bridge will be completed next year.
建成	這棟大樓從動工到建成,一共花了三年。	This building took three years from groundbreaking to completion.
循環	血液在身體裡循環。	Blood circulates in the body.
循環	垃圾分類能讓資源循環使用,減少浪費。	Sorting trash lets resources be reused in a cycle and cuts waste.
情報	他在收集情報。	He's gathering intelligence.
情報	記者靠著線民提供的情報,找到了那間非法工廠。	Relying on a tipster's information, the reporter found the illegal factory.
懷孕	她懷孕了。	She's pregnant.
懷孕	我姐姐懷孕七個月了,最近走路都要慢慢走。	My sister is seven months pregnant and has to walk slowly these days.
托	他用手托著下巴。	He rests his chin on his hand.
托	這件行李太大,我們只好托運,不能帶上飛機。	This bag is too big, so we have to check it in instead of carrying it on.
搜索	警察正在搜索。	The police are searching.
搜索	你可以在手機上搜索附近的餐廳,再看看網友的評價。	You can search for nearby restaurants on your phone and read user reviews.
日期	請填寫日期。	Please fill in the date.
日期	這罐牛奶的有效日期是下個月十號,記得趕快喝。	This milk expires on the tenth of next month, so drink it soon.
朝	清朝是最後一個朝代。	The Qing was the last dynasty.
朝	她朝我揮揮手,然後轉身走進了校門。	She waved at me, then turned and walked through the school gate.
模型	他在做飛機模型。	He's making a model plane.
模型	弟弟花了一整個週末,才把這個戰艦模型組好。	My little brother spent a whole weekend assembling this warship model.
此時	此時正是出發的好時機。	Now is the perfect time to set off.
此時	比賽進入最後一分鐘,此時全場觀眾都站了起來。	The match hit its last minute, and at that moment the whole crowd stood up.
河	河水很清。	The river water is clear.
河	我們沿著河邊騎腳踏車,看見很多人在釣魚。	We cycled along the river and saw many people fishing.
深刻	這件事讓我印象深刻。	This left a deep impression on me.
深刻	老師的一番話讓我有很深刻的體會,決定重新開始。	The teacher's words gave me a deep realization, and I decided to start over.
炸彈	警方拆除了炸彈。	The police defused the bomb.
炸彈	電影裡的主角必須在倒數十秒內剪斷線,拆除炸彈。	In the movie, the hero must cut the wire within a ten-second countdown to defuse the bomb.
現有	現有的座位不夠。	The existing seats aren't enough.
現有	請先使用現有的資源,不要再另外採購新設備。	Please use the existing resources first and don't buy new equipment.
當初	當初我不該答應。	I shouldn't have agreed back then.
當初	當初買這間房子的時候,附近還是一大片稻田。	When we bought this house, the area was still a wide expanse of rice paddies.
相似	我們的想法很相似。	Our ideas are very similar.
相似	這兩家店的菜單很相似,連價錢都差不多。	The menus at these two shops are similar, even the prices.
神秘	他是個神秘的人。	He's a mysterious person.
神秘	山裡有一座神秘的小廟,據說已經有兩百年歷史了。	There's a mysterious little temple in the mountains, said to be two hundred years old.
算是	他算是我的老朋友。	He counts as an old friend of mine.
算是	比起去年,今年的業績算是進步很多了。	Compared to last year, this year's performance has improved quite a bit.
緊急	這是緊急事件。	This is an emergency.
緊急	遇到緊急狀況,請立刻撥一一九求救。	In an emergency, please dial 119 for help right away.
聽見	我聽見你在唱歌。	I heard you singing.
聽見	半夜我聽見外面有貓在叫,打開窗戶卻什麼也沒看到。	At midnight I heard a cat outside, but saw nothing when I opened the window.
興奮	我好興奮喔!	I'm so excited!
興奮	明天就要去露營了,孩子們興奮得一整晚都睡不著。	Camping starts tomorrow, and the kids were too excited to sleep all night.
藥	我要吃藥了。	It's time for me to take my medicine.
藥	醫生開的藥一天吃三次,飯後再吃。	Take the medicine the doctor prescribed three times a day, after meals.
親	這是我的親姊姊。	This is my own older sister.
親	她跟爸媽很親,每天都會打電話回家聊聊。	She's close to her parents and calls home to chat every day.
試	我想試試看。	I want to give it a try.
試	這件衣服可以試穿嗎?我想去更衣室試一下。	Can I try this on? I'd like to go to the fitting room.
證實	消息已經被證實了。	The news has been confirmed.
證實	警方證實,昨晚的火災是電線走火引起的。	Police confirmed that last night's fire was caused by an electrical short.
賺錢	他很會賺錢。	He's good at making money.
賺錢	他一邊讀書一邊打工賺錢,想存錢去日本交換。	He studies and works part-time to earn money, hoping to save up for an exchange in Japan.
輕鬆	今天過得很輕鬆。	Today was relaxed.
輕鬆	工作做完了,我輕鬆地坐在沙發上看了一部電影。	With work done, I relaxed on the sofa and watched a movie.
逮捕	警察逮捕了小偷。	The police arrested the thief.
逮捕	嫌犯在機場被逮捕,現在已經被送往警局。	The suspect was arrested at the airport and has been taken to the police station.
重建	他們在重建房子。	They're rebuilding the house.
重建	地震後,居民和志工一起努力重建被震垮的社區。	After the earthquake, residents and volunteers worked together to rebuild the collapsed neighborhood.
隨便	隨便坐吧。	Sit anywhere.
隨便	他回答得很隨便,一看就知道沒有認真準備。	He answered carelessly; it was clear he hadn't prepared seriously.
頭髮	我的頭髮好長。	My hair is so long.
頭髮	洗完頭髮後要吹乾,不然很容易感冒。	Dry your hair after washing it, or you'll catch a cold easily.
一同	我們一同出發。	We set out together.
一同	明天請各位同仁一同到會議室,聽聽新計畫的說明。	Tomorrow, please join together in the meeting room to hear about the new plan.
不然	快點,不然會遲到。	Hurry up, or we'll be late.
不然	你要是累了就先睡,不然明天會沒精神的。	If you're tired, go to bed first, or you'll be drained tomorrow.
主體	這個計畫以學生為主體。	This plan centers on students.
主體	這棟建築的主體已經完工,接下來要做室內裝潢。	The main structure of this building is done; next comes the interior decoration.
人群	人群慢慢散開了。	The crowd slowly dispersed.
人群	廣場上聚集了一大群人,大家都在等跨年煙火。	A large crowd gathered in the square, all waiting for the New Year's Eve fireworks.
伊	所謂伊人,在水一方。	The one I long for is somewhere across the water.
依法	我們依法繳稅。	We pay taxes according to law.
依法	店家若違反規定,政府將依法處罰,最高可罰十萬元。	If shops break the rules, the government will penalize them by law, up to 100,000 dollars.
個別	這只是個別的例子。	This is only an isolated example.
個別	老師會針對個別學生的狀況,安排不同的輔導時間。	The teacher arranges different tutoring times according to each student's situation.
內心	他內心很緊張。	He's very nervous inside.
內心	雖然她臉上在笑,內心其實難過得不得了。	Although she was smiling, she was actually terribly sad inside.
共享	室友共享一台洗衣機。	The roommates share one washing machine.
共享	現在很多人用共享的方式租車,不再自己買車。	Many people now rent cars through sharing services instead of buying their own.
分裂	細胞會分裂。	Cells divide.
分裂	因為意見不同,這個社團最後分裂成了兩個小團體。	Due to differing opinions, the club eventually split into two small groups.
到來	春天到來了。	Spring has arrived.
到來	大家都在期待暑假的到來。	Everyone is looking forward to the arrival of summer vacation.
劍	他拿著一把劍。	He is holding a sword.
劍	這部武俠電影裡,主角的劍法快得讓人看不清楚。	In this martial arts movie, the hero's swordplay is too fast to follow.
升	氣球升上天空。	The balloon rose into the sky.
升	他工作表現很好,今年終於升為部門主管。	He performed well at work and was finally promoted to department head this year.
取代	機器取代了人力。	Machines replaced manpower.
取代	很多人擔心人工智慧會取代自己的工作。	Many people worry that AI will replace their jobs.
各類	這裡有各類書籍。	There are all kinds of books here.
各類	書展現場有各類書籍和文具,吸引了許多家長和學生。	The book fair has all kinds of books and stationery, drawing many parents and students.
吻	他輕輕吻了她。	He kissed her gently.
吻	孩子睡著前,媽媽在他額頭上吻了一下。	Before the child fell asleep, his mom kissed his forehead.
商	我們去商場逛逛。	Let's browse the shopping mall.
商	這項產品是由台灣廠商研發的,下個月在各大商場開賣。	This product was developed by a Taiwanese manufacturer and goes on sale in major stores next month.
在內	房租和水電都包括在內。	Rent and utilities are all included.
在內	全班同學連我在內,一共有三十個人。	Including me, the class has thirty students in total.
基本上	基本上我同意。	Basically, I agree.
基本上	這份工作基本上不難,只是要有耐心,細心一點。	This job is basically not hard; you just need patience and care.
多種	這裡有多種口味。	There are many flavors here.
多種	這款手機有多種顏色可以選擇,我最喜歡藍色的。	This phone comes in multiple colors, and I like the blue one best.
大樓	這棟大樓很高。	This building is very tall.
大樓	我們公司在大樓的十二樓,搭電梯上去就到了。	Our company is on the twelfth floor of the building; take the elevator up.
失蹤	小狗失蹤了。	The puppy is missing.
失蹤	警方正在尋找一名失蹤三天的登山客。	Police are searching for a hiker who has been missing for three days.
客觀	請你客觀一點。	Please be objective.
客觀	新聞報導應該客觀,不能只講一方的說法。	News reports should be objective and not tell only one side.
封鎖	警方封鎖了現場。	Police sealed off the scene.
封鎖	因為道路坍方,山上的公路被封鎖了,車子暫時過不去。	Because of a landslide, the mountain road was closed and cars can't pass for now.
局長	局長正在開會。	The bureau chief is in a meeting.
局長	衛生局長呼籲民眾,天氣變冷後要多注意保暖。	The health bureau chief urged the public to keep warm as the weather turns cold.
工藝	這是傳統工藝。	This is a traditional craft.
工藝	這些竹編籃子全是老師傅用傳統工藝做出來的。	These bamboo baskets were all made by master craftsmen using traditional methods.
幹嘛	你在幹嘛?	What are you doing?
幹嘛	都這麼晚了,你還站在門口幹嘛?	It's so late; what are you still doing standing at the door?
引	這首歌引起了我的回憶。	This song brought back memories.
引	老師引用了一句名言,讓全班同學都很有感觸。	The teacher quoted a famous saying, which moved the whole class.
待遇	這份工作待遇不錯。	This job has decent pay and benefits.
待遇	這家公司的待遇很好,除了薪水,還有年終獎金和健康檢查。	This company treats staff well; besides salary, there are year-end bonuses and health checkups.
性別	請填寫性別。	Please fill in your gender.
性別	找工作時,不應該因為性別而受到不公平的對待。	No one should be treated unfairly because of gender when job hunting.
情感	他的情感很豐富。	He is very emotionally expressive.
情感	這首歌充滿了真摯的情感,很多人聽了都忍不住掉淚。	This song is full of sincere emotion, and many can't help tearing up.
戰役	這是一場重要戰役。	This is an important battle.
戰役	這場戰役持續了三個月,雙方都有很大的損失。	The campaign lasted three months, and both sides suffered heavy losses.
抗日	我們看了一部抗日電影。	We watched an anti-Japanese war movie.
抗日	這座紀念館介紹了抗日戰爭時期許多人的故事。	This memorial hall tells the stories of many people during the War of Resistance against Japan.
指標	這是重要的指標。	This is an important indicator.
指標	失業率是衡量經濟狀況的重要指標之一。	The unemployment rate is one important indicator of economic conditions.
摧毀	大火摧毀了房子。	The fire destroyed the house.
摧毀	這場強烈颱風摧毀了許多農田,農民損失慘重。	The strong typhoon destroyed many farms, causing farmers heavy losses.
支援	我們需要人力支援。	We need manpower support.
支援	其他縣市派出消防隊前來支援,一起撲滅山上的大火。	Fire crews from other counties came to help put out the mountain fire.
教練	教練叫我們集合。	The coach told us to gather.
教練	我們的游泳教練很嚴格,每天都要求大家多游兩圈。	Our swimming coach is strict and makes everyone swim two extra laps daily.
日前	他日前已經離職。	He resigned a few days ago.
日前	日前有民眾在網路上分享了一段貓咪過馬路的影片。	The other day someone shared a video online of a cat crossing the road.
最為	這是最為重要的事。	This is the most important thing.
最為	在所有科目裡,數學對我來說最為困難。	Of all the subjects, math is the hardest for me.
查看	請查看信箱。	Please check your mailbox.
查看	你可以用手機查看最新的班次時間,不用再跑去車站問。	You can check the latest schedule on your phone without going to the station to ask.
檢測	他去醫院做檢測。	He went to the hospital for a test.
檢測	這家工廠每天都要檢測水質,確保符合環保標準。	This factory tests its water quality daily to ensure it meets environmental standards.
毀	別毀了我的畫。	Don't ruin my painting.
毀	一場突如其來的大雨,毀掉了我們精心準備的戶外婚禮。	A sudden downpour ruined the outdoor wedding we had carefully prepared.
洗	我去洗手。	I'm going to wash my hands.
洗	洗完澡後,我習慣先喝一杯溫水,再去睡覺。	After showering, I like to drink a glass of warm water before bed.
演	她在戲裡演媽媽。	She plays the mother in the play.
演	他們社團明天要在校慶上演一齣短劇,大家都很期待。	Their club will perform a short play at the school anniversary tomorrow, and everyone's looking forward to it.
無限	這裡的飲料無限續杯。	Drinks here have unlimited refills.
無限	只要肯努力,每個人都有無限的可能。	As long as you work hard, everyone has unlimited possibilities.
獎勵	老師給了我獎勵。	The teacher gave me a reward.
獎勵	為了獎勵大家這個月的努力,老闆請全公司吃大餐。	To reward everyone's effort this month, the boss treated the whole company to a big meal.
生氣	我媽生氣了。	My mom got angry.
生氣	他每次被誤會都會生氣,但過一下子就沒事了。	He gets angry whenever he's misunderstood, but gets over it soon.
登陸	颱風快登陸了。	The typhoon is about to make landfall.
登陸	強烈颱風預計明天清晨從花蓮登陸,請民眾提前做好防颱準備。	The strong typhoon is expected to make landfall at Hualien tomorrow morning; please prepare in advance.
眾	眾人都笑了。	Everyone laughed.
眾	這位老師深受眾多學生的喜愛。	This teacher is loved by many students.
稅	我要繳稅。	I need to pay taxes.
稅	每年五月是報稅的時間,大家都要整理好收入資料。	May is tax-filing season each year, so everyone needs to organize their income records.
端	橋的另一端是公園。	The other end of the bridge is a park.
端	這條路的兩端都有紅綠燈,所以車速都不快。	There are traffic lights at both ends of this road, so cars don't go fast.
納入	這項費用已納入預算。	This expense is included in the budget.
納入	政府決定把這項新藥納入健保給付範圍。	The government decided to include this new drug in national health insurance coverage.
緻	這個蛋糕很精緻。	This cake is exquisite.
緻	這盒點心做得很細緻,連包裝都很有質感。	This box of sweets is finely made, and even the packaging feels high quality.
聊天	我們在聊天。	We're chatting.
聊天	吃完晚飯後,我喜歡跟朋友在線上聊天,放鬆一下。	After dinner, I like to chat online with friends to relax.
脫離	他脫離了危險。	He is out of danger.
脫離	經過一個星期的治療,病人終於脫離危險,可以轉到普通病房了。	After a week of treatment, the patient is finally out of danger and can move to a regular ward.
舞蹈	她喜歡舞蹈。	She likes dance.
舞蹈	學校的舞蹈社每年都會在校慶時表演,吸引了很多觀眾。	The school's dance club performs every anniversary and draws a big audience.
藍	天空好藍。	The sky is so blue.
藍	我最喜歡那件深藍色的外套,穿起來很好搭配。	I like that dark blue jacket most; it's easy to match.
被迫	他被迫離開。	He was forced to leave.
被迫	公司倒閉後,他被迫重新找工作。	After the company closed down, he was forced to look for a new job.
訴訟	這場訴訟拖了很久。	This lawsuit dragged on for a long time.
訴訟	雙方因為房子的問題進入訴訟,法院預計下個月開庭。	The two sides went to litigation over a house, and the court will open the hearing next month.
論文	我在寫論文。	I'm writing my thesis.
論文	我的論文已經交給教授,現在只能等他的意見。	I've handed my thesis to the professor and can only wait for his comments.
貨	貨已經到了。	The goods have arrived.
貨	過年前網購的人特別多,所以很多貨都要等好幾天。	Many people shop online before the New Year, so many orders take days to arrive.
趕緊	趕緊跑吧!	Hurry and run!
趕緊	要下雨了,大家趕緊把衣服收進來。	It's about to rain; quickly bring the laundry inside, everyone.
輸出	這台印表機只能輸出黑白。	This printer can only output in black and white.
輸出	台灣的半導體輸出到世界各地,對經濟非常重要。	Taiwan's semiconductors are exported worldwide, which is very important for the economy.
近日	近日將公布結果。	The results will be announced in the next few days.
近日	近日各地天氣不穩,請民眾外出時記得攜帶雨具。	The weather has been unstable lately, so please bring rain gear when going out.
進展	工作有進展了。	The work has made progress.
進展	專案這個星期有了很大的進展,下週就可以交給客戶。	The project made great progress this week and can be delivered to the client next week.
選民	選民排隊投票。	Voters line up to vote.
選民	候選人在市場上和選民握手,希望能得到更多支持。	The candidate shook hands with voters at the market, hoping for more support.
郡	這個郡的人口很少。	This county has a small population.
郡	我表哥搬到美國加州的一個郡,那裡的房價比較便宜。	My cousin moved to a county in California where house prices are cheaper.
鍾	他對咖啡情有獨鍾。	He has a special fondness for coffee.
鍾	我從小就鍾愛這首歌,現在還是常常聽。	I've loved this song since childhood and still listen to it often.
院	院子裡有一棵樹。	There's a tree in the yard.
院	奶奶家的院子很大,春天花開的時候特別好看。	Grandma's yard is big and especially pretty when flowers bloom in spring.
難過	我心裡很難過。	I feel very sad.
難過	聽到寵物過世的消息,她難過得一整天吃不下飯。	Hearing her pet had passed away, she was too sad to eat all day.
顧客	顧客越來越多。	There are more and more customers.
顧客	為了讓顧客滿意,這家店推出了免費的外送服務。	To satisfy customers, this shop launched a free delivery service.
魯	他做事太魯莽了。	He acts too rashly.
魯	別這麼魯莽,先想清楚再做決定。	Don't be so rash; think it through before deciding.
一道	我們一道去吧。	Let's go together.
一道	下班後,同事們約好一道去吃火鍋。	After work, the coworkers agreed to go have hot pot together.
世上	世上沒有完美的人。	There's no perfect person in the world.
世上	這世上最溫暖的事,就是有人在家等你。	The warmest thing in the world is having someone waiting for you at home.
京	明年我想去京都玩。	Next year I want to visit Kyoto.
京	我朋友在東京念書,他說那裡的物價比台北高很多。	My friend studies in Tokyo and says prices there are much higher than in Taipei.
任命	公司剛任命她為業務部經理。	The company just appointed her sales department manager.
任命	總統今天任命了新的部長,明天將正式就職。	The president appointed a new minister today, who takes office tomorrow.
保守	他的想法很保守。	His thinking is very conservative.
保守	我阿公的觀念比較保守,不太能接受新東西。	My grandpa is rather conservative and doesn't take well to new things.
傳媒	傳媒報導了這件事。	The media reported this.
傳媒	這次事件經過傳媒大篇幅報導,引起社會熱烈討論。	The incident got extensive media coverage and sparked heated public discussion.
全新	這是全新的手機。	This is a brand-new phone.
全新	我們搬進了全新的辦公室,空間比以前大很多。	We moved into a brand-new office with much more space than before.
其次	首先是品質,其次是價格。	Quality comes first, then price.
其次	選手機最重要的是電池,其次才是外型和價錢。	When choosing a phone, battery matters most, and only then looks and price.
初中	我爸爸初中畢業後就開始工作了。	My dad started working after finishing junior high.
創辦	他創辦了一家公司。	He founded a company.
創辦	這所學校是由一位退休老師創辦的,已經有三十年歷史。	This school was founded by a retired teacher and has thirty years of history.
包圍	警察包圍了房子。	The police surrounded the house.
包圍	山被濃霧包圍著,從遠處幾乎看不到山頂。	The mountain is wrapped in thick fog, and the summit is barely visible from afar.
原理	我不懂這個原理。	I don't understand this principle.
原理	老師用一個簡單的實驗,解釋了飛機能飛起來的原理。	The teacher used a simple experiment to explain how airplanes fly.
可能性	這個可能性很大。	This possibility is high.
可能性	專家說,明天下雨的可能性不高,可以安心辦活動。	Experts say rain tomorrow is unlikely, so the event can go ahead.
品	這家店賣的食品品質很好。	The food sold in this shop is of very good quality.
品	請把貴重物品放在置物櫃,不要留在座位上。	Please put valuables in the locker rather than leave them at your seat.
回顧	我們回顧一下今天。	Let's review today.
回顧	年底的時候,我喜歡回顧這一年發生的事,然後寫下來。	At year's end, I like to look back on what happened and write it down.
壟斷	他們壟斷了市場。	They monopolize the market.
壟斷	政府擔心少數幾家公司壟斷市場,所以修改了法規。	The government worried a few companies would monopolize the market and revised the rules.
大膽	你好大膽!	You're so bold!
大膽	她很大膽,第一次出國就自己一個人去背包旅行。	She's bold; on her first trip abroad she went backpacking alone.
女朋友	他有女朋友了。	He has a girlfriend now.
女朋友	我跟女朋友約好週末一起去看展覽。	My girlfriend and I plan to go to an exhibition together this weekend.
季	冬季比較冷。	Winter is colder.
季	每年颱風季,學校都會提醒學生注意安全。	Every typhoon season, schools remind students to stay safe.
密切	他們關係很密切。	They have a close relationship.
密切	氣象局正在密切觀察颱風的動向。	The weather bureau is closely monitoring the typhoon's movement.
局勢	局勢很緊張。	The situation is tense.
局勢	新聞說那個地區的局勢越來越不穩定,很多人選擇離開。	The news says the situation there is increasingly unstable, and many are choosing to leave.
差別	這兩個有什麼差別?	What's the difference between these two?
差別	這兩支手機的差別只有顏色,功能完全一樣。	The only difference between these two phones is color; the functions are identical.
度過	我們度過了愉快的一天。	We spent a pleasant day.
度過	她在鄉下的外婆家度過了一個很難忘的暑假。	She spent an unforgettable summer vacation at her grandma's house in the countryside.
後期	影片已經進入後期製作。	The video has entered post-production.
後期	這位畫家的後期作品,顏色比早期的更鮮豔大膽。	This painter's later works use bolder, more vivid colors than his early ones.
悲劇	這是一場悲劇。	This is a tragedy.
悲劇	這齣悲劇的結局讓全場的觀眾都哭了。	The ending of this tragedy made the entire audience cry.
手法	他的手法很特別。	His technique is very unusual.
手法	這位作家用幽默的手法,寫出了一個很沉重的故事。	This writer used a humorous approach to tell a very heavy story.
抓住	抓住我的手!	Grab my hand!
抓住	警察抓住了小偷,他想跑也來不及了。	The police caught the thief; it was too late for him to run.
授予	大學授予她博士學位。	The university conferred a doctorate on her.
授予	市長今天授予這位醫師一枚獎章,感謝他多年來的貢獻。	The mayor awarded this doctor a medal today for his years of contribution.
插	把插頭插上。	Plug it in.
插	他把一朵花插在花瓶裡,房間馬上變得很漂亮。	He put a flower in the vase and the room instantly looked lovely.
故意	他是故意的。	He did it on purpose.
故意	對不起,我不是故意踩到你的腳的。	Sorry, I didn't step on your foot on purpose.
旅客	旅客請注意。	Attention, passengers.
旅客	假日時,火車站總是擠滿了拿著行李的旅客。	On holidays the train station is always packed with travelers carrying luggage.
晚安	晚安,明天見。	Good night, see you tomorrow.
晚安	我媽每天晚上都會傳一則「晚安」的訊息給我。	My mom sends me a "good night" message every evening.
期望	我對你有很高的期望。	I have high expectations of you.
期望	父母的期望有時候會變成孩子的壓力。	Parents' expectations sometimes become pressure for the child.
案例	這是一個成功案例。	This is a successful case.
案例	老師舉了幾個真實案例,讓我們了解詐騙是怎麼發生的。	The teacher gave real cases so we'd understand how scams happen.
歐元	一歐元多少台幣?	How many Taiwan dollars is one euro?
歐元	我去歐洲旅行前,先把台幣換成了一些歐元。	Before traveling to Europe, I exchanged some Taiwan dollars into euros.
殺死	我用拍子殺死了一隻蚊子。	I killed a mosquito with a swatter.
殺死	噴這種藥可以殺死家裡的蟑螂和螞蟻。	Spraying this kills the cockroaches and ants at home.
河流	這條河流很長。	This river is very long.
河流	台灣的河流大多很短,下大雨時水流得特別快。	Most of Taiwan's rivers are short, and the water rushes especially fast in heavy rain.
游泳	我喜歡游泳。	I like swimming.
游泳	夏天的時候,我常和朋友一起去游泳池游泳。	In summer I often go swimming at the pool with friends.
災難	颱風帶來了災難。	The typhoon brought disaster.
災難	這場水災對當地居民來說是一場嚴重的災難。	This flood was a serious disaster for the local residents.
牌	他在門口掛了一塊牌子。	He hung a sign at the door.
牌	這個品牌的運動鞋很受年輕人歡迎。	This brand's sneakers are popular with young people.
玻璃	玻璃杯破了。	The glass cup broke.
玻璃	不小心打破了窗戶的玻璃,我趕快向房東道歉。	I accidentally broke the window glass and quickly apologized to the landlord.
男朋友	她男朋友很帥。	Her boyfriend is handsome.
男朋友	我男朋友下班後會來接我,然後一起去吃晚餐。	My boyfriend will pick me up after work and we'll have dinner together.
發放	公司今天發放獎金。	The company is paying out bonuses today.
發放	政府下個月會發放消費券,每人可以領到三千元。	The government will distribute spending vouchers next month, 3,000 dollars per person.
監	老師在教室裡監考。	The teacher is proctoring the exam in the classroom.
監	那名嫌犯因為詐欺被判刑,現在關在監獄裡。	The suspect was sentenced for fraud and is now in prison.
石頭	路上有一塊大石頭。	There's a big rock on the road.
石頭	小朋友在河邊撿了很多漂亮的石頭,帶回家當收藏。	The kids picked up many pretty stones by the river to keep as a collection.
秀	她的字寫得很秀氣。	Her handwriting is delicate and neat.
秀	他在朋友面前秀了一手好廚藝,大家都鼓掌叫好。	He showed off his cooking skills in front of friends, and everyone cheered.
策劃	她負責策劃活動。	She is in charge of planning the event.
策劃	這次校慶是由學生會一手策劃的,從節目到布置都很用心。	The school anniversary was planned entirely by the student council, thoughtfully from the shows to the decorations.
精	他今天精神很好。	He's in good spirits today.
精	這是一場很精采的比賽,我們看得很過癮。	It was a wonderful match, and we really enjoyed watching it.
絕不	我絕不放棄。	I will never give up.
絕不	他保證絕不再遲到,所以老闆才原諒他。	He promised never to be late again, so the boss forgave him.
編制	這個部門的編制只有十個人。	This department's headcount is only ten.
編制	政府為了明年的預算,正在重新編制各部門的人力。	For next year's budget, the government is reorganizing the staffing of each department.
翻	他翻開了書。	He opened the book.
翻	我把包包整個翻過來,還是找不到鑰匙。	I turned my bag completely inside out and still couldn't find my keys.
自稱	他自稱是醫生。	He claims to be a doctor.
自稱	有個陌生人自稱是銀行員,打電話來要我的密碼,我直接掛掉。	A stranger claiming to be a bank clerk called asking for my password, so I just hung up.
莫	莫急,慢慢來。	Don't rush, take your time.
莫	他說了一堆話,我聽得莫名其妙,不知道重點是什麼。	He said a lot and I was totally confused about the point.
行政區劃	台灣的行政區劃分為縣市。	Taiwan's administrative divisions are counties and cities.
行政區劃	政府正在討論是否要調整行政區劃,把兩個鄉鎮合併成一個。	The government is discussing whether to adjust administrative divisions and merge two townships.
訊	請你回我的訊息。	Please reply to my message.
訊	網路上的資訊太多,不是每一則都值得相信。	There's too much information online, and not every piece deserves belief.
誌	我訂了一本雜誌。	I subscribed to a magazine.
誌	他在日誌裡記下每天的心情,已經寫了三年。	He records his daily mood in a journal and has done so for three years.
變態	蝌蚪會變態成青蛙。	Tadpoles metamorphose into frogs.
變態	有個變態一直跟蹤她,她嚇得立刻報警。	A pervert kept following her, and she was so scared she called the police right away.
資	資料我已經寄給你了。	I've already sent you the materials.
資	他想創業,所以正在到處找資金。	He wants to start a business, so he's looking for funding everywhere.
足	我們今天去踢足球。	We're going to play soccer today.
足	這筆錢足夠我們吃一個月了。	This money is enough to feed us for a month.
近年來	近年來夏天越來越熱。	Summers have been getting hotter in recent years.
近年來	近年來,越來越多台灣人選擇到日本和韓國旅遊。	In recent years, more and more Taiwanese choose to travel to Japan and Korea.
通報	請立刻通報警察。	Please notify the police immediately.
通報	發現可疑的包裹,請立刻通報警方,不要自己打開。	If you find a suspicious package, report it to the police at once and don't open it yourself.
選出	我們選出了班長。	We elected a class president.
選出	全校同學投票選出了最受歡迎的老師。	The whole school voted to pick the most popular teacher.
鏈	腳踏車的鏈條掉了。	The bicycle chain came off.
鏈	受到疫情影響,全球的供應鏈出現了問題。	Because of the pandemic, global supply chains ran into problems.
隱藏	他隱藏了真正的想法。	He hid his real thoughts.
隱藏	這個遊戲裡有一個隱藏關卡,要找到特別的道具才能進去。	This game has a hidden level you can enter only by finding a special item.
響	手機響了。	The phone rang.
響	半夜鬧鐘突然響了起來,把全家人都吵醒了。	The alarm suddenly rang at midnight and woke the whole family.
飯店	我們住在飯店。	We're staying at a hotel.
飯店	這間飯店離車站很近,而且早餐的種類很多。	This hotel is close to the station and has a wide variety of breakfast options.
高等	這是高等教育的課程。	This is a higher education course.
高等	高等教育的學費逐年提高,很多學生只好申請助學貸款。	Tuition for higher education rises every year, so many students have to take out loans.
一聲	「媽」是一聲。	"Ma" (mother) is the first tone.
一聲	這個字要念一聲,不是二聲,你再念一次。	This character is first tone, not second; say it again.
不僅僅	不僅僅是錢的問題。	It's not just a matter of money.
不僅僅	讀書不僅僅是為了考試,更是為了培養思考的能力。	Studying isn't just for exams but also for developing the ability to think.
不願	他不願面對現實。	He's unwilling to face reality.
不願	媽媽身體不舒服,卻不願去看醫生。	Mom isn't feeling well but is unwilling to see a doctor.
交往	他們交往三年了。	They've been together for three years.
交往	跟人交往時,誠實比什麼都重要。	In dealing with people, honesty matters more than anything.
低於	溫度低於十度。	The temperature is below ten degrees.
低於	氣溫低於十度時,氣象局會發布低溫特報。	When the temperature drops below ten degrees, the weather bureau issues a cold advisory.
信用	他的信用很好。	He has good credit.
信用	這家店從不亂漲價,所以累積了很好的信用。	This shop never hikes prices unfairly, so it has built up great trust.
做愛	這部電影有做愛的畫面,所以被列為限制級。	This movie has a love-making scene, so it's rated restricted.
全省	全省都在下雨。	It's raining across the whole island.
全省	這個品牌在全省都有分店,不管走到哪裡都找得到。	This brand has branches island-wide, so you can find one anywhere.
出身	他出身貧窮。	He comes from a poor background.
出身	她雖然出身普通家庭,但靠自己的努力考上了醫學院。	Although she's from an ordinary family, she got into medical school by her own effort.
前線	護理師在疫情前線工作。	Nurses work on the front line of the epidemic.
前線	新聞記者冒著危險,到戰爭前線採訪當地的情況。	Reporters risked danger to go to the war's front line and cover the local situation.
功夫	這道菜很費功夫。	This dish takes a lot of effort.
功夫	要把中文說好,得花不少功夫。	To speak good Chinese, you have to put in quite some effort.
印	請在這裡蓋印。	Please stamp your seal here.
印	我把報告印出來,等一下拿給老闆簽名。	I printed out the report to give to the boss for signing later.
古典	我喜歡古典音樂。	I like classical music.
古典	這間咖啡店的裝潢走古典風格,讓人覺得很優雅。	This café is decorated in a classical style, which feels very elegant.
同年	他們同年出生。	They were born in the same year.
同年	我跟我表哥同年,只是他比我早幾個月出生。	My cousin and I are the same age; he was just born a few months earlier.
吸	請深深吸一口氣。	Please take a deep breath in.
吸	他用吸管吸了一大口珍珠奶茶。	He took a big sip of bubble tea through the straw.
唐	唐朝的詩很有名。	Tang dynasty poetry is famous.
唐	他居然說自己十分鐘就能跑完馬拉松,這個想法太荒唐了。	He claimed he could run a marathon in ten minutes, which is absurd.
回頭	他回頭看了一下。	He glanced back.
回頭	我現在在忙,回頭再打給你好嗎?	I'm busy right now; can I call you back later?
埃	埃及有金字塔。	Egypt has pyramids.
埃	他在沙漠裡走了好幾天,衣服上滿是塵埃。	He walked in the desert for days, and his clothes were covered in dust.
場合	這個場合要穿西裝。	You need a suit for this occasion.
場合	在正式場合,請盡量不要穿拖鞋。	On formal occasions, please avoid wearing slippers.
大力	政府大力推動綠能。	The government is vigorously promoting green energy.
大力	市政府大力推廣垃圾分類,還送給大家環保袋。	The city government is strongly promoting waste sorting and even gives out eco bags.
太太	王太太在家嗎?	Is Mrs. Wang home?
太太	陳太太每天早上都會帶著小狗到公園散步。	Mrs. Chen takes her little dog for a walk in the park every morning.
始	比賽開始了。	The game has started.
始	他始終相信自己一定做得到。	He always believed he could do it.
季節	秋天是我最愛的季節。	Autumn is my favorite season.
季節	換季節的時候,天氣變化大,很多人容易過敏。	When seasons change, the weather shifts a lot and many people get allergies.
家鄉	我想念我的家鄉。	I miss my hometown.
家鄉	每次回家鄉,媽媽都會煮我最愛吃的菜。	Every time I go back to my hometown, mom cooks my favorite dishes.
封建	那是封建社會。	That was a feudal society.
封建	古代的封建制度,讓人民的身分差別很大。	The ancient feudal system made status differences among people very large.
小時候	我小時候很皮。	I was naughty as a kid.
小時候	小時候,每到暑假我都會去阿嬤家,幫她餵雞。	As a kid, I went to grandma's every summer break to help feed her chickens.
屬性	每個角色都有不同的屬性。	Every character has different attributes.
屬性	在這個遊戲裡,每個角色都有不同的屬性,例如速度和力量。	In this game, each character has different attributes, such as speed and strength.
帶有	這首歌帶有懷舊的味道。	This song has a nostalgic feel.
帶有	這道菜帶有淡淡的檸檬香,吃起來很清爽。	This dish has a light lemon scent and tastes refreshing.
平方千米	這座公園佔地兩平方千米。	This park covers two square kilometers.
平方千米	這座國家公園的面積有一百多平方千米,走一天也走不完。	This national park covers over a hundred square kilometers; you can't finish it in a day.
強姦	那名男子因強姦罪被判刑十年。	The man was sentenced to ten years for rape.
從不	他從不遲到。	He is never late.
從不	我媽從不亂花錢,每一筆開銷都會記帳。	My mom never wastes money and records every expense.
惹	別惹我生氣。	Don't make me angry.
惹	那隻狗很兇,你最好不要去惹牠。	That dog is fierce, so you'd better not provoke it.
成年	他已經成年了。	He is already an adult.
成年	在台灣,年滿十八歲就算成年,可以自己簽契約。	In Taiwan, you're an adult at eighteen and can sign contracts yourself.
手續	辦手續要帶證件。	Bring your ID to do the paperwork.
手續	入住飯店的手續很簡單,只要出示護照就可以了。	Hotel check-in is simple; just show your passport.
披露	公司披露了財報。	The company disclosed its financial report.
披露	這位明星在節目上披露了自己小時候的辛苦經歷。	The star revealed on the show the hardships of her childhood.
拿出	請拿出課本。	Please take out your textbook.
拿出	他從口袋裡拿出一張皺巴巴的收據,交給櫃台小姐。	He took a crumpled receipt from his pocket and handed it to the cashier.
控股	他們公司控股一家銀行。	Their company holds a controlling stake in a bank.
控股	這家投資公司控股了好幾間餐廳,生意越做越大。	This investment firm holds controlling shares in several restaurants, and the business keeps growing.
擬	公司擬增設分店。	The company plans to open more branches.
擬	市政府擬於下個月公布新的交通管制辦法,目前正在徵求意見。	The city government plans to announce new traffic control measures next month and is now seeking opinions.
教材	這是新的教材。	This is the new teaching material.
教材	老師自己編了一套教材,用有趣的故事來教小朋友認字。	The teacher compiled her own materials, teaching kids characters through fun stories.
旅館	我們訂了一間旅館。	We booked a hotel.
旅館	這間小旅館雖然舊了點,但是老闆很親切,房間也很乾淨。	This small inn is a bit old, but the owner is friendly and the rooms are clean.
暨	校慶暨園遊會下週舉行。	The anniversary and fair will be held next week.
暨	本校將舉行五十週年校慶暨校友返校日,歡迎校友回來參加。	Our school will hold its fiftieth anniversary and alumni homecoming day; alumni are welcome.
月底	月底我要出國。	I'm going abroad at the end of the month.
月底	房租要在月底前繳,不然房東會打電話來提醒。	Rent is due before month's end, or the landlord will call to remind me.
服務器	這台服務器昨晚突然當機了。	This server suddenly crashed last night.
果	樹上結滿了果子。	The tree is full of fruit.
果	凡事有因就有果,你現在偷懶,以後就會後悔。	Everything has cause and effect; if you slack off now, you'll regret it later.
樂隊	他加入了樂隊。	He joined the band.
樂隊	學校的樂隊正在操場上練習,鼓聲傳得很遠。	The school band is practicing on the field, and the drumbeats carry far.
欺騙	不要欺騙我。	Don't deceive me.
欺騙	那個詐騙集團欺騙了很多老人,騙走他們的積蓄。	That scam ring cheated many elderly people out of their savings.
母	母雞下了一顆蛋。	The hen laid an egg.
母	我的母語是閩南語,但是我在家也常說國語。	My mother tongue is Taiwanese, but I also often speak Mandarin at home.
江	長江是中國最長的河流。	The Yangtze is China's longest river.
江	我們在江邊散步,看著對岸的燈光一盞一盞亮起來。	We strolled by the river and watched the lights across the bank come on one by one.
法令	新法令已經公布。	The new decree has been published.
法令	根據新法令,餐廳內全面禁止吸菸。	Under the new regulation, smoking is completely banned inside restaurants.
浪漫	這裡好浪漫。	It's so romantic here.
浪漫	他在海邊準備了蠟燭和花,想給女朋友一個浪漫的驚喜。	He set up candles and flowers by the sea to give his girlfriend a romantic surprise.
清潔	房間要保持清潔。	Keep the room clean.
清潔	每天早上,清潔人員都會把街道打掃得乾乾淨淨。	Every morning, the cleaning staff sweep the streets spotless.
演變	事情演變成這樣。	Things developed into this.
演變	語言會隨著時間不斷演變,現在的用語跟五十年前已經不同了。	Language keeps evolving with time; today's expressions differ from fifty years ago.
瀏覽	我在瀏覽網站。	I'm browsing a website.
瀏覽	我習慣睡前瀏覽一下新聞,看看今天發生了什麼事。	I like to skim the news before bed to see what happened today.
無論如何	無論如何都要去。	I have to go no matter what.
無論如何	無論如何,明天的報告一定要準時交,不能再拖了。	In any case, tomorrow's report must be in on time; no more delays.
燃燒	蠟燭在燃燒。	The candle is burning.
燃燒	營火燃燒了一整晚,大家圍著火堆唱歌聊天。	The campfire burned all night, and everyone sang and chatted around it.
物流	這家公司做物流。	This company does logistics.
物流	網購越來越方便,多虧了台灣發達的物流系統。	Online shopping keeps getting easier thanks to Taiwan's well-developed logistics.
獲獎	他獲獎了!	He won an award!
獲獎	這部紀錄片在國際影展上獲獎,讓更多人認識了台灣的故事。	This documentary won an award at an international film festival, letting more people know Taiwan's stories.
產值	產值逐年增加。	Output value rises year by year.
產值	半導體產業的產值,占了台灣出口總額的很大一部分。	The semiconductor industry's output makes up a large part of Taiwan's total exports.
異	兩種做法大同小異。	The two methods are much the same.
異	機器突然出現異常聲音,工人趕緊把電源關掉。	The machine made an unusual sound, so the workers quickly cut the power.
癌症	他得了癌症。	He has cancer.
癌症	定期健康檢查可以幫助早期發現癌症,提高治療的機會。	Regular health checkups help detect cancer early and improve chances of treatment.
盜	他的錢包被人盜走了。	His wallet was stolen.
盜	網路上有很多盜版的影片,請大家不要下載。	There are many pirated videos online; please don't download them.
看待	你怎麼看待這件事?	How do you view this matter?
看待	每個人看待問題的角度不同,所以才會有不同的意見。	Everyone views problems from a different angle, hence different opinions.
研製	他們研製新藥。	They are developing a new drug.
研製	這間實驗室成功研製出一種便宜又有效的疫苗。	This lab successfully developed a cheap and effective vaccine.
神奇	這個魔術真神奇。	This magic trick is amazing.
神奇	他說只要吃了這種草藥,病就會好,聽起來有點太神奇了。	He says this herb cures the illness, which sounds a bit too miraculous.
稍	請稍等一下。	Please wait a moment.
稍	這件外套稍微有點大,可以換小一號的嗎?	This jacket is slightly big; can I swap for one size smaller?
符號	這是什麼符號?	What's this symbol?
符號	數學課本裡有很多符號,剛開始看會覺得很難記。	Math textbooks have many symbols, hard to remember at first.
約定	我們有約定。	We have an agreement.
約定	我們約定好每個星期天晚上打電話給阿嬤,陪她聊天。	We agreed to call grandma every Sunday evening to chat with her.
絕望	他感到很絕望。	He feels desperate.
絕望	找了三個月的工作都沒結果,他開始感到絕望。	After three months of job hunting with no result, he began to feel hopeless.
總人口	總人口在減少。	The total population is decreasing.
總人口	台灣的總人口大約是兩千三百萬,其中有不少是老年人。	Taiwan's total population is about 23 million, with many elderly people.
罪行	他承認了罪行。	He admitted his crime.
罪行	法官說,這名被告的罪行嚴重,必須接受懲罰。	The judge said the defendant's crime was serious and he must be punished.
耶	好好吃耶!	This is so yummy!
耶	你看,外面有彩虹耶!快點拿手機來拍。	Look, there's a rainbow outside! Quick, get your phone to take a picture.
胡	你不要胡說八道。	Don't talk nonsense.
胡	他喝醉後開始胡言亂語,大家都聽不懂他在說什麼。	After getting drunk he started babbling, and nobody understood him.
與此同時	與此同時,雨也停了。	Meanwhile, the rain stopped too.
與此同時	老闆在前面開會,與此同時,同事們在後面偷偷準備生日蛋糕。	While the boss was in a meeting up front, coworkers were secretly preparing a birthday cake in back.
花費	這趟旅行花費很大。	This trip costs a lot.
花費	裝潢一間小套房大概要花費三十萬,還要等兩個月。	Renovating a small studio costs roughly 300,000 and takes two months.
蘭	陽台上有一盆蘭花。	There's a pot of orchids on the balcony.
蘭	蘭花需要通風的環境,澆水太多反而會爛根。	Orchids need ventilation, and too much watering will rot the roots.
街上	街上很多人。	There are many people on the street.
街上	週末的晚上,街上到處都是逛街和吃宵夜的人。	On weekend nights, the streets are full of people shopping and eating late-night snacks.
親戚	過年時親戚都來了。	All the relatives came at the New Year.
親戚	我的親戚大多住在南部,只有過年才有機會見面。	Most of my relatives live in the south, and I only see them at New Year.
論述	他的論述很清楚。	His argument is very clear.
論述	這篇文章用很多數據來論述少子化會帶來的問題。	This article uses lots of data to discuss the problems a low birth rate brings.
議題	這是熱門議題。	This is a hot topic.
議題	環保已經成為這次選舉中大家最關心的議題之一。	Environmental protection has become one of the top issues in this election.
賠償	公司願意賠償。	The company is willing to compensate.
賠償	對方撞壞了我的機車,答應賠償修理費用。	The other party damaged my scooter and agreed to cover the repair costs.
起點	這是新的起點。	This is a new starting point.
起點	這條單車道的起點在河邊公園,終點是海邊。	This bike path starts at the riverside park and ends at the sea.
身為	身為學生,要認真讀書。	As a student, you should study hard.
身為	身為家中的老大,他從小就學會了照顧弟弟妹妹。	As the eldest at home, he learned to look after his siblings from a young age.
辯論	我們在辯論。	We're debating.
辯論	辯論比賽中,雙方同學都提出了很有說服力的論點。	In the debate competition, both sides raised very persuasive points.
通道	這條通道通往地下室。	This passage leads to the basement.
通道	請不要把行李放在通道上,以免擋住其他乘客。	Please don't leave luggage in the aisle, so you don't block other passengers.
遷	我們公司下個月要搬遷。	Our company is relocating next month.
遷	許多年輕人為了工作機會,從鄉下遷到大城市。	Many young people moved from the countryside to big cities for work.
醒	我醒了。	I'm awake.
醒	早上被鬧鐘叫醒後,我又賴床了十分鐘才起來。	After the alarm woke me up, I lingered in bed ten more minutes.
鎖	請把門鎖上。	Please lock the door.
鎖	我出門後才發現沒鎖好門,趕緊騎車回去檢查。	I realized after leaving that I hadn't locked the door properly, so I rode back to check.
間諜	他是個間諜。	He is a spy.
間諜	那部電影講的是一個間諜如何潛入敵人的總部。	That movie is about a spy infiltrating the enemy's headquarters.
陸軍	他在陸軍服役。	He serves in the army.
陸軍	我爸年輕時在陸軍服役,現在還保持早起運動的習慣。	My dad served in the army when young and still keeps the habit of exercising early.
難度	這題難度很高。	This question is very difficult.
難度	這個遊戲的難度可以自己調整,新手也能輕鬆上手。	The game's difficulty is adjustable, so even beginners can pick it up easily.
音	你的發音很標準。	Your pronunciation is very standard.
音	這個字的音和另一個字很像,所以很容易寫錯。	This character sounds like another one, so it's easy to write wrongly.
頻繁	他最近出差很頻繁。	He's been traveling for business frequently.
頻繁	最近地震頻繁發生,大家要在家裡準備好緊急用品。	Earthquakes have been frequent lately, so keep emergency supplies ready at home.
首席	她是首席小提琴手。	She is the principal violinist.
首席	這位首席設計師為公司設計了第一個商標。	This chief designer created the company's first logo.
體會	我很有體會。	I know it well from experience.
體會	直到自己當了爸爸,我才真正體會到父母的辛苦。	Only after becoming a father did I truly appreciate my parents' hardship.
麥	我早餐吃麥片。	I eat oatmeal for breakfast.
麥	這片田裡種滿了小麥,風一吹就像金色的海浪。	This field is full of wheat, which looks like golden waves in the wind.
一刻	現在三點一刻。	It's a quarter past three.
一刻	一刻也不能耽誤,醫護人員趕緊把病人送進手術室。	Not a moment could be wasted; the medical staff rushed the patient into surgery.
上演	這部電影下週上演。	This movie opens next week.
上演	劇團明晚將在文化中心上演一齣舞台劇,票價很便宜。	The troupe will stage a play at the cultural center tomorrow night, with cheap tickets.
不易	這件事不易做到。	This is not easy to accomplish.
不易	在大城市買房子很不易,年輕人得存好幾年的錢。	Buying a home in a big city is hard, and young people must save for years.
乘	乘客請依序上車。	Passengers, please board in order.
乘	他乘著暑假,一個人去環島旅行。	He took advantage of summer break to travel around the island alone.
人心	人心很難懂。	People's hearts are hard to read.
人心	這則新聞讓人心惶惶,大家都不敢隨便出門。	This news set people on edge, and nobody dared go out casually.
休閒	我喜歡休閒活動。	I like leisure activities.
休閒	週末我喜歡穿休閒服,到公園散步或和朋友聊天。	On weekends I like wearing casual clothes and walking in the park or chatting with friends.
便利	這裡交通很便利。	Transport is very convenient here.
便利	手機支付讓我們在買東西時更加便利,不用再帶錢包。	Mobile payment makes shopping more convenient; no need to carry a wallet.
偷偷	他偷偷笑了。	He laughed secretly.
偷偷	孩子偷偷把糖果藏在口袋裡,以為媽媽沒發現。	The child secretly hid candy in his pocket, thinking his mom hadn't noticed.
儲備	我們儲備了水。	We stocked up on water.
儲備	颱風來之前,大家都會儲備泡麵、飲用水和電池。	Before a typhoon, everyone stocks up on instant noodles, drinking water and batteries.
公交	我在北京每天搭公交上班。	In Beijing I take the public bus to work every day.
公交	那座城市的公交很方便,一張卡就可以通行。	That city's public transit is convenient; one card gets you everywhere.
冬季	冬季天氣很冷。	The weather is cold in winter.
冬季	冬季是火鍋店生意最好的時候,常常要排隊。	Winter is when hot pot restaurants do the best business, often with queues.
分成	把蛋糕分成四塊。	Cut the cake into four pieces.
分成	他把今年的獎金分成三份,一份存起來,一份孝敬爸媽。	He split this year's bonus in three, saving one part and giving one to his parents.
前期	前期準備很重要。	Early preparation is important.
前期	這個專案的前期規劃花了兩個月,後面進行得就很順利。	The early planning for this project took two months, so the rest went smoothly.
勞工	他是一名勞工。	He is a laborer.
勞工	政府修改法律,希望能保障勞工的基本權益。	The government amended the law to protect workers' basic rights.
十八	我今年十八歲。	I'm eighteen this year.
十八	滿十八歲就能投票,第一次投票的年輕人特別興奮。	You can vote at eighteen, and first-time young voters are especially excited.
參賽	他要參賽。	He will compete.
參賽	這次校際比賽,我們學校有二十位選手參賽。	Our school has twenty athletes in this inter-school competition.
含義	你知道這個手勢的含義嗎?	Do you know what this gesture means?
含義	這首詩的含義很深,老師講完我才懂。	This poem has a deep meaning; I only understood after the teacher explained.
商場	我們去商場吧。	Let's go to the mall.
商場	週末的商場總是人山人海,停車也要等很久。	The mall is always packed on weekends, and parking takes a long wait.
噢	噢,原來如此!	Oh, so that's how it is!
噢	噢,我想起來了,你上次說過你住在台中。	Oh, I remember now, you said you live in Taichung.
國旗	國旗在飄揚。	The national flag is fluttering.
國旗	運動會開幕時,選手們揮著國旗進場。	At the sports meet's opening, athletes entered waving the national flag.
在意	我不在意。	I don't mind.
在意	他很在意別人怎麼看他,所以每次出門都要打扮很久。	He cares about how others see him, so he spends long getting dressed before going out.
境	這裡的環境很安靜。	The environment here is very quiet.
境	遇到困境的時候,朋友的鼓勵讓我撐了過來。	When I hit hard times, my friends' encouragement got me through.
大國	這兩個大國正在談貿易。	These two major powers are negotiating trade.
大國	這兩個大國的領導人今天在會議上討論了貿易問題。	The leaders of these two major powers discussed trade at the meeting today.
女孩子	那個女孩子在畫畫。	That girl is drawing.
女孩子	現在的女孩子很獨立,不一定要靠別人照顧。	Girls today are independent and don't necessarily rely on others.
娜	她的舞姿婀娜多姿。	Her dancing is graceful and charming.
娜	那位舞者身形婀娜,吸引了全場的目光。	The dancer's graceful figure drew everyone's gaze.
孫子	他有三個孫子。	He has three grandsons.
孫子	阿公每次看到孫子放學回來,都會笑得很開心。	Grandpa smiles broadly every time his grandson comes home from school.
密	森林裡的樹長得很密。	The trees in the forest grow densely.
密	這份文件很機密,只有少數幾個人能看。	This document is confidential and only a few people can see it.
審理	法官正在審理這個案子。	The judge is hearing this case.
審理	這起官司已經審理了兩年,雙方還是沒有達成共識。	This lawsuit has been tried for two years and the two sides still haven't reached agreement.
對面	他坐在我對面。	He sits across from me.
對面	我家對面新開了一家早餐店,每天早上都有很多人排隊。	A new breakfast shop opened across from my home, with a line every morning.
川	我很想吃四川菜。	I really want Sichuan food.
川	山川美景讓我們這一趟旅行格外難忘。	The mountains and rivers made this trip especially memorable.
師傅	師傅,請問怎麼走?	Excuse me, sir, how do I get there?
師傅	計程車師傅很熱心,還主動幫我們把行李搬上車。	The taxi driver was kind and even helped load our luggage.
幼兒園	弟弟在上幼兒園。	My little brother is in kindergarten.
幼兒園	我的小孩下個月要上幼兒園了,我們正在準備書包和制服。	My child starts kindergarten next month, and we're preparing a schoolbag and uniform.
形狀	這個盤子的形狀很特別。	This plate has an unusual shape.
形狀	小朋友用黏土捏出各種形狀的動物,擺滿了整張桌子。	The kids shaped clay animals of all forms, covering the whole table.
復興	他們想復興傳統手藝。	They want to revive the traditional craft.
復興	政府推動計畫,希望讓逐漸消失的客語重新復興。	The government is promoting a plan to revive the fading Hakka language.
情人	情人節快到了。	Valentine's Day is coming.
情人	對許多情人來說,一起吃晚餐就是最浪漫的慶祝方式。	For many couples, dinner together is the most romantic way to celebrate.
愛好	我的愛好是爬山。	My hobby is hiking.
愛好	他有很多愛好,像是攝影、烹飪,還有收集老唱片。	He has many hobbies, like photography, cooking and collecting old records.
打倒	他一拳就把對手打倒了。	He knocked his opponent down with one punch.
打倒	革命時期,群眾高喊著要打倒獨裁者。	During the revolution, crowds shouted to bring down the dictator.
拍賣	這幅畫被拍賣了。	This painting was auctioned.
拍賣	這個週末有一場古董拍賣會,許多收藏家都會到場。	There's an antique auction this weekend, and many collectors will attend.
排隊	請排隊。	Please line up.
排隊	那家早餐店很有名,每天早上都有人排隊等著買。	That breakfast place is famous, and people queue up to buy every morning.
提問	有問題請提問。	Please ask if you have questions.
提問	演講結束後,主持人開放現場觀眾提問。	After the talk, the host opened the floor for audience questions.
擁抱	他擁抱了媽媽。	He hugged his mom.
擁抱	球賽結束後,隊友們互相擁抱,為這次勝利感到高興。	After the game, teammates hugged each other, happy about the win.
收回	我收回剛剛的話。	I take back what I just said.
收回	市政府決定收回這塊土地,準備蓋新的公園。	The city government decided to take back this land to build a new park.
教室	教室裡有三十個學生。	There are thirty students in the classroom.
教室	下課鐘聲一響,同學們就一起衝出了教室。	As soon as the bell rang, the students rushed out of the classroom together.
新建	這是新建的大樓。	This is a newly built building.
新建	附近新建了一座運動公園,有跑道和籃球場。	A new sports park was built nearby with a running track and basketball courts.
普	手機已經非常普及了。	Mobile phones are already very common.
普	這項服務很普遍,大部分的人都用過。	This service is widespread; most people have used it.
會計	她是會計。	She's an accountant.
會計	公司的會計每個月都要核對帳目,確保沒有錯誤。	The company's accountant checks the accounts every month to make sure there are no mistakes.
某人	某人偷吃了我的蛋糕。	Someone ate my cake.
某人	他在報告裡提到,某人曾經私下找過他談這件事。	He mentioned in the report that a certain person had privately approached him about this.
極度	他極度疲倦。	He is extremely tired.
極度	登山時氣候極度惡劣,最後我們只好中途下山。	The weather while climbing was extremely bad, so we had to turn back halfway.
模糊	照片很模糊。	The photo is blurry.
模糊	過了這麼多年,我對那天的記憶已經有點模糊了。	After so many years, my memory of that day has become a bit hazy.
武力	不能用武力解決問題。	Problems can't be solved by force.
武力	兩國決定不使用武力,而是透過談判解決爭端。	The two countries decided not to use force but to resolve the dispute by negotiation.
水泥	工人在鋪水泥。	Workers are laying cement.
水泥	這條路原本是泥土路,現在已經鋪上水泥了。	This road used to be dirt, but it's now paved with cement.
海關	我們要過海關。	We have to go through customs.
海關	入境時,海關人員會檢查你有沒有帶違禁品。	On entry, customs officers check whether you carry prohibited items.
清洗	我在清洗杯子。	I'm washing the cups.
清洗	這台冷氣的濾網要定期清洗,才不會有灰塵和異味。	The air conditioner's filter needs regular cleaning to avoid dust and odors.
演唱會	我買了演唱會的票。	I bought concert tickets.
演唱會	昨晚的演唱會很熱鬧,歌迷們從頭到尾都跟著大合唱。	Last night's concert was lively, with fans singing along from start to finish.
炮	這味藥材要經過炮製才能入藥。	This herb must be processed by roasting before it can be used as medicine.
炮	老中醫用火慢慢炮製藥材,讓藥性更溫和。	The old herbalist slowly roasts the herbs over fire to make them milder.
營運	今年餐廳的營運狀況不錯,老闆打算開第二家分店。	The restaurant is doing well this year, and the owner plans to open a second branch.
營運	公司營運良好。	The company operates well.
物體	那是不明物體。	That is an unidentified object.
物體	太空人發現遠方有一個發光的物體正快速移動。	The astronaut saw a glowing object moving quickly in the distance.
球迷	他是棒球球迷。	He is a baseball fan.
球迷	球迷們穿著隊服,在球場外大聲為自己支持的球隊加油。	Fans in team jerseys cheered loudly outside the stadium for their team.
番	請幫我切一顆番茄。	Please cut a tomato for me.
番	他把整道菜翻炒了一番,才加進調味料。	He stir-fried the whole dish for a while before adding the seasoning.
盈利	公司開始盈利了。	The company has started making a profit.
盈利	這家小店開了兩年,終於開始有盈利。	This little shop opened two years ago and is finally turning a profit.
真人	這不是玩偶,是真人。	It's not a doll; it's a real person.
真人	這個遊戲推出了真人版,演員的演技讓大家很驚喜。	The game got a live-action version, and the actors' performances surprised everyone.
碰到	我今天碰到老朋友。	I ran into an old friend today.
碰到	我在超商碰到小學同學,聊了一下才知道他也搬到這一區了。	I bumped into an elementary classmate at the convenience store and learned he moved to this area too.
空調	空調壞了,好熱。	The AC is broken; it's so hot.
空調	這間辦公室的空調系統剛換新的,不會再有怪味了。	The office's air-conditioning system was just replaced, so no more odd smells.
算了	算了,不要吵了。	Forget it, stop arguing.
算了	這件衣服太貴了,算了,我們去別家看看吧。	This outfit is too pricey; never mind, let's check other shops.
粉	我早餐吃了一碗米粉。	I had a bowl of rice noodles for breakfast.
粉	她用粉底和口紅化了淡妝,看起來很有精神。	She put on light makeup with foundation and lipstick and looked energetic.
紀律	學校很重視紀律。	The school values discipline.
紀律	軍隊最重視紀律,每個人都必須遵守規定。	The military values discipline most, and everyone must follow the rules.
線索	警方找到新線索。	The police found a new clue.
線索	偵探從地上的一根頭髮,找出了破案的重要線索。	The detective found an important clue from a single hair on the floor.
缺	我們球隊缺一個守門員。	Our team lacks a goalkeeper.
缺	這個月錢不夠,我一直缺錢,只好跟朋友借。	I've been short of money this month and had to borrow from a friend.
老頭	那個老頭很和藹。	That old man is kind.
老頭	巷口住著一位老頭,每天都坐在樹下下棋。	An old man lives at the alley's end and plays chess under the tree every day.
職員	他是公司的職員。	He is a company employee.
職員	銀行的職員正耐心地向老先生說明如何使用提款機。	The bank clerk patiently explained to the old man how to use the ATM.
臨床	他有豐富的臨床經驗。	He has rich clinical experience.
臨床	醫學系的學生要到醫院做臨床實習,學習怎麼照顧病人。	Medical students do clinical internships at hospitals to learn how to care for patients.
艘	海上有一艘船。	There's a ship at sea.
艘	港口停了好幾艘漁船,準備明天一早出海捕魚。	Several fishing boats are docked at the port, ready to sail tomorrow morning.
蘇丹	這個國家由蘇丹統治。	This country is ruled by a sultan.
蘇丹	故事裡,蘇丹決定出巨額獎金,尋找能解開謎題的人。	In the story, the sultan offers a huge reward to find someone who can solve the riddle.
裁決	法院作出了裁決。	The court made its ruling.
裁決	比賽結束後,裁判的裁決讓兩隊球員都感到不滿。	After the game, the referee's ruling left players on both teams unhappy.
親人	他想念遠方的親人。	He misses his relatives far away.
親人	在這個艱難的時刻,親人的支持給了她很大的力量。	In this hard time, the support of her family gave her great strength.
試點	這項政策先在北部試點。	This policy is piloted in the north first.
試點	市政府先在兩個行政區試點新的垃圾處理方式,效果不錯再推廣。	The city piloted a new waste-handling method in two districts and will expand if it works.
議	大家正在議論這件事。	Everyone is discussing this matter.
議	他提議大家一起出錢,買個禮物送給老師。	He suggested everyone chip in to buy a gift for the teacher.
贊同	我贊同你的看法。	I agree with your view.
贊同	大部分同學都贊同這個方案,所以最後順利通過了。	Most classmates approved of this proposal, so it passed smoothly.
轟炸	城市遭到轟炸。	The city was bombed.
轟炸	戰爭期間,許多城市遭到轟炸,居民被迫逃離家園。	During the war, many cities were bombed and residents were forced to flee.
連任	他成功連任了。	He was re-elected.
連任	市長在選舉中以高票連任,承諾會繼續改善交通。	The mayor was re-elected by a large margin and promised to keep improving traffic.
過濾	這台機器可以過濾水。	This machine can filter water.
過濾	咖啡要先用濾紙過濾,才不會喝到咖啡渣。	Coffee has to be filtered through paper so you won't get grounds.
鄉鎮	我家住在偏遠的鄉鎮。	My home is in a remote township.
鄉鎮	政府計畫在各鄉鎮增設圖書館,讓偏鄉孩子也有書可以看。	The government plans to add libraries in townships so rural kids have books to read.
錢包	我的錢包不見了。	My wallet is missing.
錢包	他把錢包放在口袋裡,卻在擁擠的人群中被扒走了。	He kept his wallet in his pocket but it was pickpocketed in the crowd.
開頭	這個故事的開頭很吸引人。	The beginning of this story is gripping.
開頭	作文的開頭要先吸引讀者,所以我花了很多時間想第一句話。	An essay's opening must hook the reader, so I spent a long time on the first sentence.
隨機	請隨機選一個。	Please pick one at random.
隨機	這個抽獎活動是隨機選出得獎者,每個人的機會都一樣。	This lottery picks winners at random, so everyone has the same chance.
露	太陽從雲後面露出來了。	The sun came out from behind the clouds.
露	他不想讓別人知道,但說話時還是不小心露出了緊張的表情。	He didn't want others to know, but still accidentally showed a nervous look while speaking.
領取	請到櫃台領取。	Please collect it at the counter.
領取	領取包裹的時候要帶身分證,不然店員不會把包裹給你。	Bring your ID to pick up the parcel, or the clerk won't hand it over.
騷	有人打電話騷擾他。	Someone is harassing him with phone calls.
騷	如果遇到性騷擾,請立刻向老師或警察求助。	If you encounter sexual harassment, seek help from a teacher or the police immediately.
一律	全部一律八折。	Everything is uniformly 20 percent off.
一律	為了公平,所有申請者一律要通過同樣的考試。	For fairness, all applicants must take the same exam.
上任	新局長下週上任。	The new bureau chief takes office next week.
上任	新市長上任後的第一件事,就是檢討大眾運輸的班次。	The new mayor's first act upon taking office was reviewing public transport schedules.
下班	我六點下班。	I get off work at six.
下班	下班後,我通常會去健身房運動一個小時再回家。	After work I usually work out at the gym for an hour before going home.
丑	馬戲團的小丑好好笑。	The circus clown is so funny.
丑	古人把凌晨一點到三點稱為丑時。	The ancients called one to three a.m. the hour of Chou.
主場	我們在主場比賽。	We're playing at home.
主場	這支球隊在主場很強,今年主場已經連贏十場了。	This team is strong at home, with ten straight home wins this year.
二十	我今年二十歲。	I'm twenty this year.
二十	二十歲那年,我第一次一個人搭飛機到國外念書。	At twenty, I flew abroad alone for the first time to study.
人質	歹徒挾持了人質。	The criminal took a hostage.
人質	警方和歹徒談判了好幾個小時,最後成功救出所有人質。	After hours of negotiation, police rescued all the hostages.
伸出	他伸出了手。	He stretched out his hand.
伸出	她從窗戶伸出頭,對樓下的朋友揮了揮手。	She stuck her head out the window and waved to a friend downstairs.
保密	這件事要保密。	Keep this matter secret.
保密	所有員工都簽了保密協議,不能對外透露公司的新計畫。	All employees signed a confidentiality agreement and cannot reveal the new plans.
健身	我每天去健身。	I work out every day.
健身	他下班後都去健身房健身,所以體力特別好。	He works out at the gym after work, so his stamina is great.
傳送	檔案傳送中。	The file is being transmitted.
傳送	這張照片太大,傳送了很久才成功。	This photo is too large and took a long time to send.
充	我的手機該充電了。	My phone needs charging.
充	他把一整個週末都用來充實自己,學了新的軟體。	He spent the whole weekend improving himself and learned new software.
全文	請閱讀全文。	Please read the full text.
全文	這篇報導的全文很長,我只讀了前面的重點。	The full article is long, so I only read the key points at the start.
公社	歷史課本介紹了人民公社。	The history textbook introduces the people's commune.
公社	那個年代的農民都住在公社裡,一起工作和吃飯。	In those days farmers lived in communes, working and eating together.
出名	他一夜之間出名了。	He became famous overnight.
出名	這家店的鹽酥雞很出名,每天都有很多人來買。	This shop's salt-and-pepper fried chicken is famous, with many buyers every day.
刊物	這是校內刊物。	This is a school publication.
刊物	學校每個月都會發行一份刊物,介紹各社團的活動。	The school issues a publication monthly introducing the clubs' activities.
利息	銀行給的利息很低。	The bank's interest is very low.
利息	提前還清房貸可以省下不少利息。	Paying off the mortgage early saves a lot of interest.
剩餘	剩餘的錢我先收起來。	I'll put away the remaining money.
剩餘	剩餘的食物請打包帶回家,不要浪費。	Please take leftover food home and don't waste it.
動漫	他很喜歡動漫。	He loves anime and manga.
動漫	每年夏天,台北都會舉辦動漫展,很多人還會打扮成角色。	Every summer Taipei holds an anime convention, and many people dress up as characters.
午餐	午餐吃什麼?	What's for lunch?
午餐	我們公司的午餐通常是訂便當,今天吃的是排骨飯。	Our company usually orders boxed lunches, and today it's pork chop rice.
原住民	他是原住民。	He is Indigenous.
原住民	台灣有十幾個原住民族,每個族群都有自己的語言和文化。	Taiwan has over a dozen Indigenous peoples, each with its own language and culture.
友	他是我的好友。	He is my good friend.
友	我們是在網路上認識的網友,後來真的見面了。	We met online as net friends and later met in person.
叢林	叢林裡有很多動物。	There are many animals in the jungle.
叢林	探險隊在叢林裡走了三天,終於找到了那座失落的古城。	The expedition walked three days in the jungle and finally found the lost ancient city.
各方	會議邀請各方代表參加。	The meeting invited representatives from all parties.
各方	為了解決問題,我們必須聽取各方的意見。	To solve the problem, we must listen to all sides.
告別	我們告別了朋友。	We said goodbye to our friends.
告別	畢業典禮上,同學們互相告別,約好以後要常聯絡。	At graduation, classmates said farewell and promised to keep in touch.
善良	她是個善良的人。	She is a kind person.
善良	善良的鄰居常常把多出來的菜分給大家。	Kind neighbors often share their extra vegetables with everyone.
嚴峻	情勢十分嚴峻。	The situation is very grim.
嚴峻	疫情期間,醫護人員面臨很嚴峻的挑戰。	During the epidemic, medical staff faced very severe challenges.
園區	這個園區很大。	This park zone is very big.
園區	科學園區裡有很多科技公司,上下班時間車子特別多。	The science park has many tech companies, with lots of cars at commuting times.
場地	場地已經訂好了。	The venue is booked.
場地	我們租下社區的場地辦生日派對,可以容納三十個人。	We rented the neighborhood venue for a birthday party, which holds thirty people.
壞事	他沒做過壞事。	He's never done anything bad.
壞事	別急著下結論,不然反而會壞事。	Don't rush to conclusions, or you'll ruin things.
夥	我們這一夥人很要好。	Our group is very close.
夥	有一夥小偷在附近出沒,大家要鎖好門窗。	A gang of thieves is around, so lock your doors and windows.
失控	車子失控了。	The car went out of control.
失控	他一生氣就情緒失控,忍不住大聲罵人。	When angry he loses control of his emotions and can't help yelling.
好運	祝你好運!	Good luck!
好運	考試前我媽給我一個護身符,希望能帶來好運。	Before the exam my mom gave me an amulet, hoping it would bring good luck.
守護	他守護著這個家。	He protects this home.
守護	志工們每天晚上巡邏社區,守護大家的安全。	Volunteers patrol the neighborhood every night to keep everyone safe.
家園	我們要保護自己的家園。	We must protect our homeland.
家園	颱風過後,大家一起清理街道,努力恢復美麗的家園。	After the typhoon, everyone cleaned the streets together to restore their beautiful home.
將近	現在將近十二點了。	It's almost twelve now.
將近	我等了將近兩個小時,公車才終於來了。	I waited nearly two hours before the bus finally came.
小小	這是一個小小的禮物。	This is a small gift.
小小	這個小小的錯誤,害我們整個專案晚了一天。	This tiny mistake delayed our whole project by a day.
尺度	尺度要拿捏好。	You have to get the balance right.
尺度	這部電影的尺度比較大,不太適合小孩子看。	This movie is quite explicit and isn't suitable for children.
己	嚴以律己,寬以待人。	Be strict with yourself and lenient with others.
己	不要只顧著利己,也要想想別人的感受。	Don't only think of your own benefit; consider others' feelings too.
平方米	這間房間大約十五平方米。	This room is about fifteen square meters.
平方米	這間套房的面積是二十平方米,放得下單人床和書桌。	This studio is twenty square meters and fits a single bed and a desk.
庫存	庫存不多了。	There isn't much stock left.
庫存	這款外套賣得太好,店裡的庫存已經全部賣完了。	This jacket sold so well that the shop's whole stock is gone.
強行	他強行打開門。	He forced the door open.
強行	警方強行進入屋內,才發現裡面已經沒有人了。	Police forced their way in, only to find nobody inside.
忍受	我再也不能忍受了。	I can't stand it anymore.
忍受	夏天沒有冷氣的房間實在太熱,讓人難以忍受。	A room without AC in summer is unbearably hot.
患	他患了重感冒。	He caught a bad cold.
患	他從小就患有氣喘,所以不能做太激烈的運動。	He's had asthma since childhood, so he can't do vigorous exercise.
感激	我很感激你。	I'm very grateful to you.
感激	在我最困難的時候,他伸出援手,我永遠感激他。	He helped me when things were hardest, and I'll always be grateful.
成交	好,成交!	Okay, deal!
成交	他們談了一個下午,房子終於以八百萬元成交。	After an afternoon of talks, the house finally sold for eight million dollars.
手槍	電影裡的壞人拿著手槍。	The villain in the movie holds a pistol.
手槍	警察發現嫌犯身上藏著一把手槍,馬上將他制伏。	Police found a pistol hidden on the suspect and subdued him at once.
承	他承認自己做錯了。	He admitted he was wrong.
承	這個專案由我們公司承辦,請放心交給我們。	Our company is handling this project, so leave it to us.
拿下	他拿下了第一名。	He took first place.
拿下	我們隊伍在決賽中拿下勝利,為學校爭取了榮譽。	Our team won the final and earned honor for the school.
捐款	我想捐款給育幼院。	I want to donate to the orphanage.
捐款	地震發生後,許多民眾主動捐款,幫助受災的家庭。	After the earthquake, many people donated on their own to help affected families.
採集	我們到山上採集植物。	We go up the mountain to collect plants.
採集	研究人員採集了河水樣本,帶回實驗室檢驗。	Researchers collected river water samples and took them to the lab for testing.
撤退	部隊開始撤退。	The troops began to retreat.
撤退	洪水來得太快,居民只好緊急撤退到高處。	The flood came too fast, so residents had to evacuate to higher ground.
擔當	他很有擔當。	He's responsible.
擔當	好的主管遇到問題時,會勇敢擔當,而不是把責任推給別人。	A good manager takes responsibility when problems arise instead of blaming others.
改良	這個配方改良過了。	This recipe has been improved.
改良	這家店改良了傳統配方,讓蛋糕吃起來沒那麼甜。	This shop improved the traditional recipe so the cake isn't so sweet.
敗	球隊以三比一敗給了對手。	The team lost to its opponent three to one.
敗	雖然這次考試失敗了,但我會從錯誤中學習。	I failed this exam, but I'll learn from my mistakes.
明明	他明明在家。	He's obviously at home.
明明	你明明說過要來的,怎麼現在又說不來了?	You clearly said you'd come; how come you're saying you won't now?
晚間	晚間有大雨。	There will be heavy rain this evening.
晚間	晚間新聞播報了颱風的最新動態,大家都圍在電視前。	The evening news reported the typhoon's latest, and everyone gathered around the TV.
書店	我去書店買書。	I'm going to the bookstore to buy books.
書店	這家獨立書店很有氣質,老闆還會推薦好書給客人。	This independent bookstore has real character, and the owner recommends good books.
服飾	她在服飾店工作。	She works at a clothing store.
服飾	夏天快到了,各大服飾品牌都開始推出新款。	Summer is coming, and major apparel brands are launching new styles.
東風	春天的東風很溫暖。	The spring east wind is warm.
東風	俗話說「萬事俱備,只欠東風」,現在就差最後一步了。	As the saying goes, "all is ready but the east wind"; only the last step is missing.
榮獲	這部電影榮獲最佳影片獎。	This film was honored with the Best Picture award.
榮獲	這位老師榮獲傑出教學獎,同學們都為她高興。	This teacher won an outstanding teaching award, and her students are happy for her.
機動	我們可以機動調整。	We can adjust flexibly.
機動	公司採用機動工時,員工可以自己選擇上下班時間。	The company uses flexible hours, and staff can choose when to start and finish.
此類	此類問題很常見。	Problems of this kind are common.
此類	此類商品容易受潮,請存放在乾燥的地方。	Such goods are prone to dampness, so store them in a dry place.
每人	每人一份。	One portion per person.
每人	活動當天每人可以免費領取一杯飲料和一份點心。	On the event day, each person can get a free drink and a snack.
水庫	水庫的水位很低。	The reservoir's water level is low.
水庫	因為太久沒下雨,水庫的水位下降,政府呼籲大家節約用水。	With no rain for ages, the reservoir level dropped, and the government urged saving water.
沙發	我家有一張沙發。	We have a sofa at home.
沙發	他一回到家就癱在沙發上,連衣服也懶得換。	As soon as he got home he flopped on the sofa without bothering to change.
注射	護理師幫我注射疫苗。	The nurse gave me a vaccine injection.
注射	醫生說這種藥必須用針筒注射,不能直接吞下去。	The doctor said this medicine must be injected and can't be swallowed.
海底	海底有很多魚。	There are many fish on the seabed.
海底	潛水員潛到海底,看到了一艘很久以前沉沒的船。	The diver went to the seabed and saw a ship that sank long ago.
深遠	影響很深遠。	The impact is far-reaching.
深遠	這位老師的話對我產生了深遠的影響,直到現在我還記得。	This teacher's words had a lasting influence on me; I still remember them.
漁業	漁業是重要產業。	Fishing is an important industry.
漁業	這個小漁村主要靠漁業維生,居民每天清晨就出海。	This small fishing village lives on fishing, and residents go to sea at dawn.
潮流	這是最新的潮流。	This is the latest trend.
潮流	年輕人總是跟著潮流走,所以流行的東西變得特別快。	Young people follow trends, so what's fashionable changes very fast.
灰	桌上都是灰。	The table is covered in dust.
灰	好久沒打掃,書架上積了一層厚厚的灰。	It hasn't been cleaned in ages, and the bookshelf has a thick layer of dust.
無線電	他用無線電聯絡。	He communicates by radio.
無線電	登山客帶著無線電,萬一手機沒有訊號,還能向外求救。	Hikers bring a radio so they can call for help if the phone has no signal.
爸	我爸在看報紙。	My dad is reading the newspaper.
爸	我爸每天下班都會繞去市場,買我們愛吃的水果。	My dad stops by the market after work every day to buy our favorite fruit.
猶如	這裡猶如天堂。	This place is like paradise.
猶如	夕陽映在湖面上,猶如一幅畫。	The sunset reflected on the lake looks like a painting.
環球	他想環球旅行。	He wants to travel around the world.
環球	他計畫辭掉工作,存一筆錢,然後開始環球旅行。	He plans to quit his job, save up, and then start traveling around the world.
用品	我去買日常用品。	I'm going to buy daily necessities.
用品	開學前,爸媽帶我去文具店買了新的學習用品。	Before school started, my parents took me to buy new school supplies.
相連	兩個房間相連。	The two rooms are connected.
相連	這兩棟大樓有走廊相連,下雨天也不會淋濕。	These two buildings are linked by a corridor, so you won't get wet when it rains.
瞎	別瞎說。	Don't talk nonsense.
瞎	我瞎猜了一個答案,沒想到居然是對的。	I made a wild guess, and it turned out to be right.
確切	確切時間還不知道。	The exact time isn't known yet.
確切	警方還沒找到確切的證據,所以暫時不能抓人。	The police haven't found definite evidence, so they can't arrest anyone yet.
秘	她是公司的秘書。	She is the company's secretary.
秘	總經理的秘書每天都要幫他安排行程。	The general manager's secretary arranges his schedule every day.
笑容	她的笑容很甜。	Her smile is sweet.
笑容	看到孩子臉上的笑容,所有的辛苦好像都值得了。	Seeing the smile on my child's face makes all the hardship feel worthwhile.
精選	這是精選商品。	These are selected products.
精選	書店推出了本月精選書單,每一本都有店員的推薦語。	The bookstore released this month's selected reading list, each with a staff recommendation.
絲毫	他絲毫不在意。	He doesn't care in the slightest.
絲毫	我絲毫沒有懷疑,因為他看起來太誠懇了。	I didn't doubt at all, because he seemed so sincere.
總量	總量不夠。	The total amount isn't enough.
總量	這個月的用電總量創下新高,電費帳單也跟著變貴。	This month's total electricity use hit a record high, and the bill went up too.
老子	他生氣地說:「老子不幹了!」	He said angrily, "I quit!"
老子	他喝醉後大吼:「老子才不怕你們!」	After getting drunk he roared, "I'm not afraid of you lot!"
胖子	他不是胖子。	He isn't fat.
胖子	他以前是個胖子,後來靠運動和飲食控制瘦了二十公斤。	He used to be fat, but lost twenty kilos through exercise and diet.
致使	大雨致使航班取消。	Heavy rain caused flights to be canceled.
致使	山路坍方致使交通中斷,許多遊客被困在山上。	A landslide cut off traffic, trapping many tourists on the mountain.
船長	船長在駕駛室。	The captain is in the wheelhouse.
船長	風浪太大時,船長決定先把船開回港口。	When the waves got too big, the captain decided to take the ship back to port.
莊	我們去山莊住一晚。	Let's stay a night at a mountain lodge.
莊	他在鄉下經營一座觀光農莊,每到假日都有許多遊客。	He runs a tourist farm in the countryside, with many visitors on holidays.
虧	這家店虧錢了。	This shop is losing money.
虧	多虧你幫忙,我才能準時交出報告。	Thanks to your help, I could hand in the report on time.
行李	我的行李很重。	My luggage is heavy.
行李	到了機場才發現行李超重,只好多付一些錢。	At the airport I found my luggage overweight and had to pay extra.
規	學校有很多規定。	The school has many rules.
規	我們正在規劃下個月的旅行路線。	We're planning next month's travel route.
訊息	我收到一則訊息。	I received a message.
訊息	我傳了訊息給他,但是他到現在還沒回。	I sent him a message, but he still hasn't replied.
評審	評審正在打分數。	The judges are scoring.
評審	這次比賽的評審都是業界有名的專家,所以大家都很緊張。	The judges of this contest are renowned industry experts, so everyone is nervous.
誤會	這是個誤會。	This is a misunderstanding.
誤會	你誤會我的意思了,我不是在說你,而是在說我自己。	You misunderstood me; I wasn't talking about you but about myself.
諸如	諸如此類的問題很多。	There are many problems like this.
諸如	夜市裡有很多小吃,諸如蚵仔煎、臭豆腐和珍珠奶茶。	The night market has many snacks, such as oyster omelets, stinky tofu and bubble tea.
販賣	這裡販賣水果。	Fruit is sold here.
販賣	那間商店不得向未滿十八歲的人販賣菸酒。	That store must not sell tobacco or alcohol to anyone under eighteen.
走私	他被抓到走私。	He was caught smuggling.
走私	海巡人員在海上攔截了一艘走私香菸的船。	Coast guard officers intercepted a boat smuggling cigarettes at sea.
超出	費用超出預算。	The cost exceeds the budget.
超出	這次旅行的花費超出了我的預期,回來後只好省吃儉用。	The trip cost more than I expected, so I had to scrimp afterward.
轉讓	我想轉讓房子。	I want to transfer my house.
轉讓	這張演唱會的票我不能去了,想轉讓給有需要的人。	I can't go to this concert, so I want to pass the ticket on to someone who needs it.
逃避	你不能逃避。	You can't run away.
逃避	遇到問題時,逃避只會讓事情變得更糟。	Avoiding problems only makes things worse.
運送	貨車運送蔬菜。	The truck transports vegetables.
運送	這些新鮮的海產是用冷凍貨車從港口運送過來的。	This fresh seafood was brought from the port by refrigerated truck.
遺傳	這是遺傳的。	This is inherited.
遺傳	我的近視是遺傳的,因為爸媽的視力也都不好。	My nearsightedness is hereditary, since my parents' eyesight is poor too.
醒來	我剛醒來。	I just woke up.
醒來	他醒來後發現已經是下午,趕快打電話請假。	He woke to find it was already afternoon and quickly called to ask for leave.
鉤	魚上鉤了。	A fish took the hook.
鉤	他在魚鉤上掛了餌,耐心地等魚來咬。	He baited the fishhook and patiently waited for a bite.
鎖定	警方鎖定了幾名嫌犯。	Police have zeroed in on a few suspects.
鎖定	請先鎖定手機螢幕,再把手機放進包包。	Please lock your phone screen before putting it into your bag.
長度	這條繩子的長度不夠。	This rope isn't long enough.
長度	這條裙子的長度剛好到膝蓋,穿起來很舒服。	This skirt reaches just to the knee and is comfortable to wear.
開辦	他們開辦了新課程。	They started a new course.
開辦	市政府開辦免費的電腦課程,幫助長輩學習使用智慧型手機。	The city government started free computer classes to help seniors learn smartphones.
降落	飛機要降落了。	The plane is about to land.
降落	因為大霧,飛機無法降落,只好改到別的機場。	Because of heavy fog the plane couldn't land and was diverted to another airport.
隊友	我的隊友很強。	My teammate is strong.
隊友	比賽中,隊友把球傳給我,我順利投進了三分球。	In the game my teammate passed me the ball and I sank a three-pointer.
集結	大家在廣場集結。	Everyone is gathering at the square.
集結	幾百名民眾在市政府前集結,要求政府重視這個問題。	Several hundred people assembled in front of city hall, demanding the government address the issue.
震撼	這部電影很震撼。	This movie is stunning.
震撼	站在瀑布前,那股巨大的水聲讓我感到非常震撼。	Standing before the waterfall, the roar of the water was awe-inspiring.
領導者	他是好的領導者。	He is a good leader.
領導者	一個好的領導者,應該願意傾聽團隊成員的意見。	A good leader should be willing to listen to team members' opinions.
首要	安全是首要條件。	Safety is the top requirement.
首要	對新手來說,首要的任務就是熟悉工作流程。	For a newcomer, the first priority is to get familiar with the workflow.
高端	這是高端手機。	This is a high-end phone.
高端	這家店專門賣高端咖啡豆,價格雖然貴,但是香氣很特別。	This shop specializes in high-end coffee beans; they're pricey but have a special aroma.
麗	這裡的風景很美麗。	The scenery here is beautiful.
麗	新開的飯店裝潢華麗,連大廳的燈都像藝術品。	The new hotel is splendidly decorated, even the lobby lights look like art.
一則	一則省錢,一則環保。	On one hand it saves money, on the other it's eco-friendly.
一則	一則怕你擔心,二則怕你分心,所以我沒告訴你。	For one thing I feared you'd worry, for another that you'd be distracted, so I didn't tell you.
上空	鳥群飛過城市上空。	A flock of birds flew over the city.
上空	今天早上,一群白鷺鷥飛過了城市的上空,畫面很美。	This morning a flock of egrets flew over the city, and the sight was lovely.
不適	我感到身體不適。	I feel unwell.
不適	如果在運動時出現頭暈或胸悶等不適,請立刻停下來休息。	If you feel dizziness or chest tightness while exercising, stop and rest immediately.
主機	我的電腦主機壞了。	My computer's main unit broke.
主機	這台遊戲主機的畫質很棒,朋友來家裡都想玩。	This game console has great graphics, and friends who visit all want to play.
仔	牛仔褲很耐穿。	Jeans are very durable.
仔	請仔細檢查一遍,不要漏掉任何地方。	Please check carefully, and don't miss any spot.
伴	謝謝你一直陪伴我。	Thanks for always keeping me company.
伴	旅行時有好旅伴一起走,路程再遠也不覺得累。	With a good travel companion, no distance feels tiring.
來訪	歡迎來訪。	Welcome, thanks for visiting.
來訪	外國的客人下週要來訪,我們得先把會議室準備好。	Foreign guests will visit next week, so we must get the meeting room ready.
信譽	這家店信譽很好。	This shop has a great reputation.
信譽	做生意最重要的是信譽,一旦失去了,就很難再賺回來。	Reputation matters most in business; once lost, it's hard to regain.
偽造	他偽造文件。	He forged documents.
偽造	警方查獲一批偽造的鈔票,正在追查來源。	Police seized a batch of counterfeit banknotes and are tracing the source.
充實	生活過得很充實。	Life is full and rewarding.
充實	暑假打工、學英文,還學了游泳,讓我過得很充實。	Working part-time, learning English and swimming made my summer very fulfilling.
入獄	他因詐欺入獄。	He went to prison for fraud.
入獄	那名詐欺犯被判刑後入獄服刑,受害者終於鬆了一口氣。	The fraudster was jailed after sentencing, and the victims finally breathed a sigh of relief.
公務	他正在忙公務。	He's busy with official business.
公務	出差辦公務時,交通和住宿費用都可以由公司報銷。	On business trips, travel and lodging can be reimbursed by the company.
再現	舊時光再現。	Old times come back.
再現	這部紀錄片用動畫再現了一百年前的城市生活。	This documentary uses animation to recreate city life a hundred years ago.
出境	出境要過海關。	You pass customs when leaving the country.
出境	出境前,請先確認護照的有效期限還有六個月以上。	Before departing, confirm your passport is valid for over six months.
判刑	他被判刑了。	He was sentenced.
判刑	法官依法判刑,被告被判有期徒刑三年。	The judge sentenced by law, giving the defendant three years in prison.
割	小心別割到手。	Careful not to cut your hand.
割	他用剪刀把包裝繩割斷,終於打開了那個箱子。	He cut the packing cord with scissors and finally opened the box.
勛章	他得到一枚勛章。	He received a medal.
勛章	這位老兵胸前的勛章,是對他多年貢獻的肯定。	The medal on this veteran's chest recognizes his years of service.
半夜	半夜有人敲門。	Someone knocked at midnight.
半夜	半夜突然下起大雷雨,我被吵醒後就再也睡不著了。	A thunderstorm suddenly started at midnight, and I couldn't sleep after being woken.
原油	原油價格上漲了。	Crude oil prices rose.
原油	原油價格一上漲,汽油和機車加油的錢也會跟著變貴。	When crude oil gets pricier, so does gas for cars and scooters.
受理	這個案子已被受理。	This case has been accepted.
受理	櫃台人員說,申請書已經受理,三天後會通知結果。	The counter staff said the application has been accepted and the result will come in three days.
右邊	郵局在右邊。	The post office is on the right.
右邊	你出了車站往右邊走,看到紅綠燈就過馬路。	Leave the station, head right, and cross at the traffic light.
吵	外面很吵。	It's noisy outside.
吵	隔壁小孩一直吵鬧,害我沒辦法專心看書。	The kid next door keeps making noise, so I can't focus on reading.
唯有	唯有努力才能成功。	Only hard work leads to success.
唯有	唯有親自去一趟,才能知道那裡到底有多美。	Only by going there yourself can you know how beautiful it is.
嚴密	警方嚴密監控。	The police are monitoring closely.
嚴密	這次考試的防作弊措施很嚴密,每個人都要出示證件。	The anti-cheating measures for this exam are tight; everyone must show ID.
地板	地板很乾淨。	The floor is clean.
地板	他把玩具散落在地板上,害我差點踩到。	He scattered toys on the floor, and I almost stepped on them.
報刊	他喜歡讀報刊。	He likes reading newspapers and periodicals.
報刊	圖書館的報刊區每天都有最新的報紙和雜誌可以閱讀。	The library's periodicals section has the latest newspapers and magazines daily.
壯大	公司越來越壯大。	The company keeps growing stronger.
壯大	這家小店從一個小攤位開始,慢慢壯大成全國連鎖店。	This shop started from a small stall and gradually grew into a nationwide chain.
多餘	這是多餘的東西。	This is surplus stuff.
多餘	房間裡堆了許多多餘的東西,我決定趁週末整理一下。	The room is piled with unneeded things, so I'll tidy up this weekend.
大麻	吸大麻是違法的。	Smoking cannabis is illegal.
大麻	在台灣,持有大麻是違法的行為,會受到法律處罰。	In Taiwan, possessing cannabis is illegal and punished by law.
奪冠	球隊成功奪冠。	The team won the championship.
奪冠	這支棒球隊努力了好幾年,今年終於奪冠,球迷都哭了。	This baseball team worked for years and finally won the title this year; the fans cried.
妻	他和妻小住在台中。	He lives in Taichung with his wife and kids.
妻	他每天下班都先回家陪妻子和孩子吃飯。	He goes straight home after work to eat with his wife and children.
孔	牆上有一個小孔。	There's a small hole in the wall.
孔	這件襯衫被菸燙了一個孔,穿出去太明顯了。	This shirt got a cigarette burn hole, too noticeable to wear out.
宣揚	他在宣揚理念。	He is promoting his ideas.
宣揚	這位作家想透過書宣揚環保的理念,希望更多人愛護地球。	This writer wants to spread environmental ideas through books so more people care for the Earth.
寫下	請寫下你的名字。	Please write down your name.
寫下	我習慣在睡前寫下今天發生的事,這樣就不容易忘記。	I write down what happened today before bed so I won't forget.
對稱	兩邊是對稱的。	Both sides are symmetrical.
對稱	這座建築左右完全對稱,從前面看起來特別整齊。	This building is perfectly symmetrical, looking especially tidy from the front.
尚無	尚無新消息。	There is no news yet.
尚無	目前尚無人員傷亡,消防隊還在現場確認火勢。	No casualties have been reported yet, and firefighters are still assessing the fire.
岩石	山上有很多岩石。	There are many rocks on the mountain.
岩石	海邊的岩石被海浪沖刷了好幾百年,表面變得很光滑。	Seaside rocks, washed by waves for centuries, have become smooth.
師生	全校師生都來了。	All teachers and students came.
師生	全校師生一起參加了這場淨灘活動,撿了很多垃圾。	The whole school took part in the beach cleanup and picked up lots of trash.
平凡	他是個平凡的人。	He is an ordinary person.
平凡	平凡的日子有時候最幸福,每天和家人一起吃飯就足夠了。	Ordinary days can be the happiest; eating with family every day is enough.
底層	他家住在大樓的底層。	His home is on the ground level of the building.
底層	他從公司最底層做起,花了十年才升到主管。	He started at the company's lowest level and took ten years to become a manager.
引領	他引領大家前進。	He leads everyone forward.
引領	這位老師引領學生探索科學的世界,讓大家愛上實驗。	This teacher guides students through the world of science and makes them love experiments.
律	他是一位律師。	He is a lawyer.
律	我們要依法律規定做事,不能隨意違規。	We must act according to the law and not break rules at will.
徵求	我想徵求你的意見。	I'd like to ask for your opinion.
徵求	市政府在網路上徵求民眾對新公園設計的想法。	The city government is soliciting public ideas online for the new park's design.
性騷擾	性騷擾是違法的。	Sexual harassment is illegal.
性騷擾	公司設立了申訴管道,讓員工遇到性騷擾時可以安心求助。	The company set up a complaint channel so employees can safely seek help with harassment.
感冒	我感冒了。	I caught a cold.
感冒	天氣變冷,同學們一個接一個感冒,教室裡都是咳嗽聲。	As it got colder, classmates caught colds one after another, and the classroom was full of coughing.
戰線	前方戰線的情況很緊張。	The situation on the front line is tense.
戰線	這場戰爭的戰線很長,雙方都消耗了大量的人力。	This war has a long front, and both sides have used up huge manpower.
打扮	她打扮得很漂亮。	She is dressed up beautifully.
打扮	週末要跟朋友出去玩,我花了一個小時打扮。	I'm going out with friends this weekend, so I spent an hour getting ready.
拋	他把球拋給我。	He tossed the ball to me.
拋	她不想再煩惱了,決定把所有壞心情都拋到腦後。	She didn't want to worry anymore and decided to cast off all her bad mood.
掃描	請掃描這個條碼付款。	Please scan this barcode to pay.
掃描	辦理報到時,工作人員會用手機掃描你的QR code。	At check-in, staff will scan your QR code with a phone.
推銷	他在推銷保險。	He is selling insurance.
推銷	那個業務員一直向我推銷新產品,我實在不好意思拒絕。	The salesperson kept pitching me the new product, and I felt too awkward to refuse.
損壞	手機螢幕損壞了。	The phone screen is damaged.
損壞	包裹在運送過程中損壞了,賣家答應全額退款。	The parcel was damaged in transit, and the seller agreed to a full refund.
擔保	我可以擔保他。	I can vouch for him.
擔保	我願意擔保他是一個誠實可靠的人,請你放心把工作交給他。	I can vouch that he's honest and reliable, so feel free to give him the job.
改裝	他改裝了機車。	He modified his scooter.
改裝	這間舊倉庫被改裝成咖啡廳,保留了原本的紅磚牆。	This old warehouse was converted into a café, keeping the original red brick walls.
數值	這個數值很高。	This value is high.
數值	醫生看了檢查報告,說我的血糖數值有點偏高。	The doctor read the test report and said my blood sugar level is a bit high.
早點	她在樓下買了早點。	She bought breakfast downstairs.
早點	巷口的早點攤賣的蛋餅和豆漿,是我上班前的最愛。	The breakfast stall at the alley's end sells egg crepes and soy milk, my pre-work favorite.
晚餐	晚餐吃什麼?	What's for dinner?
晚餐	我媽今天煮了五道菜當晚餐,全家人吃得很滿足。	My mom cooked five dishes for dinner today, and the whole family was satisfied.
書面	請提供書面資料。	Please provide written materials.
書面	這件事請用書面通知,不要只用口頭說明。	Please notify in writing on this matter, not just verbally.
朗	今天天氣晴朗。	The weather is clear today.
朗	他的笑聲很爽朗,讓整個房間都變得熱鬧起來。	His laughter is hearty and livens up the whole room.
板塊	地震是板塊移動造成的。	Earthquakes are caused by plate movement.
板塊	台灣位於歐亞板塊和菲律賓海板塊的交界處,所以常常發生地震。	Taiwan lies at the boundary of the Eurasian and Philippine Sea plates, so earthquakes are frequent.
條文	這條條文很重要。	This clause is important.
條文	律師仔細閱讀合約的每一條條文,確保沒有不合理的地方。	The lawyer carefully read each clause of the contract to make sure nothing was unreasonable.
標準化	流程要標準化。	The process must be standardized.
標準化	這家連鎖餐廳把製作流程標準化,不管在哪一間分店,口味都一樣。	This chain standardizes its cooking process, so it tastes the same at every branch.
步槍	他背著步槍站崗。	He stands guard carrying a rifle.
步槍	阿兵哥背著步槍,在營區門口站崗。	The soldier stands guard at the camp gate with a rifle on his back.
比率	失業比率下降了。	The unemployment rate dropped.
比率	近年來少子化,出生嬰兒的比率每年都在下降。	With the falling birth rate, the proportion of newborns declines every year.
氣息	這裡有春天的氣息。	There's a breath of spring here.
氣息	一走進這條老街,就能感受到濃濃的懷舊氣息。	The moment you enter this old street, you feel a strong nostalgic atmosphere.
沮喪	他覺得很沮喪。	He feels dejected.
沮喪	面試沒有通過,他心情有點沮喪,但很快又振作起來。	He failed the interview and felt down, but soon cheered up.
津貼	新進員工可以領交通津貼。	New employees can receive a commuting allowance.
津貼	新進員工每個月可以領到三千元的交通津貼。	New employees get a 3,000-dollar commuting allowance monthly.
海盜	海盜搶劫了船。	Pirates robbed the ship.
海盜	孩子們最愛玩海盜遊戲,還用布巾綁住自己的頭。	The kids love playing pirates and tie scarves around their heads.
湧現	新想法不斷湧現。	New ideas keep emerging.
湧現	這幾年台灣湧現了許多有創意的獨立咖啡店。	In recent years, many creative independent cafés have sprung up in Taiwan.
澄清	他出來澄清。	He came forward to clarify.
澄清	有網友誤會這件事,公司趕緊發聲明澄清事實。	Some netizens misunderstood, so the company quickly issued a statement to clarify.
無情	時間是無情的。	Time is merciless.
無情	他說話冷冰冰的,讓人覺得他很無情。	He speaks coldly, which makes him seem heartless.
熱鬧	這裡好熱鬧。	It's so lively here.
熱鬧	過年的時候,全家人聚在一起,屋子裡熱鬧極了。	At New Year, the whole family gathers and the house is bustling.
狠狠	他狠狠瞪了我一眼。	He glared fiercely at me.
狠狠	球被他狠狠踢向球門,守門員根本來不及反應。	He kicked the ball hard at the goal, and the keeper had no time to react.
現身	明星現身了。	The star has appeared.
現身	那位許久不見的歌手終於現身,台下的歌迷尖叫連連。	The singer unseen for ages finally appeared, and fans screamed.
留意	請留意腳下。	Please watch your step.
留意	出門前請留意天氣預報,免得被突然的大雨淋濕。	Before going out, check the weather forecast so a sudden downpour doesn't soak you.
發光	星星在發光。	The stars are shining.
發光	夜晚的海邊,有些小生物會發光,看起來像藍色的星星。	At night by the sea, some tiny creatures glow like blue stars.
百分點	上升了兩個百分點。	It rose by two percentage points.
百分點	民調顯示,他的支持度比上個月提高了三個百分點。	Polls show his support rose three percentage points from last month.
相遇	我們在路上相遇。	We met on the road.
相遇	兩個陌生人在旅途中相遇,後來成了最好的朋友。	Two strangers met on a trip and later became best friends.
破解	他破解了密碼。	He cracked the password.
破解	專家花了好幾個月,才終於破解這個神秘的古代文字。	Experts spent months before finally deciphering this mysterious ancient script.
禦	我們要加強防禦。	We need to strengthen defense.
禦	冬天來臨前,要準備好足夠的衣物來禦寒。	Before winter comes, prepare enough clothing to keep out the cold.
空襲	空襲警報響了。	The air raid siren sounded.
空襲	二戰時期,許多城市遭到空襲,居民常常躲進防空洞。	In World War II, many cities suffered air raids, and residents often hid in shelters.
笨蛋	你這個笨蛋!	You silly goose!
笨蛋	我又把鑰匙忘在家裡了,我真是個笨蛋。	I left my keys at home again; I'm such an idiot.
精心	這是精心準備的。	This was carefully prepared.
精心	媽媽精心準備了一桌好菜,慶祝我順利畢業。	Mom carefully prepared a table of good dishes to celebrate my graduation.
終究	他終究還是來了。	He came after all.
終究	無論你多害怕,問題終究還是要面對。	However scared you are, you'll still have to face the problem eventually.
維生素	多吃水果補充維生素。	Eat more fruit for vitamins.
維生素	維生素C對身體很重要,多吃柳橙或芭樂就能補充。	Vitamin C is important for the body; eating oranges or guava helps.
纖維	蔬菜裡有很多纖維。	Vegetables have lots of fiber.
纖維	這件運動衫用特殊纖維做成,流汗後很快就乾了。	This sports top is made of special fibers and dries fast after sweating.
聘請	公司聘請了新經理。	The company hired a new manager.
聘請	因為案子很複雜,他聘請了一位有經驗的律師來幫忙。	Because the case is complex, he hired an experienced lawyer.
膽	他膽子很小。	He is very timid.
膽	不敢看鬼片的人,通常膽子都比較小。	People who dare not watch ghost movies are usually more timid.
航空公司	這家航空公司服務很好。	This airline has great service.
航空公司	這家航空公司提供免費的託運行李,讓旅客可以多帶一些伴手禮。	This airline offers free checked baggage so travelers can bring more souvenirs.
菩薩	廟裡供奉著菩薩。	A bodhisattva is enshrined in the temple.
菩薩	我阿嬤每天早上都會到廟裡拜菩薩,保佑全家平安。	My grandma worships the Bodhisattva at the temple every morning, praying for the family's safety.
處決	犯人被處決了。	The prisoner was executed.
處決	那個國家宣布處決一名重刑犯,引起國際間的討論。	That country announced the execution of a serious offender, stirring international debate.
血統	這隻貓血統很純正。	This cat is purebred.
血統	這匹馬血統高貴,是從有名的賽馬後代繁殖出來的。	This horse has a noble bloodline, bred from famous racehorses.
表態	他還沒表態。	He hasn't stated his position yet.
表態	面對這個爭議,市長終於公開表態支持新的政策。	Facing the controversy, the mayor finally stated publicly that he supports the new policy.
親切	店員很親切。	The clerk is friendly.
親切	住在這個社區的人都很親切,見面時都會打招呼。	People in this neighborhood are friendly and greet each other when they meet.
解體	公司解體了。	The company broke up.
解體	因為成員意見不合,樂團最後宣布解體。	Because the members disagreed, the band finally announced its breakup.
語法	這個語法很難。	This grammar is hard.
語法	學外語時,語法和單字一樣重要,所以我每天都練習造句。	In learning a language, grammar matters as much as vocabulary, so I practice making sentences daily.
謂	所謂朋友,是患難見真情。	A true friend shows in hard times.
謂	所謂「機會」,就是準備好的人才能抓住。	So-called "opportunity" can only be seized by those who are prepared.
變換	燈光不斷變換顏色。	The lights keep changing colors.
變換	舞台上的燈光不停變換顏色,讓表演更加精采。	The stage lights kept changing colors, making the show more spectacular.
資產階級	資產階級掌握了大部分財富。	The bourgeoisie held most of the wealth.
資產階級	歷史課本說,工業革命使資產階級的力量日益增強。	The history textbook says the Industrial Revolution strengthened the bourgeoisie's power.
身後	他站在我身後。	He stands behind me.
身後	這位作家身後留下了許多未發表的作品,家人決定出版。	The writer left many unpublished works after his death, and the family decided to publish them.
農藥	蔬菜要洗乾淨,去除農藥。	Wash vegetables clean to remove pesticide.
農藥	市場上的蔬菜都要經過檢驗,確保沒有過量的農藥殘留。	Vegetables on the market are tested to ensure no excess pesticide residue.
通車	新橋明天通車。	The new bridge opens to traffic tomorrow.
通車	捷運新路線預計明年年初通車,到時候通勤會更方便。	The new MRT line is expected to open early next year, making commuting easier.
運營商	電信運營商宣布調降資費。	The telecom operator announced a price cut.
遺跡	這是古代的遺跡。	This is an ancient relic.
遺跡	考古學家在山坡上發現了一處幾千年前的人類遺跡。	Archaeologists found a human site thousands of years old on the hillside.
酷	他的外套好酷。	His jacket is so cool.
酷	他戴著墨鏡騎著機車,看起來酷極了。	Wearing sunglasses on his scooter, he looks super cool.
金色	麥田是金色的。	The wheat field is golden.
金色	夕陽把整片海面染成金色,許多遊客都停下來拍照。	The sunset dyed the whole sea golden, and many tourists stopped to take photos.
鏡	我的眼鏡不見了。	My glasses are missing.
鏡	她對著鏡子整理頭髮,然後才出門上班。	She fixed her hair in the mirror before going to work.
關門	商店要關門了。	The shop is about to close.
關門	這家老店因為生意不好,下個月就要關門,很多老顧客都捨不得。	This old shop closes next month due to poor business, and many regulars are sad.
限度	忍耐是有限度的。	Patience has its limits.
限度	每個人的耐心都有限度,你不要再一直遲到了。	Everyone's patience has a limit, so stop being late all the time.
雇主	他的雇主很好。	His employer is good.
雇主	雇主必須按時發薪水,並為員工投保勞健保。	Employers must pay on time and enroll employees in labor and health insurance.
電器	客廳有很多電器。	There are many appliances in the living room.
電器	搬家前,我們把不用的電器都賣給了二手店。	Before moving, we sold unused appliances to a secondhand shop.
面具	他戴著面具。	He is wearing a mask.
面具	萬聖節的時候,孩子們戴著各種奇怪的面具去討糖果。	At Halloween, kids wear all kinds of weird masks to get candy.
颳	外面颳大風。	It's very windy outside.
颳	颱風天颳著強風,窗戶被吹得啪啪作響。	Strong wind blew on the typhoon day, rattling the windows.
香煙	廟裡香煙繚繞。	Incense smoke swirls in the temple.
香煙	每逢初一十五,這座老廟總是香煙不斷,信徒絡繹不絕。	On the 1st and 15th, this old temple is full of incense smoke and a steady flow of worshippers.
體力	我的體力不好。	My stamina isn't good.
體力	爬山需要很好的體力,所以我最近每天都去慢跑。	Hiking requires good stamina, so I've been jogging daily lately.
點燃	他點燃了蠟燭。	He lit the candle.
點燃	孩子點燃了生日蠟燭,全家人一起唱生日快樂歌。	The child lit the birthday candles and the family sang happy birthday.
一陣子	我忙了一陣子。	I've been busy for a while.
一陣子	前一陣子天氣一直很熱,最近終於涼快了一點。	It was hot for a while, but lately it has finally cooled a bit.
上將	他是海軍上將。	He is a navy admiral.
上將	這位上將在軍中服務了四十年,受到許多人的尊敬。	This general served forty years in the military and is respected by many.
下半年	下半年我要換工作。	I'll change jobs in the second half of the year.
下半年	公司預計下半年推出新產品,所以大家都要提早準備。	The company plans to launch a new product in the second half, so everyone should prepare early.
不合	這雙鞋不合我的腳。	These shoes don't fit my feet.
不合	這份合約有些條款不合法規,必須重新修改。	Some clauses in this contract don't comply with regulations and must be revised.
不服	我不服!	I don't accept it!
不服	他對判決結果不服,決定向上級法院提出上訴。	He disagreed with the verdict and decided to appeal to a higher court.
中毒	他吃壞東西中毒了。	He got poisoned from bad food.
中毒	夏天吃海鮮要小心,不新鮮的話容易食物中毒。	Be careful with seafood in summer; if not fresh, it easily causes food poisoning.
乙	他的成績是乙等。	His grade is B.
乙	合約裡,簽約的一方稱為甲方,另一方稱為乙方。	In the contract, one party is called Party A and the other Party B.
交出	請你交出手機。	Please hand over your phone.
交出	警察要求嫌犯交出身上所有的物品。	The police asked the suspect to hand over everything on him.
仁	他是一位仁慈的老闆。	He is a kind boss.
仁	杏仁茶是用杏仁磨成的,喝起來香香甜甜的。	Almond tea is made from ground almond kernels and tastes fragrant and sweet.
低估	不要低估他。	Don't underestimate him.
低估	別低估這個遊戲的難度,我試了十次都沒過關。	Don't underestimate this game's difficulty; I tried ten times without clearing it.
何況	大人都抬不動,何況小孩。	Adults can't lift it, let alone kids.
何況	這個問題連專家都解不開,何況是剛入門的新手。	Even experts can't solve this, let alone a newcomer.
侵蝕	海水侵蝕了海岸。	Seawater eroded the coast.
侵蝕	長年的海風侵蝕,讓這座古老的石像表面變得斑駁。	Years of sea wind erosion left this ancient stone statue mottled.
保護區	這是自然保護區。	This is a nature reserve.
保護區	這座保護區裡有許多瀕臨絕種的動物,遊客不可以餵食。	This reserve has many endangered animals, and visitors must not feed them.
倒數	新年快到了,我們一起倒數吧。	The new year is almost here; let's count down together.
倒數	跨年夜,大家聚集在廣場上一起倒數,等著煙火升空。	On New Year's Eve, everyone gathers at the square to count down and wait for fireworks.
做飯	我媽在做飯。	My mom is cooking.
做飯	我下班回家後還要做飯,有時候真的很想叫外送。	I still have to cook after getting home from work and sometimes really want to order delivery.
備受	這部電影備受期待。	This movie is highly anticipated.
備受	這位醫生備受病人信任,每天門診都擠滿了人。	This doctor is much trusted by patients, and his clinic is packed daily.
優美	這首歌很優美。	This song is very graceful.
優美	她用優美的聲音唱了一首老歌,現場的人都安靜地聽著。	She sang an old song in a lovely voice, and everyone listened quietly.
入選	他入選國家隊了。	He made the national team.
入選	這張照片入選了攝影比賽的前十名,我開心得不得了。	This photo made the top ten in the photography contest, and I'm overjoyed.
全能	他是全能的運動員。	He is an all-around athlete.
全能	這款手機號稱全能,拍照、遊戲、工作都能勝任。	This phone claims to do it all: photos, games and work.
其後	他其後再也沒出現過。	He never showed up again afterward.
其後	他們先是大吵一架,其後便再也沒有聯絡。	They first had a big fight and afterward stopped contacting each other.
出爐	麵包剛出爐。	The bread is fresh out of the oven.
出爐	新的民調結果今天出爐,支持度比上週高出不少。	New poll results came out today, with support much higher than last week.
分行	我去銀行分行辦事。	I'm going to a bank branch to do business.
分行	這家銀行在全台有兩百多間分行,辦事很方便。	This bank has over two hundred branches island-wide, so it's convenient.
前鋒	他是球隊的前鋒。	He is the team's forward.
前鋒	這位前鋒速度很快,常常一個人突破對手的防線。	This forward is fast and often breaks through defenses alone.
勇於	我們要勇於嘗試。	We should dare to try.
勇於	她勇於承認自己的錯誤,所以大家都很尊敬她。	She bravely admits her mistakes, so everyone respects her.
勢頭	球隊的勢頭很強。	The team has strong momentum.
勢頭	今年這家公司的業績勢頭很好,老闆打算多聘幾個人。	The company's performance has strong momentum this year, and the boss plans to hire more.
十足	他自信十足。	He's full of confidence.
十足	這位歌手舞台魅力十足,一上台全場觀眾都跟著嗨起來。	This singer has great stage presence, and the whole audience got hyped the moment she appeared.
原型	這是機器人的原型。	This is the robot's prototype.
原型	這個角色的原型是作者的外婆,所以每個細節都很真實。	This character is based on the author's grandmother, so every detail feels real.
反感	我對他很反感。	I really dislike him.
反感	他總是插話,這種習慣讓同事越來越反感。	He always interrupts, and this habit annoys coworkers more and more.
口氣	他的口氣很差。	His tone is bad.
口氣	老師的口氣很溫柔,學生聽了都感到放心。	The teacher's tone was gentle, which reassured the students.
史料	這是珍貴的史料。	This is valuable historical material.
史料	研究員到圖書館翻閱大量史料,想還原當年事件的真相。	The researcher read through lots of historical materials in the library to uncover the truth.
吉他	他會彈吉他。	He can play guitar.
吉他	我哥哥從高中開始學吉他,現在已經可以彈很多首歌了。	My older brother began learning guitar in high school and can now play many songs.
吸煙	室內禁止吸煙。	Smoking is prohibited indoors.
吸煙	醫生再三勸他戒掉吸煙的習慣,因為對肺部不好。	The doctor repeatedly urged him to quit smoking because it's bad for the lungs.
呼喚	我聽見有人呼喚我。	I heard someone calling me.
呼喚	母親呼喚孩子回家吃飯,聲音在巷子裡迴盪。	The mother called her child home for dinner, her voice echoing in the alley.
啟蒙	她是我的啟蒙老師。	She is my first teacher.
啟蒙	這本書是我對天文的啟蒙,從此我愛上了看星星。	This book introduced me to astronomy, and I've loved stargazing ever since.
噪音	施工的噪音很吵。	The construction noise is loud.
噪音	長期暴露在噪音裡,會影響睡眠品質和健康。	Long exposure to noise affects sleep quality and health.
國立	這是一所國立大學。	This is a national university.
國立	他考上了國立大學,學費比私立學校便宜很多。	He got into a public university, whose tuition is much cheaper than private schools.
圖形	螢幕上有圖形。	There are graphics on the screen.
圖形	這個軟體可以把數據轉換成圖形,讓報告更容易讀懂。	This software converts data into charts, making reports easier to understand.
均衡	飲食要均衡。	Your diet should be balanced.
均衡	想要保持健康,飲食要均衡,不要只吃肉或只吃菜。	To stay healthy, keep a balanced diet and don't eat only meat or only vegetables.
堅信	我堅信他是清白的。	I firmly believe he is innocent.
堅信	她堅信只要努力,夢想一定有實現的一天。	She firmly believes that with effort, her dream will come true someday.
增大	聲音增大了。	The volume increased.
增大	為了讓後面的人也聽得到,主持人把麥克風的音量增大。	So people at the back could hear too, the host turned up the microphone volume.
夜裡	夜裡很安靜。	It's quiet at night.
夜裡	夜裡突然降溫,我在睡夢中被冷醒,趕緊多蓋一條被子。	The temperature suddenly dropped at night, and I woke up cold and added another blanket.
大米	他在超市買了一袋大米。	He bought a bag of rice at the supermarket.
太過	別太過擔心。	Don't worry too much.
太過	不要對自己太過嚴格,偶爾也要讓自己休息一下。	Don't be too strict with yourself; rest once in a while.
套路	這招是他的套路。	This trick is his routine.
套路	這種詐騙套路很常見,遇到陌生人要求匯款一定要小心。	This scam routine is common, so be careful when strangers ask for money transfers.
好笑	這個笑話好好笑。	This joke is so funny.
好笑	他學老師說話的樣子太好笑了,全班都笑到肚子痛。	His impression of the teacher talking was so funny the whole class laughed until their stomachs hurt.
姬	古代宮中有許多舞姬。	There were many dancing girls in ancient palaces.
姬	這部動漫裡的歌姬擁有一副天籟般的嗓音。	The songstress in this anime has a heavenly voice.
字樣	盒子上有「易碎」字樣。	The box has the words "fragile" on it.
字樣	包裹上寫著「小心輕放」的字樣,但還是被摔壞了。	The parcel was marked "handle with care" but still got broken.
安撫	媽媽安撫著哭泣的寶寶。	Mom soothes the crying baby.
安撫	老闆親自出面安撫情緒激動的客人,並答應免費重做。	The boss personally calmed the upset customer and promised to redo it for free.
定性	這件事很難定性。	This matter is hard to characterize.
定性	警方還在調查,目前還無法對這起事件定性。	Police are still investigating and can't yet determine the nature of the incident.
容納	這個會議室可以容納五十人。	This meeting room can hold fifty people.
容納	這座體育館最多能容納一萬名觀眾,一票難求。	This stadium holds up to ten thousand spectators, and tickets are hard to get.
寧靜	這裡很寧靜。	It's very tranquil here.
寧靜	清晨的湖邊特別寧靜,只聽得見鳥叫和水聲。	The lakeside at dawn is especially peaceful, with only birdsong and water to hear.
小人	別跟小人計較。	Don't bother with petty people.
小人	他在背後亂說話,真是個小人。	He badmouths people behind their backs; what a petty man.
尾巴	小狗搖著尾巴。	The puppy wags its tail.
尾巴	我家貓咪最愛追著自己的尾巴轉圈圈。	My cat loves chasing its own tail in circles.
崔	遠方的山勢崔嵬,雲霧繚繞。	The distant mountains loom high, wreathed in mist.
師範	他念師範大學。	He studies at a teachers' university.
師範	他畢業於師範大學,現在在國小當老師。	He graduated from a normal university and now teaches at an elementary school.
幽靈	他說自己看見了幽靈。	He says he saw a ghost.
幽靈	傳說那棟老房子裡有幽靈出沒,所以沒有人敢靠近。	Legend has it a ghost haunts that old house, so nobody dares go near.
延期	會議延期了。	The meeting was postponed.
延期	由於颱風來襲,原定週末舉行的運動會將延期到下個月。	Due to the typhoon, the sports meet planned for the weekend will be postponed to next month.
強勁	風力很強勁。	The wind is strong.
強勁	這款電動車的馬力強勁,爬坡也不會喘。	This electric vehicle is powerful and climbs slopes without strain.
後裔	他是客家人的後裔。	He is a descendant of Hakka people.
後裔	這個村子裡住的大多是客家人的後裔,仍保有傳統的習俗。	Most villagers here descend from Hakka people and keep their traditional customs.
心思	我沒有心思看電視。	I'm not in the mood to watch TV.
心思	她的心思細膩,總是能察覺到朋友的小小變化。	She is perceptive and always notices small changes in her friends.
急劇	氣溫急劇下降。	The temperature dropped sharply.
急劇	受到寒流影響,今晚氣溫將急劇下降,請注意保暖。	Due to a cold wave, temperatures will plunge tonight, so keep warm.
恰恰	我來的時間恰恰好。	I arrived at exactly the right time.
恰恰	他說的話恰恰相反,讓我們感到很意外。	What he said was exactly the opposite, which surprised us.
憂慮	我很憂慮。	I'm very worried.
憂慮	父母對孩子的未來總是有點憂慮,擔心他吃苦。	Parents are always a bit anxious about their child's future, worrying he'll suffer.
戰事	戰事越來越緊張。	The fighting is getting more tense.
戰事	因為戰事擴大,許多居民被迫離開家鄉,到鄰近的國家避難。	As the fighting spread, many residents were forced to leave home and seek refuge abroad.
