瞭	我還不太瞭解這個規定。	I don't quite understand this rule yet.
瞭	老師畫了一張圖之後，大家就一目瞭然了。	After the teacher drew a diagram, it was all clear at a glance.
他	他今天沒來上課。	He didn't come to class today.
他	我問他要不要一起去，他說好啊。	I asked him if he wanted to come along, and he said sure.
對	你說得對。	You're right.
對	他對我很好，也很照顧我。	He's very good to me and looks after me.
嗎	你吃飽了嗎？	Have you had enough to eat?
嗎	明天真的會下雨嗎？那我得帶傘出門。	Is it really going to rain tomorrow? Then I'd better take an umbrella.
月	這個月的水費很貴。	This month's water bill is high.
月	我每個月都會固定存一點錢，月底再看看剩多少。	I put a bit of money aside every month and see what's left at month's end.
什麼	你在吃什麼？	What are you eating?
什麼	我今天沒什麼胃口，只想喝點熱湯。	I don't have much of an appetite today; I just want some hot soup.
於	本公司成立於一九九八年。	Our company was founded in 1998.
於	活動將於下週六上午九點在市立體育館舉行。	The event will be held at the city gymnasium at 9 a.m. next Saturday.
問題	老師，我有一個問題。	Teacher, I have a question.
問題	冷氣一直滴水，可能是排水管出了問題。	The air conditioner keeps dripping; there may be a problem with the drain pipe.
時	下課時我都去操場走走。	I go for a walk on the field at break time.
時	出門時記得帶鑰匙，不然進不了家門喔。	Remember your keys when you head out, or you won't be able to get back in.
做	我媽正在做晚餐。	My mom is making dinner.
做	週末我想做點運動，順便把家裡做個大掃除。	This weekend I want to get some exercise and give the house a deep clean too.
或	週末我想看電影或逛街。	This weekend I want to see a movie or go shopping.
或	請以信用卡或行動支付結帳，謝謝您。	Please pay by credit card or mobile payment. Thank you.
裡	包包裡有一把傘。	There's an umbrella in the bag.
裡	冰箱裡還有半顆西瓜，你要不要吃？	There's still half a watermelon in the fridge. Do you want some?
可能	他可能在路上塞車。	He may be stuck in traffic.
可能	明天可能會有颱風，公司說不一定要進辦公室。	A typhoon may hit tomorrow, and the company says we may not need to come in.
政府	政府宣布調整基本工資。	The government announced an adjustment to the minimum wage.
政府	市政府下個月將開放一座新公園，歡迎市民參觀。	The city government will open a new park next month; residents are welcome to visit.
這些	這些蘋果很甜。	These apples are sweet.
這些	這些衣服都該洗了，你順便幫我丟進洗衣機吧。	These clothes all need washing; toss them in the washer for me while you're at it.
內	請在十天內回覆。	Please reply within ten days.
內	教室內禁止飲食，違者將依校規處理。	No food or drink in the classroom; violators will be dealt with per school rules.
噹	鐘聲「噹」地響了一下。	The bell went "dong" once.
噹	門鈴噹噹地響，是外送員來了。	The doorbell went ding-dong; the delivery guy was here.
才	她是個難得的人才。	She is a rare talent.
才	他從小就很有音樂才華，十歲就會作曲。	He's had a gift for music since he was little and was composing at ten.
計劃	我有一個旅行計劃。	I have a travel plan.
計劃	我們計劃明年春天全家去日本玩，現在正在存錢。	We plan to take the whole family to Japan next spring and are saving up now.
事	我有一件事想問你。	There's something I want to ask you.
事	這件事別跟我媽說，不然她會擔心。	Don't tell my mom about this, or she'll worry.
其他	其他人都到了嗎？	Is everyone else here?
其他	這道菜我吃過了，其他的你們可以點點看。	I've had this dish already; you can try ordering the others.
快	請快一點，要遲到了。	Please hurry, we're going to be late.
快	公車快到站了，你把手機收起來，準備下車。	The bus is about to arrive; put your phone away and get ready to get off.
決定	我決定明天早起慢跑。	I've decided to get up early and jog tomorrow.
決定	這個決定很難做，我想先跟家人商量一下。	This is a hard decision; I'd like to talk it over with my family first.
組織	他在一家公益組織工作。	He works at a nonprofit organization.
組織	班長組織大家一起辦畢業旅行，每個人都很期待。	The class president organized a graduation trip and everyone is looking forward to it.
通過	她通過了駕照考試。	She passed her driving test.
通過	這項新法案昨天在立法院三讀通過，下個月開始實施。	The new bill passed its third reading in the Legislative Yuan yesterday and takes effect next month.
不同	我們的想法不同。	Our ideas are different.
不同	每個人對這件事的看法都不同，所以要多溝通。	Everyone sees this differently, so we need to communicate more.
出來	他從房間走出來了。	He walked out of the room.
出來	這個問題我想了一整晚，還是想不出來。	I thought about this problem all night and still couldn't work it out.
如	如圖所示，銷售量逐年增加。	As shown in the chart, sales are rising year by year.
如	水果如芭樂、香蕉和蘋果，我媽每天都會買。	My mom buys fruit every day, such as guava, bananas and apples.
服務	這家店的服務很好。	The service at this shop is great.
服務	他在醫院服務了三十年，同事都很敬重他。	He served at the hospital for thirty years and his colleagues respect him a lot.
自	我自己搭公車去學校。	I take the bus to school by myself.
自	這些水果自南部運來，所以特別新鮮。	These fruits are shipped from the south, so they're especially fresh.
這麼	今天怎麼這麼冷？	Why is it so cold today?
這麼	別這麼說，我只是剛好有空，順便幫你而已。	Don't put it that way; I just happened to be free and helped while I was at it.
一直	我一直在等你的電話。	I've been waiting for your call.
一直	一直往前走，到第二個路口左轉就到了。	Keep going straight, then turn left at the second intersection and you're there.
內容	這本書的內容很有趣。	The content of this book is interesting.
內容	請先看完簡報內容，再告訴我你有什麼意見。	Please go through the slides first, then tell me what you think.
單位	你在哪個單位上班？	Which department do you work in?
單位	這個月的預算要先送給各單位主管確認。	This month's budget has to go to each unit's head for confirmation first.
太	這碗麵太鹹了。	This bowl of noodles is too salty.
太	今天太熱了，我們別去爬山，改去圖書館吧。	It's too hot today; let's skip the hike and go to the library instead.
對於	對於這件事，我沒意見。	I have no opinion about this matter.
對於	對於剛搬來的住戶，鄰居們都很熱情。	The neighbors are very warm toward the newly moved-in residents.
教育	他很重視孩子的教育。	He cares a lot about his children's education.
教育	政府打算增加教育預算，讓偏鄉學校也有好設備。	The government plans to raise the education budget so rural schools can have good equipment too.
朋友	我有個朋友住在高雄。	I have a friend who lives in Kaohsiung.
朋友	昨天朋友約我去看球賽，結果下大雨取消了。	A friend invited me to a ball game yesterday, but it was canceled because of heavy rain.
生產	這間工廠生產腳踏車。	This factory produces bicycles.
生產	我姊姊上個月順利生產，是個健康的男寶寶。	My sister gave birth smoothly last month to a healthy baby boy.
總	他總是準時到公司。	He's always on time at the office.
總	總的來說，這次活動辦得很成功，大家都很滿意。	All in all, the event went very well and everyone was satisfied.
許多	許多人喜歡週末睡晚一點。	Many people like to sleep in on weekends.
許多	這座公園裡有許多老樹，夏天特別涼快。	This park has many old trees, so it's especially cool in summer.
選擇	你想選擇哪一個？	Which one do you want to choose?
選擇	菜單上的選擇太多了，我看了半天還是不知道要點什麼。	There are so many options on the menu; I've looked for ages and still don't know what to order.
一下	請等一下，我馬上來。	Please wait a moment; I'll be right there.
一下	可以幫我看一下這份文件嗎？我怕有打錯字。	Could you take a look at this document for me? I'm afraid there are typos.
事件	這是一起意外事件。	This was an accidental incident.
事件	警方正在調查昨晚發生的事件，目前沒有人受傷。	Police are investigating last night's incident; no one has been hurt so far.
保護	請保護好你的眼睛。	Please take good care of your eyes.
保護	保護環境，從少用塑膠袋開始。	Protecting the environment starts with using fewer plastic bags.
哪裏	你住在哪裏？	Where do you live?
哪裏	我的鑰匙到底放在哪裏了？我找了半天都找不到。	Where on earth did I put my keys? I've searched for ages and can't find them.
干	這件事跟你無干。	This has nothing to do with you.
干	那是他的私事，你不要干涉太多。	That's his private business; don't interfere too much.
接受	我接受你的道歉。	I accept your apology.
接受	醫生建議他接受手術，他想了兩天才決定。	The doctor advised him to have surgery, and it took him two days to decide.
有些	有些菜我不敢吃。	There are some dishes I don't dare eat.
有些	我有些累了，想先回家休息，你們繼續逛吧。	I'm a bit tired and want to head home to rest; you guys keep shopping.
比較	這家比較便宜。	This one is cheaper.
比較	我比較喜歡喝無糖的飲料，這樣比較健康。	I prefer unsweetened drinks; they're healthier.
甚至	他忙到甚至忘了吃飯。	He was so busy he even forgot to eat.
甚至	最近天氣太熱，甚至連晚上都要開冷氣才睡得著。	It's been so hot lately that we even need the AC on at night to sleep.
稱	這件外套跟你很相稱。	This jacket suits you very well.
稱	新來的店長處事穩重，大家都說他很稱職。	The new store manager is steady and capable; everyone says he's well suited to the job.
英國	他在英國念書。	He studies in the UK.
英國	我表姊明年要去英國留學，現在正在準備英文考試。	My cousin is going to study in the UK next year and is preparing for the English exams.
進入	請從這裡進入。	Please enter from here.
進入	比賽進入最後一局，現場氣氛非常緊張。	The game entered its last inning and the atmosphere in the stadium was very tense.
黨	他是這個黨的黨員。	He's a member of this party.
黨	兩黨為了預算案在立法院吵了一整天，新聞一直在報。	The two parties argued over the budget in the Legislative Yuan all day, and the news kept reporting it.
人類	人類需要乾淨的水。	Humans need clean water.
人類	科學家希望新疫苗能幫助人類對抗這種疾病。	Scientists hope the new vaccine can help humanity fight this disease.
來自	她來自台南。	She comes from Tainan.
來自	這道菜的靈感來自我阿嬤的家常味。	The idea for this dish comes from my grandma's home cooking.
別	我們在車站道別。	We said goodbye at the station.
別	畢業典禮後，同學們互相道別，約好有空再聚。	After graduation, classmates said their goodbyes and promised to get together when free.
參與	歡迎大家參與討論。	Everyone is welcome to join the discussion.
參與	社區志工活動開放民眾報名參與，名額有限。	The community volunteer event is open for sign-ups, but spots are limited.
哪	這麼晚了，哪有店還開著啊？	It's so late; how could any shop still be open?
哪	你喜歡哪一種口味的冰淇淋？	Which flavor of ice cream do you like?
多少	這個多少錢？	How much is this?
多少	你一個月大概要花多少錢在交通上？	About how much do you spend on transportation a month?
專業	他的專業是電機工程。	His field is electrical engineering.
專業	選專業的時候，除了興趣，也要想想以後的工作機會。	When choosing a major, besides interest, think about future job opportunities.
心	我的心跳得很快。	My heart is beating fast.
心	她心裡很不安，一直看手機有沒有新訊息。	She felt uneasy and kept checking her phone for new messages.
投資	他投資了一家新創公司。	He invested in a startup.
投資	我爸說投資有風險，所以只拿閒錢來買基金。	My dad says investing is risky, so he only puts spare money into funds.
書	我在圖書館借了三本書。	I borrowed three books from the library.
書	週末我喜歡窩在家裡看書，順便喝杯熱茶。	On weekends I like to stay home reading with a cup of hot tea.
每個	每個學生都有一本書。	Every student has a book.
每個	每個週末我媽都會帶我們回外婆家吃飯。	Every weekend my mom takes us to my grandma's for a meal.
目標	我的目標是跑完半馬。	My goal is to finish a half marathon.
目標	公司今年的目標是把客訴率降低一半。	The company's goal this year is to cut complaints in half.
美	這裡的風景真美。	The scenery here is really beautiful.
美	這張照片拍得很美，我想拿去印出來。	This photo came out beautifully; I want to get it printed.
行動	我們必須馬上行動。	We must act right away.
行動	行動電源沒電了，我的手機也快關機了。	The power bank is dead, and my phone is about to shut off too.
負責	誰負責這個專案？	Who's in charge of this project?
負責	他負責接待客人，我負責準備資料。	He's in charge of receiving guests and I'm in charge of preparing the materials.
連	他連早餐都沒吃。	He didn't even eat breakfast.
連	他忙得連喝水的時間都沒有。	He was so busy he didn't even have time to drink water.
革命	這是一場科技革命。	This is a technological revolution.
革命	歷史課本提到，辛亥革命推翻了清朝。	The history textbook says the Xinhai Revolution overthrew the Qing dynasty.
今年	今年夏天特別熱。	This summer is especially hot.
今年	今年我打算帶爸媽去花蓮玩幾天。	This year I plan to take my parents to Hualien for a few days.
全	全家人都到齊了。	The whole family has arrived.
全	這次考試全班都通過了，老師很開心。	The whole class passed the exam, and the teacher is very happy.
功能	這支手機有很多功能。	This phone has many functions.
功能	這個App新增了翻譯功能，旅行時特別方便。	This app added a translation feature, which is very handy when traveling.
啦	我到啦！	I'm here!
啦	好啦好啦，我等一下就去洗碗，你別唸了。	Okay, okay, I'll do the dishes in a bit, so stop nagging.
官方	這是官方公告。	This is an official announcement.
官方	官方網站已經公布了活動時間，你可以上去看看。	The official website has posted the event time; you can go take a look.
形成	水氣遇冷會形成露珠。	Water vapor forms dewdrops when it gets cold.
形成	好習慣要從小培養，長期下來才會慢慢形成。	Good habits must be cultivated from childhood; they form gradually over time.
找到	我找到鑰匙了！	I found my keys!
找到	找了三個月，我終於找到合適的房子。	After three months of looking, I finally found a suitable apartment.
旅遊	我喜歡去海邊旅遊。	I like to travel to the seaside.
旅遊	暑假是旅遊旺季，機票和飯店都比平常貴很多。	Summer vacation is peak travel season, so flights and hotels cost a lot more than usual.
權利	你有選擇的權利。	You have the right to choose.
權利	租客的權利受到法律保護，房東不能隨便漲租。	Tenants' rights are protected by law; landlords can't just raise the rent.
版	這本書出了新版。	This book has come out in a new edition.
版	這個遊戲的中文版下個月上市。	The Chinese version of this game comes out next month.
社區	我們社區有個小公園。	Our neighborhood has a small park.
社區	社區管理員每天都會幫大家收包裹。	The community's building manager takes in everyone's packages every day.
經驗	她有五年工作經驗。	She has five years of work experience.
經驗	這是我第一次出國，沒什麼經驗，請多指教。	This is my first time abroad and I don't have much experience, so please bear with me.
記錄	請記錄今天的溫度。	Please record today's temperature.
記錄	醫生把我的血壓記錄在病歷上，下次回診再比對。	The doctor recorded my blood pressure in my chart to compare at the next visit.
農業	台灣的農業很發達。	Taiwan's agriculture is well developed.
農業	南部的農業以稻米和水果為主，每年都吸引不少遊客。	Agriculture in the south centers on rice and fruit, and draws quite a few visitors each year.
類	這類書我很少看。	I rarely read this kind of book.
類	圖書館把書分成小說、歷史、科學幾大類，找起來很方便。	The library sorts books into categories like fiction, history and science, so they're easy to find.
些	請給我一些水。	Please give me some water.
些	天氣冷了，你出門多穿一些，別感冒了。	It's getting cold; wear a bit more when you go out so you don't catch a cold.
來源	這個消息的來源是什麼？	What's the source of this news?
來源	這條新聞沒有說明資料來源，所以我不太敢相信。	This story doesn't state where its information came from, so I'm hesitant to believe it.
免費	這個停車場今天免費。	This parking lot is free today.
免費	新用戶可以免費試用一個月，之後才開始收費。	New users can try it free for a month before charges begin.
動	別動，我幫你拍張照。	Don't move; I'll take a photo of you.
動	我的電腦突然當機，滑鼠怎麼動都沒有反應。	My computer suddenly froze and the mouse doesn't respond no matter how I move it.
名字	你的名字怎麼寫？	How do you write your name?
名字	我家的狗名字叫小白，每次聽到就會搖尾巴。	Our dog's name is Xiaobai, and he wags his tail every time he hears it.
報道	報紙報道了這場比賽。	The newspaper reported on this match.
報道	根據新聞報道，明天北部會有大雨，出門記得帶傘。	According to news reports, there will be heavy rain in the north tomorrow, so take an umbrella.
媽媽	媽媽，我回來了！	Mom, I'm home!
媽媽	媽媽說今晚要煮火鍋，叫我們先去買菜。	Mom says she's making hot pot tonight and told us to go buy groceries first.
實際	實際價格比網路上貴。	The actual price is higher than online.
實際	計劃很完美，但實際做起來才發現有很多困難。	The plan was perfect, but in practice we found lots of difficulties.
幫	可以幫我開門嗎？	Could you open the door for me?
幫	朋友週末要搬家，我答應去幫忙搬東西。	A friend is moving this weekend and I promised to help carry things.
形式	這次考試是筆試的形式。	This exam is in written format.
形式	婚禮的形式可以簡單一點，重點是大家都開心。	The wedding format can be simpler; what matters is that everyone's happy.
抓	警察抓到小偷了。	The police caught the thief.
抓	我的背好癢，你幫我抓一下好嗎？	My back is so itchy; could you scratch it for me?
放	請把書放在桌上。	Please put the book on the table.
放	下班後我喜歡放一首輕音樂，慢慢放鬆。	After work I like to put on some soft music and slowly unwind.
曾經	我曾經住過台中。	I once lived in Taichung.
曾經	他曾經夢想當太空人，現在是一名工程師。	He once dreamed of being an astronaut and is now an engineer.
歡迎	歡迎光臨！	Welcome!
歡迎	歡迎大家下週來參加我的生日派對。	Everyone is welcome to come to my birthday party next week.
消息	有什麼新消息嗎？	Any news?
消息	我剛收到消息，明天的會議改到下午兩點了。	I just heard that tomorrow's meeting has been moved to 2 p.m.
現象	這是常見的現象。	This is a common phenomenon.
現象	最近街上很多人戴口罩，這種現象在冬天特別明顯。	Lots of people wear masks on the street lately; this is especially noticeable in winter.
看看	我先看看菜單。	Let me look at the menu first.
看看	週末我想去新開的書店看看，說不定能挖到寶。	This weekend I want to check out the new bookstore; I might find a treasure.
空間	這間套房空間太小了。	This studio is too small.
空間	我們把雜物收起來，客廳就多出不少活動空間。	When we put the clutter away, the living room gained a lot of room to move.
結合	咖啡和蛋糕結合得很好。	Coffee and cake go together really well.
結合	這家餐廳把傳統小吃和現代設計結合，吸引很多年輕人。	This restaurant combines traditional snacks with modern design and attracts many young people.
繫	請繫好安全帶。	Please fasten your seat belt.
繫	他蹲下來，把鞋帶重新繫緊。	He crouched down and tied his shoelaces tight again.
至少	至少要睡七個小時。	You should sleep at least seven hours.
至少	這件外套至少要三千塊，我想等打折再買。	This jacket costs at least 3,000 dollars; I'll wait for a sale.
設備	健身房的設備很新。	The gym's equipment is new.
設備	公司更新了辦公室的設備，網路也變快了。	The company upgraded the office equipment and the network got faster too.
跑	他每天早上跑步。	He runs every morning.
跑	我跑了一整圈操場，累得滿頭大汗。	I ran a whole lap of the field and am drenched in sweat.
近	我家離車站很近。	My home is close to the station.
近	這家診所離公司很近，下班後去很方便。	This clinic is close to my office, so it's convenient to go after work.
錯誤	這是個嚴重的錯誤。	This is a serious mistake.
錯誤	我發現報告裡有幾個錯誤，已經請同事重新確認。	I found a few errors in the report and asked a colleague to recheck it.
電視	我在看電視。	I'm watching TV.
電視	晚上我媽喜歡看電視劇，我爸則喜歡看新聞。	In the evening my mom likes TV dramas, while my dad likes the news.
黃	香蕉熟了，變黃了。	The bananas are ripe and have turned yellow.
黃	黃燈亮了，請在路口停下來等一下。	The light turned yellow; please stop at the intersection and wait.
主任	主任在開會。	The director is in a meeting.
主任	主任說下週開始，大家可以彈性上下班。	The director said that from next week we can have flexible work hours.
今日	今日天氣晴朗。	The weather is clear today.
今日	今日起，本店全面提供電子發票，歡迎多加利用。	Starting today, this store issues e-receipts for everything; please make use of them.
倒	小心別摔倒。	Be careful not to fall.
倒	昨晚的強風把路邊的招牌吹倒了，今天早上還在整理。	The strong wind last night blew down a roadside sign, and it's still being cleaned up this morning.
其它	其它的問題，我們明天再討論。	We'll discuss the other issues tomorrow.
其它	清單上沒寫到的其它項目，請你自己補充。	For other items not on the list, please add them yourself.
創作	他喜歡創作音樂。	He likes creating music.
創作	這位畫家的新創作下週在美術館展出，吸引很多人去看。	The painter's new work goes on display at the art museum next week and is drawing many visitors.
原則	這是我的原則。	This is my principle.
原則	原則上，申請文件要在週五前交，但特殊情況可以延期。	In principle, application documents are due by Friday, but special cases may get an extension.
商業	這條街是商業區。	This street is a commercial district.
商業	新的商業大樓下個月開幕，一樓有很多餐廳。	The new commercial building opens next month, with lots of restaurants on the first floor.
在於	問題的關鍵在於時間。	The key to the problem lies in time.
在於	這家店成功的原因在於食材新鮮，價格又公道。	The reason this shop succeeds is that its ingredients are fresh and its prices fair.
妻子	他和妻子一起去旅行。	He went traveling with his wife.
妻子	他的妻子是小學老師，每天都很早起床準備早餐。	His wife is an elementary school teacher and gets up early every day to make breakfast.
年輕	她看起來很年輕。	She looks very young.
年輕	年輕的時候多嘗試，不要怕失敗。	When you're young, try more things and don't be afraid of failing.
意識	他還沒有意識到問題。	He hasn't realized the problem yet.
意識	環保意識提高後，越來越多人自備環保杯。	As environmental awareness has grown, more and more people bring their own cups.
提	我幫你提行李。	I'll carry your luggage for you.
提	我想提一個建議，下次開會時間可以早一點。	I'd like to make a suggestion: the next meeting could be a bit earlier.
文件	請把文件寄給我。	Please send me the document.
文件	這份文件需要主管簽名，才能送到會計部門。	This document needs the supervisor's signature before it can go to accounting.
業務	他在公司做業務。	He works in sales at the company.
業務	最近業務很忙，我常常加班到很晚。	Business has been busy lately, and I often work overtime late into the night.
治療	醫生正在治療他的腳傷。	The doctor is treating his foot injury.
治療	牙齒的治療要分好幾次，每次大概一個小時。	The dental treatment takes several visits, about an hour each.
現	我現在有空。	I'm free now.
現	請以現金付款，本店不接受刷卡。	Please pay in cash; this shop doesn't accept cards.
破壞	不要破壞公物。	Don't damage public property.
破壞	颱風破壞了不少房屋，政府正在協助重建。	The typhoon damaged many houses, and the government is helping with rebuilding.
管	你別管我的事。	Mind your own business.
管	我媽管得很嚴，每天晚上十點就要我睡覺。	My mom is very strict; she makes me go to bed at ten every night.
聯盟	他們組成了聯盟。	They formed an alliance.
聯盟	各國組成貿易聯盟，希望降低彼此的關稅。	Countries formed a trade alliance hoping to lower tariffs on one another.
記得	你記得關燈嗎？	Do you remember to turn off the lights?
記得	我記得小時候，阿公常帶我去河邊釣魚。	I remember that when I was little, my grandpa often took me fishing by the river.
資金	創業需要資金。	Starting a business takes funds.
資金	他們正在募集資金，準備開第二家分店。	They're raising funds to open a second branch.
通常	我通常七點起床。	I usually get up at seven.
通常	週末通常人很多，所以我們都盡量平日去。	It's usually crowded on weekends, so we try to go on weekdays.
鄉	我住在鄉下。	I live in the countryside.
鄉	鄉公所下個月辦理健康檢查，歡迎民眾報名。	The township office is holding health checkups next month; residents are welcome to sign up.
錯	這題我答錯了。	I got this question wrong.
錯	對不起，我記錯時間了，會議是三點不是兩點。	Sorry, I got the time wrong; the meeting is at three, not two.
階段	現在是關鍵階段。	We're at a critical stage now.
階段	專案分成三個階段，第一階段先做市場調查。	The project has three phases; phase one is market research.
頭	我頭有點痛。	My head hurts a bit.
頭	這件事我從頭到尾都不知道。	I knew nothing about this from start to finish.
下去	你先下去等我。	Go down first and wait for me.
下去	這份工作雖然辛苦，但我還是想堅持下去。	This job is tough, but I still want to keep going.
主義	他是個理想主義者。	He's an idealist.
主義	他不喜歡拍馬屁，更討厭形式主義。	He dislikes flattery and hates empty formalism even more.
今	今晚我想早點睡。	I want to sleep early tonight.
今	古今中外都有人喜歡喝茶。	People have loved drinking tea throughout all times and places.
假	這個包包是假的吧？	This bag is a fake, isn't it?
假	下週我請了三天假，打算帶家人去南部走走。	I took three days off next week and plan to take my family down south.
優秀	他是個優秀的學生。	He's an outstanding student.
優秀	公司表揚了幾位優秀員工，每人拿到一份獎金。	The company honored several outstanding employees, each receiving a bonus.
兼	我在便利商店兼差。	I have a part-time job at a convenience store.
兼	他是校長，同時兼任數學老師。	He's the principal and also serves as a math teacher.
勞動	搬家是很累的勞動。	Moving house is tiring labor.
勞動	五月一日勞動節，很多公司都放假一天。	May 1st is Labor Day, and many companies give the day off.
卷	我不想卷入這場爭吵。	I don't want to get dragged into this argument.
卷	颱風席卷南部，許多地方停水停電。	The typhoon swept across the south, cutting water and power in many places.
周	我家周圍很安靜。	It's quiet around my home.
周	他騎腳踏車環島一周，只花了十天。	He cycled all the way around the island in only ten days.
因素	天氣是一個因素。	The weather is one factor.
因素	房價高低受很多因素影響，例如地點和交通。	House prices are affected by many factors, such as location and transportation.
塊	我吃了一塊蛋糕。	I ate a piece of cake.
塊	這件外套要三千塊，我想先看看別家的價格。	This jacket is three thousand dollars; I want to check other shops' prices first.
媽	我媽做的菜最好吃。	My mom's cooking is the best.
媽	我阿姨剛生完小孩，我媽每天都去幫忙。	My aunt just had a baby, and my mom goes to help every day.
專門	這家店專門賣茶葉。	This shop specializes in tea leaves.
專門	他專門負責處理客人的投訴，經驗很豐富。	He deals specifically with customer complaints and has lots of experience.
巨大	那棵樹的樹幹非常巨大。	That tree's trunk is enormous.
巨大	這次地震造成了巨大的損失，政府正在統計。	The earthquake caused huge losses, and the government is tallying them up.
往	往前走就到了。	Just go straight ahead and you'll be there.
往	往左邊走兩個路口，就能看到那間藥局。	Go left for two blocks and you'll see that pharmacy.
感受	你有什麼感受？	How do you feel about it?
感受	第一次一個人去旅行，我深深感受到了自由的滋味。	Traveling alone for the first time, I truly felt the taste of freedom.
投入	他很投入工作。	He's very dedicated to his work.
投入	他把大量時間投入學習中文，進步很快。	He puts a lot of time into studying Chinese and is improving fast.
措施	政府採取了新措施。	The government took new measures.
措施	為了防止感染，學校加強了消毒措施，也要求學生量體溫。	To prevent infection, the school stepped up disinfection measures and asks students to take their temperature.
救	快救救他！	Quick, save him!
救	消防員冒著大雨，把受困的小貓救了出來。	Firefighters braved the heavy rain to rescue the trapped kitten.
明	房間很明亮。	The room is bright.
明	請在申請表上註明聯絡電話，方便我們通知您。	Please note your phone number on the application form so we can contact you.
有限公司	他在一家有限公司上班。	He works at a limited company.
有限公司	這家有限公司成立十年了，主要做網路行銷。	This limited company has been around for ten years, mainly doing online marketing.
格	請填在這個格子裡。	Please fill it in this box.
格	他的個性很特別，跟大家都格格不入。	He has a unique personality and doesn't fit in with anyone.
法規	開店要遵守法規。	You must follow regulations when opening a shop.
法規	新的食品法規下個月上路，業者必須標示產地。	New food regulations take effect next month, requiring vendors to label origins.
為何	為何你這麼晚才回來？	Why did you come back so late?
為何	公告中並未說明為何要取消這次活動。	The notice doesn't explain why this event is being canceled.
特點	這家店的特點是便宜。	This shop's special feature is being cheap.
特點	這款手機最大的特點是電池特別耐用。	The biggest feature of this phone is its especially durable battery.
發出	冷氣機發出奇怪的聲音。	The air conditioner is making a strange noise.
發出	公司已向全體員工發出通知，請大家週五前完成健康檢查。	The company sent a notice to all staff asking everyone to finish their health checkups by Friday.
結婚	他們下個月要結婚。	They're getting married next month.
結婚	我哥結婚之後搬到台中，我們現在很少見面。	After my brother got married he moved to Taichung, and we seldom meet now.
老婆	我老婆在煮飯。	My wife is cooking.
老婆	他每天下班就回家陪老婆孩子，很少應酬。	He goes straight home after work to be with his wife and kids and rarely socializes.
舊	這雙鞋太舊了。	These shoes are too old.
舊	我想把舊手機賣掉，再換一支新的。	I want to sell my old phone and get a new one.
複雜	這個問題很複雜。	This problem is complicated.
複雜	辦簽證的流程很複雜，要準備很多文件。	The visa process is complicated and needs a lot of documents.
評價	這家店的評價不錯。	This shop has good reviews.
評價	買東西前，我習慣先看看其他客人的評價。	Before buying something, I like to check other customers' reviews.
變得	天氣變得很冷。	The weather has turned very cold.
變得	自從養了貓，他的生活變得更有趣了。	Since getting a cat, his life has become more fun.
超級	這碗麵超級好吃！	This bowl of noodles is super tasty!
超級	超級市場週年慶，很多商品都打五折。	The supermarket's anniversary sale has many items at half price.
連續	他連續三天加班。	He worked overtime three days in a row.
連續	連續下了一星期的雨，衣服怎麼晾都不乾。	It rained for a whole week straight, and clothes just won't dry.
邀請	謝謝你的邀請。	Thank you for the invitation.
邀請	她邀請我們下週六去她家吃飯，我們很期待。	She invited us to her place for dinner next Saturday, and we're looking forward to it.
隊伍	買票的隊伍很長。	The ticket line is long.
隊伍	球迷的隊伍從體育館門口排到了馬路對面。	The fans' line stretched from the stadium entrance to the other side of the road.
雲	天上有很多雲。	There are lots of clouds in the sky.
雲	烏雲慢慢飄過來，看起來快下雨了。	Dark clouds are drifting over; it looks like rain is coming.
風險	投資有風險。	Investing carries risk.
風險	騎機車一定要戴安全帽，才能降低受傷的風險。	You must wear a helmet when riding a scooter to lower the risk of injury.
高興	見到你我很高興。	I'm happy to see you.
高興	聽說你考上了，我比你還高興。	Hearing you got in, I'm even happier than you are.
不知	他不知去了哪裡。	He went off to who knows where.
不知	他不知從哪裡聽來的消息，一直問我是不是真的。	Not knowing where he heard the news, he kept asking me whether it was true.
作出	老闆作出了決定。	The boss made a decision.
作出	經過幾次討論，委員會終於作出了最後的決議。	After several discussions, the committee finally reached a final resolution.
公平	這樣做不公平。	It's not fair to do it this way.
公平	比賽規則必須公平，才能讓每個選手都有機會。	The rules must be fair so every player has a chance.
力	他很有力氣。	He's very strong.
力	只要我們盡力，結果如何就不用太在意。	As long as we do our best, we needn't worry too much about the result.
反映	這個數字反映了真實情況。	This figure reflects the real situation.
反映	這份問卷反映出大家對新制度的不滿。	This questionnaire reflects everyone's dissatisfaction with the new system.
吸引	音樂吸引了他的注意。	The music caught his attention.
吸引	新開的咖啡廳靠著特別的裝潢，吸引了不少年輕客人。	The new cafe draws many young customers with its distinctive decor.
培訓	新進員工要先接受培訓。	New employees must go through training first.
培訓	公司每年都會安排培訓課程，讓同事學習新技能。	The company arranges training courses every year so colleagues can learn new skills.
天下	天下沒有白吃的午餐。	There's no such thing as a free lunch.
天下	天下父母心，每個媽媽都希望孩子平安。	Parents everywhere are alike; every mother hopes her child is safe.
完美	這個計畫很完美。	This plan is perfect.
完美	演唱會順利結束，整場表演幾乎完美。	The concert ended smoothly, and the whole performance was nearly perfect.
審查	文件還在審查中。	The document is still under review.
審查	這份申請要經過三個部門審查，大概需要兩週。	This application must be reviewed by three departments, which takes about two weeks.
就業	畢業後我想在台北就業。	After graduating I want to find a job in Taipei.
就業	現在就業市場競爭很激烈，新鮮人很需要實習經驗。	The job market is very competitive now, and fresh graduates really need internship experience.
帝國	羅馬帝國很大。	The Roman Empire was huge.
帝國	歷史課上，老師講了這個帝國興起與衰落的過程。	In history class, the teacher talked about this empire's rise and decline.
強大	這支球隊很強大。	This team is very strong.
強大	她內心很強大，再大的壓力也撐得住。	She's inwardly strong and can withstand even great pressure.
心理	他的心理壓力很大。	He's under a lot of psychological pressure.
心理	做這個選擇之前，先做好心理準備喔。	Before making this choice, prepare yourself mentally.
愛情	她很相信愛情。	She really believes in love.
愛情	這部電影講的是一段跨越二十年的愛情故事。	This movie tells a love story spanning twenty years.
投	他把球投進籃框。	He threw the ball into the hoop.
投	投票日那天，我們全家一起去投票所。	On election day, our whole family went to the polling station together.
推	請用力推門。	Please push the door hard.
推	他把購物車推到結帳櫃檯。	He pushed the shopping cart to the checkout counter.
收	我收到你的信了。	I received your letter.
收	下班前記得把桌上的東西收好，才不會弄丟。	Remember to put away your things before leaving work so nothing gets lost.
時刻	這是重要的時刻。	This is an important moment.
時刻	關鍵時刻，他總是能保持冷靜。	At critical moments, he can always stay calm.
構成	水是由氫和氧構成的。	Water is made up of hydrogen and oxygen.
構成	這起事件已經構成犯罪，警方決定正式立案。	This incident already amounts to a crime, and the police decided to open a formal case.
正義	我們要伸張正義。	We must uphold justice.
正義	判決出來之後，大家都覺得正義終於得到了伸張。	After the verdict, everyone felt justice had finally been served.
清	這條河的水很清。	The water in this river is clear.
清	週末我把房間徹底清了一遍，丟掉很多舊東西。	On the weekend I thoroughly cleaned my room and threw out a lot of old things.
產	芒果產於台南。	These mangoes are grown in Tainan.
產	這座農場一年可以產出兩百公斤的茶葉。	This farm can produce two hundred kilos of tea leaves a year.
痛苦	他很痛苦。	He is in pain.
痛苦	失去親人的痛苦，不是一時半刻能平復的。	The pain of losing a loved one can't be healed in a moment.
短	這條褲子太短了。	These pants are too short.
短	這部影片很短，只有三分鐘，你看一下就好。	This video is short, only three minutes; just take a look.
立場	我們立場不同。	We have different positions.
立場	每個人的立場不一樣，所以對這件事的看法也不同。	Everyone's standpoint differs, so views on this matter differ too.
維持	請維持秩序。	Please keep order.
維持	醫生說要維持規律的作息，身體才會慢慢恢復。	The doctor says to keep a regular routine so your body recovers gradually.
腳	我的腳好痛。	My foot hurts a lot.
腳	走了一整天的路，我的腳都起水泡了。	After walking all day, my feet have blisters.
裝	我在包包裡裝了一瓶水。	I put a bottle of water in my bag.
裝	老闆要我把剩下的貨裝箱，下午再寄出去。	The boss wants me to box up the remaining goods and ship them this afternoon.
論	大家一起討論吧。	Let's discuss it together.
論	他寫了一篇論文，討論網路對年輕人的影響。	He wrote a paper discussing the influence of the internet on young people.
足夠	我們有足夠的時間。	We have enough time.
足夠	你的存款足夠付房租嗎？	Is your savings enough to pay the rent?
違法	騎機車闖紅燈是違法的。	Running red lights on a scooter is illegal.
違法	在這裡亂丟垃圾是違法行為，會被罰款。	Dumping trash here is illegal and will be fined.
非法	這是非法的。	This is illegal.
非法	警方破獲了一個非法賭博網站，抓到十幾個人。	Police busted an illegal gambling website and arrested a dozen or so people.
風格	他的穿衣風格很特別。	His dressing style is unique.
風格	這家咖啡店的裝潢走的是日式簡約風格。	This coffee shop's decor is in a minimalist Japanese style.
一致	大家的意見一致。	Everyone's opinions agree.
一致	兩份報告的結果一致，所以我們很有信心。	The results of the two reports are consistent, so we're quite confident.
丟	別亂丟垃圾。	Don't litter.
丟	我的悠遊卡不見了，大概是在哪裡弄丟了。	My EasyCard is missing; I probably lost it somewhere.
事故	路口發生了事故。	An accident happened at the intersection.
事故	昨晚高速公路發生連環事故，造成大塞車。	A pile-up on the freeway last night caused a huge traffic jam.
他人	請尊重他人。	Please respect others.
他人	不要隨便打聽他人的私事，這樣很不禮貌。	Don't pry into other people's private affairs; it's rude.
信仰	每個人都有信仰自由。	Everyone has freedom of belief.
信仰	我阿嬤的信仰很虔誠，每天早上都去廟裡拜拜。	My grandma is devout and goes to the temple to pray every morning.
全體	全體同學請起立。	All students, please stand.
全體	全體員工下週一請到會議室，聽公司的新年度計畫。	All staff please come to the meeting room next Monday for the company's new-year plans.
到處	到處都是人。	There are people everywhere.
到處	我在房間到處找，都找不到耳機。	I looked all over the room and couldn't find my earphones.
協調	大家需要協調一下。	We all need to coordinate a bit.
協調	經過幾次協調，兩家公司終於達成共識。	After several rounds of coordination, the two companies finally reached a consensus.
反而	我吃了藥反而更不舒服。	After taking the medicine I felt worse instead.
反而	他沒有生氣，反而笑著跟我說沒關係。	He wasn't angry; instead he smiled and told me it was fine.
名單	名單上沒有我。	I'm not on the list.
名單	面試通過的名單，會在這星期五寄到你的信箱。	The list of those who passed the interview will be emailed to you this Friday.
啟動	電腦正在啟動。	The computer is starting up.
啟動	政府啟動了新的補助計畫，幫助小店度過難關。	The government launched a new subsidy program to help small shops through tough times.
地震	昨晚有地震。	There was an earthquake last night.
地震	地震的時候，要先躲到桌子底下保護頭部。	During an earthquake, first hide under a table and protect your head.
多久	你等了多久？	How long have you been waiting?
多久	從台北搭高鐵到高雄，大概要多久？	About how long does it take from Taipei to Kaohsiung by high-speed rail?
大規模	公司進行大規模的裁員。	The company is carrying out large-scale layoffs.
大規模	市區正在進行大規模的道路維修，駕駛朋友請多繞路。	Large-scale road repairs are under way downtown; drivers, please take detours.
婚姻	他們的婚姻很幸福。	Their marriage is very happy.
婚姻	婚姻需要雙方互相尊重，也需要不斷溝通。	A marriage needs mutual respect from both sides and constant communication.
將會	明天將會下雨。	It will rain tomorrow.
將會	下個月起，捷運的票價將會調整。	Starting next month, MRT fares will be adjusted.
島	台灣是個島。	Taiwan is an island.
島	我們坐船到島上玩，晚上看到滿天星星。	We took a boat to the island to play and saw a sky full of stars at night.
年輕人	現在的年輕人愛用手機。	Young people nowadays love using their phones.
年輕人	很多年輕人為了追求夢想，選擇離開家鄉打拚。	Many young people leave their hometowns to work hard for their dreams.
廳	我們在大廳等你。	We'll wait for you in the lobby.
廳	這家咖啡廳的環境很安靜，很適合念書。	This cafe is quiet and perfect for studying.
想起	我想起一件事。	I just thought of something.
想起	看到這張老照片，我想起了小時候的暑假。	Seeing this old photo reminded me of summers from my childhood.
成果	這是我們的成果。	This is our result.
成果	經過一年的努力，大家的成果終於得到肯定。	After a year of effort, everyone's achievements finally got recognition.
挺	坐的時候要把背挺直。	Keep your back straight when you sit.
挺	他挺起胸膛，大聲說出自己的想法。	He puffed out his chest and spoke his mind loudly.
播放	電視正在播放新聞。	The TV is playing the news.
播放	影片播放到一半就卡住了，可能是網路不太穩。	The video froze halfway through playing; maybe the connection is unstable.
數學	我的數學不太好。	I'm not very good at math.
數學	數學老師出了很多練習題，要我們週五前交。	The math teacher assigned lots of practice problems due by Friday.
暴力	不要使用暴力。	Don't use violence.
暴力	學校舉辦了反暴力講座，提醒學生遇到霸凌要告訴老師。	The school held an anti-violence talk reminding students to tell a teacher if they're bullied.
東部	他住在台灣東部。	He lives in eastern Taiwan.
東部	台灣東部有很多美麗的海岸，每年夏天都吸引不少遊客。	Eastern Taiwan has many beautiful coastlines that draw lots of visitors each summer.
歌	她很會唱歌。	She sings well.
歌	這首歌很好聽，我每天上班都會聽。	This song is lovely; I listen to it every day on my way to work.
沖	我想沖杯熱可可。	I'd like to make a cup of hot cocoa.
沖	洗完澡之後，記得把地板的泡沫沖乾淨。	After you shower, remember to rinse the foam off the floor.
滿	杯子裝滿了水。	The cup is filled with water.
滿	公車上擠得滿滿的，我只好站著回家。	The bus was packed full, so I had to stand all the way home.
爭議	這項政策引起爭議。	This policy has caused controversy.
爭議	新的課綱在社會上引起不少爭議，家長意見也不一。	The new curriculum has stirred up quite a bit of controversy, and parents are divided.
球	小朋友在玩球。	The kids are playing with a ball.
球	週末我們約了朋友去打球，打完再去吃冰。	This weekend we're meeting friends to play ball, then going for shaved ice.
病毒	這種病毒傳得很快。	This virus spreads fast.
病毒	醫生提醒大家勤洗手，才能避免病毒傳染。	The doctor reminds everyone to wash their hands often to avoid spreading the virus.
睡覺	我要去睡覺了。	I'm going to bed.
睡覺	睡覺前別一直滑手機，不然會很難入睡。	Don't keep scrolling your phone before bed, or it'll be hard to fall asleep.
突破	他突破了自己的紀錄。	He broke his own record.
突破	研究團隊在電池技術上有了重大突破。	The research team made a major breakthrough in battery technology.
簡稱	台灣大學簡稱台大。	National Taiwan University is abbreviated as NTU.
簡稱	公司全名太長了，大家都用簡稱叫它。	The company's full name is too long, so everyone uses its short name.
總結	請總結一下重點。	Please sum up the key points.
總結	會議結束前，主席總結了今天討論的幾項決議。	Before the meeting ended, the chair summed up the resolutions discussed today.
聲明	公司發表了聲明。	The company issued a statement.
聲明	他在聲明中表示，會對這件事負起全部責任。	In his statement he said he would take full responsibility for this matter.
臨時	我臨時有事，不能去了。	Something came up and I can't go.
臨時	颱風要來了，學校臨時宣布明天停課。	A typhoon is coming, so the school suddenly announced classes are canceled tomorrow.
藏	他把錢藏起來了。	He hid the money.
藏	我小時候喜歡玩捉迷藏，總是藏在衣櫃裡。	As a kid I loved playing hide-and-seek and always hid in the wardrobe.
西部	台灣西部人口很多。	Western Taiwan is heavily populated.
西部	台灣西部有高鐵和高速公路，交通比東部方便許多。	Western Taiwan has high-speed rail and freeways, making transportation much easier than in the east.
記憶	我的記憶力不太好。	My memory isn't very good.
記憶	那間老房子裡有我童年最美好的記憶。	That old house holds my fondest childhood memories.
證券	他在證券公司上班。	He works at a securities firm.
證券	爸爸每天早上都會看證券行情，再決定要不要買股票。	Every morning my dad checks the securities market before deciding whether to buy stocks.
費	上網費很貴。	Internet fees are expensive.
費	學校免收報名費，但交通費要自己負擔。	The school waives the registration fee, but you cover your own transportation costs.
輸	我們隊輸了。	Our team lost.
輸	這場比賽輸得很可惜，我們只差一分。	We lost this game and it's a pity; we were only one point short.
進來	請進來坐。	Please come in and sit.
進來	外面在下雨，快進來把濕衣服換掉。	It's raining outside; come in quick and change out of your wet clothes.
邊	他坐在我旁邊。	He's sitting next to me.
邊	我喜歡一邊散步，一邊聽播客。	I like to listen to podcasts while taking a walk.
隨時	有事請隨時找我。	Contact me any time if you need anything.
隨時	你有問題的話，隨時都可以傳訊息給我。	If you have questions, you can message me any time.
館	週末我們去博物館。	We're going to the museum this weekend.
館	這間旅館離車站很近，櫃台二十四小時有人。	This hotel is near the station, and the front desk is staffed twenty-four hours.
麻煩	不好意思，麻煩你了。	Sorry, thanks for the trouble.
麻煩	搬家真的很麻煩，要打包又要找貨運。	Moving is really a hassle; you have to pack and find a mover.
一路	祝你一路順風。	Have a safe trip.
一路	我們一路聊天，不知不覺就到了。	We chatted all the way and arrived before we knew it.
不得不	我不得不早點出門。	I have to leave home earlier.
不得不	雨下得太大，我們不得不取消露營的計畫。	It rained too hard, so we had no choice but to cancel the camping trip.
享有	公民享有言論自由。	Citizens enjoy freedom of speech.
享有	會員可享有九折優惠，還能累積點數。	Members get a ten percent discount and can earn points too.
供應	這家店供應早餐。	This shop serves breakfast.
供應	颱風過後，水電供應很快就恢復了。	After the typhoon, the water and power supply was restored quickly.
借	可以借我一支筆嗎？	Can I borrow a pen?
借	我跟圖書館借了五本書，三週內要還。	I borrowed five books from the library, due back in three weeks.
充分	你要充分休息。	You should get plenty of rest.
充分	出發前請充分準備，免得到時候手忙腳亂。	Prepare well before you set out so you aren't flustered later.
分配	我們先分配工作吧。	Let's assign the tasks first.
分配	經理把新專案分配給三個小組，各自負責不同部分。	The manager assigned the new project to three teams, each handling a different part.
加速	火車開始加速了。	The train started to speed up.
加速	政府想加速審查流程，讓民眾更快拿到補助。	The government wants to speed up the review process so people get subsidies sooner.
可惜	真可惜，你沒來。	What a pity you didn't come.
可惜	可惜今天下大雨，不然我們就能去海邊玩了。	It's a pity it's pouring today; otherwise we could have gone to the beach.
呈現	結果呈現在大家面前。	The results were presented before everyone.
呈現	這份報告用圖表呈現數據，讓人一目了然。	This report presents the data in charts, making it clear at a glance.
器	冰箱是家用電器。	A fridge is a household appliance.
器	這個機器的零件壞了，要請師傅來修理。	A part of this machine is broken, so we need a technician to repair it.
圖書館	我常去圖書館。	I often go to the library.
圖書館	圖書館星期一休館，要借書的話請星期二再來。	The library is closed on Mondays; to borrow books please come on Tuesday.
大大	這樣做大大省了時間。	Doing it this way saves a great deal of time.
大大	多虧大家幫忙，我們的工作量大大減少了。	Thanks to everyone's help, our workload has greatly decreased.
姑娘	那個小姑娘在唱歌。	That little girl is singing.
姑娘	故事裡的姑娘很善良，常常幫助村裡的老人。	The girl in the story is kind and often helps the old folks in the village.
封	他寄了一封信給我。	He sent me a letter.
封	路面積水太深，附近的道路已經被封了。	The water on the road is too deep, so nearby roads have been closed off.
對話	我們的對話很愉快。	Our conversation was pleasant.
對話	這本英文教材每一課都有一段對話，很適合練習口說。	Each lesson in this English textbook has a dialogue, perfect for speaking practice.
年間	這間廟建於清朝年間。	This temple was built during the Qing dynasty.
年間	日治年間有許多建設，現在還留下不少老建築。	Many projects were built during the Japanese era, and quite a few old buildings remain.
後果	後果很嚴重。	The consequences are serious.
後果	不先檢查就上路，後果可能不堪設想。	Hitting the road without checking first could have unthinkable consequences.
怪	這個味道好奇怪。	This smell is so odd.
怪	最近機器常發出怪聲，我怕是哪裡壞了。	The machine has been making odd noises lately; I'm afraid something's broken.
慾	我最近沒什麼食慾。	I haven't had much appetite lately.
慾	人的慾望是無窮的，所以要學會知足。	Human desires are endless, so one must learn to be content.
手術	他明天要動手術。	He's having surgery tomorrow.
手術	手術很順利，醫生說再住院兩天就能出院了。	The surgery went well, and the doctor says he can leave the hospital after two more days.
探索	孩子喜歡探索世界。	Kids love exploring the world.
探索	這座洞穴很深，只有專業的團隊才能進去探索。	This cave is deep and only professional teams can go in to explore it.
旅行	我喜歡一個人旅行。	I like traveling alone.
旅行	暑假我們計畫去歐洲旅行兩週，現在在查機票。	This summer we plan to travel to Europe for two weeks and are checking flights now.
有所	他的表現有所進步。	His performance has improved somewhat.
有所	比起去年，今年的銷售量有所成長。	Compared with last year, sales have grown somewhat this year.
條約	兩國簽了條約。	The two countries signed a treaty.
條約	兩國簽署貿易條約之後，進口關稅降低了。	After the two countries signed the trade treaty, import tariffs went down.
歌曲	這是一首經典歌曲。	This is a classic song.
歌曲	她的新專輯收錄了十二首歌曲，每一首都很動人。	Her new album has twelve songs, each one moving.
氣候	台灣的氣候很潮濕。	Taiwan's climate is very humid.
氣候	全球氣候變遷讓夏天越來越熱，也讓颱風更強。	Global climate change makes summers hotter and typhoons stronger.
海洋	海洋裡有很多魚。	There are many fish in the ocean.
海洋	海洋汙染越來越嚴重，所以我們要少用一次性塑膠。	Ocean pollution is getting worse, so we should use less single-use plastic.
激烈	比賽非常激烈。	The match is very intense.
激烈	兩個人為了錢的事激烈爭吵，最後不歡而散。	The two had a heated argument over money and parted on bad terms.
獨特	這家店的味道很獨特。	This shop's flavor is very distinctive.
獨特	這條老街有獨特的氣氛，每年吸引許多外國遊客。	This old street has a distinctive atmosphere that draws many foreign tourists each year.
男女	男女都可以參加。	Both men and women can join.
男女	這份工作不分男女，只要有興趣都可以來應徵。	This job is open to men and women alike; anyone interested can apply.
目	他目不轉睛地看著我。	He stared at me without blinking.
目	請你過目一下這份合約，沒問題我就簽名。	Please look over this contract, and if it's fine I'll sign.
研發	公司投入研發新產品。	The company puts effort into developing new products.
研發	這家公司每年把一成的利潤投入研發，所以技術一直領先。	This company puts ten percent of its profit into R&D each year, so its technology stays ahead.
等於	二加三等於五。	Two plus three equals five.
等於	不回覆就等於拒絕，所以我還是先回他一下比較好。	Not replying amounts to refusing, so I'd better answer him first.
經理	經理在開會。	The manager is in a meeting.
經理	新來的經理很好溝通，大家有問題都敢直接找他。	The new manager is easy to talk to, and everyone dares to approach him directly.
聖	聖誕節快到了。	Christmas is coming.
聖	他對聖經很有研究，常常在教會分享心得。	He knows the Bible well and often shares his thoughts at church.
自治區	那個自治區人口不多。	That autonomous region isn't heavily populated.
自治區	這個自治區享有一定程度的自主權，有自己的議會。	This autonomous region enjoys a degree of self-rule and has its own council.
見面	我們明天見面吧。	Let's meet tomorrow.
見面	好久不見，我們找個時間見面吃頓飯吧。	Long time no see; let's find a time to meet for a meal.
記載	古書記載了這件事。	Old books recorded this matter.
記載	古書記載，這座廟已經有三百多年的歷史。	Ancient books record that this temple has over three hundred years of history.
談判	雙方正在談判。	The two sides are negotiating.
談判	工會與公司談判了三天，終於達成協議。	The union and the company negotiated for three days and finally reached an agreement.
資訊	這裡有很多資訊。	There's a lot of information here.
資訊	網路上的資訊很多，但不是每一條都可靠。	There's lots of information online, but not all of it is reliable.
車輛	這條路禁止車輛通行。	Vehicles are not allowed on this road.
車輛	違規停放的車輛會被拖吊，請大家注意。	Illegally parked vehicles will be towed; please take note.
通訊	他用通訊軟體傳訊息。	He sends messages with a messaging app.
通訊	山區的通訊不太穩定，有時候手機完全沒有訊號。	Communications in the mountains are unstable, and sometimes the phone has no signal at all.
那時	那時我還在念小學。	I was still in elementary school then.
那時	那時候沒有智慧型手機，我們都用公共電話聯絡。	There were no smartphones then; we kept in touch by public phone.
階級	社會有不同階級。	Society has different classes.
階級	他來自勞工階級，所以特別理解辛苦工作的人。	He comes from the working class, so he especially understands people who work hard.
預期	成績比預期好。	The grades were better than expected.
預期	今年的銷售量超出預期，老闆決定發獎金給大家。	This year's sales exceeded expectations, so the boss decided to give everyone a bonus.
餐廳	這間餐廳很好吃。	This restaurant is delicious.
餐廳	週末的餐廳常常客滿，最好先訂位。	Restaurants are often full on weekends, so it's best to book ahead.
黑色	我喜歡黑色的鞋子。	I like black shoes.
黑色	他穿著黑色西裝，看起來很正式。	He wore a black suit and looked very formal.
不停	雨不停地下。	The rain keeps falling nonstop.
不停	他緊張得不停喝水，連手都在發抖。	He was so nervous he kept drinking water, and even his hands were shaking.
主流	這種音樂不是主流。	This kind of music isn't mainstream.
主流	現在主流的手機都有防水功能，價格也不貴。	Mainstream phones today are waterproof and not expensive.
人工	這是人工做的。	This is handmade.
人工	這家店的麵包都是人工製作，不加防腐劑。	The bread at this shop is all made by hand, with no preservatives.
代碼	請輸入簡訊的代碼。	Please enter the code from the text message.
代碼	每個商品都有自己的代碼，掃一下就能查到庫存。	Each product has its own code; scan it to check the stock.
例	老師舉了一個例子。	The teacher gave an example.
例	按照慣例，公司每年尾牙都會抽獎。	By custom, the company holds a raffle at its year-end banquet every year.
修	腳踏車壞了，要修。	The bike is broken and needs repair.
修	我的手機螢幕摔裂了，要送去修才行。	My phone screen cracked; I have to send it in for repair.
入侵	駭客入侵了系統。	Hackers broke into the system.
入侵	外來物種入侵後，本地的生態受到很大的影響。	After alien species invaded, the local ecology was greatly affected.
公寓	我住在老公寓。	I live in an old apartment building.
公寓	這棟公寓沒有電梯，搬家具要走樓梯上五樓。	This apartment building has no elevator, so moving furniture means carrying it up five flights.
出售	這間房子正在出售。	This house is for sale.
出售	本店出售各種手工餅乾，歡迎試吃。	This shop sells all kinds of handmade cookies; samples welcome.
判決	法院作出了判決。	The court issued a judgment.
判決	法院昨天宣布判決，被告被判有罪。	The court announced its verdict yesterday, and the defendant was found guilty.
劇	我喜歡看韓劇。	I like watching Korean dramas.
劇	這齣劇最近很紅，每個人都在討論最後一集。	This show is hot lately, and everyone's discussing the last episode.
北方	風從北方吹來。	The wind blows from the north.
北方	每年冬天，北方的冷氣團一來，台灣就會變冷。	Every winter when cold air masses arrive from the north, Taiwan gets cold.
反抗	被欺負久了，他終於反抗。	After being bullied for so long, he finally fought back.
反抗	青少年有時會反抗父母，只是想證明自己長大了。	Teenagers sometimes rebel against their parents just to prove they've grown up.
吸收	海綿會吸收水。	Sponges absorb water.
吸收	新人剛進公司時，要盡快吸收各種新知識。	When new hires join, they should absorb all kinds of new knowledge quickly.
哥	我哥在台北工作。	My older brother works in Taipei.
哥	我哥比我大五歲，小時候常常帶我去騎腳踏車。	My brother is five years older than me and often took me biking as a kid.
國防	國防預算增加了。	The defense budget has increased.
國防	立法院正在討論明年的國防預算。	The Legislative Yuan is discussing next year's defense budget.
執法	警察依法執法。	The police enforce the law according to the rules.
執法	警方執法時必須公正，不能因人而異。	Police must enforce the law fairly and not treat people differently.
外匯	他在銀行換外匯。	He's exchanging foreign currency at the bank.
外匯	出國前，我到銀行的外匯櫃檯換日圓。	Before going abroad, I changed yen at the bank's foreign exchange counter.
大戰	老師講到第一次世界大戰。	The teacher talked about the First World War.
大戰	兩隊在決賽中展開一場大戰，最後比數是九比八。	The two teams fought a big battle in the finals, ending nine to eight.
夫	他們夫妻感情很好。	The couple are very close.
夫	隔壁的夫婦每天傍晚都會一起去公園散步。	The couple next door go for a walk in the park together every evening.
嬰兒	嬰兒睡著了。	The baby fell asleep.
嬰兒	嬰兒車不能帶上手扶梯，請改搭電梯。	Strollers can't go on the escalator; please take the elevator instead.
寶寶	寶寶在笑。	The baby is laughing.
寶寶	寶寶最近開始學走路，我們都緊張地跟在後面。	The baby recently started to learn to walk, and we all nervously follow behind.
尚	時間尚早，不用急。	It's still early; no need to rush.
尚	這件事尚未決定，請大家再等一等。	This hasn't been decided yet; please wait a little longer.
工會	他加入了工會。	He joined the labor union.
工會	工會要求公司改善加班制度，也希望能調整薪水。	The union asked the company to improve its overtime system and hopes to adjust salaries.
平時	我平時很少運動。	I seldom exercise normally.
平時	他平時很安靜，但一上台就很有魅力。	He's quiet usually, but he's charming as soon as he's on stage.
廣	這條馬路很寬廣。	This road is very wide.
廣	這部電影在網路上廣受好評，連長輩也看過。	This movie is widely acclaimed online, and even the older generation has seen it.
形	這個盤子是圓形的。	This plate is round.
形	這個蛋糕做成星星的形狀，小朋友們都很喜歡。	This cake is shaped like a star, and the kids love it.
忽視	不要忽視健康。	Don't neglect your health.
忽視	他一直忽視身體發出的警訊，結果病倒了。	He kept ignoring his body's warning signs and ended up falling ill.
恨	我恨自己太晚才發現。	I hate that I found out so late.
恨	他恨透了每天擠公車，所以決定買一輛機車。	He hated squeezing onto the bus every day, so he decided to buy a scooter.
成人	成人票比較貴。	Adult tickets cost more.
成人	成人和兒童的票價不一樣，購票時請先確認。	Adult and child ticket prices differ, so please check when buying.
打破	他不小心打破了杯子。	He accidentally broke the cup.
打破	她在比賽中打破了全國紀錄，大家都為她鼓掌。	She broke the national record in the competition and everyone applauded her.
指定	請在指定地點集合。	Please gather at the designated place.
指定	老師指定我們讀這本小說，下週要交心得。	The teacher assigned us this novel, with a reflection due next week.
損害	熬夜會損害健康。	Staying up late harms your health.
損害	長期熬夜會損害身體，也會影響工作表現。	Staying up late long-term harms your body and affects work performance.
擺脫	我想擺脫壞習慣。	I want to get rid of bad habits.
擺脫	他花了兩年才擺脫失敗的陰影，重新出發。	It took him two years to shake off the shadow of failure and start afresh.
效率	他做事很有效率。	He works very efficiently.
效率	用了新系統之後，我們的工作效率提高了三成。	After using the new system, our work efficiency rose by thirty percent.
斷	繩子斷了。	The rope snapped.
斷	昨晚停電，網路也斷了，我只好早早睡覺。	Last night the power went out and the internet was cut, so I went to bed early.
書籍	這裡賣各種書籍。	This place sells all kinds of books.
書籍	書店把新書籍擺在門口最顯眼的地方。	The bookstore displays new books in the most prominent spot by the door.
架	牆上有一個書架。	There's a bookshelf on the wall.
架	窗外飛過一架直升機，聲音大得讓人嚇一跳。	A helicopter flew past the window, so loud it made me jump.
橋	這座橋很長。	This bridge is very long.
橋	走過那座橋，就能看到那間老廟。	Cross that bridge and you'll see the old temple.
步	他走了幾步。	He took a few steps.
步	學中文不要急，要一步一步來，慢慢累積。	Don't rush when learning Chinese; take it step by step and build up slowly.
法案	這項法案引起很多討論。	This bill has sparked lots of discussion.
法案	新法案規定，所有餐廳都要標示過敏原。	The new bill requires all restaurants to label allergens.
測量	請測量一下體溫。	Please take your temperature.
測量	工人在工地測量土地，準備蓋新的大樓。	Workers are surveying the land at the site, getting ready to build a new tower.
無疑	這無疑是個好消息。	This is undoubtedly good news.
無疑	無疑地，這次比賽的冠軍屬於他們。	Without a doubt, the champion of this match belongs to them.
物理	他的物理成績很好。	His physics grades are good.
物理	水在零度會結冰，這是基本的物理現象。	Water freezes at zero degrees; it's a basic physical phenomenon.
理念	我認同他的理念。	I agree with his philosophy.
理念	這家店的理念是用在地食材，做出健康的料理。	This shop's philosophy is to use local ingredients to make healthy dishes.
病人	病人在休息。	The patient is resting.
病人	診所裡有很多病人，我等了快一個小時才輪到。	There were many patients at the clinic, and I waited nearly an hour for my turn.
監管	政府加強食品監管。	The government is strengthening food oversight.
監管	金融監管機關正在調查這起案件。	The financial regulators are investigating this case.
祝	祝你生日快樂！	Happy birthday to you!
祝	我們在卡片上寫了祝福，祝她早日康復。	We wrote well wishes on the card, wishing her a speedy recovery.
空中	鳥在空中飛。	Birds fly in the sky.
空中	空服員在空中提供餐點和飲料給乘客。	The flight attendants serve meals and drinks to passengers in the air.
精彩	比賽很精彩。	The match is exciting.
精彩	昨晚的演唱會很精彩，大家一直跟著唱到最後。	Last night's concert was brilliant, and everyone sang along to the very end.
緊	把門關緊一點。	Close the door tight.
緊	這雙鞋太緊了，走久了腳會痛。	These shoes are too tight; my feet hurt after walking a while.
義務	納稅是公民的義務。	Paying taxes is a citizen's duty.
義務	他在社區當義務導覽員，週末帶遊客認識老街。	He volunteers as a guide in the community and shows visitors the old street on weekends.
背	她背著一個大書包。	She is carrying a big school bag on her back.
背	他背著小孩爬了三層樓，累得氣喘吁吁。	He carried his child up three floors on his back and was out of breath.
舉	請舉手發問。	Please raise your hand to ask a question.
舉	老師舉了幾個例子，讓大家更容易理解。	The teacher gave several examples to make it easier for everyone to understand.
葉	樹葉變黃了。	The leaves have turned yellow.
葉	秋天一到，路邊的樹葉就一片一片掉下來。	When autumn comes, the leaves along the road fall one by one.
街頭	街頭有人在表演。	Someone is performing on the street.
街頭	很多年輕人喜歡在街頭唱歌，希望被人看見。	Many young people like to sing on the street, hoping to be noticed.
言論	我們有言論自由。	We have freedom of speech.
言論	網路上的言論要小心，說出口的話可能傷到別人。	Be careful with remarks online; what you say may hurt others.
說出	他說出了心裡話。	He spoke his mind.
說出	她終於鼓起勇氣說出真相，大家都鬆了一口氣。	She finally gathered the courage to tell the truth, and everyone breathed a sigh of relief.
讀書	我在房間讀書。	I'm studying in my room.
讀書	弟弟明年要考高中，每天讀書到很晚。	My younger brother takes the high school exam next year and studies late every day.
趕	快一點，我們要趕時間。	Hurry, we're rushing for time.
趕	我趕在關門前衝進超商，買到最後一個便當。	I dashed into the convenience store before it closed and got the last lunch box.
較為	這個選項較為便宜。	This option is comparatively cheaper.
較為	比起夏天，秋天的天氣較為舒適，很適合出門走走。	Compared with summer, autumn weather is fairly comfortable and good for going out.
辭職	他決定辭職了。	He decided to resign.
辭職	我老闆最近很苛刻，我已經在考慮要不要辭職。	My boss has been harsh lately, and I'm already thinking about whether to quit.
通信	我們靠書信通信。	We correspond by letters.
通信	那時沒有手機，他和朋友只能靠寫信通信，一封信要等好幾天。	There were no cell phones then, so he and his friends could only write letters, waiting days for each.
遭遇	他遭遇了困難。	He met with difficulties.
遭遇	她遭遇車禍之後，花了半年才完全康復。	After her car accident, it took half a year to fully recover.
那天	那天下了大雨。	It rained heavily that day.
那天	那天我在路上碰到老同學，聊了快一個小時。	That day I ran into an old classmate on the road and we chatted for nearly an hour.
重複	請不要重複問題。	Please don't repeat the question.
重複	這份名單有重複的名字，請你再檢查一次。	This list has duplicate names; please check again.
降	氣溫降了好幾度。	The temperature dropped by several degrees.
降	明天會有冷氣團，氣溫將降到十度以下。	A cold air mass arrives tomorrow and temperatures will drop below ten degrees.
離婚	他們去年離婚了。	They got divorced last year.
離婚	離婚後她一個人帶著孩子，日子過得不容易。	After the divorce she raised her child alone, and life wasn't easy.
預防	多洗手可以預防感冒。	Washing hands often helps prevent colds.
預防	預防勝於治療，所以我們每年都做健康檢查。	Prevention is better than cure, so we have a health checkup every year.
一會兒	我休息一會兒就好。	I'll be fine after resting a moment.
一會兒	你先坐一會兒，我去倒杯水給你。	Sit for a moment first; I'll get you a glass of water.
下次	下次再一起吃飯。	Let's eat together next time.
下次	下次你來台南，我帶你去吃真正的牛肉湯。	Next time you come to Tainan, I'll take you for real beef soup.
之所以	我之所以來，是想幫你。	The reason I came is that I want to help you.
之所以	他之所以遲到，是因為路上發生了事故。	The reason he was late is that there was an accident on the road.
以往	以往他都很準時。	In the past he was always punctual.
以往	以往這個季節很少下雨，今年卻很不一樣。	It seldom rained in this season in the past, but this year is quite different.
依舊	她依舊住在老家。	She still lives in her family home.
依舊	十年過去了，那間早餐店的味道依舊沒變。	Ten years have passed, and that breakfast shop tastes just the same.
備	出門前，我先備好雨傘。	Before heading out, I got my umbrella ready.
備	考試前一天，他把文具和證件都備齊了。	The day before the exam, he got his stationery and ID all ready.
入口	入口在左邊。	The entrance is on the left.
入口	地下停車場的入口很窄，開大車要小心。	The entrance to the underground parking is narrow, so be careful in a big car.
共識	我們已經達成共識。	We've reached a consensus.
共識	雙方經過多次溝通，才在價格上取得共識。	After many rounds of talks, the two sides reached a consensus on price.
刑事	這是刑事案件。	This is a criminal case.
刑事	警方已將這起案件列為刑事案件，並展開調查。	The police have classified this as a criminal case and opened an investigation.
剝奪	沒人能剝奪你的自由。	No one can take away your freedom.
剝奪	他因為犯罪，被剝奪了公民權。	Because of his crime, he was stripped of his civil rights.
勝	我們隊這次勝了。	Our team won this time.
勝	這場比賽我們以三分的差距獲勝。	We won this game by a margin of three points.
危害	吸煙危害健康。	Smoking endangers health.
危害	這種化學物質危害環境，已經被政府禁用。	This chemical harms the environment and has been banned by the government.
另一方面	另一方面，我也有顧慮。	On the other hand, I have concerns too.
另一方面	這款手機功能強大，但另一方面，價格也比同類產品貴不少。	This phone is powerful, but on the other hand it costs quite a bit more than similar ones.
周邊	學校周邊有很多小吃。	There are many snacks around the school.
周邊	這家書店也賣電影周邊商品，像是海報和明信片。	This bookstore also sells movie merchandise, like posters and postcards.
嚴肅	老師的表情很嚴肅。	The teacher's expression is stern.
嚴肅	別人在說嚴肅的事情時，不要一直開玩笑。	Don't keep joking when others are talking about serious matters.
基因	眼睛的顏色由基因決定。	Eye color is determined by genes.
基因	醫生說這種疾病跟基因有關，所以家族有人得過要多注意。	The doctor says this illness is linked to genes, so if a relative had it, be extra careful.
大獎	他中了大獎。	He won the grand prize.
大獎	這本小說得了文學大獎，作者在頒獎典禮上激動落淚。	This novel won a major literary prize, and the author wept with emotion at the ceremony.
夫婦	那對夫婦住在隔壁。	That couple lives next door.
夫婦	這對夫婦開了一家小書店，已經經營二十年了。	This couple opened a small bookstore and has run it for twenty years.
如同	她對我如同親姊妹。	She is like a sister to me.
如同	夕陽如同一顆橘色的球，慢慢沉入海平面。	The sun, like an orange ball, slowly sank into the sea.
宮	我們週末去故宮。	We're going to the Palace Museum this weekend.
宮	這座宮廟很有歷史，每逢節日都有很多人來拜拜。	This temple has a long history, and many people come to worship on every festival.
對立	兩邊的意見對立。	The two sides' opinions are opposed.
對立	兩派人馬長期對立，讓會議很難有結論。	The two camps have long been at odds, making it hard for meetings to reach conclusions.
工	他在工地做工。	He works at a construction site.
工	這張桌子做工很細，連邊角都磨得很圓。	This table is finely crafted; even the corners are sanded round.
幾次	我去過幾次。	I've been a few times.
幾次	這部電影我看了好幾次，每次都有新的感受。	I've seen this movie several times, and each time I feel something new.
形容	很難形容這種感覺。	It's hard to describe this feeling.
形容	她形容那裡的風景像一幅畫，我就更想去看看。	She described the scenery there as like a painting, which made me want to see it even more.
怎	你怎麼不吃飯？	Why aren't you eating?
怎	怎樣才能把中文學好？我每天都在想這個問題。	How can I learn Chinese well? I think about this every day.
成分	這瓶飲料的成分是什麼？	What are the ingredients of this drink?
成分	買保養品前我都會先看成分，避免過敏。	Before buying skincare I always check the ingredients to avoid allergies.
承受	他承受很大的壓力。	He is under a lot of pressure.
承受	這座橋最多只能承受十噸的重量。	This bridge can only bear ten tons at most.
指示	請照指示操作。	Please operate as instructed.
指示	老闆指示我們今天先把客戶資料整理好。	The boss instructed us to organize the customer data first today.
推行	學校推行新制度。	The school is implementing a new system.
推行	政府推行垃圾分類已經很多年，現在大家都習慣了。	The government has promoted waste sorting for years, and everyone is used to it now.
支撐	柱子支撐著屋頂。	The pillars support the roof.
支撐	這幾根鋼樑支撐著整個屋頂，所以不能隨便拆。	These steel beams support the whole roof, so they can't be removed casually.
施工	前面在施工。	There's construction ahead.
施工	道路施工期間，請駕駛人改走其他路線。	While the road is under construction, drivers please take other routes.
時光	時光過得真快。	Time flies.
時光	在海邊度過的那段時光，是我最難忘的回憶。	The time I spent by the sea is my most unforgettable memory.
有機	我買有機蔬菜。	I buy organic vegetables.
有機	這家農場種的有機蔬菜不噴農藥，所以價格比較貴。	The organic vegetables grown on this farm use no pesticides, so they cost more.
果然	果然下雨了。	Sure enough, it rained.
果然	我就說這家餐廳不錯，果然大家都說好吃。	I said this restaurant is good, and sure enough everyone says it's delicious.
橋梁	這座橋梁很老了。	This bridge is very old.
橋梁	政府正在檢查全國的橋梁，確保安全。	The government is inspecting bridges nationwide to ensure safety.
歷	這是一段難忘的經歷。	This was an unforgettable experience.
歷	他歷經三次面試，才拿到這份工作。	He went through three interviews before landing this job.
沒事	沒事，不用擔心。	It's nothing; don't worry.
沒事	你沒事吧？剛剛看你臉色不太好。	Are you okay? You looked pale just now.
混合	把兩種顏料混合。	Mix the two paints.
混合	把牛奶和咖啡混合在一起，就是拿鐵。	Mix milk and coffee together and you get a latte.
灣	這個海灣風景很漂亮。	The scenery of this bay is beautiful.
灣	我們在海灣邊露營，晚上聽著海浪聲入睡。	We camped by the bay and fell asleep to the sound of the waves.
爬	小孩在地上爬。	The baby is crawling on the floor.
爬	週末我們一家人去爬山，走了兩個小時才到山頂。	On the weekend our family went hiking and took two hours to reach the summit.
獸	森林裡有野獸。	There are wild beasts in the forest.
獸	動物園的獸醫每天都要檢查動物的健康狀況。	The zoo's vet checks the animals' health every day.
生意	春天一到，大地充滿生意。	When spring comes, the land is full of life.
生意	一場春雨過後，枯黃的草地又恢復了生意。	After a spring rain, the withered grass regained its vitality.
痛	我肚子好痛。	My stomach hurts a lot.
痛	昨天跌倒，膝蓋到現在還很痛。	I fell yesterday and my knee still hurts.
百萬	這個城市有百萬人口。	This city has a million people.
百萬	那位作家的書賣出了超過一百萬本。	That author's books have sold over a million copies.
短期	這是短期工作。	This is a short-term job.
短期	我只打算短期住在這裡，所以先租一間小套房。	I only plan to live here short-term, so I rented a small studio.
神話	希臘神話很有趣。	Greek mythology is fascinating.
神話	很多民族都有創世神話，用來解釋世界的起源。	Many peoples have creation myths that explain the origin of the world.
第二次	這是第二次來台灣。	This is my second time in Taiwan.
第二次	第二次面試的時候，我比上次冷靜多了。	At the second interview, I was much calmer than last time.
籤	我去廟裡抽籤。	I'm going to the temple to draw a fortune stick.
籤	她在廟裡抽到了上上籤，開心地拿給家人看。	She drew the best fortune at the temple and happily showed her family.
組建	他們組建了新團隊。	They formed a new team.
組建	公司決定組建一支專案小組，專門處理這次的合作。	The company decided to set up a project team dedicated to this partnership.
網路	這裡的網路很快。	The internet here is fast.
網路	網路突然斷線，我的視訊會議也只好中斷。	The internet suddenly dropped, so my video meeting had to be interrupted.
美術	我喜歡上美術課。	I like art class.
美術	她從小學美術，現在在一家設計公司工作。	She studied art from childhood and now works at a design company.
能否	能否請你幫個忙？	Could you do me a favor?
能否	這項計畫能否成功，要看大家的配合。	Whether this plan succeeds depends on everyone's cooperation.
若干	會議前請先準備若干資料。	Please prepare some materials before the meeting.
若干	我們已經收到若干客人的意見，會在下次調整時參考。	We've received comments from a number of customers and will consider them in the next adjustment.
融資	公司正在融資。	The company is raising financing.
融資	新創公司完成了一輪融資，準備擴大團隊。	The startup completed a round of financing and plans to expand its team.
要麼	要麼走路，要麼搭公車。	Either walk or take the bus.
要麼	要麼你自己來，要麼就找人幫你，總之今天一定要完成。	Either do it yourself or find someone to help; anyway it must be finished today.
詢問	我想詢問一下價格。	I'd like to ask about the price.
詢問	如果有任何疑問，歡迎來電詢問。	If you have any questions, feel free to call and ask.
講述	她講述了自己的故事。	She told her own story.
講述	這本書講述一位老人和大海的故事，很感動人。	This book tells the story of an old man and the sea, and it's very moving.
貫徹	要貫徹到底。	We must see it through.
貫徹	公司要求每個部門貫徹環保政策，減少紙張使用。	The company requires every department to carry out the eco policy and cut paper use.
購物	我喜歡網路購物。	I like online shopping.
購物	週末的購物中心人很多，結帳要排很久。	The mall is crowded on weekends, and checkout lines are long.
輕易	不要輕易放棄。	Don't give up easily.
輕易	他很少輕易答應別人，一旦答應就會做到。	He seldom promises lightly, but once he does he follows through.
過於	他過於緊張了。	He's overly nervous.
過於	不要過於擔心，事情通常沒有你想的那麼糟。	Don't worry too much; things are usually not as bad as you think.
金錢	金錢不是一切。	Money isn't everything.
金錢	比起金錢，我更重視家人和健康。	Compared with money, I value family and health more.
阻礙	大雨阻礙了交通。	Heavy rain obstructed traffic.
阻礙	語言不通是他融入新環境的最大阻礙。	The language barrier was the biggest obstacle to fitting in to his new environment.
靠近	請不要靠近。	Please don't come close.
靠近	貓慢慢靠近我，然後跳到了我的腿上。	The cat slowly came closer and then jumped onto my lap.
願望	我有一個願望。	I have a wish.
願望	過年時我許了一個願望，希望家人平安健康。	At New Year I made a wish that my family would be safe and healthy.
驚人	他的進步很驚人。	His progress is astonishing.
驚人	這款新遊戲的銷量很驚人，上市一天就賣完了。	This new game's sales are astonishing; it sold out on its first day.
一時	我一時想不起來。	I can't think of it for the moment.
一時	他一時衝動就辭職了，現在有點後悔。	He quit on an impulse and now regrets it a little.
上下	這棟樓上下共五層。	This building has five floors in all.
上下	全公司上下都為了這個專案努力了半年。	The whole company, from top to bottom, has worked half a year on this project.
不許	教室裡不許吃東西。	No eating in the classroom.
不許	媽媽不許我太晚回家，所以我十點前一定回去。	Mom doesn't allow me home too late, so I'll definitely be back before ten.
之際	畢業之際，我想謝謝老師。	At graduation, I'd like to thank my teacher.
之際	在新舊年交替之際，大家一起倒數，迎接新年。	As the old year turns to the new, everyone counts down together to welcome the New Year.
任意	不可任意更改。	Do not change it arbitrarily.
任意	請勿任意丟棄垃圾，違者將依法處罰。	Do not dump trash at will; violators will be penalized by law.
促使	壓力促使他努力。	Pressure pushed him to work hard.
促使	朋友的鼓勵促使我下定決心，開始學游泳。	My friend's encouragement spurred me to make up my mind and start learning to swim.
假期	假期很快就結束了。	The vacation ended quickly.
假期	三天的假期很短，我們只能選近一點的地方旅行。	A three-day vacation is short, so we can only travel somewhere nearby.
價值觀	每個人價值觀不同。	Everyone has different values.
價值觀	家庭教育對孩子價值觀的形成有很大的影響。	Family upbringing greatly influences how a child's values form.
克服	我要克服恐懼。	I want to overcome my fear.
克服	她克服了怕水的心理，現在已經學會游泳。	She overcame her fear of water and has now learned to swim.
凡	凡事都要小心。	Be careful in everything.
凡	凡是年滿十八歲的民眾，都可以報名參加。	Anyone aged eighteen or over can sign up.
制服	警察很快制服了小偷。	The police quickly subdued the thief.
制服	保全人員在大家的協助下，順利制服了闖進來的男子。	With everyone's help, security successfully subdued the man who barged in.
劇本	這個劇本很有意思。	This script is interesting.
劇本	導演花了半年才把劇本修改完成，所以拍起來很順利。	The director took half a year to finish revising the script, so filming went smoothly.
半年	我學中文半年了。	I've studied Chinese for half a year.
半年	這家店才開半年，客人就越來越多。	The shop has been open only half a year, and customers keep increasing.
反覆	他反覆檢查門鎖。	He checked the door lock over and over.
反覆	這個實驗反覆做了很多次，結果還是一樣。	The experiment was repeated many times with the same result.
合約	我簽了一份合約。	I signed a contract.
合約	簽合約之前，請務必把每一條都看清楚。	Before signing the contract, be sure to read every clause carefully.
向前	請向前走三步。	Please take three steps forward.
向前	不管遇到什麼困難，我們都要繼續向前。	No matter what difficulties we meet, we keep moving forward.
哎	哎，你看那邊！	Hey, look over there!
哎	哎，我又忘了帶鑰匙，只好打電話叫我媽來開門。	Ugh, I forgot my keys again and had to call my mom to open the door.
四大	佛教說身體由四大組成。	Buddhism says the body is made up of the four elements.
四大	他說自己已經看破紅塵，四大皆空。	He said he has seen through the mortal world and that all is empty.
在乎	我不在乎這些。	I don't care about these.
在乎	她很在乎朋友的感受，所以說話總是很小心。	She cares a lot about her friends' feelings, so she's always careful with her words.
報復	他想報復對方。	He wants to take revenge on the other side.
報復	被欺負的人不一定要報復，也可以請老師幫忙處理。	Someone who's bullied needn't retaliate; they can ask a teacher for help.
外圍	車站外圍很熱鬧。	The area around the station is lively.
外圍	球場外圍有很多小攤販，賣飲料和零食。	There are many vendors around the ballpark selling drinks and snacks.
大門	大門沒關。	The front door isn't closed.
大門	大門口的警衛很親切，每天都會跟我們打招呼。	The guard at the main gate is friendly and greets us every day.
好玩	這個遊戲很好玩。	This game is fun.
好玩	昨天的露營真好玩，小孩們都玩得捨不得回家。	Yesterday's camping was so fun that the kids didn't want to go home.
子彈	電影裡有很多子彈聲。	The movie has many gunshot sounds.
子彈	子彈穿過了牆壁，現場一片混亂，警察立刻封鎖了出入口。	The bullet passed through the wall, the scene was chaotic, and police sealed off the exits at once.
宣告	法官宣告開庭。	The judge declared the court in session.
宣告	政府宣告取消防疫限制，大家終於能自由出入了。	The government declared an end to the epidemic restrictions, and everyone can finally come and go freely.
審核	文件正在審核。	The documents are under review.
審核	公司審核了我的申請，大概三天內會通知結果。	The company is reviewing my application and will notify me of the result within about three days.
導師	我的導師很親切。	My tutor is very kind.
導師	大學的導師會幫學生規劃課程，也會聽學生談煩惱。	University advisors help students plan courses and listen to their worries.
展	我們去看畫展吧。	Let's go see the art exhibition.
展	新展覽下週開幕，展出的都是本地藝術家的作品。	The new exhibition opens next week, showing works by local artists.
希	我希望明天不要下雨。	I hope it doesn't rain tomorrow.
希	他對孩子寄予厚望，希望他將來能當醫生。	He has high hopes for his child and hopes he becomes a doctor.
干預	別干預我的決定。	Don't interfere with my decision.
干預	政府干預市場價格，引起企業的不滿。	The government's intervention in market prices caused discontent among businesses.
引擎	這輛車的引擎很安靜。	This car's engine is quiet.
引擎	搜尋引擎可以幫你找到網路上的各種資料。	A search engine can help you find all kinds of information online.
征服	他想征服這座山。	He wants to conquer this mountain.
征服	他花了五年，才征服了世界上最高的幾座山。	It took him five years to conquer several of the world's highest mountains.
惡	我昨晚做了惡夢。	I had a nightmare last night.
惡	那位鄰居態度惡劣，大家都不太想跟他來往。	That neighbor has a nasty attitude and nobody wants to deal with him.
應對	請想好怎麼應對。	Please think about how to handle it.
應對	面對記者的連續提問，市長應對得很冷靜。	Facing the reporters' string of questions, the mayor handled them calmly.
所得	這是我辛苦工作的所得。	This is what I gained from hard work.
所得	每年五月都要申報所得稅，大家都忙著準備資料。	Every May income tax must be filed and everyone is busy preparing documents.
抗爭	居民上街抗爭。	Residents took to the streets in protest.
抗爭	他們為了爭取合理的待遇，長期和公司抗爭。	To win fair treatment, they have long fought the company.
招生	大學開始招生了。	The university has begun admitting students.
招生	這所學校今年擴大招生，名額比去年多了一百個。	This school is expanding enrollment this year with a hundred more places than last year.
接收	我還沒接收到他的消息。	I haven't received any word from him yet.
接收	山區的電波不好，收音機接收不到清楚的訊號。	Reception is poor in the mountains, and the radio can't pick up a clear signal.
擊敗	我們擊敗了對手。	We defeated our opponent.
擊敗	這支新球隊在決賽中擊敗了去年的冠軍。	This new team beat last year's champion in the finals.
政	他從政很多年了。	He's been in politics for many years.
政	這項政策受到不少批評，政府也決定重新檢討。	This policy drew much criticism and the government decided to review it.
新興	這是新興產業。	This is an emerging industry.
新興	新興的電動車產業吸引了許多年輕工程師加入。	The emerging electric vehicle industry has attracted many young engineers.
普及	智慧型手機已經很普及。	Smartphones are already widespread.
普及	網路的普及，讓遠距上班和遠距上課變得很平常。	With the spread of the internet, working and studying remotely have become common.
會談	兩國領袖將舉行會談。	The two countries' leaders will hold talks.
會談	雙方的會談持續了三個小時，最後達成初步共識。	The talks between both sides lasted three hours and reached a preliminary consensus.
有錢	他家很有錢。	His family is very rich.
有錢	就算很有錢，也不能亂花，要學會存錢。	Even if you're rich you shouldn't spend recklessly; learn to save.
村莊	山腳下有個村莊。	There's a village at the foot of the mountain.
村莊	這座村莊很安靜，居民大多以種茶維生。	This village is quiet, and most residents make a living growing tea.
樂團	他在樂團彈吉他。	He plays guitar in a band.
樂團	這個樂團下個月要來台北開演唱會，票一開賣就秒殺。	This band is giving a concert in Taipei next month, and tickets sold out the moment they went on sale.
殖民地	台灣曾是殖民地。	Taiwan was once a colony.
殖民地	歷史老師說，許多國家曾是歐洲國家的殖民地。	The history teacher said many countries were once colonies of European nations.
氣體	空氣是氣體。	Air is a gas.
氣體	瓦斯是一種易燃氣體，使用時要注意通風。	Gas is a flammable gas, so ensure ventilation when using it.
治安	這裡的治安很好。	Public order here is good.
治安	台灣的治安不錯，半夜在街上走也很安全。	Taiwan's public safety is good; it's safe to walk the streets even at midnight.
派遣	公司派遣我去高雄。	The company is sending me to Kaohsiung.
派遣	公司把他派遣到南部分公司，負責新店的籌備。	The company dispatched him to the southern branch to prepare the new store.
添加	請添加一點糖。	Please add a bit of sugar.
添加	這款飲料不添加人工色素和防腐劑，喝起來比較安心。	This drink has no artificial coloring or preservatives, so it feels safer.
游	夏天我常去游泳。	I often go swimming in summer.
游	他每天早上都到泳池游一千公尺。	Every morning he swims a thousand meters at the pool.
激情	他的演講充滿激情。	His speech is full of passion.
激情	年輕時的激情，是他寫出這部小說的動力。	The passion of his youth drove him to write this novel.
無比	我感到無比開心。	I feel incomparably happy.
無比	看到孩子平安長大，她心裡感到無比驕傲。	Seeing her child grow up safely, she felt immensely proud.
熱門	這是熱門景點。	This is a popular attraction.
熱門	最近這部影集很熱門，每個人都在討論。	This series is hot lately and everyone is talking about it.
片段	我只記得一些片段。	I only remember some fragments.
片段	電影的最後一個片段，讓我感動得掉下眼淚。	The movie's final scene moved me to tears.
獨自	他獨自旅行。	He travels alone.
獨自	她獨自一人搬到台北，努力打拚了五年。	She moved to Taipei on her own and has worked hard for five years.
生成	雲是由水氣生成的。	Clouds are formed from water vapor.
生成	這個軟體可以自動生成報告，節省很多整理資料的時間。	This software can generate reports automatically, saving a lot of time organizing data.
畢業生	他是今年的畢業生。	He's this year's graduate.
畢業生	畢業生代表上台致詞，感謝老師和家人的栽培。	The graduate representative gave a speech thanking teachers and family for their nurturing.
疼	我的頭好疼。	My head hurts so much.
疼	阿嬤最疼我，每次回去都會煮我愛吃的菜。	Grandma dotes on me most and cooks my favorite dishes whenever I visit.
百年	這家店有百年歷史。	This shop has a hundred years of history.
百年	這間百年老店還保留著傳統做法，每天都有人排隊。	This century-old shop keeps its traditional methods, and there's a line every day.
相當於	一公尺相當於一百公分。	One meter is equivalent to a hundred centimeters.
相當於	這筆獎金相當於我三個月的薪水。	This bonus is equivalent to three months of my salary.
瞬間	瞬間，天就黑了。	In an instant, the sky went dark.
瞬間	聽到好消息的瞬間，她高興得跳了起來。	The instant she heard the good news, she jumped for joy.
碼頭	漁船停在碼頭。	Fishing boats are docked at the pier.
碼頭	我們在碼頭等船，海風吹得有點冷。	We waited for the boat at the pier, and the sea wind was a bit cold.
稅收	政府的稅收增加了。	Government tax revenue has increased.
稅收	稅收主要用在教育、交通和健保等公共支出上。	Tax revenue is mainly used for public spending like education, transportation and health insurance.
穿越	我們穿越了森林。	We crossed the forest.
穿越	火車穿越長長的山洞，窗外突然一片黑暗。	The train passed through a long tunnel, and it suddenly went dark outside the window.
簽名	請在這裡簽名。	Please sign here.
簽名	粉絲排了兩小時的隊，就為了拿到歌手的簽名。	Fans queued for two hours just to get the singer's autograph.
終止	合約提前終止了。	The contract ended early.
終止	因為颱風來襲，活動被迫終止，主辦單位會退費。	Because of the typhoon the event was forced to end, and the organizers will refund fees.
練	我每天練習彈吉他。	I practice playing guitar every day.
練	為了參加比賽，他每天放學都留在球場練投籃。	To prepare for the competition, he stays at the court after school every day practicing shots.
罕見	這種鳥很罕見。	This kind of bird is rare.
罕見	這種病在台灣很罕見，全國只有幾十個病例。	This illness is rare in Taiwan, with only a few dozen cases nationwide.
老百姓	老百姓只想過安穩的日子。	Ordinary people only want a peaceful life.
老百姓	物價上漲，老百姓的生活壓力也越來越大。	With prices rising, ordinary people's financial pressure keeps growing.
職能	每個部門的職能不同。	Each department has a different function.
職能	新成立的小組職能是協調各部門，避免重複工作。	The new team's role is to coordinate departments and avoid duplicated work.
自覺	他自覺做錯了事。	He felt he had done something wrong.
自覺	我自覺最近進步不少，但老師說還要再多練習。	I feel I've improved a lot lately, but the teacher says I need more practice.
色情	未成年不可看色情網站。	Minors must not visit pornographic sites.
色情	政府加強取締色情廣告，維護社會風氣。	The government is cracking down harder on pornographic ads to protect social norms.
血液	血液流遍全身。	Blood flows through the whole body.
血液	捐血可以幫助需要血液的病人，所以我每年都去捐。	Donating blood helps patients who need it, so I give every year.
要說	要說好吃，我推薦這家。	When it comes to tasty, I recommend this place.
要說	要說最值得去的地方，我覺得是花蓮的海邊。	As for the most worthwhile place to go, I think it's the Hualien seaside.
課題	這是個重要課題。	This is an important issue.
課題	少子化是台灣社會目前面臨的重要課題。	A declining birth rate is an important issue facing Taiwan's society today.
識別	我們靠指紋識別身分。	We identify people by fingerprint.
識別	這支手機可以用臉部識別解鎖，不用輸入密碼。	This phone can unlock with face recognition, with no password needed.
賈	這條老街過去商賈雲集，非常熱鬧。	This old street used to be crowded with merchants and was very lively.
走進	她走進教室。	She walked into the classroom.
走進	我走進咖啡店，聞到一股濃濃的烘焙香。	I walked into the cafe and smelled a rich baking aroma.
跳舞	她很會跳舞。	She dances well.
跳舞	週末晚上，我們一群朋友去舞蹈教室跳舞。	On weekend nights, a group of us friends go to the dance studio to dance.
辛苦	你今天辛苦了。	Thanks for your hard work today.
辛苦	送貨員每天風吹日曬，真的很辛苦。	Delivery workers brave wind and sun every day; it's really tough.
這時	這時電話響了。	At this moment the phone rang.
這時	我正要出門，這時天空突然下起了大雨。	I was about to leave, and at that moment it suddenly started pouring.
過渡	現在是過渡時期。	This is a transition period.
過渡	新舊系統過渡期間，請大家暫時先用紙本表單。	During the switch between old and new systems, please use paper forms for now.
配套	這套家具有配套的椅子。	This furniture set comes with matching chairs.
配套	政府除了推出新政策，也要有完整的配套，才能真正幫到民眾。	Besides launching new policies, the government needs complete supporting measures to truly help people.
錄音	我在錄音。	I'm recording audio.
錄音	會議的錄音檔我已經寄給大家了，有空可以聽。	I've sent everyone the meeting's audio file; listen when you have time.
開通	高速公路新路段開通了。	The new section of the freeway has opened.
開通	新的免費網路今天開通，市民都可以使用。	The new free Wi-Fi network went live today and all residents can use it.
陰謀	這是一個陰謀。	This is a conspiracy.
陰謀	警方破獲了一起陰謀，及時阻止了犯罪發生。	Police uncovered a plot and stopped the crime in time.
集合	請在門口集合。	Please assemble at the entrance.
集合	明天早上七點在學校門口集合，遲到的人自己搭車過去。	Meet at the school gate at seven tomorrow morning; latecomers should get there on their own.
露出	他露出了笑容。	He broke into a smile.
露出	她露出一個神祕的微笑，什麼也不肯多說。	She flashed a mysterious smile and wouldn't say any more.
頭腦	他頭腦很清楚。	He has a clear mind.
頭腦	她頭腦很靈活，不管遇到什麼問題都能找到辦法。	She's quick-witted and can find a way around any problem.
養殖	這裡養殖魚類。	Fish are farmed here.
養殖	屏東沿海很多人從事養殖，主要養蝦和魚。	Many people along the Pingtung coast do aquaculture, mainly raising shrimp and fish.
驚訝	我很驚訝。	I'm surprised.
驚訝	看到老同學突然出現在門口，我驚訝得說不出話。	Seeing my old classmate suddenly at the door, I was too astonished to speak.
鬧	別鬧了，快睡覺。	Stop messing around and go to sleep.
鬧	隔壁的小孩整晚吵吵鬧鬧，害我一直睡不著。	The kids next door were noisy all night and kept me awake.
一一	他把東西一一擺好。	He arranged the things one by one.
一一	老師一一檢查大家的作業，沒寫完的要留下來補。	The teacher checks everyone's homework one by one, and whoever hasn't finished stays to catch up.
三級	我們學校三級警戒時停課。	Our school suspended classes during Level 3 alert.
三級	疫情三級警戒時，餐廳只能外帶，大家都在家工作。	During the Level 3 alert, restaurants were takeout only and everyone worked from home.
不安	我心裡很不安。	I feel very uneasy.
不安	聽說颱風要來了，大家都有點不安。	Hearing that a typhoon is coming, everyone feels a bit uneasy.
主力	他是球隊的主力。	He's a mainstay of the team.
主力	這款手機是公司今年的主力產品，銷量很好。	This phone is the company's main product this year and sells well.
交談	他們在小聲交談。	They are talking quietly.
交談	兩人交談了一整晚，才發現彼此有這麼多共同點。	The two talked all night and found they had so much in common.
代表團	代表團明天抵達。	The delegation arrives tomorrow.
代表團	學生代表團下個月要去日本參訪，交流兩週。	The student delegation will visit Japan next month for a two-week exchange.
例外	這次是例外。	This time is an exception.
例外	規定每人限買兩個，但今天是例外，可以多買。	The rule limits two per person, but today is an exception and you can buy more.
停車	這裡不能停車。	You can't park here.
停車	假日附近停車很困難，建議搭大眾運輸。	Parking nearby is hard on holidays, so public transportation is recommended.
價錢	這個價錢可以嗎？	Is this price okay?
價錢	價錢太貴的話，我可能會再考慮一下。	If the price is too high, I may think about it again.
內涵	這部電影很有內涵。	This movie has depth.
內涵	他不太說話，但很有內涵，聊起來才知道什麼都懂。	He doesn't talk much but has depth; chatting with him you realize he knows everything.
兼職	我在找兼職工作。	I'm looking for a part-time job.
兼職	學生在假日做兼職，可以賺零用錢，也能累積經驗。	Students working part-time on holidays can earn pocket money and gain experience.
出色	她表現很出色。	She performed outstandingly.
出色	這位年輕的廚師手藝出色，餐廳天天客滿。	This young chef's skills are outstanding and the restaurant is full every day.
利率	銀行調整了利率。	The bank adjusted its interest rate.
利率	央行升息後，房貸利率也跟著調高。	After the central bank raised rates, mortgage rates went up too.
助手	他是我的助手。	He is my assistant.
助手	教授的助手負責整理資料，也要幫忙帶實驗課。	The professor's assistant organizes materials and also helps run lab classes.
十二	現在十二點了。	It's twelve o'clock now.
十二	一年有十二個月，每個月都有不同的節日。	A year has twelve months, each with different festivals.
原諒	請原諒我。	Please forgive me.
原諒	他已經道歉很多次了，你就原諒他吧。	He's apologized many times already; just forgive him.
名譽	名譽很重要。	Reputation is important.
名譽	律師說他的名譽受到損害，所以決定提告。	The lawyer said his reputation was damaged, so he decided to sue.
哼	他哼了一聲。	He snorted.
哼	她一邊洗碗，一邊哼著歌。	She hummed a song while washing the dishes.
單身	他目前單身。	He is currently single.
單身	很多年輕人覺得單身也很自在，不急著結婚。	Many young people find being single comfortable and aren't in a hurry to marry.
困擾	這件事一直困擾我。	This has been troubling me.
困擾	鄰居半夜的噪音困擾了我們整棟樓的住戶。	The neighbor's late-night noise has bothered everyone in our building.
圖案	這件衣服的圖案很可愛。	The pattern on this shirt is cute.
圖案	窗簾上的圖案是一朵朵小花，看起來很溫馨。	The curtain pattern is little flowers and looks cozy.
培育	學校培育人才。	Schools nurture talent.
培育	這家農場專門培育新品種的蘭花，每年外銷到國外。	This farm specializes in breeding new orchid varieties and exports them abroad each year.
夜晚	夜晚的海邊很安靜。	The seaside is quiet at night.
夜晚	夜晚的街道亮著路燈，騎車回家時要特別小心。	Streetlights are on at night, so be extra careful riding home.
天然氣	我家用天然氣。	My home uses natural gas.
天然氣	冬天熱水器用天然氣，所以瓦斯費會比較高。	In winter the water heater runs on natural gas, so the gas bill is higher.
娃娃	她抱著一個娃娃。	She is hugging a doll.
娃娃	小時候我最喜歡抱著娃娃睡覺，現在還留著。	As a child I loved sleeping with a doll, and I still have it.
存款	我的存款不多。	I don't have much in savings.
存款	他把存款拿來買房子，每個月再慢慢還貸款。	He used his savings to buy a house and slowly repays the loan each month.
室內	室內很涼快。	It's cool indoors.
室內	下雨天我們把活動移到室內舉行，大家玩得很開心。	On the rainy day we moved the activity indoors and everyone had fun.
審	法官明天要審這個案子。	The judge will hear this case tomorrow.
審	文件交上去之後，要經過主管審一遍才能送出去。	After the document is submitted, the supervisor must review it before it goes out.
專注	請專注聽講。	Please listen attentively.
專注	他做事很專注，一坐下來就是兩三個小時。	He's very focused; once he sits down he's at it for two or three hours.
崇拜	她很崇拜那個歌手。	She idolizes that singer.
崇拜	我從小就崇拜我哥，覺得他什麼都會。	I've looked up to my brother since I was little and thought he could do anything.
市政府	市政府在前面。	City Hall is up ahead.
市政府	市政府宣布下週開始施工，附近道路會有些壅塞。	The city government announced construction starts next week, so nearby roads will be congested.
平方公里	這座島約有五十平方公里。	This island is about fifty square kilometers.
平方公里	這座公園的面積約有兩平方公里，走一圈要一個小時。	This park covers about two square kilometers; a lap takes an hour.
彙	我想多學一點詞彙。	I want to learn more vocabulary.
彙	這本字典收錄了上萬個詞彙，包括很多日常用語。	This dictionary contains over ten thousand words, including many everyday expressions.
從來不	我從來不喝咖啡。	I never drink coffee.
從來不	他從來不遲到，所以大家都很信任他。	He is never late, so everyone trusts him.
性命	他救了我的性命。	He saved my life.
性命	不要拿自己的性命開玩笑，開車一定要繫安全帶。	Don't gamble with your life; always wear a seat belt when driving.
意願	我沒有意願搬家。	I'm not willing to move.
意願	公司會先詢問員工的意願，再決定要不要調動。	The company asks employees' wishes first, then decides whether to transfer them.
戰鬥機	戰鬥機飛過天空。	A fighter jet flew across the sky.
戰鬥機	空軍的戰鬥機清晨從基地起飛，進行例行巡邏。	The air force's fighter jets took off from the base at dawn for a routine patrol.
拆除	違建被拆除了。	The illegal structure was demolished.
拆除	老舊的大樓下個月就要拆除，居民必須先搬走。	The old building will be torn down next month, so residents must move out first.
挑選	我在挑選禮物。	I'm picking out a gift.
挑選	在市場挑選水果時，我習慣先聞一下味道。	When choosing fruit at the market, I like to smell it first.
提及	他沒有提及這件事。	He didn't mention this.
提及	報告中完全沒有提及成本問題，所以我有些疑問。	The report doesn't mention costs at all, so I have some questions.
撰寫	他在撰寫報告。	He's writing a report.
撰寫	她利用晚上的時間撰寫論文，常常寫到半夜。	She uses her evenings to write her thesis, often until midnight.
支出	每月支出很多。	Monthly expenses are high.
支出	這個月的支出比收入多，所以我得好好想想怎麼省錢。	This month my spending exceeds my income, so I need to think about saving.
效力	這張優惠券還有效力嗎？	Is this coupon still valid?
效力	這份合約從簽字那天起生效，有三年的法律效力。	This contract takes effect from the signing day and has three years of legal force.
新娘	新娘穿著白紗。	The bride wore a white gown.
新娘	新娘出場時，親友們都站起來鼓掌祝福。	When the bride entered, friends and family stood and applauded.
春秋	春秋兩季天氣最舒服。	Spring and autumn have the most comfortable weather.
春秋	台灣的春秋季節很短，常常一下子就進入夏天或冬天。	Spring and autumn are short in Taiwan and quickly turn into summer or winter.
書寫	他的書寫工整漂亮。	His handwriting is neat and beautiful.
書寫	在台灣，學生從小學開始練習用繁體字書寫。	In Taiwan, students start practicing writing in traditional characters in elementary school.
朱	大門漆成了朱紅色。	The gate is painted vermilion.
朱	廟門塗著朱紅的油漆，看起來既莊嚴又喜氣。	The temple door is painted vermilion, looking both solemn and festive.
梅	院子裡有一棵梅樹。	There's a plum tree in the yard.
梅	梅雨季節時，衣服總是不容易乾。	During the plum rain season, clothes never dry easily.
標語	牆上貼著標語。	A slogan is posted on the wall.
標語	校園裡到處都是環保標語，提醒大家少用一次性餐具。	The campus is covered in eco slogans reminding everyone to use less disposable tableware.
此前	此前沒有人知道這件事。	No one knew about this before.
此前	此前她從未去過國外，這次是第一次搭飛機。	She had never been abroad before; this is her first time on a plane.
氛圍	餐廳的氛圍很溫馨。	The restaurant has a cozy atmosphere.
氛圍	公司希望營造輕鬆的氛圍，讓同事更願意分享想法。	The company hopes to create a relaxed atmosphere so colleagues will share ideas more willingly.
海域	這片海域很安全。	This stretch of sea is very safe.
海域	颱風接近台灣東部海域，漁船都得趕快回港。	The typhoon is approaching the waters off eastern Taiwan, so fishing boats must return to port quickly.
深夜	深夜十二點了。	It's midnight.
深夜	深夜的便利商店還亮著燈，成了很多人的避風港。	Convenience stores still lit at deep night are a refuge for many.
滅亡	恐龍已經滅亡了。	Dinosaurs went extinct.
滅亡	很多王朝都是因為內部腐敗而滅亡。	Many dynasties fell because of internal corruption.
火車站	火車站在前面。	The train station is up ahead.
火車站	台北火車站每天都有很多旅客進出，轉車很方便。	Taipei Main Station sees many travelers daily, and transfers are convenient.
熱點	這裡是旅遊熱點。	This is a tourist hot spot.
熱點	這間咖啡廳成了打卡熱點，假日要排隊一個多小時。	This cafe became a popular photo spot, with over an hour's wait on holidays.
牛奶	我每天喝牛奶。	I drink milk every day.
牛奶	冰箱裡的牛奶快過期了，早餐可以拿來煮燕麥粥。	The milk in the fridge is about to expire; use it for oatmeal at breakfast.
玫瑰	他送我一朵玫瑰。	He gave me a rose.
玫瑰	情人節那天，花店裡的玫瑰全部賣光了。	On Valentine's Day the flower shop sold out of roses.
申報	出國要申報現金。	You must declare cash when going abroad.
申報	民眾可以上網申報稅金，不需要親自跑稅務機關。	People can file taxes online without going to the tax office in person.
發聲	他願意為弱勢發聲。	He is willing to speak up for the disadvantaged.
發聲	越來越多年輕人在網路上發聲，表達對政策的看法。	More and more young people speak up online to voice their views on policy.
省份	中國有很多省份。	China has many provinces.
省份	這本書介紹了中國各個省份的風土民情。	This book introduces the local customs of China's various provinces.
研究員	她是研究院的研究員。	She is a researcher at the research institute.
研究員	這位研究員花了十年時間，研究台灣的原生植物。	This researcher spent ten years studying Taiwan's native plants.
稍微	請稍微等一下。	Please wait just a moment.
稍微	天氣稍微涼了一點，我出門前加了一件外套。	It got a little cooler, so I put on a jacket before heading out.
第五	我排第五。	I'm fifth in line.
第五	這是我第五次去花蓮，每次都有不同的感受。	This is my fifth trip to Hualien, and each time feels different.
籌備	婚禮還在籌備中。	The wedding is still in preparation.
籌備	同學會的籌備工作從三個月前就開始了。	Preparations for the class reunion began three months ago.
糾正	老師糾正我的發音。	The teacher corrected my pronunciation.
糾正	有人發現錯誤時，要用禮貌的方式糾正，不要讓對方難堪。	When pointing out a mistake, correct it politely and don't embarrass the person.
終結	這場戰爭終於終結了。	This war has finally come to an end.
終結	他的一句話，終結了這場持續好幾天的爭論。	One sentence from him ended the argument that lasted several days.
繞	我們繞了一圈。	We went around once.
繞	前面在施工，我們得繞路才能到學校。	There's construction ahead, so we have to detour to reach the school.
老大	我是家裡的老大。	I'm the eldest child in my family.
老大	我是老大，從小就要照顧弟弟妹妹。	I'm the eldest and have looked after my younger siblings since childhood.
聯想	我聯想到小時候。	It reminds me of my childhood.
聯想	每次聞到桂花的香味，我就會聯想到外婆家的院子。	Whenever I smell osmanthus, I think of my grandma's yard.
脖子	我的脖子很痠。	My neck is sore.
脖子	冬天出門要圍圍巾，不然脖子會很冷。	Wear a scarf in winter, or your neck will get cold.
舉動	他的舉動很奇怪。	His behavior is strange.
舉動	他一個小小的舉動，讓全家人都很感動。	One small gesture from him touched the whole family.
藉	宴會後，桌上杯盤狼藉。	After the banquet, the table was a mess of dishes.
藉	他的名聲狼藉，沒有人想和他合作。	His reputation is in tatters and nobody wants to work with him.
衛	保全人員守衛著大門。	Security guards the gate.
衛	國家的安全需要軍人來捍衛，也需要每個人的關心。	National security needs soldiers to defend it and everyone's concern.
見證	我見證了這一切。	I witnessed all this.
見證	這座老橋見證了小鎮一百年來的變化。	This old bridge has witnessed the town's changes over a hundred years.
訂	我想訂兩個位子。	I'd like to book two seats.
訂	我們下個月要去墾丁，已經訂好了民宿和機票。	We're going to Kenting next month and have already booked the guesthouse and tickets.
諸	諸位同學請注意。	Students, attention please.
諸	他說過的話，諸如守時和誠實，我到現在都還記得。	I still remember what he said, such as being punctual and honest.
資本家	他是個大資本家。	He's a big capitalist.
資本家	歷史課本討論了工業革命時期資本家和工人之間的矛盾。	The history book discusses the conflict between capitalists and workers during the Industrial Revolution.
軟體	這個軟體很好用。	This software is very handy.
軟體	我的電腦需要更新軟體，不然會變得很慢。	My computer needs a software update, or it'll get slow.
通往	這條路通往海邊。	This road leads to the sea.
通往	這條小路通往山頂的觀景台，路上風景很美。	This path leads to the viewing platform at the summit, and the scenery is lovely.
運轉	機器正在運轉。	The machine is running.
運轉	冷氣二十四小時運轉，所以這個月的電費特別高。	The AC ran twenty-four hours, so this month's power bill is especially high.
部位	你哪個部位痛？	Which part of your body hurts?
部位	按摩時要避開受傷的部位，免得讓傷口更嚴重。	When massaging, avoid the injured area so as not to worsen it.
開門	請你幫我開門。	Please open the door for me.
開門	這家早餐店早上五點就開門，常常一開門就有客人。	This breakfast shop opens at five a.m., often with customers waiting as soon as it opens.
陰影	樹下有一片陰影。	There's a patch of shade under the tree.
陰影	那次失敗在他心裡留下了陰影，他很久都不敢再嘗試。	That failure left a shadow in his mind, and he didn't dare try again for a long time.
電梯	電梯在左邊。	The elevator is on the left.
電梯	電梯故障了，我只好爬樓梯上十樓。	The elevator broke, so I had to climb the stairs to the tenth floor.
預備	請預備好證件。	Please have your ID ready.
預備	比賽快開始了，各位選手請預備。	The game is about to start; players, get ready.
養老	他打算回鄉養老。	He plans to retire to his hometown.
養老	很多人從年輕時就開始存錢，為了以後養老用。	Many people start saving when young to support their old age.
高於	氣溫高於三十五度。	The temperature is above thirty-five degrees.
高於	今年的物價高於去年，大家都覺得生活變貴了。	Prices this year are higher than last year, and everyone feels living costs more.
一員	她是團隊的一員。	She is a member of the team.
一員	我很榮幸能成為這個大家庭的一員。	I'm honored to become a member of this big family.
一類	他們是同一類人。	They are the same type of person.
一類	這一類書籍通常放在圖書館的二樓。	This kind of book is usually on the library's second floor.
下屬	他有三位下屬。	He has three subordinates.
下屬	好主管會關心下屬，不會只要求他們加班。	A good boss cares about subordinates and doesn't just demand overtime.
不曾	我不曾去過那裡。	I've never been there.
不曾	他不曾說過一句抱怨的話，大家都很敬佩他。	He never said a word of complaint, and everyone admires him.
中級	我報名了中級班。	I signed up for the intermediate class.
中級	我的中文已經到中級了，可以看簡單的新聞。	My Chinese is at the intermediate level and I can read simple news.
事務所	他在律師事務所上班。	He works at a law firm.
事務所	這間會計事務所專門替小公司處理稅務。	This accounting firm handles taxes for small companies.
人次	展覽有十萬人次參觀。	The exhibition had a hundred thousand visits.
人次	博物館上個月接待了超過五萬人次，創下新紀錄。	The museum received over fifty thousand visits last month, a new record.
伙	這間公司的伙食很好。	The food at this company is great.
伙	媽媽說外面的伙食太油了，叫我多回家吃。	Mom says the food outside is too greasy and tells me to eat at home more.
便於	設計便於攜帶。	The design is easy to carry.
便於	這個背包有很多隔層，便於整理小東西。	This backpack has many compartments, making it easy to organize small items.
做事	他做事很認真。	He works very seriously.
做事	做事要有計劃，才不會手忙腳亂。	Work with a plan so you won't be flustered.
傳出	屋裡傳出笑聲。	Laughter came from the house.
傳出	隔壁突然傳出很大的聲音，我們都嚇了一跳。	A loud noise suddenly came from next door and startled us.
優雅	她動作很優雅。	Her movements are graceful.
優雅	那位優雅的老太太，每天都穿著整齊出門散步。	That elegant old lady goes out for a walk every day, neatly dressed.
內褲	這包內褲有三件。	This pack has three pairs of underwear.
內褲	出遠門要多帶幾件內褲和襪子，避免不夠換。	Bring extra underwear and socks on long trips so you don't run out.
公元前	這座古城建於公元前三世紀。	This ancient city was built in the third century BCE.
公元前	孔子大約出生在公元前五五一年。	Confucius was born around 551 BCE.
凍結	水在零度凍結。	Water freezes at zero degrees.
凍結	公司宣布凍結招聘，直到明年才會重新開放。	The company announced a hiring freeze that won't lift until next year.
分支	這間公司在各地有分支。	This company has branches in many places.
分支	這條河在山下分成兩個分支，一條往南，一條往東。	This river splits into two branches below the mountain, one south and one east.
判	法官判他無罪。	The judge found him not guilty.
判	老師很難判斷這兩份作業誰抄誰，只好請兩人都重寫。	The teacher couldn't judge who copied whom in the two assignments and had both redo them.
前夕	春節前夕，市場人潮擁擠。	On the eve of Lunar New Year, the market was packed.
前夕	畢業典禮前夕，同學們都在教室裡布置會場。	On the eve of graduation, classmates were decorating the hall in the classroom.
勇士	他是真正的勇士。	He's a true warrior.
勇士	故事裡的勇士打敗了巨龍，保護了村莊。	In the story the warrior beat the dragon and protected the village.
十三	他今年十三歲。	He's thirteen this year.
十三	十三號星期五被很多人認為是不吉利的日子。	Friday the 13th is thought by many to be an unlucky day.
即時	請即時回覆。	Please reply promptly.
即時	這個App會即時顯示公車到站的時間，很方便。	This app shows bus arrival times in real time, which is handy.
又名	番荔枝又名釋迦。	The sugar apple is also called 釋迦.
又名	這種植物又名含羞草，一碰葉子就會合起來。	This plant is also called the mimosa, and its leaves fold up at a touch.
受害	許多民眾受害。	Many people were harmed.
受害	詐騙集團手法越來越多，不少老人家受害，損失了不少錢。	Scam rings use more and more tricks, and many elderly people fell victim and lost money.
可行	這個方法可行嗎？	Is this method feasible?
可行	經過評估，這個計畫在技術上和預算上都可行。	After assessment, this plan is feasible in both technology and budget.
向上	請向上看。	Please look up.
向上	他一直努力向上，希望有一天能當上主管。	He keeps striving upward, hoping to become a manager someday.
啤酒	我想喝啤酒。	I'd like a beer.
啤酒	夏天吃完燒烤，來一杯冰啤酒最過癮。	After a summer barbecue, an ice-cold beer is the best.
嘴裡	他嘴裡塞滿了食物。	His mouth is stuffed with food.
嘴裡	別嘴裡有東西的時候說話，這樣很不禮貌。	Don't talk with food in your mouth; it's rude.
國人	國人出國旅遊越來越多。	More and more of our people travel abroad.
國人	疫情後，國人出國旅遊的人數慢慢回升。	After the pandemic, the number of citizens traveling abroad has slowly recovered.
堡	他們住在一座古老的城堡裡。	They live in an ancient castle.
堡	我中午在速食店點了一份漢堡和一杯冰紅茶。	At lunch I ordered a burger and an iced black tea at the fast-food place.
壓制	不要壓制孩子的想法。	Don't suppress children's ideas.
壓制	警察壓制住了鬧事的人，現場很快恢復平靜。	Police subdued the troublemaker, and the scene quickly calmed.
多樣	產品種類多樣。	The product types are diverse.
多樣	夜市的小吃多樣，一次根本吃不完。	The night market has such diverse snacks that you can't finish them in one go.
天賦	她有音樂的天賦。	She has a gift for music.
天賦	光有天賦還不夠，還要靠每天不斷的練習。	Talent alone isn't enough; it takes constant daily practice.
奴	他不想當金錢的奴隸。	He doesn't want to be a slave to money.
奴	古代的奴隸沒有自由，只能聽主人的命令。	Slaves in ancient times had no freedom and could only follow their masters' orders.
媒介	空氣是聲音的媒介。	Air is the medium of sound.
媒介	網路成了現代人最重要的傳播媒介。	The internet has become modern people's most important medium.
學說	這是他提出的學說。	This is the theory he proposed.
學說	達爾文的演化學說，改變了人們對生命的看法。	Darwin's theory of evolution changed how people view life.
客運	我搭客運去台中。	I'm taking the intercity bus to Taichung.
客運	很多學生週末搭客運回家，車票最好提早買。	Many students take intercity buses home on weekends, so buy tickets early.
寫道	他在信中寫道，一切都好。	He wrote in the letter that all is well.
寫道	她在日記中寫道，今天是她這輩子最開心的一天。	She wrote in her diary that today was the happiest day of her life.
小孩子	小孩子在玩。	The children are playing.
小孩子	小孩子不能喝咖啡，晚上會睡不著。	Children shouldn't drink coffee or they won't sleep at night.
尤	我愛吃水果，尤其是芒果。	I love fruit, especially mangoes.
尤	台灣的夏天很悶熱，尤其是下午，不開冷氣根本待不住。	Taiwan summers are muggy, especially in the afternoon; you can't stay without the AC.
巨	他吃了一個巨無霸漢堡。	He ate a giant burger.
巨	颱風帶來巨浪，海邊都禁止下水。	The typhoon brought huge waves and swimming is banned along the coast.
帽子	他戴著帽子。	He's wearing a hat.
帽子	太陽太大了，出門記得戴帽子。	The sun is too strong; remember to wear a hat when you go out.
底下	桌子底下有一隻貓。	There's a cat under the table.
底下	我把鑰匙放在花盆底下，你自己拿。	I put the key under the flowerpot; get it yourself.
弱點	每個人都有弱點。	Everyone has weaknesses.
弱點	他的弱點是太容易緊張，一上台就忘詞。	His weakness is getting too nervous; he forgets his lines once on stage.
必定	他必定會成功。	He is bound to succeed.
必定	只要持續努力，必定會有收穫。	As long as you keep working, you're sure to reap rewards.
性愛	這本書討論現代人的性愛觀念。	This book discusses modern people's views on sex.
性愛	專家指出，健康的性愛關係必須建立在尊重與溝通之上。	Experts say a healthy intimate relationship must be built on respect and communication.
愛人	他和愛人約好去看電影。	He made a date with his lover to see a movie.
愛人	她把愛人的照片放在皮夾裡，每天都帶著。	She keeps her lover's photo in her wallet and carries it daily.
懷念	我很懷念小時候。	I really miss my childhood.
懷念	我很懷念大學時代，那時候大家一起熬夜寫報告。	I miss my college days, when we all stayed up late writing reports together.
手冊	請閱讀使用手冊。	Please read the user manual.
手冊	新進員工會拿到一本員工手冊，裡面寫著公司的規定。	New hires receive an employee handbook with the company's rules.
扶	我扶阿嬤過馬路。	I helped Grandma cross the road.
扶	搭手扶梯時請扶好扶手，注意安全。	When riding the escalator, hold the handrail and mind your safety.
招標	政府公開招標。	The government is putting it out to open bidding.
招標	這個工程已經公告招標，下個月會決定哪家公司得標。	The project has been put out to tender, and next month it will be decided which firm wins.
振興	政府想振興經濟。	The government wants to revive the economy.
振興	地方政府推出振興券，希望帶動當地商店的買氣。	The local government issued stimulus vouchers hoping to boost local shops' sales.
掛牌	診所昨天掛牌營業。	The clinic opened for business yesterday.
掛牌	這家公司預計明年掛牌上市，目前正在準備資料。	This company expects to list next year and is preparing documents now.
摔	他不小心摔了一跤。	He accidentally took a fall.
摔	我的手機從桌上摔到地上，螢幕裂了。	My phone fell off the desk, and the screen cracked.
擊	他揮棒擊出一支全壘打。	He swung and hit a home run.
擊	這部電影的票房大受打擊，讓製作公司很失望。	The movie's box office took a heavy hit, disappointing the production company.
收拾	請收拾房間。	Please tidy your room.
收拾	聚會結束後，大家一起幫忙收拾桌子，洗杯子。	After the party, everyone helped clear the table and wash the cups.
故鄉	我的故鄉在澎湖。	My hometown is in Penghu.
故鄉	離開故鄉二十年，他終於有機會回去看看。	After leaving his hometown twenty years ago, he finally had a chance to visit.
料理	我學做日本料理。	I'm learning to cook Japanese cuisine.
料理	她週末喜歡在家料理，嘗試不同國家的菜。	On weekends she likes to cook at home, trying dishes from different countries.
早安	早安，今天好嗎？	Good morning, how are you today?
早安	每天早上，他都會傳一張風景照和一句早安給我。	Every morning he sends me a scenery photo and a good morning.
時空	時空改變了。	Time and place have changed.
時空	這部小說的時空背景設定在一百年後的台北。	This novel is set in Taipei a hundred years in the future.
曲線	這條山路的曲線很漂亮。	The curves of this mountain road are beautiful.
曲線	圖表上的曲線顯示，這個月的訪客數明顯增加。	The curve on the chart shows visitor numbers clearly rose this month.
有益	運動有益健康。	Exercise is good for your health.
有益	多喝水對身體有益，尤其是在天氣熱的時候。	Drinking more water is good for you, especially when it's hot.
村落	山上有小村落。	There's a small hamlet on the mountain.
村落	山谷裡的村落還保留著傳統的建築和生活方式。	The hamlets in the valley still keep traditional architecture and ways of life.
業餘	他是業餘攝影師。	He's an amateur photographer.
業餘	我業餘時間喜歡爬山，也喜歡拍風景。	In my spare time I like hiking and photographing scenery.
模範	他是我們班的模範生。	He's our class's model student.
模範	這位老師認真教學，被評選為全校的模範教師。	This teacher teaches earnestly and was chosen as the school's model teacher.
止	下了三天的雨終於止住了。	The three days of rain finally stopped.
止	活動到十二月底截止，過期不受理。	The event ends at the end of December; late entries won't be accepted.
殼	蛋殼破了。	The eggshell cracked.
殼	螃蟹的殼很硬，吃的時候要用工具敲開。	Crab shells are hard; use a tool to crack them open.
民生	政府關心民生問題。	The government cares about livelihood issues.
民生	菜價和油價都和民生有關，大家特別在意。	Vegetable and fuel prices affect livelihoods, so everyone cares a lot.
沉重	這個袋子很沉重。	This bag is heavy.
沉重	得知壞消息後，他的心情變得沉重，一整天都沒說話。	After hearing the bad news his mood grew heavy and he said nothing all day.
法西斯	他反對法西斯。	He opposes fascism.
法西斯	二戰時，法西斯政權造成了很大的災難。	In World War II, fascist regimes caused enormous disaster.
浴室	浴室在二樓。	The bathroom is on the second floor.
浴室	浴室地板很滑，洗澡時要小心。	The bathroom floor is slippery, so be careful showering.
深受	她深受學生喜愛。	She is deeply loved by her students.
深受	這部作品深受年輕人喜歡，在網路上討論度很高。	This work is much loved by young people and widely discussed online.
溫和	他的個性很溫和。	He has a gentle personality.
溫和	今天天氣溫和，很適合帶孩子出去走走。	The weather is mild today, good for taking the kids out.
潛艇	潛艇在海底。	The submarine is on the seabed.
潛艇	新聞報導，海軍的新潛艇下個月將正式下水。	The news says the navy's new submarine will be launched next month.
瀏覽器	請更新瀏覽器。	Please update your browser.
瀏覽器	這個網站在舊版瀏覽器上打不開，請換最新版本。	This website won't open in older browsers; please switch to the latest version.
無所謂	我無所謂，你決定。	I don't mind; you decide.
無所謂	吃什麼我都無所謂，只要不太辣就好。	I don't care what we eat, as long as it's not too spicy.
煩	我今天很煩。	I'm annoyed today.
煩	房東一直傳訊息催我繳房租，真的很煩。	The landlord keeps messaging me to pay rent; it's really annoying.
狠	他對自己很狠。	He's tough on himself.
狠	老闆把價格砍得太狠，我們根本沒利潤。	The boss cut the price too ruthlessly, leaving us no profit at all.
現存	這是現存最老的建築。	This is the oldest surviving building.
現存	現存的古蹟不多，所以我們更要好好保護。	Not many historic sites remain, so we must protect them well.
生育	生育是人生大事。	Having a child is a major life event.
生育	少子化讓政府推出更多補助，鼓勵年輕夫妻生育。	With the falling birth rate, the government offers more subsidies to encourage young couples to have children.
痕跡	牆上有一道痕跡。	There's a mark on the wall.
痕跡	歲月在她臉上留下了痕跡，卻也留下了溫柔。	Time left traces on her face, but also left gentleness.
直屬	他是我的直屬主管。	He is my direct supervisor.
直屬	這個單位直屬市政府，負責管理全市的公園。	This unit reports directly to the city government and manages the city's parks.
睡著	我看電影時睡著了。	I fell asleep during the movie.
睡著	昨晚太累，我一躺下就睡著了。	I was so tired last night that I fell asleep the moment I lay down.
私	這是我的私事。	This is my private matter.
私	他在公司私下幫朋友處理事情，被老闆發現了。	He privately handled things for a friend at the company and the boss found out.
童年	我的童年很快樂。	My childhood was happy.
童年	童年時，我和表哥常在田裡捉青蛙。	As kids, my cousin and I often caught frogs in the fields.
粗	這根繩子很粗。	This rope is thick.
粗	這家麵店的麵條很粗，吃起來特別有嚼勁。	This noodle shop's noodles are thick and especially chewy.
結算	月底要結算薪水。	Salaries are settled at month's end.
結算	店員在打烊後結算當天的營業額，再把錢存進銀行。	After closing, the clerk tallies the day's sales and then deposits the money.
美金	我換了一百美金。	I exchanged a hundred US dollars.
美金	這個包包要兩百美金，換成台幣差不多六千多塊。	This bag is two hundred US dollars, around six thousand NT dollars.
背叛	他背叛了朋友。	He betrayed his friend.
背叛	被最信任的人背叛，是一件很痛苦的事。	Being betrayed by the person you trust most is very painful.
膨脹	氣球會膨脹。	Balloons expand.
膨脹	通貨膨脹讓物價一直上漲，大家的薪水卻沒什麼變。	Inflation keeps pushing prices up while salaries barely change.
航線	這條航線很熱門。	This flight route is popular.
航線	因為颱風，從台北飛東京的航線有好幾班被取消。	Because of the typhoon, several flights on the Taipei-Tokyo route were canceled.
草原	草原上有很多羊。	There are many sheep on the grassland.
草原	我夢想有一天能去蒙古草原騎馬。	I dream of riding horses on the Mongolian steppe someday.
處境	他的處境很困難。	His situation is difficult.
處境	請站在他的處境想一想，不要太快責怪他。	Please put yourself in his situation and don't blame him too quickly.
血腥	這部電影太血腥了。	This movie is too bloody.
血腥	新聞畫面太血腥，電視台決定打上馬賽克。	The news footage was too bloody, so the station pixelated it.
裝甲	這輛車有裝甲。	This vehicle has armor.
裝甲	軍方展示了新型裝甲車，防護能力比以前更強。	The military showed off a new armored vehicle with stronger protection than before.
角落	房間的角落有個書架。	There's a bookshelf in the corner of the room.
角落	每個角落都要打掃乾淨，連床底下也不能漏掉。	Every corner must be cleaned, even under the bed.
註定	這件事註定失敗。	This is doomed to fail.
註定	他們註定要相遇，不管繞多少圈。	They were destined to meet, however many detours it took.
語文	我喜歡語文課。	I like language arts class.
語文	語文能力是各科學習的基礎，所以要多閱讀。	Language skills are the foundation for every subject, so read more.
豪華	這家飯店很豪華。	This hotel is luxurious.
豪華	他們在豪華的餐廳辦了婚禮，花了不少錢。	They held their wedding at a luxurious restaurant and spent quite a bit.
賴	星期天我常賴床。	I often sleep in on Sundays.
賴	他欠了錢卻想賴帳，朋友們都很生氣。	He owes money but wants to dodge the debt, and his friends are angry.
起碼	起碼要打個招呼吧。	You should at least say hello.
起碼	這件事起碼要花兩週才能完成，你不要期待太快。	This will take at least two weeks, so don't expect it too soon.
路徑	檔案路徑輸入錯了。	The file path was entered wrong.
路徑	導航軟體幫我們找出一條最快的路徑，避開了塞車路段。	The navigation app found us the fastest route, avoiding the jammed sections.
轄區	這是警察的轄區。	This is the police's jurisdiction.
轄區	轄區派出所的警察每天都會到社區巡邏。	Officers from the local police station patrol the neighborhood every day.
迷	他是個影迷。	He's a movie fan.
迷	我弟迷上了籃球，每天放學都在球場打到天黑。	My brother got hooked on basketball and plays on the court every day after school until dark.
週日	週日我要去爬山。	I'm going hiking on Sunday.
週日	週日的賣場人很多，我們還是週一再去吧。	The supermarket is crowded on Sundays; let's go on Monday instead.
選拔	學校要選拔代表。	The school will select representatives.
選拔	這次選拔很嚴格，只有十個人能進入國家代表隊。	This selection is strict; only ten people can make the national team.
酸	檸檬很酸。	Lemons are sour.
酸	爬完山後，我兩條腿又酸又痛。	After the hike, my legs were sore and aching.
釘	牆上有一根釘子。	There's a nail in the wall.
釘	他用錘子把釘子釘進牆壁，掛上一幅畫。	He hammered a nail into the wall and hung a picture.
鍋	媽媽在用鍋煮湯。	Mom is cooking soup in a pot.
鍋	冬天全家圍著一鍋熱騰騰的火鍋，是最幸福的事。	In winter, the family gathering around a steaming hot pot is pure happiness.
長久	這不是長久的辦法。	This isn't a lasting solution.
長久	想要長久的友誼，彼此都要互相體諒。	For a lasting friendship, both sides must be considerate of each other.
開採	礦工開採煤礦。	Miners mine coal.
開採	過度開採地下水，會造成地層下陷。	Over-extracting groundwater causes land subsidence.
陌生	這裡我很陌生。	I'm unfamiliar with this place.
陌生	剛到新公司，大家對我都很陌生，我有點緊張。	I just joined the new company and everyone is a stranger, so I'm a bit nervous.
陳述	請陳述事實。	Please state the facts.
陳述	證人向法官陳述當天看到的情況，說得很清楚。	The witness described to the judge what he saw that day, very clearly.
雄	這隻獅子是雄的。	This lion is male.
雄	這座山脈氣勢雄偉，每年吸引許多登山客。	This mountain range is majestic and draws many climbers every year.
電影院	我們去電影院。	We're going to the cinema.
電影院	這間電影院的座位很舒服，所以我常來。	The seats in this cinema are comfortable, so I come often.
預警	氣象局發出預警。	The weather bureau issued a warning.
預警	地震預警系統能在地震來臨前幾秒發出警報。	The earthquake early-warning system can sound an alert seconds before the quake.
餐館	這家餐館很好吃。	This restaurant is delicious.
餐館	這條巷子裡有不少小餐館，各種口味都找得到。	This alley has plenty of small eateries with all kinds of flavors.
高效	這個方法很高效。	This method is very efficient.
高效	他的工作方式高效，常常提早完成任務。	He works efficiently and often finishes tasks early.
鮮花	桌上有一束鮮花。	There's a bouquet of fresh flowers on the table.
鮮花	母親節那天，我買了一束鮮花送給媽媽。	On Mother's Day I bought a bunch of fresh flowers for Mom.
一下子	他一下子就吃完了。	He finished eating in a flash.
一下子	雨一下子變得好大，我們只好躲進騎樓。	The rain suddenly got heavy, so we ducked under the arcade.
上床	我十一點上床睡覺。	I go to bed at eleven.
上床	他累得連衣服都沒換就上床了。	He was so tired he got into bed without even changing clothes.
下雨	外面下雨了。	It's raining outside.
下雨	下雨天路滑，騎機車要特別小心。	Roads are slippery when it rains, so be extra careful on a scooter.
中立	他保持中立。	He stays neutral.
中立	新聞報導應該保持中立，不要偏向任何一方。	News reports should stay neutral and not favor either side.
交付	貨物已經交付客戶了。	The goods have been delivered to the customer.
交付	房子要在年底前交付給買家，所以工人們都在趕工。	The house must be handed over to the buyer by year end, so the workers are rushing.
份額	我想拿回我的份額。	I want my share back.
份額	這家公司在手機市場的份額，今年增加了兩成。	This company's share of the phone market rose by twenty percent this year.
來得	他今天來得特別早。	He came especially early today.
來得	現在出門還來得及，我們快走吧。	If we leave now we're still in time; let's go.
俗稱	這道菜俗稱「佛跳牆」。	This dish is commonly called "Buddha jumps over the wall".
俗稱	柏油路面俗稱瀝青路，夏天太陽一曬就變得很燙。	Asphalt pavement is commonly called tar road and gets very hot under the summer sun.
偏見	別有偏見。	Don't be prejudiced.
偏見	我們要放下偏見，多了解不同文化的人。	We should drop prejudice and get to know people of different cultures.
僱傭	雙方有僱傭關係。	The two parties have an employment relationship.
僱傭	僱傭契約裡寫清楚薪水和工作時間，可以避免糾紛。	Spelling out pay and hours in the employment contract can prevent disputes.
兌	我想兌換一些日圓。	I'd like to exchange some yen.
兌	銀行櫃檯可以兌換外幣，不過要帶護照。	The bank counter can exchange foreign currency, but bring your passport.
八卦	這個圖案是八卦。	This pattern is the eight trigrams.
八卦	廟門上畫著八卦，據說可以辟邪。	The eight trigrams are painted on the temple door and are said to ward off evil.
其間	其間發生了很多事。	A lot happened in the interim.
其間	兩次考試的其間，同學們都忙著複習。	Between the two exams, classmates were busy reviewing.
出入	這裡出入很方便。	It's easy to come and go here.
出入	大樓的出入口有警衛，進出都要登記。	The building's entrance has a guard, and everyone must register on entering or leaving.
列舉	請列舉三個例子。	Please list three examples.
列舉	文章裡列舉了許多數據，說明少子化的影響。	The article lists a lot of data to show the effects of the falling birth rate.
前任	前任主管已經退休了。	The former supervisor has retired.
前任	新店長一上任就改了前任的做法，有人喜歡，也有人不習慣。	The new store manager changed the predecessor's methods right away; some like it and some aren't used to it.
動搖	他的決心動搖了。	His resolve wavered.
動搖	不管別人怎麼說，她的信念都沒有動搖。	No matter what others say, her belief hasn't wavered.
十四	他十四歲了。	He's fourteen.
十四	每個月十四號是公司的發薪日，大家都很期待。	The fourteenth of each month is payday, and everyone looks forward to it.
卡通	小孩愛看卡通。	Kids love watching cartoons.
卡通	這部卡通我從小看到大，每個角色我都記得。	I've watched this cartoon since I was little and remember every character.
取決於	這取決於你。	It depends on you.
取決於	活動能不能舉辦，取決於當天的天氣。	Whether the event can be held depends on the weather that day.
可謂	他可謂是專家。	He could be called an expert.
可謂	這次比賽可謂精彩萬分，觀眾一直歡呼到最後。	This match was truly thrilling, and the crowd cheered until the end.
名額	名額有限。	Places are limited.
名額	報名人數太多，只能抽籤決定名額。	Too many people signed up, so places are decided by lottery.
嘴巴	他張大嘴巴。	He opened his mouth wide.
嘴巴	小孩的嘴巴很甜，一直叫我阿姨，讓我好開心。	The kid has a sweet mouth and kept calling me auntie, which made me happy.
團長	團長帶領大家出發。	The group leader led everyone off.
團長	旅行團的團長會幫大家確認行程，也會注意大家的安全。	The tour leader confirms the itinerary and watches everyone's safety.
執	我們要執行這個計畫。	We'll carry out this plan.
執	他很固執，認定的事就不會輕易改變。	He's stubborn and doesn't easily change his mind once he's decided.
墮落	他生活墮落。	He lives a degenerate life.
墮落	一旦染上賭癮，人就容易墮落，家人也跟著受苦。	Once addicted to gambling, people easily go downhill and their families suffer too.
多半	他多半在家。	He's mostly at home.
多半	週末我多半窩在家看影集，很少出門。	On weekends I mostly stay home watching series and rarely go out.
大雨	昨晚下了大雨。	It rained heavily last night.
大雨	大雨讓路面積水，有些地方的公車也改道了。	The heavy rain flooded roads, and some buses were rerouted.
奔	孩子們奔向海邊。	The kids ran toward the sea.
奔	為了趕上最後一班車，他一路狂奔到車站。	To catch the last bus, he ran all the way to the station.
妖	故事裡有一隻妖怪。	There's a monster in the story.
妖	傳說這座山裡有妖，所以晚上沒人敢上去。	Legend says there are demons in this mountain, so no one dares go up at night.
嫩	豆腐很嫩。	The tofu is tender.
嫩	這塊牛排煎得剛剛好，吃起來又嫩又多汁。	This steak is cooked just right, tender and juicy.
客戶端	這是客戶端軟體。	This is client software.
客戶端	客戶端和伺服器連不上，所以網站打不開。	The client can't connect to the server, so the site won't open.
審美	她的審美很好。	She has good taste.
審美	每個人的審美不同，所以沒有絕對的好看或難看。	Everyone's taste differs, so nothing is absolutely pretty or ugly.
專科	他讀專科學校。	He attends a junior college.
專科	我下週要去看皮膚專科，約了早上十點的號。	Next week I'm seeing a dermatology specialist, with a 10 a.m. appointment.
少將	他是一位少將。	He is a major general.
少將	這位少將在軍中服務超過三十年，剛剛退休。	This major general served over thirty years in the military and has just retired.
展出	畫作正在展出。	The paintings are on display.
展出	博物館展出了一批剛從國外借來的古董。	The museum exhibited a batch of antiques just borrowed from abroad.
巨額	他欠了巨額債務。	He owes an enormous debt.
巨額	這次詐騙案造成民眾損失巨額金額，警方已成立專案小組。	The scam caused huge losses to the public, and police set up a task force.
常識	這是基本常識。	This is basic common sense.
常識	過馬路要看紅綠燈，這是最基本的常識。	Checking the traffic lights when crossing is the most basic common sense.
幼稚	他的行為很幼稚。	His behavior is childish.
幼稚	你都幾歲了，還這麼幼稚，吵不贏就生氣。	How old are you? So childish, getting mad when you lose an argument.
弔	大家到靈堂弔唁。	Everyone went to the funeral hall to pay respects.
弔	他的老師過世了，許多學生都趕來弔唁。	His teacher passed away, and many students hurried over to pay their respects.
彩虹	雨後出現彩虹。	A rainbow appears after the rain.
彩虹	雨停之後，天空出現一道彩虹，路人都停下來拍照。	After the rain stopped a rainbow appeared and passersby stopped to take photos.
御	我早餐吃了一個御飯糰。	I had a rice ball for breakfast.
御	在日本的神社，常常能看到寫著「御守」的護身符。	At Japanese shrines you often see amulets labeled omamori.
念頭	我有一個念頭。	I have an idea.
念頭	他突然冒出一個念頭，想去環島旅行。	A thought suddenly popped into his head to travel around the island.
悠久	這座古城歷史悠久。	This ancient city has a long history.
悠久	台灣擁有悠久的茶文化，每個季節都有不同的茶。	Taiwan has a long tea culture, with different teas in every season.
戰區	這裡是戰區。	This is a war zone.
戰區	戰區的居民每天都生活在不安之中。	Residents of the war zone live in unease every day.
扇	天氣好熱，我拿扇子扇風。	It's so hot that I'm fanning myself with a fan.
扇	她被惹毛了，轉身就扇了他一巴掌。	She was provoked, turned and slapped him.
抬	請幫我抬桌子。	Please help me lift the table.
抬	兩個人一起把沙發抬上了三樓。	Two people carried the sofa up to the third floor together.
捉	貓在捉老鼠。	The cat is catching a mouse.
捉	警察花了三天時間，才捉到那名逃跑的嫌犯。	The police took three days to catch the suspect on the run.
推送	手機每天推送新聞。	The phone pushes news every day.
推送	這個軟體會依你的喜好，推送適合你的影片和文章。	This software pushes videos and articles that suit your tastes.
揭開	他揭開了鍋蓋。	He lifted the pot lid.
揭開	記者終於揭開了這起事件背後的真相。	The reporter finally uncovered the truth behind this incident.
擊中	球擊中了窗戶。	The ball hit the window.
擊中	他投的球正好擊中了標靶中心。	The ball he threw hit the center of the target.
改成	我想改成明天。	I'd like to change it to tomorrow.
改成	會議的時間改成下午三點，請大家確認。	The meeting time is changed to 3 p.m.; please confirm.
敲	有人在敲門。	Someone is knocking on the door.
敲	他敲了很久的門，裡面都沒有人回應。	He knocked for a long time and no one inside responded.
日後	日後再說吧。	Let's talk about it later.
日後	有問題日後可以隨時聯絡我，我會盡量幫忙。	If you have problems later, contact me any time; I'll help as I can.
晉升	他被晉升為經理。	He was promoted to manager.
晉升	她表現優異，兩年內就晉升為部門主管。	She performed excellently and was promoted to department head within two years.
更名	公司將更名。	The company will be renamed.
更名	這家老字號店面更名之後，生意反而更好了。	After this long-established shop changed its name, business got even better.
服務業	她在服務業工作。	She works in the service industry.
服務業	台灣的服務業相當發達，很多人在餐廳或商店工作。	Taiwan's service industry is quite developed, and many people work in restaurants or shops.
束縛	他不喜歡被束縛。	He doesn't like being tied down.
束縛	他覺得傳統的觀念束縛了自己，所以選擇離開家鄉。	He felt traditional ideas bound him, so he chose to leave his hometown.
案子	這個案子很複雜。	This case is complicated.
案子	我手上有三個案子要處理，這個星期都得加班。	I have three cases to handle and must work overtime all week.
樓上	樓上很吵。	It's noisy upstairs.
樓上	樓上的鄰居半夜還在拖椅子，吵得我睡不著。	The upstairs neighbor is still dragging chairs at midnight, and I can't sleep.
正要	我正要出門。	I was just about to go out.
正要	我正要睡覺，朋友就傳訊息來聊天了。	I was just about to sleep when a friend messaged me to chat.
殭屍	殭屍電影很可怕。	Zombie movies are scary.
殭屍	萬聖節時，很多人化妝成殭屍去參加派對。	At Halloween many people dress up as zombies for parties.
民政	他在民政局工作。	He works at the Civil Affairs Bureau.
民政	民政單位負責戶籍登記和結婚登記等業務。	The civil affairs office handles household and marriage registration.
求助	他向朋友求助。	He asked a friend for help.
求助	遇到緊急狀況時，不要害怕，要馬上向警察求助。	In an emergency, don't be afraid; ask the police for help immediately.
泛	他的興趣很廣泛。	His interests are wide-ranging.
泛	「車輛」泛指各種交通工具。	"Vehicle" refers broadly to all means of transport.
流血	傷口流血了。	The wound is bleeding.
流血	他的膝蓋摔破流血了，我趕快幫他貼OK繃。	His knee scraped and bled, so I quickly put a Band-Aid on it.
減肥	我正在減肥。	I'm on a diet.
減肥	她為了減肥，每天晚上都到公園快走一小時。	To lose weight, she power-walks in the park for an hour every night.
演習	軍隊在演習。	The army is conducting a drill.
演習	學校每學期都會舉辦地震演習，讓學生知道怎麼逃生。	The school holds an earthquake drill each semester so students know how to escape.
灰色	我喜歡灰色的衣服。	I like gray clothes.
灰色	灰色的天空讓人心情不太好，好像快下雨了。	The gray sky dampens the mood; it looks like it's about to rain.
煙草	煙草有害健康。	Tobacco harms health.
煙草	煙草的價格每年都在上漲，所以抽菸的人越來越少。	The price of tobacco rises every year, so fewer people smoke.
犬	導盲犬正在帶路。	The guide dog is leading the way.
犬	這隻犬很聰明，主人說什麼指令牠都聽得懂。	This dog is smart and understands whatever commands its owner gives.
玉	這塊玉很漂亮。	This piece of jade is beautiful.
玉	阿嬤手上戴著一只玉鐲子，說是媽媽留給她的。	Grandma wears a jade bracelet on her wrist, saying her mother left it to her.
用以	他拿出照片，用以證明自己的說法。	He took out a photo to prove his account.
用以	公司設立基金，用以幫助家境困難的學生。	The company set up a fund to help students from struggling families.
療法	這是新療法。	This is a new therapy.
療法	醫生建議採用新的療法，副作用比較小。	The doctor suggested a new treatment with fewer side effects.
發音	你的發音很標準。	Your pronunciation is very standard.
發音	中文的發音很難，尤其是聲調，要多練習。	Chinese pronunciation is hard, especially the tones, so practice a lot.
盲目	不要盲目跟風。	Don't follow trends blindly.
盲目	盲目地投資很危險，一定要先做功課。	Investing blindly is dangerous; do your homework first.
看好	請幫我看好行李。	Please keep an eye on my luggage.
看好	出門時請看好小孩，不要讓他亂跑。	Keep an eye on your child when out; don't let him run around.
神父	神父在教堂。	The priest is in the church.
神父	神父每個星期天都在教堂主持彌撒。	The priest leads Mass at the church every Sunday.
穴	山壁上有個洞穴。	There's a cave in the cliff.
穴	按摩這個穴位，可以緩解頭痛。	Massaging this acupuncture point can relieve headaches.
童話	我愛讀童話。	I love reading fairy tales.
童話	睡前媽媽總會念一則童話故事，直到我睡著為止。	Before bed Mom always reads a fairy tale until I fall asleep.
粉碎	碎紙機把紙粉碎。	The shredder shreds the paper.
粉碎	碎紙機把機密文件粉碎，確保資料不會外洩。	The shredder destroys confidential documents to make sure information doesn't leak.
紅旗	海邊插著紅旗，不能下水。	A red flag is up at the beach; no swimming.
紅旗	浪太大時，救生員會升起紅旗，提醒大家不要下水。	When the waves are too big, lifeguards raise a red flag to warn people not to swim.
綠化	我們要綠化校園。	We want to green the campus.
綠化	市政府推動街道綠化，種了很多樹和花。	The city government promotes street greening, planting many trees and flowers.
織	她在織圍巾。	She's knitting a scarf.
織	阿嬤會自己織毛衣，每年冬天都織一件給我們。	Grandma knits sweaters herself, making one for us every winter.
耳	我的耳朵很痛。	My ear hurts a lot.
耳	他戴著耳機，什麼都聽不見，連我叫他都沒聽到。	He had earphones on and heard nothing; he didn't even hear me call him.
胸部	胸部有點痛。	My chest hurts a bit.
胸部	醫生用聽診器聽了他的胸部，說肺部沒有問題。	The doctor listened to his chest with a stethoscope and said his lungs are fine.
與會	全體主管都要與會。	All supervisors must attend the meeting.
與會	與會人員包括各部門代表，會議預計進行兩個小時。	Attendees include representatives from each department, and the meeting is expected to last two hours.
英里	這條路長五英里。	This road is five miles long.
英里	在美國，路標上的距離常用英里，不是公里。	In the US, road signs often show distance in miles, not kilometers.
處在	他處在很困難的情況。	He's in a very difficult situation.
處在	公司目前處在轉型期，每個人都得學新技能。	The company is in a transition period now, and everyone must learn new skills.
蜘蛛	牆上有隻蜘蛛。	There's a spider on the wall.
蜘蛛	蜘蛛在窗邊織了一張大網，上面還沾著露水。	A spider spun a big web by the window, with dew still clinging to it.
術語	這是專業術語。	This is a technical term.
術語	醫生用了太多術語，我完全聽不懂他在說什麼。	The doctor used so much jargon that I couldn't understand what he was saying.
視察	市長視察工地。	The mayor inspects the construction site.
視察	部長下週要到南部視察水庫的狀況。	The minister will go south next week to inspect the reservoir.
解答	老師解答了問題。	The teacher answered the questions.
解答	客服人員耐心解答我的疑問，讓我很放心。	The customer service rep patiently answered my questions, which put me at ease.
話語	他的話語很溫柔。	His words are gentle.
話語	朋友的幾句話語，讓我重新有了勇氣。	A few words from my friend gave me courage again.
調解	警察出面調解。	The police stepped in to mediate.
調解	鄰居之間的糾紛，可以先找里長調解。	For disputes between neighbors, you can first ask the borough chief to mediate.
議論	大家都在議論這件事。	Everyone is talking about this.
議論	新店剛開幕，街坊鄰居都議論紛紛，不知道好不好吃。	The new shop just opened and the neighbors are all talking, wondering if it's good.
貪婪	他很貪婪。	He is greedy.
貪婪	因為太貪婪，他最後什麼都沒得到。	Because he was too greedy, he ended up with nothing.
趕上	快跑，才能趕上公車。	Run, so you can catch the bus.
趕上	我們得加快腳步，才能趕上最後一班高鐵。	We have to speed up to catch the last high-speed train.
轎車	他開轎車上班。	He drives a sedan to work.
轎車	這輛轎車的後座很寬敞，坐起來很舒服。	This sedan's back seat is roomy and comfortable.
逃跑	小偷逃跑了。	The thief ran away.
逃跑	看到警察走過來，他轉身就逃跑了。	Seeing the police approach, he turned and ran.
進駐	新公司進駐大樓。	A new company moved into the building.
進駐	這棟新大樓已經有好幾家公司進駐，一樓也開了咖啡店。	Several companies have moved into this new building, and a cafe opened on the first floor.
遲到	我上班遲到了。	I was late for work.
遲到	他昨晚熬夜，今天早上又遲到了，被主管唸了一頓。	He stayed up late last night and was late again this morning, earning a scolding from his boss.
配件	手機配件很多。	There are many phone accessories.
配件	這台腳踏車的配件壞了，我要去店裡換新的。	A part of this bike broke, so I'm going to the shop to get a new one.
野	田野裡有很多野花。	There are lots of wildflowers in the fields.
野	他的個性很野，一刻都坐不住，總想往外面跑。	He's wild by nature, can't sit still for a moment, and always wants to run outside.
錦標賽	他參加錦標賽。	He's entering the championship.
錦標賽	這支隊伍在世界錦標賽中拿下了第三名。	This team took third place at the world championships.
閒	我今天很閒。	I'm free today.
閒	沒事的時候，我喜歡泡杯茶，跟鄰居閒聊幾句。	When I've nothing to do, I like to make tea and chat with the neighbors.
集團軍	新聞報導中國有多個集團軍參加了這次軍事演習。	News reports said several army groups took part in this military exercise.
難怪	難怪你這麼累。	No wonder you're so tired.
難怪	原來他昨晚沒睡，難怪今天一直打哈欠。	So he didn't sleep last night; no wonder he keeps yawning today.
震動	手機在震動。	The phone is vibrating.
震動	地震的時候，整棟大樓都在震動，大家嚇了一跳。	During the earthquake, the whole building shook and everyone was startled.
風俗	各地風俗不同。	Customs differ from place to place.
風俗	過年時各地風俗不同，有的人放鞭炮，有的人去廟裡祈福。	New Year customs vary; some set off firecrackers and some pray at temples.
首度	他首度來台灣。	He's visiting Taiwan for the first time.
首度	這位歌手首度來台灣開演唱會，門票一小時就賣光了。	This singer is giving a concert in Taiwan for the first time, and tickets sold out in an hour.
骨頭	狗在啃骨頭。	The dog is gnawing a bone.
骨頭	他不小心摔倒，骨頭裂了，要打石膏好幾個星期。	He fell and cracked a bone, and will be in a cast for weeks.
鳥類	台灣有很多鳥類。	Taiwan has many kinds of birds.
鳥類	這座濕地是許多鳥類過冬的地方，每年都有人來賞鳥。	This wetland is where many birds spend winter, and people come to birdwatch every year.
一模一樣	他們長得一模一樣。	They look exactly alike.
一模一樣	這兩個包包看起來一模一樣，我分不出哪個是真的。	These two bags look identical, and I can't tell which is real.
三角	請畫一個三角形。	Please draw a triangle.
三角	課本裡介紹了三角函數的公式。	The textbook introduces formulas for trigonometric functions.
上限	有人數上限。	There's a cap on numbers.
上限	每個人購買的上限是兩張，賣完就沒有了。	The purchase limit is two per person, and once sold out that's it.
下落	他的下落不明。	His whereabouts are unknown.
下落	失蹤的小狗至今下落不明，主人很擔心。	The missing puppy is still unaccounted for, and its owner is worried.
不已	她感動不已。	She's moved beyond words.
不已	聽到這個好消息，大家都興奮不已。	Hearing the good news, everyone was endlessly excited.
中年	他已經中年了。	He's already middle-aged.
中年	人到中年，工作和家庭的壓力都很大。	By middle age, the pressure from work and family is heavy.
乖乖	小孩乖乖坐著。	The child sits obediently.
乖乖	你乖乖待在這裡，媽媽很快就回來。	Be good and stay here; Mom will be right back.
井	院子裡有一口井。	There's a well in the yard.
井	老家的井水很清涼，夏天我們常拿來冰西瓜。	The well water at my old home is cool, and in summer we chill watermelon in it.
人身	要注意人身安全。	Mind your personal safety.
人身	夜間獨自回家時，要特別注意人身安全。	When going home alone at night, pay special attention to personal safety.
佈雷	軍艦在海上佈雷。	The warship is laying mines at sea.
佈雷	戰爭期間，敵軍在港口外佈雷，船隻無法進出。	During the war, the enemy laid mines outside the port so ships couldn't come or go.
住院	他生病住院了。	He got sick and was hospitalized.
住院	奶奶下週要住院做檢查，我們輪流去照顧她。	Grandma is being hospitalized for tests next week, and we take turns caring for her.
侵佔	敵軍侵佔了領土。	The enemy army seized the territory.
侵佔	歷史上曾有外國勢力侵佔這座島，後來才被趕走。	Historically foreign powers occupied this island before being driven out.
保佑	神明保佑你。	May the gods bless you.
保佑	阿嬤在廟裡拜拜，求神明保佑全家平安。	Grandma prays at the temple, asking the deities to protect the whole family.
信賴	我很信賴他。	I trust him a lot.
信賴	客戶的信賴，是這家公司最重要的資產。	Customers' trust is this company's most important asset.
傍晚	傍晚下了一場雨。	It rained in the evening.
傍晚	傍晚的時候，公園裡有很多人在散步和運動。	In the evening, lots of people walk and exercise in the park.
償還	他償還了借款。	He repaid the loan.
償還	他每個月償還一部分貸款，希望五年內還清。	He repays part of the loan each month, hoping to clear it within five years.
兔	那隻兔子好可愛。	That rabbit is so cute.
兔	動物園的兔子特別愛吃紅蘿蔔，一次可以吃好幾根。	The zoo's rabbits love carrots and can eat several at once.
公開信	他寫了一封公開信。	He wrote an open letter.
公開信	學生們在網路上發表公開信，要求學校改善宿舍設施。	Students published an open letter online asking the school to improve dorm facilities.
冷漠	他的態度很冷漠。	His attitude is cold.
冷漠	現代人在大城市裡生活，有時候對鄰居也很冷漠。	Modern people in big cities are sometimes indifferent even to neighbors.
分會	這是台北分會。	This is the Taipei chapter.
分會	這個協會在各縣市都有分會，會員可以就近參加活動。	This association has chapters in every county and city, so members can join activities nearby.
前所未有	這是前所未有的事。	This is unprecedented.
前所未有	這次颱風帶來前所未有的大雨，南部多處淹水。	This typhoon brought unprecedented rain, flooding many parts of the south.
加重	病情加重了。	The illness has worsened.
加重	天氣變冷，爺爺的咳嗽也加重了，要趕快去看醫生。	As the weather turned cold, Grandpa's cough got worse, so he needs to see a doctor quickly.
募集	他們在募集捐款。	They are raising donations.
募集	學校發起募集二手書，送給偏鄉的孩子們。	The school started a drive to collect used books for children in remote areas.
匹配	這兩個零件不匹配。	These two parts don't match.
匹配	交友軟體會依照興趣匹配適合的對象。	Dating apps match suitable people according to interests.
南極	南極很冷。	The South Pole is very cold.
南極	企鵝生活在南極，那裡的冬天長達好幾個月。	Penguins live in Antarctica, where winter lasts months.
反共	他在歷史課談反共。	He talked about anti-communism in history class.
反共	戒嚴時期，政府曾大力宣傳反共，口號貼滿街頭。	During martial law the government heavily promoted anti-communism, with slogans plastered everywhere.
受害人	受害人報警了。	The victim called the police.
受害人	警方通知受害人到派出所做筆錄。	The police asked the victim to come to the station to give a statement.
可樂	我想喝可樂。	I'd like a cola.
可樂	吃炸雞的時候，來一杯冰可樂最對味。	With fried chicken, an ice-cold cola is just right.
合法性	請確認合法性。	Please confirm its legality.
合法性	這家店的營業執照有問題，它的合法性受到質疑。	There's a problem with this shop's business license, and its legitimacy is questioned.
吵架	他們在吵架。	They're arguing.
吵架	我和室友為了小事吵架，後來互相道歉就和好了。	My roommate and I argued over a small thing, then apologized and made up.
呵呵	他呵呵地笑。	He chuckles.
呵呵	阿公看到孫子畫的畫，呵呵地笑個不停。	Grandpa chuckled nonstop at the picture his grandson drew.
問候	請替我問候你媽媽。	Please say hello to your mom for me.
問候	過年時我們傳訊息問候親朋好友，祝大家新年快樂。	At New Year we message relatives and friends with greetings and wish everyone a happy new year.
嘉	老闆嘉許我們的表現。	The boss praised our performance.
嘉	市長頒獎嘉獎見義勇為的民眾，大家都鼓掌。	The mayor presented an award commending citizens who acted bravely, and everyone applauded.
國安	這是國安問題。	This is a national security issue.
國安	新聞指出，這起案件可能涉及國安，檢調單位已介入調查。	News says this case may involve national security, and prosecutors and investigators have stepped in.
圓形	這是圓形的桌子。	This is a round table.
圓形	這間餐廳的桌子都是圓形的，很適合朋友聚餐。	This restaurant's tables are all round, perfect for friends dining together.
地處	這座城市地處山谷。	This city lies in a valley.
地處	這個小鎮地處偏遠，交通比較不方便，卻有很美的風景。	This town is remote and less accessible but has beautiful scenery.
執政黨	執政黨提出新政策。	The ruling party proposed a new policy.
執政黨	選舉結束後，執政黨承諾會好好聽取民意。	After the election, the ruling party promised to listen to public opinion.
墊	我在椅子上放了一個坐墊。	I put a cushion on the chair.
墊	他先墊了一百塊給我，說下次再還他。	He covered a hundred dollars for me first, and I'll pay him back next time.
多媒體	這是多媒體教室。	This is a multimedia classroom.
多媒體	老師用多媒體資料上課，有影片、聲音和圖片。	The teacher uses multimedia materials in class, with video, audio and pictures.
大王	故事裡的猴子自稱是山大王。	In the story the monkey calls himself the mountain king.
大王	戲裡的小兵跪在地上說：「大王饒命！」	In the play the soldier kneels and says, "Spare me, Your Majesty!"
太好了	太好了，你來了！	Great, you've come!
太好了	太好了，這次的考試我通過了，終於可以放心休息。	Great, I passed the exam this time and can finally rest easy.
契機	這是個好契機。	This is a good opportunity.
契機	這次的失敗，成為他重新思考人生的契機。	This failure became the turning point for him to rethink his life.
始建	此廟始建於清朝。	This temple was first built in the Qing dynasty.
始建	這座古城堡始建於十七世紀，後來經過多次整修。	This old castle was first built in the seventeenth century and renovated many times since.
子公司	他在子公司工作。	He works at the subsidiary.
子公司	母公司在南部設立了一家子公司，專門生產電子零件。	The parent company set up a subsidiary in the south that makes electronic parts.
學期	新學期開始了。	The new semester has started.
學期	下個學期我打算多選幾門語言課，也想參加社團。	Next semester I plan to take more language classes and also join a club.
定居	他想定居台灣。	He wants to settle in Taiwan.
定居	她在國外讀書結婚後，決定回台灣定居。	After studying and marrying abroad, she decided to return and settle in Taiwan.
宮殿	這是一座宮殿。	This is a palace.
宮殿	歐洲的宮殿裡有華麗的吊燈和壁畫，吸引許多遊客參觀。	European palaces have gorgeous chandeliers and murals that attract many visitors.
實名	網路要實名登記。	You must register online with your real name.
實名	為了防止黃牛，購買演唱會門票必須實名登記。	To stop scalpers, concert tickets must be bought with real-name registration.
尊	我很尊敬老師。	I respect my teacher a lot.
尊	我們要尊重不同的意見，即使不同意也不要嘲笑對方。	We should respect different opinions and not mock others even if we disagree.
就是說	也就是說，你不去了？	In other words, you're not going?
就是說	也就是說，這個月的預算只剩一半，我們得省點花。	In other words, only half of this month's budget is left, so we must economize.
峰會	各國領袖召開峰會。	World leaders are holding a summit.
峰會	經濟峰會討論了氣候變遷，各國代表都發表了看法。	The economic summit discussed climate change, and delegates all gave their views.
市政	市政工作很忙。	City administration work is busy.
市政	市長說，市政建設要以市民的需求為優先。	The mayor said municipal projects should prioritize citizens' needs.
幹線	這是交通幹線。	This is a main traffic route.
幹線	這條幹線公車每五分鐘一班，通勤族都很依賴它。	This trunk bus line runs every five minutes, and commuters rely on it.
廠家	這個廠家很有名。	This manufacturer is well known.
廠家	我買的洗衣機壞了，打電話給廠家，他們很快派人來修。	My washing machine broke, and when I called the manufacturer they quickly sent someone to repair it.
弱勢	要幫助弱勢族群。	We should help disadvantaged groups.
弱勢	政府定期補助弱勢家庭，讓孩子都有機會上學。	The government regularly subsidizes disadvantaged families so every child can attend school.
後勤	後勤工作很重要。	Logistics work is important.
後勤	活動順利舉行，要感謝後勤人員在背後的付出。	The event went smoothly thanks to the logistics staff working behind the scenes.
復活	這部電影裡，主角竟然復活了。	In this movie, the hero actually comes back to life.
復活	復活節那天，教堂裡擠滿了做禮拜的信徒。	On Easter Day the church was packed with worshippers.
快要	天快要黑了。	It's about to get dark.
快要	比賽快要結束了，現場的觀眾都站了起來。	The game is almost over, and the audience all stood up.
恥辱	這是一種恥辱。	This is a disgrace.
恥辱	被冤枉成小偷，對他來說是一種恥辱。	Being falsely accused of theft was a humiliation to him.
感應	門有感應功能。	The door has a sensor function.
感應	這個垃圾桶有感應裝置，手一靠近蓋子就會打開。	This trash can has a sensor; the lid opens when a hand approaches.
成千上萬	成千上萬的人來看煙火。	Thousands upon thousands came to see the fireworks.
成千上萬	跨年夜成千上萬的人聚集在市政府前，一起倒數。	On New Year's Eve, tens of thousands gathered in front of City Hall to count down together.
所致	這是疲勞所致。	This is caused by fatigue.
所致	這次停電是設備老舊所致，現在已經修好了。	This power outage was caused by aging equipment and has now been fixed.
打包	請幫我打包。	Please pack it up for me.
打包	吃不完的菜可以請店員打包，帶回家當明天的午餐。	Leftovers can be boxed by the staff to take home for tomorrow's lunch.
抉擇	這是困難的抉擇。	This is a hard choice.
抉擇	面對升學與就業的抉擇，他想了很久才決定。	Facing the choice between further study and a job, he thought long before deciding.
抽象	這個概念很抽象。	This concept is very abstract.
抽象	她喜歡抽象畫，雖然看不太懂，但覺得很有意思。	She likes abstract paintings; she doesn't quite understand them but finds them interesting.
拳頭	他握緊拳頭。	He clenched his fist.
拳頭	小孩氣得握緊拳頭，卻一句話也不說。	The child was so angry he clenched his fists but said nothing.
捐	我想捐血。	I'd like to donate blood.
捐	我每個月都捐一點錢給育幼院，希望能幫到孩子們。	I donate a bit of money to an orphanage each month, hoping to help the kids.
掙錢	他辛苦掙錢。	He earns money with hard work.
掙錢	他辛苦掙錢養家，從來不抱怨，家人都很感謝他。	He works hard to support his family without complaint, and they're grateful to him.
揉	揉一下眼睛。	Rub your eyes a bit.
揉	媽媽輕輕揉著我的肩膀，我的痠痛感就慢慢消失了。	Mom gently rubbed my shoulders and the soreness slowly faded.
搖滾	我喜歡搖滾樂。	I like rock music.
搖滾	這支搖滾樂團的現場演出很熱血，觀眾都跟著大喊。	This rock band's live show is fiery, and the audience shouts along.
摩	冬天手冷時，我會用力摩擦雙手取暖。	When my hands are cold in winter, I rub them hard to warm up.
摩	他幫我按摩肩膀，痠痛的地方終於放鬆了。	He massaged my shoulders and the sore spots finally relaxed.
擴	公司要擴大規模。	The company wants to expand its scale.
擴	店家生意變好後，打算擴大營業面積，多開幾個座位。	After business improved, the shop planned to enlarge its space and add seats.
收縮	這件毛衣洗完之後收縮了，已經穿不下了。	This sweater shrank after washing and no longer fits.
收縮	冷空氣來時，血管會收縮，所以手腳容易冰冷。	When cold air comes, blood vessels constrict, so hands and feet turn cold easily.
效能	電腦效能很好。	The computer performs well.
效能	新手機的效能比舊款提升了很多，打遊戲也不會卡頓。	The new phone's performance is much better than the old model, with no lag in games.
整治	政府整治河川。	The government is cleaning up the rivers.
整治	市政府花了三年整治這條河，如今水質乾淨多了。	The city government spent three years restoring this river, and the water is much cleaner now.
斤	我買了兩斤蘋果。	I bought two catties of apples.
斤	一台斤等於六百公克，菜市場的小販還是習慣用斤來算。	A Taiwanese catty is six hundred grams, and market vendors still price by the catty.
昆蟲	昆蟲有六隻腳。	Insects have six legs.
昆蟲	夏天的夜晚，樹林裡有很多昆蟲在叫。	On summer nights, many insects chirp in the woods.
晚飯	我們吃晚飯吧。	Let's have dinner.
晚飯	今天的晚飯是媽媽煮的咖哩，全家人都吃了兩碗。	Tonight's dinner was Mom's curry, and everyone had two bowls.
最高法院	這個案子送到最高法院。	This case went to the Supreme Court.
最高法院	最高法院駁回了被告的上訴，判決確定。	The Supreme Court rejected the defendant's appeal, making the verdict final.
有的是	時間有的是。	There's plenty of time.
有的是	別擔心，你還年輕，有的是機會可以重來。	Don't worry; you're young and have plenty of chances to start over.
材	他是個可造之材。	He's a promising talent.
材	這張桌子的木材很好，擺了十年也沒壞。	The wood of this table is good; it's lasted ten years without damage.
桶	桶子裡有水。	There's water in the bucket.
桶	垃圾桶滿了，記得拿去倒，不然會有味道。	The trash can is full; remember to empty it or it'll smell.
極品	這是極品茶葉。	This is top-grade tea.
極品	這家店的牛肉麵堪稱極品，湯頭濃郁卻不油。	This shop's beef noodles are top-notch, with a rich yet not greasy broth.
標識	請看路上的標識。	Please look at the signs on the road.
標識	每個包裝上都有清楚的標識，註明成分和有效日期。	Each package has a clear label showing ingredients and expiry date.
機電	他學機電的。	He studied mechanical and electrical engineering.
機電	這家工廠專門生產機電設備，產品銷售到世界各地。	This factory makes electromechanical equipment sold around the world.
欄目	報紙有美食欄目。	The newspaper has a food column.
欄目	這份雜誌新增了一個介紹老店的欄目，很受讀者歡迎。	This magazine added a column introducing old shops, popular with readers.
歷史性	這是歷史性的一刻。	This is a historic moment.
歷史性	這座橋是歷史性的建築，政府決定好好保存。	This bridge is a historic structure, and the government decided to preserve it.
比喻	這個比喻很生動。	This metaphor is vivid.
比喻	他把人生比喻成一場馬拉松，要有耐心才能走到終點。	He likens life to a marathon; you need patience to reach the finish.
水質	這裡的水質很好。	The water quality here is good.
水質	環保局每個月檢查河川水質，確保大家的用水安全。	The environmental bureau checks river water quality monthly to keep everyone's water safe.
況且	路太遠了，況且天也快黑了。	It's too far, and besides, it's getting dark.
況且	這家餐廳不貴，況且服務也很好，下次我們還要再來。	This restaurant isn't expensive and the service is good too, so we'll come again.
活潑	她很活潑。	She is lively.
活潑	活潑的小孩在公園裡跑來跑去，笑聲不斷。	Lively kids ran around the park, laughing nonstop.
消費品	超市賣很多消費品。	Supermarkets sell many consumer goods.
消費品	隨著物價上漲，日常消費品的價格也一路攀升。	As prices rise, the cost of everyday consumer goods keeps climbing.
添	我想再添一碗湯。	I'd like another bowl of soup.
添	過年前，我媽會添購新衣服，讓全家都有新氣象。	Before New Year, my mom buys new clothes so the whole family has a fresh start.
源頭	河流的源頭在山上。	The source of the river is in the mountains.
源頭	解決問題要從源頭開始，光處理表面是沒用的。	Solve problems from the source; handling only the surface is useless.
漲幅	今年房價的漲幅很驚人。	The rise in home prices this year is astonishing.
漲幅	油價這個月漲幅達到百分之五，騎機車的人都覺得負擔變重了。	Fuel prices rose five percent this month, and scooter riders feel the burden growing.
災區	災區需要幫助。	The disaster area needs help.
災區	志工們把物資送到災區，幫助受災的居民重建家園。	Volunteers delivered supplies to the disaster area to help residents rebuild their homes.
煉	工人在工廠煉鋼。	Workers are smelting steel in the factory.
煉	他每天早起鍛煉，練了三個月，體力進步很多。	He exercises early every day, and after three months his stamina has improved a lot.
營地	我們到營地了。	We've reached the campsite.
營地	營地裡有廁所和淋浴間，很適合第一次露營的人。	The campsite has toilets and showers, so it's great for first-time campers.
物理學	他念物理學。	He studies physics.
物理學	物理學家研究宇宙的規則，從最小的粒子到最大的星系。	Physicists study the universe's rules, from the smallest particles to the largest galaxies.
獨裁者	他是個獨裁者。	He is a dictator.
獨裁者	歷史上的獨裁者通常不允許人民表達不同意見。	Dictators in history usually don't allow people to voice dissent.
理所當然	好成績是努力的結果，理所當然。	Good grades come from hard work, as they should.
理所當然	不要把別人的幫助當成理所當然，要記得說聲謝謝。	Don't take others' help for granted; remember to say thank you.
生殖	魚類大多在春天生殖。	Most fish reproduce in spring.
生殖	生物課介紹了植物的生殖方式，有的靠種子，有的靠分裂。	Biology class covered how plants reproduce, some by seeds and some by division.
界面	這個App的界面很簡單。	This app's interface is simple.
界面	新版系統的操作界面更直覺，老人家也能很快上手。	The new system's interface is more intuitive, and even seniors pick it up quickly.
發揚	我們要發揚傳統。	We should carry forward tradition.
發揚	這位老師一輩子致力於發揚傳統音樂，教了很多學生。	This teacher devoted his life to promoting traditional music and taught many students.
盛大	婚禮很盛大。	The wedding is grand.
盛大	跨年晚會非常盛大，現場有煙火和歌手表演。	The New Year's Eve party was grand, with fireworks and singer performances.
相愛	他們彼此相愛。	They love each other.
相愛	兩個人相愛，不一定就能長久，還需要互相理解。	Two people loving each other doesn't guarantee lasting; they need mutual understanding too.
知名度	他的知名度很高。	He has high name recognition.
知名度	這家老店的知名度越來越高，常有觀光客專程來吃。	This old shop's fame keeps growing, and tourists often come just to eat here.
礦業	礦業曾經很發達。	Mining used to be thriving.
礦業	九份曾經因為礦業興盛而繁榮，現在變成熱門觀光景點。	Jiufen once prospered from mining and has now become a popular tourist spot.
票價	票價是多少？	How much is the ticket?
票價	暑假期間的票價比平常貴，所以我們打算秋天再去。	Ticket prices in summer vacation are higher than usual, so we plan to go in autumn.
科學技術	科學技術進步很快。	Science and technology advance quickly.
科學技術	科學技術的發展，讓我們的生活變得越來越方便。	The development of science and technology makes our lives increasingly convenient.
突擊	警察突擊檢查。	Police made a surprise inspection.
突擊	老師今天突擊考試，大家都措手不及。	The teacher gave a surprise test today and everyone was caught off guard.
笨	我真笨。	I'm so dumb.
笨	他看起來笨手笨腳的，其實學東西很快。	He looks clumsy but actually learns quickly.
篩選	請篩選資料。	Please filter the data.
篩選	公司從五百份履歷中篩選出二十位，通知他們來面試。	The company screened twenty out of five hundred résumés and notified them for interviews.
糖尿病	爺爺有糖尿病。	Grandpa has diabetes.
糖尿病	得了糖尿病要控制飲食，也要定期測血糖。	With diabetes you must control your diet and test blood sugar regularly.
紳士	他是個紳士。	He's a gentleman.
紳士	這位紳士主動幫老太太提行李，讓人覺得很溫暖。	This gentleman offered to carry the old lady's luggage, which felt warm.
維權	消費者要維權。	Consumers should defend their rights.
維權	發生糾紛時，消費者可以向消保官維權，保障自己的權益。	In disputes, consumers can turn to consumer protection officers to defend their rights.
縣級	縣級政府負責管理地方事務。	County-level governments manage local affairs.
縣級	這項補助由縣級單位審核，通過後才會發放。	This subsidy is reviewed by the county-level office and paid out once approved.
罷免	選民想罷免議員。	Voters want to recall the councilor.
罷免	罷免案需要足夠的連署，才能進入下一個程序。	A recall motion needs enough signatures to proceed to the next stage.
老是	他老是遲到。	He's always late.
老是	你老是忘記帶鑰匙，不如多配一副放在朋友那裡吧。	You keep forgetting your keys; why not make a spare and leave it with a friend?
聯網	這台冰箱可以聯網。	This fridge can connect to the internet.
聯網	許多智慧家電都能聯網，用手機就能遙控。	Many smart appliances can go online and be controlled by phone.
脂肪	肥肉含有很多脂肪。	Fatty meat contains lots of fat.
脂肪	醫生建議他少吃油炸物，降低體內的脂肪含量。	The doctor advised him to eat fewer fried foods to lower his body fat.
自慰	他只能用這個想法來自慰。	He could only console himself with that thought.
自慰	他用「至少我盡力了」來自慰，心情才好一點。	He consoled himself with "at least I did my best" and felt a bit better.
舍	我住在學校的宿舍。	I live in the school dorm.
舍	舍弟明年就要上大學了，現在正忙著準備考試。	My younger brother goes to college next year and is busy preparing for exams.
茶葉	我買了一些茶葉。	I bought some tea leaves.
茶葉	這罐茶葉是朋友從阿里山帶回來的，泡起來很香。	This tin of tea was brought back from Alishan by a friend and smells lovely brewed.
葡萄酒	我喜歡紅葡萄酒。	I like red wine.
葡萄酒	牛排搭配一杯葡萄酒，是我最喜歡的晚餐。	Steak with a glass of wine is my favorite dinner.
蠢	我做了一件蠢事。	I did something stupid.
蠢	他覺得自己太蠢，竟然被詐騙集團騙走了存款。	He felt so foolish for being cheated out of his savings by a scam ring.
袋	我提了兩袋水果。	I carried two bags of fruit.
袋	超商現在要自備購物袋，不然要另外加錢。	Convenience stores now want you to bring your own bag or pay extra.
襯衫	他穿白襯衫。	He's wearing a white shirt.
襯衫	這件襯衫太皺了，我要先燙過才能穿去面試。	This shirt is too wrinkled; I need to iron it before wearing it to the interview.
解密	檔案已解密。	The file has been decrypted.
解密	這份檔案過了三十年才解密，公開後引起很多討論。	This file was declassified only after thirty years and sparked lots of discussion.
記述	書中記述了他的旅程。	The book recounts his journey.
記述	這本日記詳細記述了她在國外留學的每一天。	This diary records in detail every day of her study abroad.
認得	我認得這個字。	I recognize this character.
認得	過了二十年，我還是一眼就認得出他。	After twenty years, I still recognized him at a glance.
警	他向警察報案。	He reported it to the police.
警	路邊的標語警告大家，前方道路施工，請小心駕駛。	The roadside sign warns everyone of road construction ahead; drive carefully.
讚揚	老師讚揚他的努力。	The teacher praised his effort.
讚揚	市長公開讚揚醫護人員的付出，感謝他們辛苦工作。	The mayor publicly praised medical staff for their dedication and thanked them for their hard work.
貶值	新台幣貶值了。	The NT dollar has depreciated.
貶值	通貨膨脹會讓錢貶值，所以大家才想辦法投資。	Inflation devalues money, which is why people find ways to invest.
趨	天氣漸漸趨於穩定。	The weather is gradually stabilizing.
趨	年輕人的消費習慣有趨向線上購物的趨勢。	Young people's spending habits tend toward online shopping.
軍團	軍團出發了。	The legion set out.
軍團	電影裡有一支龐大的外星軍團，攻擊了地球。	In the movie, a huge alien legion attacks Earth.
轉而	他轉而支持新計劃。	He turned to support the new plan.
轉而	商店原本賣雜貨，後來轉而經營咖啡，生意反而更好了。	The shop originally sold groceries and later switched to coffee, doing even better.
返	他明天返回台灣。	He returns to Taiwan tomorrow.
返	過年時，許多人返鄉團圓，高速公路總是大塞車。	At New Year many people return home for reunions, and the freeways always jam.
逃走	小偷逃走了。	The thief escaped.
逃走	籠子沒關好，兔子趁機逃走了，我們找了好久才找到。	The cage wasn't shut properly and the rabbit escaped; it took us ages to find it.
過得	你最近過得好嗎？	How have you been lately?
過得	我在國外過得很好，你不用擔心。	I'm doing well abroad; no need to worry.
遼	這片草原非常遼闊。	This grassland is vast.
遼	從山頂往下看，遼闊的海面一望無際。	Looking down from the summit, the vast sea stretches endlessly.
醫學院	她就讀醫學院。	She attends medical school.
醫學院	醫學院的課很多，學生常常在圖書館讀到半夜。	Med school has many classes, and students often study in the library till midnight.
長征	歷史課講到紅軍的長征。	History class covered the Red Army's Long March.
長征	這次登山像是一場長征，我們走了整整八小時。	This climb was like a long trek; we walked a full eight hours.
開關	電燈的開關壞了。	The light switch is broken.
開關	出門前請檢查瓦斯開關是不是關好了。	Before leaving, check that the gas valve is off.
限額	每人每天都有購買限額，最多買兩個。	There's a daily purchase limit per person, two at most.
限額	銀行為了安全，設定了每日轉帳限額。	For safety, the bank sets a daily transfer limit.
陽臺	陽臺上有盆栽。	There are potted plants on the balcony.
陽臺	我喜歡在陽臺喝咖啡，看著樓下的人來人往。	I like drinking coffee on the balcony, watching people pass below.
雙向	這是雙向道路。	This is a two-way road.
雙向	好的溝通是雙向的，不是只有一個人在講話。	Good communication is two-way, not just one person talking.
電氣	這是電氣設備。	This is electrical equipment.
電氣	電氣設備老舊可能引發火災，所以要定期檢查。	Old electrical equipment may cause fires, so check it regularly.
預料	結果出乎預料。	The result was unexpected.
預料	誰也沒有預料到，這場比賽的結果竟然是平手。	No one expected this match to end in a tie.
額度	信用卡額度不夠。	The credit card limit isn't enough.
額度	我的信用卡額度只有五萬元，所以不敢買太貴的東西。	My credit card limit is only fifty thousand dollars, so I don't dare buy anything too pricey.
飛彈	飛彈發射了。	The missile was launched.
飛彈	新聞報導，軍方今天進行了飛彈試射，附近海域暫時禁航。	News reports that the military test-fired missiles today and nearby waters were closed to navigation.
饅頭	早餐吃饅頭。	Have steamed buns for breakfast.
饅頭	剛蒸好的饅頭又白又軟，配上豆漿最好吃。	Freshly steamed buns are white and soft, best with soy milk.
驗收	工程要驗收。	The construction needs inspection.
驗收	新大樓完工後，要經過政府單位驗收，才能開始使用。	After the new building is completed, it must pass government inspection before use.
高低	這兩棟樓高低不同。	These two buildings differ in height.
高低	這首歌的高低音變化很大，唱起來很有挑戰。	This song has big shifts between high and low notes and is a challenge to sing.
魔女	故事裡有魔女。	There's a witch in the story.
魔女	童話中的魔女把公主變成了青蛙，讓王子很困擾。	In the fairy tale the witch turned the princess into a frog, troubling the prince.
黑幫	黑幫分子被抓了。	The gang members were arrested.
黑幫	這部電影描寫黑幫之間的鬥爭，場面緊張刺激。	This movie depicts struggles between gangs, with tense and exciting scenes.
一般垃圾	這是一般垃圾，不能回收。	This is general trash and can't be recycled.
一般垃圾	垃圾車來的時候，一般垃圾要和資源回收分開丟。	When the garbage truck comes, general trash must be thrown separately from recycling.
介意	你介意我坐這裡嗎？	Do you mind if I sit here?
介意	別介意，他只是開玩笑，不是故意要讓你難過。	Don't take offense; he was only joking and didn't mean to upset you.
健身房	我去健身房。	I'm going to the gym.
健身房	健身房晚上很多人，要等器材，所以我改成早上去。	The gym is crowded at night with waits for equipment, so I switched to mornings.
剪刀	請借我剪刀。	Please lend me the scissors.
剪刀	媽媽用剪刀把包裝剪開，拿出裡面的新衣服。	Mom cut the packaging open with scissors and took out the new clothes.
另一半	我想找我的另一半。	I want to find my other half.
另一半	旅行時我們都要彼此遷就，才能讓另一半也玩得開心。	When traveling we should accommodate each other so our partner has fun too.
圍巾	這條圍巾很暖和。	This scarf is warm.
圍巾	阿嬤親手織了一條圍巾送我，我每天都圍著它。	Grandma knitted me a scarf by hand, and I wear it every day.
大概是	他沒回訊息，大概是睡著了。	He didn't reply; he's probably asleep.
大概是	那間店今天沒開，大概是老闆去旅行了。	That shop is closed today, probably because the owner went traveling.
室內設計	她學室內設計。	She studies interior design.
室內設計	好的室內設計，能讓小房子看起來更寬敞。	Good interior design can make a small home look more spacious.
平常心	請保持平常心。	Please keep a calm mind.
平常心	考試前用平常心面對，就不會太緊張。	Face the exam with an even mind and you won't be too nervous.
想起來	我想起來了。	I remembered.
想起來	我想起來了，昨天忘了關窗戶，趕快回家看看。	I remembered I forgot to close the window yesterday; I'm rushing home to check.
抽血	護士要幫我抽血。	The nurse is going to draw my blood.
抽血	早上抽血前不能吃東西，所以我一早就餓了。	You can't eat before the morning blood draw, so I was hungry early.
換錢	我去換錢。	I'm going to change money.
換錢	出國前先到銀行換錢，匯率比機場好一點。	Change money at the bank before going abroad; the rate is better than at the airport.
新手	我是新手。	I'm a beginner.
新手	新手開車上路要特別小心，也不要開得太快。	New drivers should be extra careful and not drive too fast.
桌	桌上有一本書。	There's a book on the table.
桌	他們訂了十桌，請了親戚朋友來吃喜酒。	They booked ten tables and invited relatives and friends to the wedding banquet.
沒落	傳統產業慢慢沒落。	Traditional industries are slowly declining.
沒落	這條老街曾經很熱鬧，後來隨著商圈轉移而沒落。	This old street was once lively but declined as the commercial hub shifted.
滷肉飯	我午餐吃了一碗滷肉飯。	I had a bowl of braised pork rice for lunch.
滷肉飯	台灣各地的滷肉飯味道不同，北部和南部的做法差很多。	Braised pork rice tastes different across Taiwan, and northern and southern versions differ a lot.
環島	我想騎車環島。	I want to cycle around the island.
環島	很多年輕人畢業後會騎腳踏車環島，完成一個夢想。	Many young people cycle around the island after graduating to fulfill a dream.
筆電	我帶筆電去咖啡店。	I take my laptop to the cafe.
筆電	我的筆電電池不太行，充飽電只能用兩個小時。	My laptop's battery is weak and lasts only two hours on a full charge.
結帳	請問在哪裡結帳？	Where do I pay?
結帳	吃完飯後，我們各自結帳，不用算來算去。	After eating we each pay separately, with no need to calculate.
脫鞋子	進門前請脫鞋子。	Please take off your shoes before entering.
脫鞋子	日式餐廳要先脫鞋子才能進包廂，記得穿乾淨的襪子。	At Japanese restaurants you take off your shoes before entering the room, so wear clean socks.
號碼牌	請領號碼牌。	Please take a number.
號碼牌	診所門口有號碼牌機，你先拿一張再坐著等。	There's a number machine at the clinic door; take a ticket and wait.
要不	要不我們去看電影？	How about we go see a movie?
要不	要不你先回去休息，剩下的我來處理就好。	Why don't you go home and rest, and I'll handle the rest?
請客	今天我請客。	It's my treat today.
請客	這次考試我考得不錯，所以晚上請客，大家想吃什麼？	I did well on the exam so I'm treating tonight; what does everyone want to eat?
跌倒	他在雨中跌倒了。	He fell in the rain.
跌倒	老人家跌倒很危險，所以浴室最好放防滑墊。	Falls are dangerous for the elderly, so it's best to put non-slip mats in the bathroom.
過關	這個遊戲太難了，我玩了十次都沒有過關。	This game is too hard; I've played ten times without clearing the level.
過關	只要簽證文件齊全，通常很快就能過關。	If your visa documents are complete, you can usually clear customs quickly.
長輩	要尊敬長輩。	Respect your elders.
長輩	過年時，晚輩會向長輩拜年，長輩則發紅包。	At New Year the young pay respects to elders, who give red envelopes.
雨衣	下雨要穿雨衣。	Wear a raincoat when it rains.
雨衣	騎機車遇到大雨，我都會穿兩件式雨衣，才不會濕透。	On a scooter in heavy rain I wear a two-piece raincoat so I won't get soaked.
龜毛	他很龜毛。	He's so fussy.
龜毛	我朋友點餐很龜毛，一定要調整一堆細節。	My friend is fussy when ordering and always changes lots of details.
兩個	我有兩個哥哥。	I have two older brothers.
兩個	兩個人一起搬，比一個人輕鬆多了。	Moving it with two people is much easier than alone.
一場	昨晚下了一場大雨。	There was a heavy rain last night.
一場	我們昨天看了一場電影，散場後還在討論劇情。	We saw a movie yesterday and kept discussing the plot afterward.
一條	我買了一條魚。	I bought a fish.
一條	路口有一條小巷，裡面藏著一間很棒的咖啡店。	At the intersection is a small alley hiding a great cafe.
臺北	他在臺北工作。	He works in Taipei.
臺北	從臺北到台中，搭高鐵大約一個小時。	From Taipei to Taichung, the high-speed rail takes about an hour.
示	請出示你的證件。	Please show your ID.
示	紅綠燈的燈號指示行人何時可以通行。	The traffic light signals indicate when pedestrians may cross.
米酒	煮菜要加米酒。	Add rice wine when cooking.
米酒	薑母鴨裡一定要加米酒，才能蓋掉腥味。	Ginger duck must have rice wine to cover the gamey smell.
西瓜	西瓜很甜。	The watermelon is sweet.
西瓜	夏天吃冰西瓜最消暑，我們全家一次吃了半顆。	Chilled watermelon is the best summer cooler; our family ate half of one at once.
香水	她噴了香水。	She put on perfume.
香水	這瓶香水的味道很淡，不會太濃，所以上班也能用。	This perfume is light and not overpowering, so it can be worn to work.
桌球	他在打桌球。	He's playing table tennis.
桌球	國中時我加入桌球隊，每天放學都練到天黑。	In junior high I joined the table tennis team and practiced every day after school until dark.
伯母	伯母好。	Hello, auntie.
伯母	伯母煮的菜很好吃，我每次去她家都吃很多。	Auntie's cooking is delicious, and I eat a lot whenever I visit her home.
