2126	不	我不喝咖啡。	I don't drink coffee.
2127	不	雨下得這麼大，我不想出門，你不要等我了。	It's pouring, so I don't want to go out. Don't wait for me.
2128	著	他正看著電視。	He is watching TV.
2129	著	外面下著雨，我媽還是穿著拖鞋去買菜了。	It's raining outside, but my mom went grocery shopping in her slippers anyway.
2130	小	這隻貓很小。	This cat is very small.
2131	小	我們家的客廳雖然小，但是很溫馨。	Our living room is small, but it's cozy.
2132	長	這條路很長。	This road is very long.
2133	長	她的頭髮留得很長，每次洗完都要吹很久。	Her hair is grown out long, and it takes forever to dry after every wash.
2134	城市	這是個大城市。	This is a big city.
2135	城市	台北是個很方便的城市，不過房價實在太高了。	Taipei is a very convenient city, but housing prices are just too high.
2136	開	請開門。	Please open the door.
2137	開	我爸每天開車上班，週末才開車帶全家出去玩。	My dad drives to work every day and only drives the family out on weekends.
2138	無法	我無法回答。	I can't answer.
2139	無法	因為颱風來襲，航班無法起飛，旅客只好改搭高鐵。	Because of the typhoon, flights couldn't take off, so passengers took the high-speed rail instead.
2140	副	他是副班長。	He is the deputy class leader.
2141	副	我們公司的副總下週要來台灣開會。	Our company's vice president is coming to Taiwan for a meeting next week.
2142	獨立	他從小就很獨立。	He has been independent since he was little.
2143	獨立	我上大學後搬出來住，開始學著獨立生活。	After starting college I moved out and began learning to live independently.
2144	共同	我們有共同的興趣。	We have a shared interest.
2145	共同	兩家人共同出錢，買了一間小房子給阿嬤住。	The two families chipped in together and bought a small house for Grandma.
2146	當地	當地人很友善。	The locals are friendly.
2147	當地	去旅行的時候，我喜歡吃當地的小吃，順便跟老闆聊聊天。	When I travel, I like eating local snacks and chatting with the owner.
2148	分鐘	我等了十分鐘。	I waited ten minutes.
2149	分鐘	這道菜要先蒸二十分鐘，再放進烤箱烤五分鐘。	This dish needs to be steamed for twenty minutes first and then baked in the oven for five.
2150	按	請按這個鈕。	Please press this button.
2151	按	進電梯後，按八樓就可以了，我們公司在那裡。	After you get in the elevator, just press eight. Our company is there.
2152	經歷	這是難忘的經歷。	This is an unforgettable experience.
2153	經歷	他經歷過一次大地震，所以對防災特別有概念。	He went through a major earthquake, so he knows a lot about disaster preparedness.
2154	不少	這裡有不少人。	There are quite a few people here.
2155	不少	週末的市場擠了不少遊客，連賣水果的攤子也大排長龍。	The weekend market was packed with tourists, and even the fruit stalls had long lines.
2156	多年	我們是多年的朋友。	We've been friends for many years.
2157	多年	這家麵店開了多年，老闆還記得我小時候愛吃什麼。	This noodle shop has been open for many years, and the owner remembers what I liked as a kid.
2158	監督	老師在監督考試。	The teacher is supervising the exam.
2159	監督	民眾可以監督政府如何使用稅金，這是公民的權利。	The public can oversee how the government uses tax money. That's a citizen's right.
2160	關	請關燈。	Please turn off the light.
2161	關	出門前記得把瓦斯關好，窗戶也要關起來。	Remember to turn off the gas before leaving, and close the windows too.
2162	制定	學校制定了新規則。	The school drew up new rules.
2163	制定	政府正在制定新的法規，希望減少塑膠袋的使用。	The government is drafting new regulations to reduce plastic bag use.
2164	快速	車子速度很快速。	The car is very fast.
2165	快速	搭高鐵可以快速到達高雄，只要九十分鐘左右。	Taking the high-speed rail gets you to Kaohsiung quickly, in only about ninety minutes.
2166	消費	我很少消費。	I rarely spend money.
2167	消費	週年慶期間消費滿一千元，可以抵用一百元現金券。	During the anniversary sale, spend 1,000 dollars and get a 100-dollar voucher.
2168	計算	請幫我計算。	Please calculate it for me.
2169	計算	我用手機計算這個月的花費，發現光是飲料就花了一千多元。	I used my phone to calculate this month's spending and found drinks alone cost over a thousand dollars.
2170	體	我愛運動，身體很好。	I love sports and have a healthy body.
2171	體	這個字體太小了，把整體排版調大一點會比較好讀。	This font is too small. Enlarging the overall layout would make it easier to read.
2172	多麼	天氣多麼好！	What nice weather!
2173	多麼	你不知道我多麼想念小時候在外婆家過暑假的日子。	You don't know how much I miss spending summers at Grandma's as a kid.
2174	戰	他們打了一場戰。	They fought a battle.
2175	戰	這場球賽是兩隊爭冠的關鍵戰，球迷們從早上就開始排隊。	This game is the key battle for the title, and fans began lining up in the morning.
2176	畢竟	他畢竟還小。	He's still young, after all.
2177	畢竟	畢竟是第一次做菜，鹹了一點也沒關係，下次再調整就好。	It's your first time cooking after all, so a bit salty is fine. Just adjust next time.
2178	遊行	大家去遊行。	Everyone went to the parade.
2179	遊行	廟會的遊行隊伍好長，有鑼鼓、舞龍，還有很多小朋友。	The temple fair parade was long, with drums, a dragon dance, and lots of kids.
2180	傳說	這是古老的傳說。	This is an ancient legend.
2181	傳說	傳說這座山有一隻會變成人的狐狸，村裡的老人都這麼說。	Legend has it this mountain has a fox that can turn into a person. The village elders all say so.
2182	女生	她是女生。	She is a girl.
2183	女生	我們社團的女生比較多，所以活動大多是烘焙或手作。	There are more girls in our club, so most activities are baking or crafts.
2184	接近	天快要接近黑了。	It's getting close to dark.
2185	接近	他說話很有親和力，讓人很想接近他。	He's so friendly in the way he talks that you want to get close to him.
2186	犧牲	他犧牲了睡眠。	He sacrificed his sleep.
2187	犧牲	為了照顧生病的媽媽，她犧牲了自己的休息時間，也沒怨言。	To take care of her sick mom, she gave up her own rest time without complaint.
2188	船	我們坐船去。	We're going by boat.
2189	船	週末天氣好的話，可以搭船到小島上看海鳥，傍晚再回港口。	If the weather is nice on the weekend, we can take a boat to the islet to see seabirds and return by evening.
2190	酒	我不喝酒。	I don't drink alcohol.
2191	酒	阿伯每次聚餐都愛喝一點小酒，但是開車時絕對不碰酒。	Uncle likes a little drink at every gathering but never touches alcohol when driving.
2192	僅僅	僅僅一個月而已。	It's only been a month.
2193	僅僅	僅僅幾句話就讓他笑了出來，可見他們感情真的很好。	Just a few words made him laugh, which shows how close they are.
2194	女士	女士請先上車。	Ladies first, please board.
2195	女士	各位女士先生，本班飛機即將起飛，請繫好安全帶。	Ladies and gentlemen, this flight is about to take off. Please fasten your seat belts.
2196	抱	媽媽抱著孩子。	Mom is holding the child.
2197	抱	小狗一看到主人回家，就開心地跳起來要他抱。	As soon as the puppy saw its owner come home, it jumped up happily to be picked up.
2198	熟悉	我很熟悉這裡。	I know this place well.
2199	熟悉	剛換新工作，我還在熟悉公司的系統和同事的做事方式。	I just changed jobs and I'm still getting familiar with the company's system and how my colleagues work.
2200	草	草地很綠。	The lawn is very green.
2201	草	週末我們在公園的草地上野餐，小朋友在旁邊追著蝴蝶跑。	On the weekend we picnicked on the park lawn while the kids chased butterflies nearby.
2202	金額	金額是多少？	What's the amount?
2203	金額	請確認金額無誤後再按付款，以免多扣到錢。	Please check the amount is correct before paying so you aren't overcharged.
2204	佈局	房間的佈局很好。	The room's layout is good.
2205	佈局	這間店的佈局很寬敞，走道也夠寬，推嬰兒車也不用擔心。	This shop has a spacious layout with wide aisles, so pushing a stroller is no problem.
2206	南方	燕子飛向南方。	The swallows fly south.
2207	南方	冬天一到，很多候鳥會從北方飛往南方，在台灣停留一陣子。	When winter comes, many migratory birds fly from the north to the south and stop in Taiwan for a while.
2208	天使	她像個天使。	She's like an angel.
2209	天使	那個孩子笑起來像個小天使，連路過的陌生人都忍不住逗他。	That child smiles like a little angel, and even passing strangers can't resist playing with him.
2210	性格	她性格很好。	She has a good temperament.
2211	性格	我哥性格比較內向，不太愛說話，但是對朋友很義氣。	My brother is rather introverted and quiet, but very loyal to his friends.
2212	有時候	我有時候遲到。	I'm sometimes late.
2213	有時候	有時候我會自己煮飯，有時候就隨便吃個便當。	Sometimes I cook for myself, and sometimes I just grab a lunchbox.
2214	畫面	畫面很清楚。	The picture is clear.
2215	畫面	影片的畫面一直卡住，可能是網路不穩，我重新連線看看。	The video keeps freezing, maybe from an unstable network. I'll reconnect.
2216	自治	學生有自治能力。	Students are capable of self-government.
2217	自治	這個社區有自治管理委員會，大小事情都由住戶一起決定。	This community has a self-governing management committee, and residents decide everything together.
2218	轉化	水轉化成蒸氣。	Water turns into steam.
2219	轉化	她把失敗的經驗轉化成動力，下次考試認真多了。	She turned the experience of failing into motivation and studied harder for the next exam.
2220	餓	我好餓。	I'm so hungry.
2221	餓	下班回家路上肚子好餓，只好先去買一個蛋餅充飢。	I was very hungry on the way home from work, so I bought an egg pancake first.
2222	兩者	兩者都很好。	Both are good.
2223	兩者	這兩款手機價格差不多，兩者的差別主要在相機。	These two phones cost about the same, and the main difference between them is the camera.
2224	地獄	那裡像地獄一樣。	It's like hell there.
2225	地獄	期末考週簡直是地獄，每天只睡四個小時，咖啡一杯接一杯。	Final exam week is pure hell, with four hours of sleep daily and one coffee after another.
2226	延續	故事還會延續。	The story will continue.
2227	延續	這家老店延續了三代人的好味道，每天都有老顧客專程來吃。	This old shop has carried its flavor through three generations, and regulars come specially every day.
2228	日益	問題日益嚴重。	The problem is getting worse by the day.
2229	日益	隨著物價日益上漲，很多家庭開始學著精打細算過日子。	As prices keep rising, many families are learning to budget carefully.
2230	熱愛	我熱愛音樂。	I love music.
2231	熱愛	她熱愛攝影，每個週末都帶著相機到山上拍日出。	She loves photography and takes her camera up the mountains every weekend for sunrise.
2232	管轄	這歸他管轄。	This is under his jurisdiction.
2233	管轄	這個地區由新北市政府管轄，有問題可以打電話到區公所詢問。	This area is administered by New Taipei City, and you can phone the district office with questions.
2234	設定	請設定鬧鐘。	Please set an alarm.
2235	設定	我把手機設定成靜音，免得開會的時候被來電打擾。	I set my phone to silent so calls won't interrupt the meeting.
2236	門口	他站在門口。	He's standing at the door.
2237	門口	我先在大樓門口等你，你到了再傳訊息給我。	I'll wait for you at the building entrance. Message me when you arrive.
2238	人民政府	新聞說人民政府發布公告。	The news said the people's government issued an announcement.
2239	即便	即便下雨也去。	We'll go even if it rains.
2240	即便	即便工作再忙，我也會盡量抽時間陪孩子吃晚餐。	Even when work is really busy, I try to make time to eat dinner with my kids.
2241	大廈	那棟大廈很高。	That building is tall.
2242	大廈	這棟大廈有二十層樓，裡面有很多公司，還有一家便利商店。	This tower has twenty floors with many companies and a convenience store.
2243	常委	他是常委。	He's a standing committee member.
2244	常委	這次會議由黨內的常委們共同討論，再決定是否通過這項提案。	The party's standing committee members will jointly discuss and then decide whether to pass the proposal.
2245	指南	這是旅遊指南。	This is a travel guide.
2246	指南	這本咖啡指南介紹了台北三十家特色咖啡店，我打算一家一家去逛。	This coffee guide covers thirty distinctive cafes in Taipei, and I plan to visit them one by one.
2247	業績	他的業績很好。	His sales performance is good.
2248	業績	這個月的業績比上個月成長了兩成，全公司都很開心。	This month's performance grew twenty percent over last month, and the whole company is happy.
2249	漲	物價又漲了。	Prices have gone up again.
2250	漲	最近蔬菜價格漲了不少，一把青菜要賣五十塊。	Vegetable prices have risen a lot, and a bunch of greens costs fifty dollars.
2251	發布會	明天有發布會。	There's a launch event tomorrow.
2252	發布會	這家公司明天舉行新手機發布會，很多科技記者都會到場。	This company holds a new phone launch tomorrow, and many tech reporters will attend.
2253	網民	網民都在討論。	Netizens are all discussing it.
2254	網民	這則影片上傳後，不少網民留言表示被感動了。	After the video was uploaded, many netizens commented that they were moved.
2255	補	我去補習。	I'm going to cram school.
2256	補	他的褲子破了，奶奶拿針線幫他補了一個可愛的小圖案。	His pants tore, and Grandma patched them with a cute little pattern using needle and thread.
2257	進化	動物會進化。	Animals evolve.
2258	進化	手機從最早的大哥大進化成現在的智慧型手機，速度快得驚人。	Phones have evolved from early bricks into today's smartphones at an astonishing speed.
2259	顯著	效果很顯著。	The effect is remarkable.
2260	顯著	運動三個月後，他的體力有顯著的進步，爬樓梯也不喘了。	After three months of exercise his stamina improved markedly, and he doesn't pant on stairs.
2261	人格	他的人格很高尚。	He has a noble character.
2262	人格	尊重別人的人格是做人的基本原則，不能隨便批評或嘲笑。	Respecting others' dignity is a basic principle, and you shouldn't criticize or mock carelessly.
2263	創始人	他是創始人。	He's the founder.
2264	創始人	這家連鎖咖啡店的創始人，最早是在路邊擺攤賣咖啡起家的。	The founder of this coffee chain started out selling coffee from a roadside stall.
2265	型號	這是新型號。	This is a new model.
2266	型號	請告訴我你手機的型號，我才能幫你找到合適的保護殼。	Tell me your phone model so I can find a suitable case for you.
2267	尺寸	尺寸合適嗎？	Is the size right?
2268	尺寸	網購衣服前，一定要先量好自己的尺寸，才不會買到不合身的。	Before buying clothes online, measure yourself so you don't buy something that doesn't fit.
2269	找出	請找出答案。	Please find the answer.
2270	找出	工程師花了一個下午才找出程式出錯的原因，原來只是少了一個符號。	The engineer spent an afternoon to find what caused the error: just a missing symbol.
2271	景點	這是熱門景點。	This is a popular attraction.
2272	景點	九份是很熱門的景點，假日一到就擠滿了遊客，建議平日去。	Jiufen is a very popular attraction, packed on holidays, so I suggest going on weekdays.
2273	清除	請清除垃圾。	Please clear the trash.
2274	清除	雨季前要先清除水溝裡的落葉，才不會積水淹到街上。	Before the rainy season, clear the fallen leaves from the gutters so water won't flood the street.
2275	眼光	你的眼光真好。	You have good taste.
2276	眼光	我姊挑東西的眼光很獨到，買的衣服都很好看又實穿。	My sister has a distinctive eye for choosing things, and her clothes are both pretty and practical.
2277	考生	考生請入座。	Candidates, please be seated.
2278	考生	大考當天，許多考生的家長都在校門口陪他們進場。	On exam day many candidates' parents accompanied them to the school gate.
2279	變更	行程有變更。	The itinerary has changed.
2280	變更	如需變更預約日期，請至少在三天前通知我們。	To change your booking date, please notify us at least three days in advance.
2281	隱私	我需要隱私。	I need privacy.
2282	隱私	很多人擔心手機app會蒐集個人資料，所以特別注意隱私設定。	Many worry apps collect personal data, so they pay close attention to privacy settings.
2283	世界各地	世界各地都有人說中文。	People speak Chinese all over the world.
2284	世界各地	世界各地的遊客湧入台灣，想親眼看看這裡的夜市和小吃。	Visitors from all over the world flock to Taiwan to see its night markets and snacks.
2285	光榮	這是光榮的事。	This is an honor.
2286	光榮	能代表學校參加比賽，我覺得非常光榮，也特別緊張。	Representing the school in the competition feels like a great honor, and I'm especially nervous.
2287	卒	小兵卒子。	A common foot soldier.
2288	卒	下象棋的時候，他寧可犧牲一個卒，也要保住自己的車。	In Chinese chess he'd rather sacrifice a pawn than lose his chariot.
2289	地主	他是地主。	He is a landowner.
2290	地主	這塊地的地主已經八十歲了，打算把它賣掉，搬去和兒子同住。	The owner of this land is eighty and plans to sell it and move in with his son.
2291	容量	這個硬碟容量很大。	This hard drive has a large capacity.
2292	容量	這個行動電源的容量是一萬毫安培，足夠幫手機充三次電。	This power bank has 10,000 mAh capacity, enough to charge a phone three times.
2293	忠誠	狗很忠誠。	Dogs are loyal.
2294	忠誠	這位老員工對公司非常忠誠，從來沒有想過換工作。	This veteran employee is very loyal to the company and has never thought of changing jobs.
2295	控告	他被控告了。	He was accused.
2296	控告	房客以房東違法提高租金為由，向法院提出控告。	The tenant filed a complaint with the court, saying the landlord illegally raised the rent.
2297	月初	月初很忙。	The start of the month is busy.
2298	月初	公司的薪水都在月初發放，所以我月初會先把房租和信用卡繳掉。	The company pays salaries at the start of the month, so I pay rent and credit card first thing.
2299	沿岸	沿岸有很多漁船。	There are many fishing boats along the coast.
2300	沿岸	颱風來襲前，沿岸居民已經先撤離到內陸的安全地區。	Before the typhoon hit, coastal residents had evacuated to safe inland areas.
2301	物價	物價很高。	Prices are high.
2302	物價	台北的物價比其他縣市高，尤其是房租，讓年輕人壓力很大。	Taipei prices are higher than other cities, especially rent, putting heavy pressure on young people.
2303	租賃	這是租賃合約。	This is a lease contract.
2304	租賃	這家公司專門做汽車租賃，旅客可以在機場直接取車。	This company specializes in car rental, and travelers can pick up cars at the airport.
2305	芯片	手機的芯片很重要。	A phone's chip is important.
2306	講座	我去聽講座。	I'm going to a lecture.
2307	講座	圖書館下週有一場關於理財的講座，免費入場，歡迎民眾參加。	The library has a free talk on personal finance next week, and the public is welcome.
2308	邀	他邀我吃飯。	He invited me to dinner.
2309	邀	朋友邀我下週一起去爬山，我已經先答應了。	A friend invited me to go hiking next week, and I've already said yes.
2310	雙重	這是雙重保險。	This is double insurance.
2311	雙重	這個帳號有雙重驗證，登入時還要輸入手機收到的密碼。	This account has two-factor authentication, requiring a code sent to your phone as well.
2312	中世紀	這是中世紀的城堡。	This is a medieval castle.
2313	中世紀	歷史課教到中世紀的歐洲，那時的人都住在城堡周圍。	History class covered medieval Europe, when people lived around castles.
2314	內存	手機內存不夠了。	The phone's memory is full.
2315	參照	請參照說明書。	Please refer to the manual.
2316	參照	填寫表格時，請參照範例，不要漏掉任何一個欄位。	When filling out the form, refer to the sample and don't miss any field.
2317	外地	我來自外地。	I'm from another place.
2318	外地	很多外地來的年輕人在台北工作，過年才回老家。	Many young people from elsewhere work in Taipei and only go home for New Year.
2319	導航	我用手機導航。	I use my phone to navigate.
2320	導航	開車去陌生的地方，用手機導航比較不會迷路。	When driving somewhere unfamiliar, phone navigation helps you not get lost.
2321	心意	這是我的心意。	This is a token of my feelings.
2322	心意	這份小禮物只是一點心意，謝謝你這段時間的照顧。	This little gift is just a token of appreciation for taking care of me lately.
2323	搶救	醫生全力搶救。	Doctors did all they could to save him.
2324	搶救	消防員衝進火場搶救被困的居民，所有人都平安脫困了。	Firefighters rushed into the fire to rescue trapped residents, and everyone escaped safely.
2325	柴油機	這是柴油機。	This is a diesel engine.
2326	柴油機	這台老卡車用的是柴油機，聲音很大，但是力氣很足。	This old truck has a diesel engine, loud but powerful.
2327	淚	他流了眼淚。	He shed tears.
2328	淚	聽到好消息的那一刻，媽媽忍不住掉下淚來，我們也跟著紅了眼眶。	The moment she heard the good news, Mom couldn't hold back tears, and our eyes reddened too.
2329	發文	他在網路上發文。	He posted online.
2330	發文	我昨天發文問大家哪裡有好吃的咖啡，結果收到很多推薦。	I posted yesterday asking where to find good coffee and received many recommendations.
2331	終點	終點到了。	We've reached the terminus.
2332	終點	這班公車的終點是動物園，所以很多家長會帶孩子搭這一班。	This bus ends at the zoo, so many parents take this one with their kids.
2333	行人	行人請走斑馬線。	Pedestrians, please use the crosswalk.
2334	行人	台灣的路口常常有機車穿梭，行人過馬路時一定要特別小心。	At Taiwan intersections scooters weave through, so pedestrians must be extra careful crossing.
2335	車廂	車廂裡很擠。	The carriage is crowded.
2336	車廂	高鐵的車廂又乾淨又安靜，坐起來比開車舒服多了。	High-speed rail carriages are clean and quiet, much more comfortable than driving.
2337	防守	我們隊防守很好。	Our team defends well.
2338	防守	比賽最後一分鐘，球隊全力防守，終於守住了一分的領先。	In the final minute, the team defended with everything and held the one-point lead.
2339	龍頭	水龍頭壞了。	The faucet is broken.
2340	龍頭	轉開水龍頭，水就嘩啦嘩啦地流出來，記得用完要關緊。	Turn on the faucet and water gushes out, so remember to shut it tightly after use.
2341	企鵝	企鵝住在南極。	Penguins live in Antarctica.
2342	企鵝	水族館的企鵝走起路來搖搖擺擺，小朋友看了都哈哈大笑。	The aquarium penguins waddle when they walk, and the kids burst out laughing.
2343	兇	那隻狗很兇。	That dog is fierce.
2344	兇	我的老闆生氣的時候很兇，但是平常對大家都很好。	My boss is fierce when angry but usually kind to everyone.
2345	勿	請勿吸菸。	No smoking, please.
2346	勿	圖書館內請勿大聲喧嘩，也請勿飲食，謝謝合作。	Please do not make noise or eat in the library. Thank you for your cooperation.
2347	哥們	我跟這個哥們很熟。	I'm close with this buddy.
2348	夢見	我夢見你了。	I dreamed of you.
2349	夢見	昨晚我夢見自己回到小學的教室，同學們都還是小時候的模樣。	Last night I dreamed I was back in my elementary classroom with classmates still looking like kids.
2350	定製	這是定製的。	This is custom-made.
2351	定製	他請師傅為他定製了一套西裝，布料和尺寸都是自己選的。	He had a tailor custom-make a suit, choosing the fabric and size himself.
2352	建構	我們來建構網站。	Let's build the website.
2353	建構	老師說，學習語言就是在建構自己的知識系統，一步一步來。	The teacher says learning a language is building your own knowledge system, step by step.
2354	手工業	他從事手工業。	He works in handicrafts.
2355	手工業	這個小鎮以傳統手工業聞名，像是編織和陶藝都很受歡迎。	This town is known for traditional handicrafts such as weaving and pottery.
2356	搭乘	請搭乘電梯。	Please take the elevator.
2357	搭乘	搭乘大眾運輸工具時，請把座位讓給有需要的乘客。	When riding public transport, please give your seat to passengers in need.
2358	暢銷	這本書很暢銷。	This book sells well.
2359	暢銷	這款手搖飲是店裡最暢銷的商品，每天傍晚都要排隊。	This bubble tea drink is the shop's best seller, with a line every evening.
2360	正統	這是正統的做法。	This is the orthodox way.
2361	正統	這家餐廳賣的是正統的義大利麵，師傅還是從羅馬來的。	This restaurant serves authentic Italian pasta, and the chef came from Rome.
2362	漁民	漁民出海了。	The fishermen went to sea.
2363	漁民	颱風前，漁民都把船隻繫好並停靠在港內，等天氣好轉再出海。	Before the typhoon, fishermen moored their boats in the harbor and waited for better weather.
2364	用心	老師教得很用心。	The teacher teaches attentively.
2365	用心	這份生日禮物看得出來她很用心，每個細節都考慮到了。	You can tell she put effort into this birthday gift, considering every detail.
2366	稅務	我去稅務局。	I'm going to the tax office.
2367	稅務	五月是報稅季，很多人會到稅務機關詢問如何申報。	May is tax season, and many people visit tax offices to ask how to file.
2368	纏	繩子纏在樹上。	The rope is wound around the tree.
2369	纏	耳機線纏在一起，我花了好幾分鐘才解開。	My earphone cord tangled and it took me minutes to undo it.
2370	藉由	藉由運動減壓。	Relieve stress through exercise.
2371	藉由	藉由網路，我們可以和遠在國外的家人視訊聊天。	Through the internet we can video-chat with family far abroad.
2372	負債	他負債累累。	He's deep in debt.
2373	負債	他為了創業而負債，每個月都得省吃儉用還款。	He took on debt to start a business and must live frugally to repay each month.
2374	遣返	他被遣返了。	He was repatriated.
2375	遣返	非法入境的旅客被移民署遣返回國，並禁止再次入境。	Travelers who entered illegally were sent back by immigration and barred from re-entry.
2376	革新	公司要革新。	The company must innovate.
2377	革新	這家老店最近革新菜單，加入了很多年輕人喜歡的新口味。	This old shop recently revamped its menu with new flavors young people like.
2378	鼓吹	他鼓吹環保。	He promotes environmentalism.
2379	鼓吹	這位社運人士長期鼓吹減少使用一次性塑膠，在校園裡演講。	This activist has long promoted reducing single-use plastics and speaks on campuses.
2380	對打	他們在對打。	They're sparring.
2381	對打	兩位拳擊手在擂台上對打，觀眾們在台下大聲加油。	Two boxers fought in the ring while the audience cheered loudly.
2382	犯法	這樣做犯法。	Doing that breaks the law.
2383	犯法	闖紅燈是犯法的，被警察抓到不但要罰錢，還會被記違規點數。	Running a red light is illegal, and if caught you pay a fine and get demerit points.
2384	車票	我買了車票。	I bought a ticket.
2385	車票	這張車票是明天早上八點的，記得提早十分鐘到月台等車。	This ticket is for eight tomorrow morning, so arrive at the platform ten minutes early.
2386	囉	好囉，可以走囉！	All right, we can go!
2387	囉	下課囉，大家快去吃午餐，今天福利社有賣新口味的麵包喔。	Class is over, everyone go have lunch. The school store has a new bread flavor today.
2388	有	桌上有一杯熱茶。	There's a cup of hot tea on the table.
2389	有	我們家附近有一間很好吃的早餐店，假日常常大排長龍。	There's a really good breakfast shop near our home, and on weekends there's always a long line.
2390	下	下星期我要去台南玩。	Next week I'm going to Tainan.
2391	下	下課以後，我們一起去打球吧。	After class, let's go play ball together.
2392	已	活動已結束，謝謝大家參加。	The event has ended. Thank you all for coming.
2393	已	本店已全面禁止吸菸，敬請配合。	Smoking is now completely banned in this shop. Thank you for your cooperation.
2394	使	這個APP使用起來很方便。	This app is very convenient to use.
2395	使	這次的活動使很多人重新認識了這個小鎮。	This event made a lot of people get to know this little town again.
2396	大學	她在台北念大學。	She goes to university in Taipei.
2397	大學	我大學畢業以後，先在餐廳打工了半年。	After I graduated from college, I first worked part-time at a restaurant for half a year.
2398	關於	這是關於天氣的新聞。	This is a news story about the weather.
2399	關於	關於旅行的事，我們晚上再慢慢討論吧。	About the trip, let's discuss it slowly tonight.
2400	照片	這張照片真好看。	This photo looks really nice.
2401	照片	旅行回來後，我把幾百張照片都傳給朋友了。	After coming back from the trip, I sent hundreds of photos to my friends.
2402	努力	我會努力的。	I'll work hard.
2403	努力	只要你肯努力，一定可以考上你想去的學校。	As long as you're willing to work hard, you'll definitely get into the school you want.
2404	產生	他對畫畫產生了興趣。	He developed an interest in painting.
2405	產生	長期的壓力可能會讓人產生焦慮，甚至影響睡眠。	Long-term stress can cause anxiety and even affect sleep.
2406	分別	我們在車站分別了。	We parted ways at the station.
2407	分別	這兩個字長得很像，要仔細看才能分別出來。	These two characters look alike, so you have to look carefully to tell them apart.
2408	發布	公司發布了新消息。	The company released some new information.
2409	發布	氣象署剛剛發布了豪雨特報，請大家注意安全。	The weather agency just issued a heavy rain advisory. Please be careful.
2410	到底	你到底想吃什麼？	What on earth do you want to eat?
2411	到底	我們討論了一個小時，到底要不要換手機，還是沒有決定。	We talked for an hour, and we still haven't decided whether to switch phones at all.
2412	採取	政府採取了新的措施。	The government adopted new measures.
2413	採取	面對這個突發狀況，公司決定採取比較保守的做法。	Facing this sudden situation, the company decided to take a more conservative approach.
2414	經營	他經營一家小書店。	He runs a small bookstore.
2415	經營	阿姨經營這家早餐店已經二十年了，很多老顧客都認識她。	My aunt has run this breakfast shop for twenty years, and many regular customers know her.
2416	不用	不用客氣。	You're welcome.
2417	不用	不用帶傘啦，氣象預報說今天不會下雨。	No need to bring an umbrella. The forecast says it won't rain today.
2418	大會	大會即將開始。	The assembly is about to begin.
2419	大會	股東大會將在下週三舉行，請各位準時出席。	The shareholders' meeting will be held next Wednesday. Please attend on time.
2420	直到	直到晚上他才回家。	He didn't get home until the evening.
2421	直到	我們一直等到十點，直到店員來關門，才發現今天公休。	We waited until ten, and only when the clerk came to close up did we find out it was closed today.
2422	需求	客人的需求不一樣。	Customers' needs are different.
2423	需求	隨著天氣變熱，冷氣和電風扇的需求大增。	As the weather gets hotter, demand for air conditioners and electric fans has jumped.
2424	博士	她是物理博士。	She has a doctorate in physics.
2425	博士	我哥哥正在念博士，每天都在實驗室待到很晚。	My older brother is doing a PhD, and he stays at the lab late every day.
2426	怎麼辦	沒有帶錢，怎麼辦？	I didn't bring money. What should I do?
2427	怎麼辦	手機掉進水裡開不了機，資料又沒有備份，該怎麼辦才好？	My phone fell in water and won't turn on, and I have no backup. What on earth should I do?
2428	滿足	她很滿足現在的生活。	She is content with her current life.
2429	滿足	這家餐廳的特色是可以滿足不同飲食習慣的客人。	This restaurant's specialty is that it can satisfy guests with different dietary habits.
2430	訪問	記者訪問了很多路人。	The reporter interviewed many passersby.
2431	訪問	這位總統下個月將訪問三個友邦，行程已經公布了。	The president will visit three allies next month, and the itinerary has been announced.
2432	體制	學校的體制需要改革。	The school system needs reform.
2433	體制	新聞評論指出，現行的教育體制太重視考試成績了。	News commentary points out that the current education system overemphasizes test scores.
2434	娛樂	週末我喜歡找朋友一起娛樂。	On weekends I like to find friends to have fun with.
2435	娛樂	最近看娛樂新聞才知道，那位歌手要結婚了。	I only found out from entertainment news lately that the singer is getting married.
2436	掛	請把外套掛起來。	Please hang up your coat.
2437	掛	他說了一句「再見」就把電話掛了。	He said "bye" and hung up the phone.
2438	監獄	他被關進監獄了。	He was put in prison.
2439	監獄	這座監獄裡的受刑人可以學習技術，出來後比較容易找到工作。	Inmates at this prison can learn skills, making it easier to find work after release.
2440	降低	我想降低成本。	I want to reduce costs.
2441	降低	多吃蔬菜和多運動，可以降低罹患心臟病的風險。	Eating more vegetables and exercising more can lower the risk of heart disease.
2442	分子	他是團體裡的重要分子。	He is an important member of the group.
2443	分子	水分子是由兩個氫原子和一個氧原子組成的。	A water molecule consists of two hydrogen atoms and one oxygen atom.
2444	如下	內容如下。	The content is as follows.
2445	如下	活動時間與地點如下，請大家準時出席。	The time and place of the event are as follows. Please attend on time.
2446	改造	他們想改造這棟老房子。	They want to remodel this old house.
2447	改造	這間舊工廠被改造成咖啡廳，現在是年輕人最愛的拍照景點。	This old factory was converted into a café and is now young people's favorite photo spot.
2448	當前	這是當前最重要的事。	This is the most important thing at present.
2449	當前	當前最大的挑戰，就是如何在預算有限的情況下完成這個專案。	The biggest challenge right now is how to complete this project with a limited budget.
2450	補充	我要補充一點。	I'd like to add one point.
2451	補充	運動之後，記得補充水分，不然容易頭暈。	After exercise, remember to replenish fluids, or you may get dizzy.
2452	高中	我弟弟在念高中。	My younger brother is in senior high school.
2453	高中	高中三年，我每天都讀書讀到半夜，才考上現在的大學。	For three years of high school I studied until midnight every day before getting into my current university.
2454	剩下	蛋糕只剩下一塊了。	Only one piece of cake is left.
2455	剩下	剩下的菜太多了，我們打包帶回家明天再吃吧。	There's too much food left over, so let's pack it up and eat it tomorrow.
2456	對不起	對不起，我遲到了。	Sorry, I'm late.
2457	對不起	對不起，我不是故意的，我會賠你一杯新的飲料。	I'm sorry, I didn't mean to. I'll buy you a new drink.
2458	星	天上有很多星星。	There are lots of stars in the sky.
2459	星	山上的夜晚特別黑，所以星星看起來特別多、特別亮。	Nights in the mountains are especially dark, so the stars look especially numerous and bright.
2460	發明	電燈是愛迪生發明的。	The light bulb was invented by Edison.
2461	發明	這個小發明讓我們家的廚房變得更方便，也省了不少時間。	This little invention made our kitchen more convenient and saved quite a bit of time.
2462	觀看	歡迎觀看我們的影片。	Welcome to watch our video.
2463	觀看	演唱會現場有上萬人，也有不少人在家透過網路直播觀看。	Tens of thousands attended the concert, and many watched the live stream at home.
2464	飛行	飛行時間大約三小時。	The flight time is about three hours.
2465	飛行	這架無人機的飛行高度有限制，不能飛得太高。	This drone has a flight altitude limit, so it can't fly too high.
2466	傳遞	請把這個傳遞下去。	Please pass this along.
2467	傳遞	志工們排成一列，把物資一包一包傳遞到山上的村子。	The volunteers formed a line and passed the supplies up, one package at a time, to the village on the mountain.
2468	和諧	他們的關係很和諧。	Their relationship is very harmonious.
2469	和諧	大家互相體諒，社區裡才能維持和諧的氣氛。	When everyone is considerate of each other, the community can keep a harmonious atmosphere.
2470	對抗	我們要對抗疾病。	We must fight disease.
2471	對抗	這兩支球隊是多年的對手，每次對抗都非常精彩。	These two teams have been rivals for years, and every match-up is exciting.
2472	房地產	他在房地產公司上班。	He works at a real estate company.
2473	房地產	近年台北的房地產價格不斷上漲，年輕人很難買得起房子。	Taipei real estate prices have kept rising in recent years, and young people can hardly afford a house.
2474	極端	這種想法太極端了。	This kind of thinking is too extreme.
2475	極端	極端的氣候越來越常見，夏天的高溫和豪雨都破了紀錄。	Extreme weather is increasingly common, and summer heat and heavy rain have both broken records.
2476	碼	請輸入手機號碼。	Please enter your mobile number.
2477	碼	你穿幾號鞋？我想買二十五點五碼的運動鞋，可是店裡沒貨。	What shoe size do you wear? I want size 25.5 sneakers, but the shop is out of stock.
2478	藥物	這種藥物要飯後吃。	This medication should be taken after meals.
2479	藥物	醫生提醒，使用藥物前一定要看清楚說明，有疑問就問藥師。	The doctor reminds us to read the instructions before taking medication and to ask the pharmacist if in doubt.
2480	道歉	我要跟你道歉。	I want to apologize to you.
2481	道歉	做錯事就應該道歉，不要找藉口，這樣才能得到別人的原諒。	If you do something wrong you should apologize and not make excuses, so you can get forgiveness.
2482	上級	他的上級很嚴格。	His superior is very strict.
2483	上級	這件事需要先向上級報告，由上級決定是不是要繼續。	This matter needs to be reported to superiors first, and they'll decide whether to continue.
2484	刷	我刷牙。	I brush my teeth.
2485	刷	結帳的時候，我刷卡付錢，櫃檯小姐還給我一張發票。	At checkout I paid by card, and the cashier also gave me a receipt.
2486	大選	今年有大選。	There's a general election this year.
2487	大選	總統大選那天，很多人特地從國外趕回台灣投票。	On the day of the presidential election, many people rushed back to Taiwan from abroad to vote.
2488	愉快	祝你旅途愉快。	Have a pleasant trip.
2489	愉快	雖然只認識一天，但我們聊得很愉快，還交換了聯絡方式。	Although we only met a day ago, we had a very pleasant chat and exchanged contact information.
2490	模擬	明天有模擬考。	There's a mock exam tomorrow.
2491	模擬	消防隊每年都會舉辦模擬演習，讓民眾學習怎麼逃生。	The fire department holds simulated drills every year to teach people how to escape.
2492	略	兩個版本略有不同。	The two versions differ slightly.
2493	略	這份計畫書略嫌簡單，建議再補充一些具體的數字。	This proposal is a bit simple, and I suggest adding some concrete figures.
2494	總額	總額是多少？	What's the total amount?
2495	總額	帳單的總額包括服務費，所以比菜單上的價錢貴一點。	The bill total includes a service charge, so it's a bit higher than the prices on the menu.
2496	車站	車站在前面。	The station is up ahead.
2497	車站	我在車站等了二十分鐘，公車還是沒有來，只好改搭計程車。	I waited twenty minutes at the stop and the bus still hadn't come, so I took a taxi instead.
2498	黃色	我喜歡黃色的雨傘。	I like yellow umbrellas.
2499	黃色	秋天一到，路邊的銀杏樹葉都變成了黃色，非常好看。	When autumn comes, the ginkgo leaves along the road all turn yellow and look lovely.
2500	兇手	兇手被抓到了。	The killer was caught.
2501	兇手	警方花了三個月，終於找到真正的兇手，案件才算水落石出。	It took the police three months to find the real killer, and the case finally came to light.
2502	味	這道菜很有家的味道。	This dish tastes like home.
2503	味	餐廳的招牌湯有淡淡的藥草味，喝完身體暖暖的。	The restaurant's signature soup has a light herbal flavor and leaves you warm inside.
2504	守	我們要守規矩。	We have to follow the rules.
2505	守	警衛整夜守在大門口，確保大樓的安全。	The guard stays at the main gate all night to ensure the building's safety.
2506	心臟	他的心臟不太好。	His heart isn't very good.
2507	心臟	爸爸去年做了心臟檢查，醫生說要多運動、少吃油炸的東西。	Dad had a heart check-up last year, and the doctor said to exercise more and eat less fried food.
2508	明年	明年我要去日本。	Next year I'm going to Japan.
2509	明年	明年這個時候，我應該已經畢業，在新的公司上班了。	This time next year I should have graduated and be working at a new company.
2510	沒關係	沒關係，我等你。	It's okay, I'll wait for you.
2511	沒關係	沒關係啦，下次再來也可以，不用急著現在決定。	It's fine, you can come next time. No need to rush to decide now.
2512	狀	他的病狀不太好。	His symptoms aren't great.
2513	狀	醫生說，我的症狀只是輕微的過敏，吃藥就會改善。	The doctor said my symptoms are just a mild allergy and will improve with medication.
2514	科學院	他在科學院工作。	He works at the academy of sciences.
2515	科學院	中國科學院是中國最高的學術機構，每年發表很多研究成果。	The Chinese Academy of Sciences is China's top academic institution and publishes many research results every year.
2516	臨	臨走前記得關燈。	Remember to turn off the lights before leaving.
2517	臨	因為臨時有急事，我必須先走一步，不好意思。	Because something urgent suddenly came up, I have to leave first. Sorry.
2518	賽季	新賽季開始了。	The new season has started.
2519	賽季	這個賽季他的表現特別好，已經打破了三項球隊紀錄。	His performance this season has been especially good, and he has already broken three team records.
2520	附	請附上照片。	Please attach a photo.
2521	附	這份套餐附湯和飲料，另外加十元可以換成冰淇淋。	This set meal comes with soup and a drink, and for ten dollars more you can swap in ice cream.
2522	一層	這棟樓有十一層。	This building has eleven floors.
2523	一層	窗戶上蒙了一層霧氣，什麼都看不清楚。	A layer of mist covered the window, and nothing could be seen clearly.
2524	免	小孩身高一百公分以下免票。	Children under one hundred centimeters get in free.
2525	免	購物滿五百元就免運費，所以我們決定湊一起買。	Shopping over five hundred dollars means free shipping, so we decided to buy together.
2526	善於	她善於跟人溝通。	She's good at communicating with people.
2527	善於	他善於觀察，總是第一個發現問題在哪裡。	He is good at observing and is always the first to spot where the problem is.
2528	宗旨	本會的宗旨是服務社區。	The aim of our association is to serve the community.
2529	宗旨	這家基金會的宗旨是幫助偏鄉兒童，讓他們有更好的學習環境。	This foundation's purpose is to help children in remote areas have a better learning environment.
2530	志願	我的志願是當老師。	My ambition is to be a teacher.
2531	志願	放榜之後，他填了十個志願，最想去的是台大。	After the results came out, he listed ten choices, and the one he most wanted was National Taiwan University.
2532	改編	這部電影是小說改編的。	This movie is adapted from a novel.
2533	改編	這部影集改編自一本暢銷小說，播出後引起不少討論。	This series is adapted from a bestselling novel and generated much discussion after it aired.
2534	殘忍	他很殘忍。	He is cruel.
2535	殘忍	虐待動物是很殘忍的行為，法律也有明確的處罰。	Abusing animals is a cruel act, and the law has clear punishments.
2536	生理	她的生理期快到了。	Her period is coming soon.
2537	生理	熬夜會打亂人的生理時鐘，白天也容易沒精神。	Staying up late disrupts the body clock and makes you tired in the daytime.
2538	約束	孩子需要約束。	Children need discipline.
2539	約束	法律是用來約束大家的行為，讓社會有基本的秩序。	Laws constrain everyone's conduct and give society basic order.
2540	褲子	這條褲子太長了。	These pants are too long.
2541	褲子	我買的褲子有點大，需要拿去裁縫店修改一下。	The pants I bought are a bit big, and I need to take them to a tailor for alteration.
2542	重量	這個包包的重量是三公斤。	This bag weighs three kilograms.
2543	重量	行李的重量超過二十公斤要加收費用，所以我只好把東西拿出來。	Luggage weighing over twenty kilograms incurs an extra fee, so I had to take things out.
2544	上映	這部電影下週上映。	This movie opens next week.
2545	上映	那部動畫電影上映第一天，戲院就坐滿了大人和小孩。	On the first day that animated film opened, the theater was full of adults and children.
2546	偶然	我們偶然遇見。	We met by chance.
2547	偶然	這是一個偶然的機會，我才發現這家藏在小巷子裡的書店。	It was by pure chance that I found this bookstore hidden in a small alley.
2548	劇院	我們去劇院看戲。	We're going to the theater for a play.
2549	劇院	週末的劇院門口排滿了人，大家都在等著進場看音樂劇。	The entrance to the theater was lined with people on the weekend, all waiting to see a musical.
2550	嗨	嗨，好久不見！	Hi, long time no see!
2551	嗨	嗨，你們也來啦？我剛到，位子都幫你們占好了。	Hey, you came too? I just got here and saved seats for you.
2552	孤立	他在班上被孤立。	He's isolated in class.
2553	孤立	被同學孤立的小孩往往很孤單，需要大人多花時間關心。	Children isolated by classmates are often lonely and need adults to give them more attention.
2554	廢物	這些都是廢物。	These are all garbage.
2555	廢物	爸爸把家裡的廢物整理出來，打算週末一起拿去回收。	Dad sorted out the household junk and plans to take it for recycling over the weekend.
2556	指揮官	他是軍隊指揮官。	He is an army commander.
2557	指揮官	指揮官下令部隊暫時撤退，等天氣好轉再繼續行動。	The commander ordered troops to withdraw for now and continue once the weather improves.
2558	是非	他不喜歡是非。	He doesn't like gossip.
2559	是非	做人要明辨是非，不要隨便聽信謠言，更不要去傳話。	You should tell right from wrong and not casually believe rumors, let alone spread them.
2560	民兵	中國的民兵組織規模很大。	China's militia organization is very large.
2561	無人機	他買了一台無人機。	He bought a drone.
2562	無人機	這台無人機可以拍攝空中畫面，很多旅行部落客都愛用。	This drone can capture aerial footage, and many travel bloggers love it.
2563	短缺	最近糧食短缺。	Food is in short supply lately.
2564	短缺	醫院人手短缺，護理師經常要加班，也很難請假。	The hospital is short-staffed, so nurses often work overtime and can hardly take leave.
2565	腫瘤	醫生發現他有腫瘤。	The doctor found a tumor in him.
2566	腫瘤	檢查發現是良性腫瘤，不用太擔心，定期追蹤就可以。	The check-up showed a benign tumor, so no need to worry too much. Regular follow-up is enough.
2567	詞彙	我想學更多詞彙。	I want to learn more vocabulary.
2568	詞彙	閱讀是增加詞彙量最好的方法，尤其是自己有興趣的主題。	Reading is the best way to increase vocabulary, especially on topics you're interested in.
2569	速	車速太快了。	The car is going too fast.
2570	速	高速公路上限速一百一十公里，超速會被拍照罰款。	The freeway speed limit is 110 km/h, and speeding gets you photographed and fined.
2571	陣營	他們屬於不同陣營。	They belong to different camps.
2572	陣營	選舉到了後期，兩個陣營的支持者在網路上吵得很兇。	Late in the election, supporters of the two camps fought fiercely online.
2573	一頭	她有一頭長髮。	She has a head of long hair.
2574	一頭	他一頭撞進辦公室，氣喘吁吁地說會議已經開始了。	He burst headlong into the office, panting, and said the meeting had started.
2575	傳染	流感很容易傳染。	The flu is highly contagious.
2576	傳染	這種病會經由空氣傳染，所以在人多的地方最好戴口罩。	This disease spreads through the air, so it's best to wear a mask in crowded places.
2577	化解	我們要化解誤會。	We need to clear up the misunderstanding.
2578	化解	經過朋友的調解，兩家人的長年糾紛終於化解了。	After friends mediated, the long-standing dispute between the two families was finally resolved.
2579	坪	這間房子有三十坪。	This house is thirty ping.
2580	坪	我們租了一間二十坪的辦公室，空間剛好夠五個人使用。	We rented a twenty-ping office, which is just enough space for five people.
2581	容忍	我不能容忍這種事。	I can't tolerate this kind of thing.
2582	容忍	老師可以容忍孩子犯錯，但是不能容忍他們說謊。	Teachers can tolerate children's mistakes but not their lying.
2583	強暴	警方逮捕了涉嫌強暴的嫌犯。	Police arrested the suspect in a rape case.
2584	換成	把燈換成新的。	Change the bulb to a new one.
2585	換成	我把舊手機換成了新款的，拍照效果好很多。	I replaced my old phone with a new model, and the photos are much better.
2586	本屆	本屆比賽有五十隊。	This year's competition has fifty teams.
2587	本屆	本屆畢業生的就業率創新高，大部分都找到了理想的工作。	This year's graduates hit a record employment rate, and most found their ideal jobs.
2588	流出	水從水管流出來了。	Water flowed out of the pipe.
2589	流出	新聞指出，工廠的廢水流出到河裡，造成魚類大量死亡。	The news said the factory's wastewater flowed into the river and killed large numbers of fish.
2590	當場	小偷被當場抓到。	The thief was caught red-handed.
2591	當場	警察當場開了罰單，司機只能乖乖簽名。	The police issued the ticket on the spot, and the driver had to sign obediently.
2592	紀	這個世紀很特別。	This century is special.
2593	紀	他在比賽中打破了世界紀錄，全場觀眾起立鼓掌。	He broke the world record in the competition, and the crowd stood and applauded.
2594	虛構	這是虛構的故事。	This is a fictional story.
2595	虛構	本片情節純屬虛構，如有雷同，純屬巧合，敬請見諒。	The plot of this film is entirely fictional, and any resemblance is purely coincidental.
2596	赤	他赤著腳走路。	He walks barefoot.
2597	赤	夏天的海邊，小孩赤著腳在沙灘上跑來跑去，玩得很開心。	On summer beaches children run around barefoot on the sand, having fun.
2598	閃電	外面有閃電。	There's lightning outside.
2599	閃電	一道閃電劃過夜空，接著傳來很大的雷聲，嚇得小狗躲到桌子底下。	A flash of lightning crossed the night sky, followed by loud thunder, and the puppy hid under the table.
2600	高原	高原的空氣很稀薄。	The air on the plateau is thin.
2601	高原	去西藏高原旅行時，有些人會出現高山症，需要慢慢適應。	Some people get altitude sickness traveling on the Tibetan plateau and need to acclimatize slowly.
2602	事蹟	他的事蹟很感人。	His deeds are moving.
2603	事蹟	這位醫生的英勇事蹟被寫成了書，激勵了許多年輕人。	This doctor's heroic deeds were written into a book that inspired many young people.
2604	偵察	軍方派人去偵察。	The military sent people to scout.
2605	偵察	警方派了兩名便衣警察在附近偵察，確認嫌犯是否還在這裡。	The police sent two plainclothes officers to scout nearby and check whether the suspect was still here.
2606	力學	他在學力學。	He's studying mechanics.
2607	力學	高中物理的力學部分比較難，需要多做練習才能熟悉。	The mechanics part of high school physics is harder and needs lots of practice to master.
2608	君子	他是個君子。	He is a gentleman.
2609	君子	孔子說君子應該言而有信，說到做到，不能隨便承諾。	Confucius said a gentleman should be true to his word and not promise carelessly.
2610	報社	她在報社工作。	She works at a newspaper.
2611	報社	報社的記者每天跑新聞，常常要工作到半夜才能下班。	Reporters at the newspaper chase stories every day and often work until midnight.
2612	完結	故事已經完結了。	The story has ended.
2613	完結	這部連載漫畫終於完結了，粉絲們都捨不得，在網路上留言紀念。	This serial comic has finally ended, and fans are reluctant, leaving messages online in memory.
2614	店鋪	這條街有很多店鋪。	This street has many shops.
2615	店鋪	老街上的店鋪大多是老字號，賣的東西幾十年都沒有變過。	Shops on the old street are mostly long-established, selling the same things for decades.
2616	戰鬥力	他們的戰鬥力很強。	Their fighting strength is great.
2617	戰鬥力	那支球隊補強了幾位新球員，戰鬥力提升不少，今年很有希望奪冠。	That team added a few new players and its fighting strength improved a lot, so it has a good shot at the title this year.
2618	揭秘	這篇報導揭秘了這家公司的成功之道。	This report reveals the secret to this company's success.
2619	揭秘	節目揭秘了魔術師的手法，觀眾都看得目瞪口呆。	The show revealed the magician's tricks, and the audience watched dumbfounded.
2620	時段	這個時段人很多。	There are many people at this time.
2621	時段	餐廳在中午的時段客人特別多，所以最好提早訂位。	The restaurant is especially busy around noon, so it's best to book early.
2622	檢索	你可以用電腦檢索資料。	You can search for information on the computer.
2623	檢索	圖書館的線上目錄可以讓你輸入關鍵字檢索想找的書。	The library's online catalog lets you search for books by keyword.
2624	測驗	明天有英文測驗。	There's an English test tomorrow.
2625	測驗	老師每週都會舉行小測驗，幫助同學確認自己有沒有學會。	The teacher gives a short quiz weekly to help students check whether they've learned.
2626	甜蜜	他們過著甜蜜的生活。	They lead a sweet life.
2627	甜蜜	新婚夫妻手牽手走在街上，臉上都是甜蜜的笑容。	The newlyweds walk hand in hand along the street with sweet smiles.
2628	禮儀	餐桌上要注意禮儀。	Mind your manners at the dining table.
2629	禮儀	參加正式的場合，穿著和禮儀都要特別注意，才不會失禮。	At formal occasions, dress and etiquette both need special attention to avoid being rude.
2630	總公司	總公司在台北。	The head office is in Taipei.
2631	總公司	分店有問題時，要先通知總公司，再由總公司派人處理。	When a branch has problems, inform the head office first, and they will send someone to handle it.
2632	落入	球落入水裡了。	The ball fell into the water.
2633	落入	她不小心落入陷阱，被騙走了好幾萬塊的積蓄。	She fell into a trap and was cheated out of tens of thousands in savings.
2634	議程	今天的議程有三項。	Today's agenda has three items.
2635	議程	會議議程已經寄給大家了，請事先看一下，才能提高開會的效率。	The meeting agenda has been sent to everyone, so please look at it beforehand to make the meeting more efficient.
2636	運算	電腦在運算資料。	The computer is computing data.
2637	運算	這台電腦的運算速度很快，幾秒鐘就能完成複雜的計算。	This computer has fast computing speed and finishes complex calculations in seconds.
2638	頂尖	他是頂尖的醫生。	He's a top doctor.
2639	頂尖	台灣有不少頂尖的科技人才，被國外大公司高薪挖角。	Taiwan has many top tech talents headhunted with high salaries by big foreign companies.
2640	鼓舞	他的話鼓舞了大家。	His words encouraged everyone.
2641	鼓舞	這位老師的故事鼓舞了許多學生，讓他們敢於追求自己的夢想。	This teacher's story inspired many students to dare to chase their dreams.
2642	小吃	這家的小吃很好吃。	The snacks at this place are delicious.
2643	小吃	台灣的小吃種類很多，有滷肉飯、蚵仔煎，還有臭豆腐。	Taiwan has many kinds of street food, like braised pork rice, oyster omelet and stinky tofu.
2644	煙火	跨年夜有煙火。	There are fireworks on New Year's Eve.
2645	煙火	河邊的煙火秀吸引了上萬人，大家都拿著手機拍下這一刻。	The fireworks show by the river drew tens of thousands, all taking out their phones to capture the moment.
2646	超商	我去超商買東西。	I'm going to the convenience store to buy something.
2647	超商	超商現在可以繳水電費和領包裹，真的很方便。	Convenience stores now let you pay utility bills and pick up parcels, which is really convenient.
2648	杯子	這個杯子很漂亮。	This cup is pretty.
2649	杯子	我習慣自己帶杯子去買飲料，這樣店家還會算我便宜五塊。	I bring my own cup when buying drinks, and the shop takes five dollars off.
2650	也	我也想去。	I want to go too.
2651	也	下雨了，不過他也沒帶傘，只好在店門口等。	It was raining, and he didn't bring an umbrella either, so he had to wait at the shop entrance.
2652	不是	這不是我的書。	This isn't my book.
2653	不是	不是我不想幫你，而是我今天真的太忙了。	It's not that I don't want to help you, it's that I'm really too busy today.
2654	愛	我愛我的家人。	I love my family.
2655	愛	我弟弟很愛玩手機遊戲，每次都玩到半夜。	My little brother loves playing mobile games and plays until midnight every time.
2656	一定	明天一定要來。	You must come tomorrow.
2657	一定	下這麼大的雨，他一定不會出門了。	With rain this heavy, he surely won't go out.
2658	吃	你吃飯了嗎？	Have you eaten yet?
2659	吃	我最近胃不太舒服，只能吃一點清淡的東西。	My stomach hasn't felt good lately, so I can only eat light food.
2660	過去	過去的事別提了。	Don't bring up the past.
2661	過去	你先過去看看，我停好車就馬上過去找你。	You go over and have a look first, I'll park and come over to find you right away.
2662	正在	我正在開會。	I'm in a meeting right now.
2663	正在	你打電話來的時候，我正在廚房煮晚餐。	When you called, I was cooking dinner in the kitchen.
2664	具有	這很具有意義。	This is very meaningful.
2665	具有	這間博物館具有百年歷史，吸引了很多外國遊客。	This museum has a hundred years of history and attracts many foreign tourists.
2666	檯	請到櫃檯付錢。	Please pay at the counter.
2667	檯	餐廳的櫃檯後面站著一位阿姨，正在幫客人結帳。	An auntie is standing behind the restaurant counter, checking out the customers.
2668	先生	王先生在嗎？	Is Mr. Wang in?
2669	先生	我先生每天晚上都會幫忙洗碗，真的很貼心。	My husband helps wash the dishes every evening, he's really thoughtful.
2670	派	他們是兩個不同的派。	They are two different factions.
2671	派	在這個問題上，同事們分成兩派，吵了一整個下午。	On this issue, the coworkers split into two camps and argued all afternoon.
2672	億	這家公司賺了一億。	This company made a hundred million.
2673	億	那間百貨公司去年的營業額超過三十億元。	That department store's turnover last year exceeded three billion dollars.
2674	所謂	所謂的朋友，就是互相幫忙。	So-called friends help each other.
2675	所謂	他說的所謂特價，其實跟原價差不了多少。	The so-called sale he mentioned is actually not much different from the regular price.
2676	系	他念中文系。	He studies in the Chinese department.
2677	系	我哥在大學的資工系教書，每週都有好幾堂課。	My older brother teaches in the university's computer science department and has several classes each week.
2678	飛機	飛機晚點了。	The plane is delayed.
2679	飛機	我第一次坐飛機的時候很緊張，一直抓著扶手。	When I took a plane for the first time I was nervous and kept gripping the armrest.
2680	團	我們參加了旅行團。	We joined a tour group.
2681	團	我們這次是跟團去日本，導遊每天都會幫大家安排行程。	We're going to Japan with a tour group this time, and the guide plans the schedule for everyone each day.
2682	獲	她獲獎了。	She won an award.
2683	獲	這部短片在國際影展上獲得了評審的一致好評。	This short film received unanimous praise from the judges at the international film festival.
2684	針對	這是針對學生的課程。	This is a course aimed at students.
2685	針對	公司針對客人的意見，重新調整了菜單。	In response to customer feedback, the company revised the menu.
2686	公眾	這是公眾場所。	This is a public place.
2687	公眾	政府應該把這些資訊公開，讓公眾知道事實。	The government should make this information open so the public knows the facts.
2688	州	加州很大。	California is very large.
2689	州	我表姊嫁到美國德州，每年才回台灣一次。	My cousin married and moved to Texas in the US, and she comes back to Taiwan only once a year.
2690	某	某人在找你。	Someone is looking for you.
2691	某	新聞報導，某國中生昨天在學校發明了一款機器人。	The news reported that a certain middle schooler invented a robot at school yesterday.
2692	至今	至今沒有消息。	There has been no news so far.
2693	至今	這家老店從日治時期開到至今，味道一直沒有變。	This old shop has been open since the Japanese colonial period until today, and its flavour hasn't changed.
2694	離	我家離學校很近。	My home is very close to the school.
2695	離	從這裡離火車站還有兩公里，我們還是騎腳踏車去吧。	It's still two kilometres from here to the train station, so let's just ride bikes.
2696	同學	我們是同學。	We're classmates.
2697	同學	我跟同學約好放學後一起去圖書館寫功課。	I arranged with my classmate to go to the library together after school to do homework.
2698	復	他的病已經復原了。	His illness has already healed.
2699	復	休息一個星期後，她的體力慢慢恢復了。	After resting for a week, her strength gradually recovered.
2700	消失	他消失了。	He disappeared.
2701	消失	太陽下山以後，天邊的雲慢慢消失在夜色中。	After the sun set, the clouds on the horizon slowly faded into the night.
2702	註冊	我要註冊。	I want to register.
2703	註冊	新生要在開學前一週到學校註冊並繳學費。	New students must register at the school and pay tuition one week before classes start.
2704	人家	人家在等你呢。	I'm waiting for you.
2705	人家	別人家的小孩那麼乖，人家都會自己收玩具。	That other family's kid is so well-behaved, he puts away his toys by himself.
2706	地址	請寫下你的地址。	Please write down your address.
2707	地址	你把地址傳給我，我叫計程車去接你。	Send me your address and I'll call a taxi to pick you up.
2708	恐怖	這部電影很恐怖。	This movie is scary.
2709	恐怖	昨晚的地震真恐怖，我整晚都睡不著。	Last night's earthquake was terrifying, and I couldn't sleep all night.
2710	決議	大會通過了這項決議。	The assembly passed this resolution.
2711	決議	社區管理委員會決議，下個月起調整大樓的管理費。	The community management committee resolved to adjust the building's management fee starting next month.
2712	綠色	我喜歡綠色。	I like green.
2713	綠色	公園裡的綠色植物讓人心情變得很平靜。	The green plants in the park make people feel calm.
2714	輕	這個袋子很輕。	This bag is very light.
2715	輕	她輕輕關上房門，怕吵醒睡著的孩子。	She closed the door gently, afraid of waking the sleeping child.
2716	主管	我的主管很好。	My supervisor is nice.
2717	主管	主管說這個專案要在月底前完成，大家要加快速度。	The supervisor said the project must be done by the end of the month, so everyone needs to speed up.
2718	單獨	我想單獨談談。	I'd like to talk alone.
2719	單獨	她第一次單獨搭高鐵去高雄看外婆，心裡有點緊張。	It was her first time taking the high-speed rail alone to see her grandma in Kaohsiung, and she felt a bit nervous.
2720	必然	失敗不是必然的。	Failure is not inevitable.
2721	必然	科技越來越進步，生活方式的改變是必然的。	As technology advances, change in lifestyles is inevitable.
2722	每日	每日特餐很便宜。	The daily special is cheap.
2723	每日	這家餐廳每日都會更換菜色，客人每天都有新選擇。	This restaurant changes its dishes daily, so customers have something new each day.
2724	細節	細節很重要。	Details are important.
2725	細節	簽約前，我們要仔細確認合約的每一個細節。	Before signing, we should carefully check every detail of the contract.
2726	路上	路上很多車。	There are many cars on the road.
2727	路上	我在路上遇到了小學同學，兩個人聊了十幾分鐘。	I ran into a primary school classmate on the road, and we chatted for over ten minutes.
2728	主持人	主持人很有趣。	The host is funny.
2729	主持人	這位主持人反應很快，現場氣氛一直都很熱鬧。	This host is quick-witted, and the atmosphere on site has been lively throughout.
2730	列為	這座古蹟被列為一級古蹟。	This historic site was listed as a first-class monument.
2731	列為	這項計畫已被列為今年的重點工作，預算也增加了。	This plan has been listed as a key task this year and its budget has been increased.
2732	地面	地面很濕。	The ground is wet.
2733	地面	下過雨的地面很滑，走路要小心別跌倒。	The ground is slippery after rain, so walk carefully to avoid falling.
2734	幣	這裡可以換外幣。	You can exchange foreign currency here.
2735	幣	出國前我先到銀行換了一些日幣，準備旅行用。	Before going abroad I first changed some yen at the bank for the trip.
2736	提名	他被提名了。	He was nominated.
2737	提名	這部紀錄片獲得金馬獎最佳影片的提名，讓劇組非常開心。	This documentary was nominated for Best Picture at the Golden Horse Awards, and the crew is very happy.
2738	沒想到	沒想到你會來。	I didn't expect you to come.
2739	沒想到	我本來只想去逛逛，沒想到最後買了三大袋東西。	I only meant to browse around, but didn't expect to end up buying three big bags of stuff.
2740	種類	這裡種類很多。	There are many kinds here.
2741	種類	這家麵包店的種類多到讓我每次都選不出來。	This bakery has so many kinds of bread that I can never choose.
2742	解	這題我解不出來。	I can't solve this problem.
2743	解	我花了半天，才解開這條打結的項鍊。	It took me half a day to untangle this knotted necklace.
2744	邊境	邊境很安靜。	The border is quiet.
2745	邊境	邊境的小鎮因為觀光客變多而變得熱鬧起來。	The border town has become lively because of more tourists.
2746	乃	此乃公司規定。	This is a company rule.
2747	乃	台北一〇一乃台灣的著名地標，每年吸引大量遊客。	Taipei 101 is a famous landmark of Taiwan, attracting many tourists each year.
2748	動手	我們動手做吧。	Let's get started.
2749	動手	週末我跟我爸動手做了一個小書架，花了整整一個下午。	This weekend my dad and I built a little bookshelf ourselves, which took the whole afternoon.
2750	好友	他是我的好友。	He's my good friend.
2751	好友	我有幾位十年的好友，每個月都會約出來吃一次飯。	I have a few close friends of ten years, and we meet for a meal once a month.
2752	扮演	他扮演國王。	He plays the king.
2753	扮演	她在學校的話劇中扮演一位勇敢的公主，演得很棒。	In the school play she plays a brave princess and does a great job.
2754	模特	她是一位模特兒。	She is a model.
2755	模特	這家服飾店請了一位年輕的模特兒，為新品拍攝宣傳照。	This clothing shop hired a young model to shoot promotional photos for the new items.
2756	百姓	老百姓都很開心。	The common people are all happy.
2757	百姓	政府的新政策讓一般百姓的生活變得更方便了。	The government's new policy has made life more convenient for ordinary people.
2758	職位	我申請這個職位。	I'm applying for this position.
2759	職位	公司有一個行銷的職位空缺，歡迎有經驗的人來應徵。	The company has a vacant marketing position, and experienced people are welcome to apply.
2760	較大	這個比較大。	This one is relatively large.
2761	較大	這款手機的螢幕較大，看影片比較舒服。	This phone has a larger screen and is more comfortable for watching videos.
2762	龐大	這個工程很龐大。	This project is huge.
2763	龐大	龐大的人口讓城市的交通問題越來越嚴重。	A huge population makes the city's traffic problems worse and worse.
2764	先鋒	他是先鋒。	He is the vanguard.
2765	先鋒	這位年輕導演被稱為台灣新電影的先鋒。	This young director is called a pioneer of Taiwan's new cinema.
2766	呼吸	深呼吸。	Take a deep breath.
2767	呼吸	爬完樓梯後，我呼吸變得很急促，得坐下來休息。	After climbing the stairs, my breathing became rapid and I had to sit down.
2768	安靜	請保持安靜。	Please keep quiet.
2769	安靜	圖書館裡很安靜，只聽得到翻書的聲音。	It's very quiet in the library, and you can only hear pages turning.
2770	忽略	不要忽略小事。	Don't overlook small things.
2771	忽略	他太專心工作，忽略了家人的感受，最後被老婆唸了一頓。	He focused so much on work that he neglected his family's feelings, and his wife scolded him in the end.
2772	斗	他買了一斗米。	He bought a dou of rice.
2773	斗	以前的人用斗來量米，一斗等於十升。	In the past people measured rice by the dou, and one dou equals ten sheng.
2774	毒品	毒品會害人。	Drugs harm people.
2775	毒品	警察破獲一個販賣毒品的集團，抓到了十幾個人。	The police busted a drug-selling ring and arrested over a dozen people.
2776	爛	這顆蘋果爛了。	This apple has rotted.
2777	爛	放太久的香蕉皮都爛了，聞起來有點酸酸的味道。	The banana peel left too long has gone rotten and smells a bit sour.
2778	確	這件事很確實。	This is for sure.
2779	確	請確認一下時間是否正確，免得白跑一趟。	Please confirm the time is correct so you don't make a wasted trip.
2780	聯賽	聯賽開始了。	The league has started.
2781	聯賽	中華職棒聯賽每年春天開打，球迷們都很期待。	The CPBL league season starts every spring, and fans look forward to it.
2782	財經	他看財經新聞。	He watches financial news.
2783	財經	我爸每天早上都會看財經節目，了解股市行情。	My dad watches a finance programme every morning to keep up with the stock market.
2784	開玩笑	你在開玩笑吧？	You're joking, right?
2785	開玩笑	我只是開玩笑而已，你別生氣啦，我請你喝飲料。	I was just joking, don't be mad, I'll buy you a drink.
2786	齊	人都到齊了嗎？	Is everyone here?
2787	齊	書桌上的文具擺得很整齊，一點也不凌亂。	The stationery on the desk is arranged neatly, not messy at all.
2788	傷亡	傷亡很嚴重。	Casualties are serious.
2789	傷亡	這次地震造成多人傷亡，救難人員正在持續搜救。	This earthquake caused many casualties, and rescue workers are continuing to search.
2790	司令	司令在檢閱部隊。	The commander is reviewing the troops.
2791	司令	司令下令部隊清晨出發，在天亮前抵達目的地。	The commander ordered the troops to depart at dawn and arrive before daybreak.
2792	妥協	大家各自妥協一點。	Let's each compromise a little.
2793	妥協	為了家人和諧，爸爸在這件事上選擇妥協，讓媽媽決定。	For family harmony, Dad chose to compromise on this and let Mom decide.
2794	彈性	這條褲子很有彈性。	These pants are stretchy.
2795	彈性	公司的上班時間很有彈性，只要滿八小時就可以。	The company's working hours are very flexible as long as you complete eight hours.
2796	撐	我撐著雨傘。	I'm holding an umbrella open.
2797	撐	下雨了，你快撐傘，別淋濕了。	It's raining, hurry and open your umbrella so you don't get wet.
2798	樂趣	看書是我的樂趣。	Reading is my pleasure.
2799	樂趣	種菜最大的樂趣，就是看著種子一天天長大。	The greatest joy of growing vegetables is watching the seeds grow day by day.
2800	牙	我牙痛。	I have a toothache.
2801	牙	我每天都會用牙線清牙縫，所以牙醫說我的牙齒很健康。	I use dental floss between my teeth every day, so the dentist says my teeth are healthy.
2802	簡化	把步驟簡化一下。	Simplify the steps a bit.
2803	簡化	公司簡化了請假流程，現在用手機就可以申請。	The company simplified the leave process, and now you can apply with your phone.
2804	蒙	我被嚇蒙了。	I was stunned by the shock.
2805	蒙	他突然被叫上台，整個人都蒙了，一句話都說不出來。	He was suddenly called on stage, was totally dazed, and couldn't say a word.
2806	遇上	我遇上了老朋友。	I ran into an old friend.
2807	遇上	出門剛好遇上下雨，只好躲到騎樓下等雨停。	Just as I left it began to rain, so I had to take shelter under the arcade until it stopped.
2808	體重	我的體重增加了。	My weight has gone up.
2809	體重	我每天早上起床都會量體重，看看有沒有變化。	Every morning when I wake up I weigh myself to see if there's any change.
2810	以免	帶把傘，以免淋濕。	Take an umbrella so you don't get wet.
2811	以免	出門前先檢查鑰匙有沒有帶，以免被鎖在門外。	Check that you have your keys before leaving so you won't get locked out.
2812	分割	把蛋糕分割成八塊。	Cut the cake into eight pieces.
2813	分割	這間大房子被分割成三個小套房出租。	This large house was divided into three small studios for rent.
2814	召集	老師召集大家開會。	The teacher called everyone together for a meeting.
2815	召集	班長召集同學們討論園遊會要賣什麼。	The class leader gathered classmates to discuss what to sell at the school fair.
2816	大片	窗外有大片稻田。	Outside the window is a wide expanse of rice fields.
2817	大片	一整個下午，天空都是大片大片的烏雲，看起來隨時要下雨。	All afternoon the sky was full of large stretches of dark clouds, as if it might rain any moment.
2818	工商	這是工商業社會。	This is an industrial and commercial society.
2819	工商	台灣的工商業很發達，很多公司都有出口業務。	Taiwan's industry and commerce are developed, and many companies have export business.
2820	房價	房價很高。	House prices are high.
2821	房價	台北的房價越來越貴，年輕人想買房子真的很不容易。	House prices in Taipei keep rising, and it is really hard for young people to buy a home.
2822	政客	他是一位政客。	He is a politician.
2823	政客	有些政客只在選舉的時候出現，平常都不見人影。	Some politicians only show up at election time and are nowhere to be seen otherwise.
2824	樓下	我在樓下等你。	I'll wait for you downstairs.
2825	樓下	樓下的鄰居常常養很多盆栽，經過時都聞得到花香。	The downstairs neighbour keeps many potted plants, and you can smell the flowers when passing.
2826	準則	這是行為準則。	This is a code of conduct.
2827	準則	公司訂定了員工行為準則，要求大家誠實、守時。	The company set a code of conduct requiring employees to be honest and punctual.
2828	疼痛	我的背很疼痛。	My back is very painful.
2829	疼痛	傷口還是會疼痛，醫生說可以吃止痛藥緩解一下。	The wound still hurts, and the doctor said I can take painkillers to relieve it.
2830	縮小	把照片縮小一點。	Make the photo a little smaller.
2831	縮小	這件毛衣洗過一次就縮小了，現在只有我妹妹穿得下。	This sweater shrank after one wash, and now only my sister can fit in it.
2832	被動	他很被動。	He is very passive.
2833	被動	工作不能太被動，要主動跟主管報告進度。	You shouldn't be too passive at work, you should proactively report progress to your supervisor.
2834	跨越	他跨越了欄杆。	He stepped over the railing.
2835	跨越	這座橋跨越整條河流，把兩個城市連接了起來。	This bridge spans the whole river and connects the two cities.
2836	鑽	老鼠鑽進洞裡。	The mouse crawled into the hole.
2837	鑽	貓咪喜歡鑽進紙箱裡，一待就是一整個下午。	The cat likes to crawl into cardboard boxes and stay all afternoon.
2838	騙人	你不要騙人。	Don't lie.
2839	騙人	詐騙集團專門騙人匯款，接到可疑的電話要小心。	Scam rings specialize in tricking people into transferring money, so be careful with suspicious calls.
2840	何處	你家在何處？	Where is your home?
2841	何處	不知道何處傳來陣陣花香，讓人心情很好。	From somewhere comes the scent of flowers, putting people in a good mood.
2842	分數	你的分數是多少？	What's your score?
2843	分數	雖然分數不理想，但老師說只要努力就會進步。	Although the score is not ideal, the teacher said you'll improve as long as you work hard.
2844	哪怕	哪怕下雨，我也要去。	Even if it rains, I'm going.
2845	哪怕	哪怕只是一個小小的進步，我也會為自己感到開心。	Even if it's just a tiny improvement, I'm happy for myself.
2846	奶粉	寶寶喝奶粉。	The baby drinks formula.
2847	奶粉	她在超商買了一罐奶粉，準備寄給住在國外的朋友。	She bought a can of milk powder at the convenience store to send to a friend abroad.
2848	帶頭	我來帶頭做。	I'll take the lead.
2849	帶頭	班長帶頭整理教室，其他同學也自動動手幫忙。	The class leader took the lead in tidying the classroom, and other students pitched in too.
2850	房產	他有三處房產。	He owns three properties.
2851	房產	爸爸去世後，三個兄弟姊妹商量怎麼分配他留下的房產。	After Dad passed away, the three siblings discussed how to divide the real estate he left.
2852	新版	這是新版。	This is the new edition.
2853	新版	新版的課本增加了很多圖片，內容也更容易理解。	The new edition of the textbook added many pictures, and the content is easier to understand.
2854	歸屬	這座島歸屬哪個國家？	Which country does this island belong to?
2855	歸屬	新來的同事還在找尋自己在團隊中的歸屬感。	The new colleague is still looking for a sense of belonging in the team.
2856	無能	我覺得自己很無能。	I feel useless.
2857	無能	面對孩子的哭鬧，爸爸感到無能為力，只好求助媽媽。	Faced with the child's crying, Dad felt powerless and could only turn to Mom.
2858	磅	請用磅秤量一下。	Please weigh it with the scale.
2859	磅	他一個月內瘦了十磅，朋友都說他變帥了。	He lost ten pounds in a month, and friends all say he got more handsome.
2860	肉體	肉體會累。	The body gets tired.
2861	肉體	長時間的工作讓他的肉體和精神都很疲憊。	Long working hours exhausted him both physically and mentally.
2862	詞語	這個詞語很常用。	This term is commonly used.
2863	詞語	我用手機學中文詞語，每天背十個，已經堅持一年了。	I use my phone to learn Chinese words, ten a day, and have kept it up for a year.
2864	道具	舞台上有很多道具。	There are many props on the stage.
2865	道具	這齣戲的道具都是學生自己做的，看起來很有質感。	The props for this play were all made by the students and look very polished.
2866	電路	電路出了問題。	There's a problem with the circuit.
2867	電路	老房子的電路已經很舊了，所以我們請電工來重新檢查。	The old house's wiring is outdated, so we asked an electrician to inspect it again.
2868	下方	請看下方的圖表。	Please see the chart below.
2869	下方	表格下方有一行小字，說明這些數字是怎麼計算的。	Below the table is a line of small text explaining how the numbers are calculated.
2870	供應商	他是供應商。	He is a supplier.
2871	供應商	餐廳換了新的供應商，蔬菜比以前更新鮮。	The restaurant changed to a new supplier, and the vegetables are fresher than before.
2872	公立	他念公立學校。	He attends a public school.
2873	公立	公立醫院的掛號費比較便宜，所以病患常常多到排隊。	Registration at public hospitals is cheaper, so patients often queue up in large numbers.
2874	友善	他很友善。	He is friendly.
2875	友善	這家咖啡店對寵物很友善，客人可以帶狗進來。	This cafe is pet-friendly, and customers can bring their dogs in.
2876	回合	比賽進入第三回合。	The match enters the third round.
2877	回合	拳擊比賽打了十二個回合，雙方都累得站不穩了。	The boxing match lasted twelve rounds and both sides were too tired to stand steady.
2878	失落	他覺得很失落。	He feels let down.
2879	失落	朋友搬走後，我心裡有點失落，好像少了什麼。	After my friend moved away, I felt a bit empty, as if something was missing.
2880	寺廟	這是一座寺廟。	This is a temple.
2881	寺廟	每到農曆新年，寺廟裡擠滿了來祈福的人，香火很旺。	Every Lunar New Year the temple is crowded with people praying for blessings, and the incense burns brightly.
2882	得意	他很得意。	He is very pleased with himself.
2883	得意	她拿到第一名，得意地把獎狀拿給大家看。	She won first place and proudly showed the certificate to everyone.
2884	抬頭	請抬頭看。	Please look up.
2885	抬頭	一抬頭，我才發現天空出現了彩虹，大家都興奮地拍照。	When I looked up I noticed a rainbow in the sky, and everyone excitedly took pictures.
2886	支部	黨在各地設有支部。	The party has branches in every area.
2887	支部	這個政黨的支部每個月開一次會，討論地方上的事務。	The branch of this political party holds a meeting once a month to discuss local matters.
2888	本能	這是本能反應。	This is an instinctive reaction.
2889	本能	看到蟑螂時，我的本能反應就是尖叫，然後躲到椅子上。	When I see a cockroach my instinct is to scream and hide on a chair.
2890	氣味	這裡有奇怪的氣味。	There's a strange smell here.
2891	氣味	剛下過雨的泥土氣味，總會讓我想起小時候的鄉下。	The smell of freshly rained-on soil always reminds me of the countryside in my childhood.
2892	無能為力	我真的無能為力。	I'm truly powerless.
2893	無能為力	看著朋友難過，我卻無能為力，只能在旁邊陪著他。	Watching my friend sad and being unable to do anything, I could only stay by his side.
2894	皇宮	皇宮很大。	The palace is huge.
2895	皇宮	去泰國玩時，我們參觀了皇宮，裡面的建築金碧輝煌。	On a trip to Thailand we visited the royal palace, whose buildings are splendid.
2896	管家	家裡有管家。	The household has a butler.
2897	管家	這位管家替有錢人照顧大房子，每天都要檢查每個房間。	This housekeeper takes care of a rich family's big house and checks every room each day.
2898	聖地	這是佛教聖地。	This is a Buddhist holy site.
2899	聖地	每年有許多信徒前往聖地朝聖，路上要走很久。	Each year many believers visit the holy land on pilgrimage and walk a long way.
2900	製造商	這家製造商做手機。	This manufacturer makes phones.
2901	製造商	製造商保證產品有兩年保固，有問題可以免費換新。	The manufacturer guarantees a two-year warranty and free replacement if there are problems.
2902	超人	他像超人一樣。	He's like Superman.
2903	超人	孩子最喜歡的玩具是超人公仔，睡覺時也要抱著。	The kid's favourite toy is a Superman figure, and he holds it even when sleeping.
2904	鎊	一鎊多少錢？	How much is one pound?
2905	鎊	倫敦的咖啡一杯要三鎊，換算起來比台北貴很多。	A cup of coffee in London costs three pounds, much more expensive than in Taipei.
2906	風氣	學校的風氣很好。	The school has a good atmosphere.
2907	風氣	這個社區有互相幫忙的風氣，鄰居之間感情很好。	This neighbourhood has a culture of helping each other, and neighbours are close.
2908	借過	不好意思，借過一下。	Excuse me, let me through.
2909	借過	捷運車廂很擠，下車的人一直說借過，大家才讓出一條路。	The MRT car was crowded, and those getting off kept saying excuse me before others made way.
2910	打掃	我們來打掃。	Let's clean up.
2911	打掃	週末早上，全家人一起打掃房子，把窗戶也擦乾淨了。	On weekend mornings the whole family cleans the house together, and the windows get wiped clean too.
2912	睡不著	我睡不著。	I can't sleep.
2913	睡不著	喝了咖啡之後，我整晚睡不著，一直看著天花板發呆。	After drinking coffee I couldn't sleep all night and just stared blankly at the ceiling.
2914	重訓	我每週三次重訓。	I do weight training three times a week.
2915	重訓	重訓之後，隔天全身都痠痛，連下樓梯都覺得很辛苦。	After weight training, my whole body aches the next day, and even going downstairs feels tough.
2916	唸	我唸給你聽。	I'll read it to you.
2917	唸	睡覺前，媽媽都會唸故事書給小妹聽，直到她睡著為止。	Before bed, Mom reads storybooks to my little sister until she falls asleep.
2918	到	我明天要到台中。	I'm going to Taichung tomorrow.
2919	到	昨天我一直工作到半夜,今天早上完全起不來。	I worked until midnight yesterday, so I couldn't get up at all this morning.
2920	到	我明天要到台北。	I'm going to Taipei tomorrow.
2921	到	我走到捷運站才發現忘了帶悠遊卡。	I only realized I'd forgotten my EasyCard when I got to the MRT station.
2922	美國	我姊姊在美國念書。	My older sister studies in the United States.
2923	美國	我阿姨住在美國,每年過年都會寄禮物回來。	My aunt lives in the United States and sends gifts back every Lunar New Year.
2924	美國	我阿姨住在美國。	My aunt lives in the United States.
2925	美國	我同事下個月要去美國出差，大概去兩個禮拜。	My coworker is going on a business trip to the US next month for about two weeks.
2926	其中	我有三隻貓,其中一隻是白色的。	I have three cats, and one of them is white.
2927	其中	這家書店賣各種雜誌,其中旅遊雜誌賣得最好。	This bookstore sells all kinds of magazines, and travel magazines sell best among them.
2928	其中	我買了五顆，其中兩顆壞了。	I bought five, and two of them were bad.
2929	其中	這間公司有兩百名員工，其中大約三分之一是外國人。	This company has two hundred employees, about a third of whom are foreigners.
2930	文化	我喜歡台灣的文化。	I like Taiwan's culture.
2931	文化	這間博物館介紹了原住民的傳統文化和生活方式。	This museum introduces the traditional culture and way of life of the indigenous peoples.
2932	文化	台灣有很多不同的文化。	Taiwan has many different cultures.
2933	文化	我很喜歡到不同的地方旅行，體驗當地的飲食和文化。	I love traveling to different places and experiencing the local food and culture.
2934	支持	我支持你。	I support you.
2935	支持	謝謝大家的支持,我們的小店才能開到現在。	Thanks to everyone's support, our little shop has been able to stay open until now.
2936	支持	我支持你的決定。	I support your decision.
2937	支持	家人一直很支持我出國念書，我真的很感謝他們。	My family has always supported me studying abroad, and I'm really grateful to them.
2938	便	這裡買東西很方便。	It's very convenient to shop here.
2939	便	他一說完便轉身離開了,什麼也沒有解釋。	As soon as he finished speaking he turned and left without explaining anything.
2940	能夠	你能夠來真是太好了。	It's great that you were able to come.
2941	能夠	希望大家都能夠平平安安,健健康康地過每一天。	I hope everyone can spend every day safe and healthy.
2942	外	外面在下雨。	It's raining outside.
2943	外	除了國語以外,她還會說台語和英語。	Besides Mandarin, she can also speak Taiwanese and English.
2944	行	他在銀行工作,我哥在另一個行業。	He works at a bank, and my brother is in a different line of work.
2945	行	做我們這一行的,常常要在半夜接電話。	In our line of work, you often have to take calls in the middle of the night.
2946	學院	他在管理學院念書。	He studies at the school of management.
2947	學院	這所大學的醫學院在全國很有名,每年都有很多人報考。	This university's medical school is famous nationwide, and many people apply every year.
2948	討論	我們來討論一下。	Let's discuss it.
2949	討論	小組成員正在討論下週簡報要怎麼分工。	The group members are discussing how to divide up the work for next week's presentation.
2950	報	爸爸每天早上看報。	Dad reads the newspaper every morning.
2951	報	我已經報名了下個月的路跑活動,你要不要一起報?	I've already signed up for next month's fun run. Do you want to sign up too?
2952	權力	他有很大的權力。	He has a lot of power.
2953	權力	老闆把決定的權力交給了團隊,大家都很開心。	The boss handed the power to decide to the team, and everyone was pleased.
2954	觀點	這是我個人的觀點。	This is my personal view.
2955	觀點	對於這個問題,兩位專家提出了完全不同的觀點。	On this issue, the two experts put forward completely different viewpoints.
2956	信	我寫了一封信。	I wrote a letter.
2957	信	我很信任他,所以才把這件事交給他處理。	I trust him a lot, which is why I handed this matter over to him.
2958	快樂	祝你生日快樂!	Happy birthday!
2959	快樂	跟家人一起吃團圓飯,是我過年最快樂的事。	Eating the reunion dinner with my family is the happiest part of New Year for me.
2960	群	一群鴨子在河邊玩。	A flock of ducks is playing by the river.
2961	群	朋友在群組裡約大家週五晚上一起去唱歌。	A friend suggested in the group chat that we all go to karaoke Friday night.
2962	下午	我下午有課。	I have class this afternoon.
2963	下午	明天下午三點,請準時到公司一樓大廳集合。	Tomorrow at three in the afternoon, please assemble punctually in the first-floor lobby.
2964	否則	快點,否則會遲到。	Hurry up, or you'll be late.
2965	否則	出門要帶傘,否則下午下雨的話就會淋濕。	Take an umbrella when you go out, otherwise you'll get soaked if it rains this afternoon.
2966	批評	別批評他。	Don't criticize him.
2967	批評	她對朋友的批評很誠懇,所以大家都願意聽她的建議。	Her criticism of friends is sincere, so everyone is willing to hear her advice.
2968	特色	這是本店的特色。	This is a specialty of our shop.
2969	特色	每個夜市都有自己的特色,有的賣小吃,有的賣衣服。	Every night market has its own character; some sell snacks and others clothes.
2970	讀	這篇古文沒有標點,要自己標出句讀。	This classical text has no punctuation; you have to mark the pauses yourself.
2971	下麵	水開了,可以下麵了。	The water's boiling; you can put the noodles in.
2972	下麵	我媽煮湯頭,我負責下麵,十分鐘就能吃了。	My mom makes the broth and I boil the noodles; we can eat in ten minutes.
2973	審判	法院明天開始審判。	The court begins the trial tomorrow.
2974	審判	法官依照證據進行審判,結果會在下週公布。	The judge conducts the trial based on evidence, and the result will be announced next week.
2975	支付	可以用手機支付嗎?	Can I pay by phone?
2976	支付	房租要在每個月五號以前支付,逾期會有罰款。	Rent must be paid by the fifth of each month, with a fine for late payment.
2977	立即	請立即回電。	Please call back immediately.
2978	立即	發現火災時,請立即離開現場並撥打一一九。	If you discover a fire, please leave immediately and dial 119.
2979	風	今天風很大。	The wind is strong today.
2980	風	冬天的東北季風很強,騎機車的時候一定要戴手套。	The northeast monsoon is strong in winter, so you must wear gloves when riding a scooter.
2981	化學	我喜歡化學課。	I like chemistry class.
2982	化學	他在大學念化學,畢業後想去製藥公司工作。	He studies chemistry at university and wants to work at a pharmaceutical company after graduating.
2983	實力	他有實力。	He has real ability.
2984	實力	這次比賽,每隊的實力都很接近,結果很難預測。	In this competition each team's strength is close, and the result is hard to predict.
2985	敢	我不敢一個人睡。	I don't dare sleep alone.
2986	敢	你敢不敢跟老闆說你想加薪?我是不太敢啦。	Do you dare tell the boss you want a raise? I don't really dare.
2987	疾病	他有慢性疾病。	He has a chronic illness.
2988	疾病	多運動、少熬夜,可以降低很多疾病的風險。	Exercising more and staying up less lowers the risk of many diseases.
2989	襲擊	颱風襲擊了南部。	The typhoon hit the south.
2990	襲擊	強烈地震襲擊了這座城市,許多房屋倒塌。	A strong earthquake struck the city, and many houses collapsed.
2991	願	我願意幫你。	I'm willing to help you.
2992	願	她許了一個願,希望家人都平平安安。	She made a wish that her family would all be safe and sound.
2993	准	這裡不准抽菸。	Smoking isn't allowed here.
2994	准	老師准了我的假,我可以提早回家。	The teacher approved my leave, so I can go home early.
2995	寶	這是我的寶貝。	This is my treasure.
2996	寶	小時候我最喜歡聽故事,尤其是尋寶的冒險故事。	As a child I loved stories, especially adventure stories about treasure hunting.
2997	旁邊	銀行旁邊有一家花店。	There is a flower shop next to the bank.
2998	旁邊	你坐在我旁邊,上課時就可以一起看課本。	If you sit next to me, we can share the textbook in class.
2999	產量	今年水果產量很高。	Fruit production is high this year.
3000	產量	受到天氣影響,今年茶葉的產量比去年減少了三成。	Affected by the weather, this year's tea output dropped by 30 percent compared with last year.
3001	裝置	手機是一種電子裝置。	A phone is a kind of electronic device.
3002	裝置	維修人員下午會來裝置新的熱水器。	The repairman is coming this afternoon to install the new water heater.
3003	須	進入前須脫鞋。	Shoes must be removed before entering.
3004	須	購買本商品須年滿十八歲,結帳時請出示證件。	Buyers of this product must be 18 or older. Please show ID at checkout.
3005	保	請保重身體。	Please take care of your health.
3006	保	這個手機有一年的保固,壞了可以免費維修。	This phone has a one-year warranty and can be repaired for free if it breaks.
3007	右	請往右轉。	Please turn right.
3008	右	郵局就在右手邊,穿過這條馬路就看到了。	The post office is on your right; just cross this road and you'll see it.
3009	好多	好多人在排隊。	Lots of people are waiting in line.
3010	好多	這個週末好多餐廳都客滿了,我們最好先訂位。	Many restaurants are full this weekend, so we'd better book a table first.
3011	懲罰	你要受到懲罰。	You'll be punished.
3012	懲罰	老師罰同學打掃教室,但不是為了懲罰,而是希望他們學會負責。	The teacher had the students clean the classroom, not as punishment but to help them learn responsibility.
3013	板	黑板上有字。	There's writing on the blackboard.
3014	板	老闆把菜單寫在一塊木板上,掛在店門口。	The boss wrote the menu on a wooden board and hung it at the shop entrance.
3015	當作	把這裡當作自己家。	Treat this place as your own home.
3016	當作	他把失敗當作學習的機會,所以很快就重新振作了。	He treated failure as a chance to learn, so he quickly picked himself back up.
3017	興建	市政府要興建新的圖書館。	The city government will build a new library.
3018	興建	這座橋預計興建三年,完工後會大大縮短通勤時間。	This bridge is expected to take three years to build and will greatly shorten commutes once finished.
3019	轉換	我想轉換心情。	I want to change my mood.
3020	轉換	這個手機可以在兩種語言之間快速轉換,對外國人很方便。	This phone can switch quickly between two languages, which is convenient for foreigners.
3021	驕傲	我為你感到驕傲。	I'm proud of you.
3022	驕傲	他得了第一名也不驕傲,還是跟以前一樣努力。	Even after winning first place he isn't arrogant and works as hard as before.
3023	公斤	我買了兩公斤的蘋果。	I bought two kilograms of apples.
3024	公斤	他這三個月瘦了五公斤,朋友們都說他看起來更有精神。	He lost five kilograms in three months, and his friends say he looks more energetic.
3025	坑	路上有個大坑。	There's a big pit in the road.
3026	坑	馬路上的坑洞太多,騎機車的時候要特別小心。	There are too many potholes in the road, so be especially careful on a scooter.
3027	彈	子彈很危險。	Bullets are dangerous.
3028	彈	電影裡的槍戰很逼真,觀眾都被爆炸聲和子彈聲嚇到。	The gunfight in the film was very realistic, and the audience was startled by the explosions and gunshots.
3029	昨晚	昨晚我睡得很好。	I slept well last night.
3030	昨晚	昨晚下了一場大雨,今天早上街上到處都是落葉。	There was a heavy rain last night, and this morning the streets are covered with fallen leaves.
3031	營銷	他在做營銷工作。	He does marketing work.
3032	營銷	公司的營銷策略改成以網路為主,效果比以前更好。	The company's marketing strategy now centers on the Internet, with better results than before.
3033	籃球	我喜歡打籃球。	I like playing basketball.
3034	籃球	放學後,男生們都在操場打籃球,女生在旁邊加油。	After school the boys play basketball on the field while the girls cheer from the side.
3035	許	不許說話。	Talking isn't allowed.
3036	許	他許下承諾,要在三天之內把工作完成。	He made a promise to finish the work within three days.
3037	防	要防曬。	You need to protect against sun.
3038	防	下雨天路滑,騎車要小心,最好穿防水的雨衣。	Roads are slippery when raining; be careful riding and ideally wear a waterproof raincoat.
3039	以此	以此為例。	Take this as an example.
3040	以此	她把獲獎的消息告訴家人,以此感謝他們一路的支持。	She told her family about winning the award, thereby thanking them for their support along the way.
3041	區分	要區分好壞。	You need to tell good from bad.
3042	區分	垃圾要區分成紙類、塑膠和廚餘,垃圾車來時再分開丟。	Waste must be divided into paper, plastic and kitchen scraps and thrown out separately when the garbage truck comes.
3043	夏	夏季很熱。	Summer is hot.
3044	夏	初夏的傍晚,涼風吹過,大家都出來公園散步。	On early summer evenings, a cool breeze blows and everyone comes out to the park for a walk.
3045	工作者	他是一位社會工作者。	He is a social worker.
3046	工作者	自由工作者可以自己安排時間,但收入比較不穩定。	Freelancers can arrange their own time, but their income is less stable.
3047	招	他在招人。	He's hiring.
3048	招	餐廳門口貼著紙條,說正在招服務生,有興趣的人可以進來問。	A note on the restaurant door says they're hiring waiters, and interested people can ask inside.
3049	本土	我喜歡本土品牌。	I like local brands.
3050	本土	最近有不少本土電影受到國際關注,真讓人開心。	Lately quite a few local films have attracted international attention, which is great.
3051	渴望	他渴望自由。	He longs for freedom.
3052	渴望	小時候我很渴望能擁有一隻狗,可是爸媽一直不同意。	When I was little I longed to have a dog, but my parents never agreed.
3053	疫苗	我打了疫苗。	I got vaccinated.
3054	疫苗	醫院通知,明天開放預約流感疫苗,長輩可以優先施打。	The hospital announced flu vaccine appointments open tomorrow, with seniors getting priority.
3055	紮	她紮了一個馬尾。	She tied her hair in a ponytail.
3056	紮	花店老闆把一紮玫瑰包好,遞給了客人。	The florist wrapped a bunch of roses and handed it to the customer.
3057	蛇	我怕蛇。	I'm afraid of snakes.
3058	蛇	山上有蛇,所以健行的時候最好穿長褲和高筒鞋。	There are snakes in the mountains, so wear long pants and high boots when hiking.
3059	近代	這是近代的歷史。	This is modern history.
3060	近代	近代的科技進步很快,現在的生活跟一百年前完全不同。	Technology has advanced quickly in modern times, and life now is entirely different from a hundred years ago.
3061	頗	這部電影頗有意思。	This movie is quite interesting.
3062	頗	他對這件事頗為不滿,但沒有說出來。	He was rather dissatisfied with the matter but did not say so.
3063	交友	他喜歡交友。	He likes making friends.
3064	交友	現在很多人透過交友軟體認識新朋友,但要注意安全。	Many people now meet new friends through dating apps, but you should watch your safety.
3065	判處	法院判處他有期徒刑。	The court sentenced him to a prison term.
3066	判處	法官判處被告三年有期徒刑,被告當庭表示將提出上訴。	The judge sentenced the defendant to three years in prison, and the defendant said in court he will appeal.
3067	圖書	我去借圖書。	I'm going to borrow some books.
3068	圖書	學校圖書館新增了一批圖書,同學們都可以借閱。	The school library added a batch of books that students can borrow.
3069	專欄	他寫了一個專欄。	He wrote a column.
3070	專欄	這份報紙的美食專欄每週五刊出,我很喜歡。	This newspaper's food column comes out every Friday, and I love it.
3071	懞	他還很懞懂,什麼都不明白。	He's still naive and doesn't understand anything.
3072	春	春天來了。	Spring has come.
3073	春	春節的時候,大家都會回老家團圓,吃年夜飯。	At Lunar New Year, everyone goes back to their hometown to reunite and eat the New Year's Eve dinner.
3074	深化	兩國希望深化合作。	The two countries hope to deepen cooperation.
3075	深化	透過每週的交流,雙方的關係逐漸深化,也更有默契。	Through weekly exchanges, the relationship between the two sides gradually deepened with greater rapport.
3076	相處	我跟室友相處得很好。	I get along very well with my roommate.
3077	相處	跟同事相處需要互相尊重,有話直說反而比較容易溝通。	Getting along with coworkers takes mutual respect, and speaking frankly makes communication easier.
3078	習俗	各地有不同的習俗。	Each place has different customs.
3079	習俗	端午節有吃粽子、划龍舟的習俗,台灣人一直保留到現在。	Dragon Boat Festival has customs of eating zongzi and racing dragon boats, which Taiwanese keep to this day.
3080	請願	居民上街請願。	Residents took to the streets to petition.
3081	請願	數百位學生到立法院外請願,希望政府重視教育問題。	Hundreds of students petitioned outside the Legislative Yuan, hoping the government would take education seriously.
3082	零售	這家店只做零售。	This shop only does retail.
3083	零售	超商是最常見的零售通路,幾乎每條街都有一家。	Convenience stores are the most common retail channel, with nearly one on every street.
3084	中等	他的身材中等。	He is of medium build.
3085	中等	這件衣服有大中小三個尺寸,我穿中等剛剛好。	This garment comes in small, medium and large, and medium fits me just right.
3086	入學	孩子明年入學。	The child starts school next year.
3087	入學	新生入學時要先繳註冊費,並領取學生證和制服。	New students pay registration fees on enrollment and collect their student ID and uniform.
3088	卡車	路上有很多卡車。	There are many trucks on the road.
3089	卡車	一輛卡車載滿了西瓜,慢慢開進市場,攤販們紛紛上前幫忙卸貨。	A truck full of watermelons slowly drove into the market, and vendors came to help unload.
3090	堆	桌上有一堆書。	There's a pile of books on the desk.
3091	堆	陽台上堆了好多舊報紙,媽媽說該拿去回收了。	Lots of old newspapers are piled on the balcony, and Mom says it's time to recycle them.
3092	審計	公司要接受審計。	The company must be audited.
3093	審計	審計人員仔細檢查了每一筆帳,發現有幾筆金額不對。	The auditors carefully checked every account entry and found several incorrect amounts.
3094	思	讓我思考一下。	Let me think about it.
3095	思	他沉思了很久,才開口說出自己的想法。	He pondered for a long time before voicing his thoughts.
3096	搞笑	這部電影很搞笑。	This film is hilarious.
3097	搞笑	他很會搞笑,每次聚會都把大家逗得哈哈大笑。	He's good at being funny and has everyone laughing at every gathering.
3098	有害	吸菸對健康有害。	Smoking is harmful to health.
3099	有害	有害物質如果流進河裡,會傷害水裡的魚和附近的居民。	If harmful substances flow into the river, they hurt the fish and nearby residents.
3100	法定	法定假日要放假。	Statutory holidays are days off.
3101	法定	根據法律,法定結婚年齡是十八歲,未滿十八歲需要父母同意。	By law, the legal age of marriage is eighteen, and under eighteen requires parental consent.
3102	犯人	警察抓到犯人了。	The police caught the criminal.
3103	犯人	犯人被帶上法庭,他低著頭,一句話也沒說。	The criminal was taken to court, head down, saying nothing.
3104	積	雨水積在路邊。	Rainwater has collected by the roadside.
3105	積	他從小就一點一滴地積錢,現在終於買了第一台相機。	He saved up bit by bit since childhood and has finally bought his first camera.
3106	茲	茲證明他是本校畢業生。	This is to certify that he is a graduate of our school.
3107	茲	茲因公司搬遷,本店將暫停營業三天,造成不便,敬請見諒。	Due to the company's relocation, this shop will be closed for three days. We apologize for the inconvenience.
3108	變量	這是一個變量。	This is a variable.
3109	變量	程式裡的變量名字要取清楚,別人看了才容易懂。	Variable names in a program should be clear so others can understand easily.
3110	郊區	我住在郊區。	I live in the suburbs.
3111	郊區	郊區的空氣比市中心好,房租也便宜,所以很多人搬過去。	The air in the suburbs is better than downtown and the rent cheaper, so many people moved there.
3112	電報	爺爺年輕時發過電報。	Grandpa sent telegrams when he was young.
3113	電報	以前沒有手機,有急事只能發電報,一個字就要付一次錢。	In the past, without mobile phones, urgent matters had to go by telegram, paid per word.
3114	中旬	我六月中旬回來。	I'll be back in mid-June.
3115	中旬	下個月中旬是繳稅的期限,請提早準備好資料。	Mid next month is the tax deadline, so please prepare your documents early.
3116	全球化	這是全球化的時代。	This is the age of globalization.
3117	全球化	全球化讓人們可以輕鬆買到世界各地的商品,也讓競爭變得更激烈。	Globalization lets people easily buy goods from around the world and makes competition fiercer.
3118	反恐	政府加強反恐措施。	The government strengthens anti-terrorism measures.
3119	反恐	機場為了反恐,對旅客的行李進行更嚴格的檢查。	For anti-terrorism, the airport inspects passengers' luggage more strictly.
3120	外長	外長明天出訪。	The foreign minister travels abroad tomorrow.
3121	外長	外長在記者會上表示,兩國將持續保持對話,共同處理爭議。	The foreign minister said at the press conference that the two countries will keep talking to resolve disputes together.
3122	小朋友	小朋友在玩球。	The kids are playing ball.
3123	小朋友	小朋友,過馬路要牽著媽媽的手,先看左邊,再看右邊喔。	Little one, hold Mom's hand when crossing the road, and look left, then right.
3124	忠實	狗是忠實的朋友。	Dogs are faithful friends.
3125	忠實	這部電影忠實地呈現了原著小說的故事,書迷們都很滿意。	This film faithfully presents the original novel's story, and fans are satisfied.
3126	摩擦	兩個東西互相摩擦。	The two things rub together.
3127	摩擦	室友之間難免會有小摩擦,只要好好溝通就能解決。	Roommates inevitably have small frictions, which good communication can resolve.
3128	核武器	核武器很危險。	Nuclear weapons are dangerous.
3129	核武器	國際社會一直呼籲各國減少核武器,以維護世界和平。	The international community has long urged countries to reduce nuclear weapons to preserve peace.
3130	淺	河水很淺。	The river is shallow.
3131	淺	這種淺色的衣服很容易髒,所以洗的時候要特別小心。	Light-colored clothes get dirty easily, so be especially careful when washing them.
3132	發電機	停電時用發電機。	Use a generator during power outages.
3133	發電機	颱風來的時候,為了預防停電,店家準備了一台發電機。	When the typhoon came, the shop prepared a generator in case of a power outage.
3134	經紀	他是我的經紀人。	He is my agent.
3135	經紀	經紀公司替藝人安排工作行程,也負責跟廠商談合約。	The talent agency arranges artists' work schedules and negotiates contracts with vendors.
3136	行走	老人行走不方便。	The elderly find walking inconvenient.
3137	行走	人行道上禁止騎車,行走的路人應該要受到保護。	Riding is banned on the sidewalk, since pedestrians should be protected.
3138	輯	他在編輯文章。	He is editing an article.
3139	輯	這張專輯收錄了十首新歌,發行第一天就賣出了幾千張。	This album includes ten new songs and sold thousands of copies on its first day.
3140	集中營	這裡有一座集中營。	There's a concentration camp here.
3141	集中營	博物館保留了集中營的遺跡,提醒人們不要忘記那段歷史。	The museum preserves traces of the concentration camp to remind people not to forget that history.
3142	三條	我拿到三條。	I got three of a kind.
3143	三條	他打牌時手氣很好,連續拿到三條,贏了不少錢。	He had great luck at cards, getting three of a kind in a row and winning quite a lot.
3144	但願	但願一切順利。	I hope everything goes well.
3145	但願	但願明天天氣好,這樣我們就可以如期去野餐了。	I wish the weather is nice tomorrow so we can go on our picnic as planned.
3146	光芒	太陽發出光芒。	The sun gives off rays.
3147	光芒	月亮的光芒照在湖面上,一切都顯得非常寧靜。	The moon's radiance shone on the lake, making everything very peaceful.
3148	化石	這是一塊化石。	This is a fossil.
3149	化石	博物館展出了一具恐龍化石,吸引了很多小朋友來看。	The museum displays a dinosaur fossil, attracting many children.
3150	唄	僧人在大殿裡唱誦梵唄。	The monks chant Buddhist hymns in the main hall.
3151	大屠殺	歷史書提到大屠殺。	The history book mentions the massacre.
3152	大屠殺	這部紀錄片講述了大屠殺倖存者的故事,看完讓人心情沉重。	This documentary tells the story of massacre survivors and leaves viewers heavy-hearted.
3153	客服	我打電話給客服。	I phoned customer service.
3154	客服	客服人員耐心地聽完我的問題,二十分鐘就幫我處理好了。	The customer service rep listened patiently to my problem and resolved it in twenty minutes.
3155	弦	吉他斷了一根弦。	A guitar string broke.
3156	弦	她拉著小提琴的弦,悠揚的琴聲讓人心情平靜。	She draws the violin strings, and the melodious music calms the mind.
3157	打仗	他們在打仗。	They're at war.
3158	打仗	爺爺小時候經歷過打仗,所以他特別珍惜現在的和平生活。	Grandpa lived through a war as a child, so he cherishes today's peace.
3159	摘	我們去摘蘋果。	Let's go pick apples.
3160	摘	進門前請摘下帽子和口罩,並接受額溫測量。	Please take off your hat and mask before entering and have your forehead temperature taken.
3161	最先	最先到的人可以選座位。	The first to arrive can choose seats.
3162	最先	他最先發現問題,馬上通知了大家,避免了更大的損失。	He was the first to notice the problem and informed everyone at once, avoiding bigger losses.
3163	歷來	歷來如此。	It's always been so.
3164	歷來	這個地區歷來颱風很多,所以居民都很有防颱經驗。	This area has always had many typhoons, so residents have plenty of typhoon-proofing experience.
3165	漫畫家	他是漫畫家。	He is a manga artist.
3166	漫畫家	這位漫畫家畫了十年,作品被翻譯成好幾種語言。	This cartoonist has drawn for ten years and his works have been translated into several languages.
3167	町	我們去西門町。	We're going to Ximending.
3168	町	週末的西門町擠滿了年輕人,到處都是電影院和小吃店。	On weekends Ximending is packed with young people, and cinemas and snack shops are everywhere.
3169	空前	人數空前多。	The turnout is unprecedented.
3170	空前	這場演唱會的熱烈程度空前,門票一小時內就被搶購一空。	The enthusiasm for this concert was unprecedented, with tickets sold out within an hour.
3171	置於	請置於冰箱中。	Please put it in the fridge.
3172	置於	本產品開封後須置於冷藏,並在三天內食用完畢。	After opening, this product must be refrigerated and eaten within three days.
3173	蛋白	我只吃蛋白。	I only eat egg whites.
3174	蛋白	做蛋糕的時候要把蛋白和蛋黃分開,蛋白打到起泡才可以加糖。	When making cake, separate the whites from the yolks, and whip the whites until frothy before adding sugar.
3175	貫穿	這條路貫穿全市。	This road runs through the whole city.
3176	貫穿	整本小說都貫穿著一個主題,就是家人之間的愛。	A single theme runs through the whole novel: love among family members.
3177	選用	我選用了這個牌子。	I chose this brand.
3178	選用	廚師特別選用本地的新鮮食材,希望客人能嘗到最道地的味道。	The chef specially selected local fresh ingredients, hoping guests taste the most authentic flavor.
3179	預報	氣象預報說會下雨。	The weather forecast says it will rain.
3180	預報	根據預報,明天北部有大雨,出門記得帶傘。	According to the forecast, there'll be heavy rain in the north tomorrow, so take an umbrella.
3181	人情味	這裡很有人情味。	This place has a lot of human warmth.
3182	人情味	小鎮的人情味很濃,鄰居常常端自己煮的菜過來分享。	The small town is full of warmth; neighbors often bring dishes they cooked to share.
3183	悠遊卡	我的悠遊卡沒錢了。	My EasyCard has run out of money.
3184	悠遊卡	悠遊卡不只可以搭車,也可以在超商買東西,非常方便。	An EasyCard can be used not only for transit but also to buy things at convenience stores.
3185	禮拜天	禮拜天我休息。	I rest on Sunday.
3186	禮拜天	禮拜天早上我們全家都去市場買菜,然後在家煮火鍋。	On Sunday morning our whole family goes to market for groceries and then has hot pot at home.
3187	鉛筆	我需要一支鉛筆。	I need a pencil.
3188	鉛筆	考試的時候要用二B鉛筆畫答案卡,不能用原子筆。	In exams, use a 2B pencil to fill the answer card, not a ballpoint pen.
3189	付錢	我來付錢。	I'll pay.
3190	付錢	吃完飯大家搶著付錢,最後決定輪流請客。	After the meal everyone fought to pay and finally decided to treat in turns.
3191	嗎	你吃飽了嗎？	Have you had enough to eat?
3192	嗎	明天真的會下雨嗎？那我得帶傘出門。	Is it really going to rain tomorrow? Then I'd better take an umbrella.
3193	裡	包包裡有一把傘。	There's an umbrella in the bag.
3194	裡	冰箱裡還有半顆西瓜，你要不要吃？	There's still half a watermelon in the fridge. Do you want some?
3195	事	我有一件事想問你。	There's something I want to ask you.
3196	事	這件事別跟我媽說，不然她會擔心。	Don't tell my mom about this, or she'll worry.
3197	如	如圖所示，銷售量逐年增加。	As shown in the chart, sales are rising year by year.
3198	如	水果如芭樂、香蕉和蘋果，我媽每天都會買。	My mom buys fruit every day, such as guava, bananas and apples.
3199	對於	對於這件事，我沒意見。	I have no opinion about this matter.
3200	對於	對於剛搬來的住戶，鄰居們都很熱情。	The neighbors are very warm toward the newly moved-in residents.
3201	事件	這是一起意外事件。	This was an accidental incident.
3202	事件	警方正在調查昨晚發生的事件，目前沒有人受傷。	Police are investigating last night's incident; no one has been hurt so far.
3203	稱	這件外套跟你很相稱。	This jacket suits you very well.
3204	稱	新來的店長處事穩重，大家都說他很稱職。	The new store manager is steady and capable; everyone says he's well suited to the job.
3205	哪	這麼晚了，哪有店還開著啊？	It's so late; how could any shop still be open?
3206	哪	你喜歡哪一種口味的冰淇淋？	Which flavor of ice cream do you like?
3207	美	這裡的風景真美。	The scenery here is really beautiful.
3208	美	這張照片拍得很美，我想拿去印出來。	This photo came out beautifully; I want to get it printed.
3209	啦	我到啦！	I'm here!
3210	啦	好啦好啦，我等一下就去洗碗，你別唸了。	Okay, okay, I'll do the dishes in a bit, so stop nagging.
3211	經驗	她有五年工作經驗。	She has five years of work experience.
3212	經驗	這是我第一次出國，沒什麼經驗，請多指教。	This is my first time abroad and I don't have much experience, so please bear with me.
3213	名字	你的名字怎麼寫？	How do you write your name?
3214	名字	我家的狗名字叫小白，每次聽到就會搖尾巴。	Our dog's name is Xiaobai, and he wags his tail every time he hears it.
3215	曾經	我曾經住過台中。	I once lived in Taichung.
3216	曾經	他曾經夢想當太空人，現在是一名工程師。	He once dreamed of being an astronaut and is now an engineer.
3217	至少	至少要睡七個小時。	You should sleep at least seven hours.
3218	至少	這件外套至少要三千塊，我想等打折再買。	This jacket costs at least 3,000 dollars; I'll wait for a sale.
3219	今日	今日天氣晴朗。	The weather is clear today.
3220	今日	今日起，本店全面提供電子發票，歡迎多加利用。	Starting today, this store issues e-receipts for everything; please make use of them.
3221	年輕	她看起來很年輕。	She looks very young.
3222	年輕	年輕的時候多嘗試，不要怕失敗。	When you're young, try more things and don't be afraid of failing.
3223	管	你別管我的事。	Mind your own business.
3224	管	我媽管得很嚴，每天晚上十點就要我睡覺。	My mom is very strict; she makes me go to bed at ten every night.
3225	頭	我頭有點痛。	My head hurts a bit.
3226	頭	這件事我從頭到尾都不知道。	I knew nothing about this from start to finish.
3227	卷	我不想卷入這場爭吵。	I don't want to get dragged into this argument.
3228	卷	颱風席卷南部，許多地方停水停電。	The typhoon swept across the south, cutting water and power in many places.
3229	感受	你有什麼感受？	How do you feel about it?
3230	感受	第一次一個人去旅行，我深深感受到了自由的滋味。	Traveling alone for the first time, I truly felt the taste of freedom.
3231	為何	為何你這麼晚才回來？	Why did you come back so late?
3232	為何	公告中並未說明為何要取消這次活動。	The notice doesn't explain why this event is being canceled.
3233	變得	天氣變得很冷。	The weather has turned very cold.
3234	變得	自從養了貓，他的生活變得更有趣了。	Since getting a cat, his life has become more fun.
3235	不知	他不知去了哪裡。	He went off to who knows where.
3236	不知	他不知從哪裡聽來的消息，一直問我是不是真的。	Not knowing where he heard the news, he kept asking me whether it was true.
3237	完美	這個計畫很完美。	This plan is perfect.
3238	完美	演唱會順利結束，整場表演幾乎完美。	The concert ended smoothly, and the whole performance was nearly perfect.
3239	推	請用力推門。	Please push the door hard.
3240	推	他把購物車推到結帳櫃檯。	He pushed the shopping cart to the checkout counter.
3241	短	這條褲子太短了。	These pants are too short.
3242	短	這部影片很短，只有三分鐘，你看一下就好。	This video is short, only three minutes; just take a look.
3243	非法	這是非法的。	This is illegal.
3244	非法	警方破獲了一個非法賭博網站，抓到十幾個人。	Police busted an illegal gambling website and arrested a dozen or so people.
3245	到處	到處都是人。	There are people everywhere.
3246	到處	我在房間到處找，都找不到耳機。	I looked all over the room and couldn't find my earphones.
3247	婚姻	他們的婚姻很幸福。	Their marriage is very happy.
3248	婚姻	婚姻需要雙方互相尊重，也需要不斷溝通。	A marriage needs mutual respect from both sides and constant communication.
3249	播放	電視正在播放新聞。	The TV is playing the news.
3250	播放	影片播放到一半就卡住了，可能是網路不太穩。	The video froze halfway through playing; maybe the connection is unstable.
3251	球	小朋友在玩球。	The kids are playing with a ball.
3252	球	週末我們約了朋友去打球，打完再去吃冰。	This weekend we're meeting friends to play ball, then going for shaved ice.
3253	藏	他把錢藏起來了。	He hid the money.
3254	藏	我小時候喜歡玩捉迷藏，總是藏在衣櫃裡。	As a kid I loved playing hide-and-seek and always hid in the wardrobe.
3255	隨時	有事請隨時找我。	Contact me any time if you need anything.
3256	隨時	你有問題的話，隨時都可以傳訊息給我。	If you have questions, you can message me any time.
3257	充分	你要充分休息。	You should get plenty of rest.
3258	充分	出發前請充分準備，免得到時候手忙腳亂。	Prepare well before you set out so you aren't flustered later.
3259	姑娘	那個小姑娘在唱歌。	That little girl is singing.
3260	姑娘	故事裡的姑娘很善良，常常幫助村裡的老人。	The girl in the story is kind and often helps the old folks in the village.
3261	探索	孩子喜歡探索世界。	Kids love exploring the world.
3262	探索	這座洞穴很深，只有專業的團隊才能進去探索。	This cave is deep and only professional teams can go in to explore it.
3263	獨特	這家店的味道很獨特。	This shop's flavor is very distinctive.
3264	獨特	這條老街有獨特的氣氛，每年吸引許多外國遊客。	This old street has a distinctive atmosphere that draws many foreign tourists each year.
3265	見面	我們明天見面吧。	Let's meet tomorrow.
3266	見面	好久不見，我們找個時間見面吃頓飯吧。	Long time no see; let's find a time to meet for a meal.
3267	預期	成績比預期好。	The grades were better than expected.
3268	預期	今年的銷售量超出預期，老闆決定發獎金給大家。	This year's sales exceeded expectations, so the boss decided to give everyone a bonus.
3269	修	腳踏車壞了，要修。	The bike is broken and needs repair.
3270	修	我的手機螢幕摔裂了，要送去修才行。	My phone screen cracked; I have to send it in for repair.
3271	吸收	海綿會吸收水。	Sponges absorb water.
3272	吸收	新人剛進公司時，要盡快吸收各種新知識。	When new hires join, they should absorb all kinds of new knowledge quickly.
3273	寶寶	寶寶在笑。	The baby is laughing.
3274	寶寶	寶寶最近開始學走路，我們都緊張地跟在後面。	The baby recently started to learn to walk, and we all nervously follow behind.
3275	成人	成人票比較貴。	Adult tickets cost more.
3276	成人	成人和兒童的票價不一樣，購票時請先確認。	Adult and child ticket prices differ, so please check when buying.
3277	架	牆上有一個書架。	There's a bookshelf on the wall.
3278	架	窗外飛過一架直升機，聲音大得讓人嚇一跳。	A helicopter flew past the window, so loud it made me jump.
3279	病人	病人在休息。	The patient is resting.
3280	病人	診所裡有很多病人，我等了快一個小時才輪到。	There were many patients at the clinic, and I waited nearly an hour for my turn.
3281	舉	請舉手發問。	Please raise your hand to ask a question.
3282	舉	老師舉了幾個例子，讓大家更容易理解。	The teacher gave several examples to make it easier for everyone to understand.
3283	辭職	他決定辭職了。	He decided to resign.
3284	辭職	我老闆最近很苛刻，我已經在考慮要不要辭職。	My boss has been harsh lately, and I'm already thinking about whether to quit.
3285	一會兒	我休息一會兒就好。	I'll be fine after resting a moment.
3286	一會兒	你先坐一會兒，我去倒杯水給你。	Sit for a moment first; I'll get you a glass of water.
3287	刑事	這是刑事案件。	This is a criminal case.
3288	刑事	警方已將這起案件列為刑事案件，並展開調查。	The police have classified this as a criminal case and opened an investigation.
3289	大獎	他中了大獎。	He won the grand prize.
3290	大獎	這本小說得了文學大獎，作者在頒獎典禮上激動落淚。	This novel won a major literary prize, and the author wept with emotion at the ceremony.
3291	怎	你怎麼不吃飯？	Why aren't you eating?
3292	怎	怎樣才能把中文學好？我每天都在想這個問題。	How can I learn Chinese well? I think about this every day.
3293	有機	我買有機蔬菜。	I buy organic vegetables.
3294	有機	這家農場種的有機蔬菜不噴農藥，所以價格比較貴。	The organic vegetables grown on this farm use no pesticides, so they cost more.
3295	獸	森林裡有野獸。	There are wild beasts in the forest.
3296	獸	動物園的獸醫每天都要檢查動物的健康狀況。	The zoo's vet checks the animals' health every day.
3297	組建	他們組建了新團隊。	They formed a new team.
3298	組建	公司決定組建一支專案小組，專門處理這次的合作。	The company decided to set up a project team dedicated to this partnership.
3299	講述	她講述了自己的故事。	She told her own story.
3300	講述	這本書講述一位老人和大海的故事，很感動人。	This book tells the story of an old man and the sea, and it's very moving.
3301	願望	我有一個願望。	I have a wish.
3302	願望	過年時我許了一個願望，希望家人平安健康。	At New Year I made a wish that my family would be safe and healthy.
3303	假期	假期很快就結束了。	The vacation ended quickly.
3304	假期	三天的假期很短，我們只能選近一點的地方旅行。	A three-day vacation is short, so we can only travel somewhere nearby.
3305	合約	我簽了一份合約。	I signed a contract.
3306	合約	簽合約之前，請務必把每一條都看清楚。	Before signing the contract, be sure to read every clause carefully.
3307	好玩	這個遊戲很好玩。	This game is fun.
3308	好玩	昨天的露營真好玩，小孩們都玩得捨不得回家。	Yesterday's camping was so fun that the kids didn't want to go home.
3309	引擎	這輛車的引擎很安靜。	This car's engine is quiet.
3310	引擎	搜尋引擎可以幫你找到網路上的各種資料。	A search engine can help you find all kinds of information online.
3311	擊敗	我們擊敗了對手。	We defeated our opponent.
3312	擊敗	這支新球隊在決賽中擊敗了去年的冠軍。	This new team beat last year's champion in the finals.
3313	殖民地	台灣曾是殖民地。	Taiwan was once a colony.
3314	殖民地	歷史老師說，許多國家曾是歐洲國家的殖民地。	The history teacher said many countries were once colonies of European nations.
3315	熱門	這是熱門景點。	This is a popular attraction.
3316	熱門	最近這部影集很熱門，每個人都在討論。	This series is hot lately and everyone is talking about it.
3317	瞬間	瞬間，天就黑了。	In an instant, the sky went dark.
3318	瞬間	聽到好消息的瞬間，她高興得跳了起來。	The instant she heard the good news, she jumped for joy.
3319	老百姓	老百姓只想過安穩的日子。	Ordinary people only want a peaceful life.
3320	老百姓	物價上漲，老百姓的生活壓力也越來越大。	With prices rising, ordinary people's financial pressure keeps growing.
3321	賈	這條老街過去商賈雲集，非常熱鬧。	This old street used to be crowded with merchants and was very lively.
3322	開通	高速公路新路段開通了。	The new section of the freeway has opened.
3323	開通	新的免費網路今天開通，市民都可以使用。	The new free Wi-Fi network went live today and all residents can use it.
3324	一一	他把東西一一擺好。	He arranged the things one by one.
3325	一一	老師一一檢查大家的作業，沒寫完的要留下來補。	The teacher checks everyone's homework one by one, and whoever hasn't finished stays to catch up.
3326	價錢	這個價錢可以嗎？	Is this price okay?
3327	價錢	價錢太貴的話，我可能會再考慮一下。	If the price is too high, I may think about it again.
3328	名譽	名譽很重要。	Reputation is important.
3329	名譽	律師說他的名譽受到損害，所以決定提告。	The lawyer said his reputation was damaged, so he decided to sue.
3330	娃娃	她抱著一個娃娃。	She is hugging a doll.
3331	娃娃	小時候我最喜歡抱著娃娃睡覺，現在還留著。	As a child I loved sleeping with a doll, and I still have it.
3332	彙	我想多學一點詞彙。	I want to learn more vocabulary.
3333	彙	這本字典收錄了上萬個詞彙，包括很多日常用語。	This dictionary contains over ten thousand words, including many everyday expressions.
3334	撰寫	他在撰寫報告。	He's writing a report.
3335	撰寫	她利用晚上的時間撰寫論文，常常寫到半夜。	She uses her evenings to write her thesis, often until midnight.
3336	標語	牆上貼著標語。	A slogan is posted on the wall.
3337	標語	校園裡到處都是環保標語，提醒大家少用一次性餐具。	The campus is covered in eco slogans reminding everyone to use less disposable tableware.
3338	牛奶	我每天喝牛奶。	I drink milk every day.
3339	牛奶	冰箱裡的牛奶快過期了，早餐可以拿來煮燕麥粥。	The milk in the fridge is about to expire; use it for oatmeal at breakfast.
3340	籌備	婚禮還在籌備中。	The wedding is still in preparation.
3341	籌備	同學會的籌備工作從三個月前就開始了。	Preparations for the class reunion began three months ago.
3342	藉	宴會後，桌上杯盤狼藉。	After the banquet, the table was a mess of dishes.
3343	藉	他的名聲狼藉，沒有人想和他合作。	His reputation is in tatters and nobody wants to work with him.
3344	運轉	機器正在運轉。	The machine is running.
3345	運轉	冷氣二十四小時運轉，所以這個月的電費特別高。	The AC ran twenty-four hours, so this month's power bill is especially high.
3346	一員	她是團隊的一員。	She is a member of the team.
3347	一員	我很榮幸能成為這個大家庭的一員。	I'm honored to become a member of this big family.
3348	便於	設計便於攜帶。	The design is easy to carry.
3349	便於	這個背包有很多隔層，便於整理小東西。	This backpack has many compartments, making it easy to organize small items.
3350	判	法官判他無罪。	The judge found him not guilty.
3351	判	老師很難判斷這兩份作業誰抄誰，只好請兩人都重寫。	The teacher couldn't judge who copied whom in the two assignments and had both redo them.
3352	向上	請向上看。	Please look up.
3353	向上	他一直努力向上，希望有一天能當上主管。	He keeps striving upward, hoping to become a manager someday.
3354	奴	他不想當金錢的奴隸。	He doesn't want to be a slave to money.
3355	奴	古代的奴隸沒有自由，只能聽主人的命令。	Slaves in ancient times had no freedom and could only follow their masters' orders.
3356	帽子	他戴著帽子。	He's wearing a hat.
3357	帽子	太陽太大了，出門記得戴帽子。	The sun is too strong; remember to wear a hat when you go out.
3358	扶	我扶阿嬤過馬路。	I helped Grandma cross the road.
3359	扶	搭手扶梯時請扶好扶手，注意安全。	When riding the escalator, hold the handrail and mind your safety.
3360	料理	我學做日本料理。	I'm learning to cook Japanese cuisine.
3361	料理	她週末喜歡在家料理，嘗試不同國家的菜。	On weekends she likes to cook at home, trying dishes from different countries.
3362	止	下了三天的雨終於止住了。	The three days of rain finally stopped.
3363	止	活動到十二月底截止，過期不受理。	The event ends at the end of December; late entries won't be accepted.
3364	潛艇	潛艇在海底。	The submarine is on the seabed.
3365	潛艇	新聞報導，海軍的新潛艇下個月將正式下水。	The news says the navy's new submarine will be launched next month.
3366	直屬	他是我的直屬主管。	He is my direct supervisor.
3367	直屬	這個單位直屬市政府，負責管理全市的公園。	This unit reports directly to the city government and manages the city's parks.
3368	膨脹	氣球會膨脹。	Balloons expand.
3369	膨脹	通貨膨脹讓物價一直上漲，大家的薪水卻沒什麼變。	Inflation keeps pushing prices up while salaries barely change.
3370	語文	我喜歡語文課。	I like language arts class.
3371	語文	語文能力是各科學習的基礎，所以要多閱讀。	Language skills are the foundation for every subject, so read more.
3372	選拔	學校要選拔代表。	The school will select representatives.
3373	選拔	這次選拔很嚴格，只有十個人能進入國家代表隊。	This selection is strict; only ten people can make the national team.
3374	雄	這隻獅子是雄的。	This lion is male.
3375	雄	這座山脈氣勢雄偉，每年吸引許多登山客。	This mountain range is majestic and draws many climbers every year.
3376	下雨	外面下雨了。	It's raining outside.
3377	下雨	下雨天路滑，騎機車要特別小心。	Roads are slippery when it rains, so be extra careful on a scooter.
3378	兌	我想兌換一些日圓。	I'd like to exchange some yen.
3379	兌	銀行櫃檯可以兌換外幣，不過要帶護照。	The bank counter can exchange foreign currency, but bring your passport.
3380	卡通	小孩愛看卡通。	Kids love watching cartoons.
3381	卡通	這部卡通我從小看到大，每個角色我都記得。	I've watched this cartoon since I was little and remember every character.
3382	多半	他多半在家。	He's mostly at home.
3383	多半	週末我多半窩在家看影集，很少出門。	On weekends I mostly stay home watching series and rarely go out.
3384	少將	他是一位少將。	He is a major general.
3385	少將	這位少將在軍中服務超過三十年，剛剛退休。	This major general served over thirty years in the military and has just retired.
3386	念頭	我有一個念頭。	I have an idea.
3387	念頭	他突然冒出一個念頭，想去環島旅行。	A thought suddenly popped into his head to travel around the island.
3388	擊中	球擊中了窗戶。	The ball hit the window.
3389	擊中	他投的球正好擊中了標靶中心。	The ball he threw hit the center of the target.
3390	案子	這個案子很複雜。	This case is complicated.
3391	案子	我手上有三個案子要處理，這個星期都得加班。	I have three cases to handle and must work overtime all week.
3392	減肥	我正在減肥。	I'm on a diet.
3393	減肥	她為了減肥，每天晚上都到公園快走一小時。	To lose weight, she power-walks in the park for an hour every night.
3394	發音	你的發音很標準。	Your pronunciation is very standard.
3395	發音	中文的發音很難，尤其是聲調，要多練習。	Chinese pronunciation is hard, especially the tones, so practice a lot.
3396	綠化	我們要綠化校園。	We want to green the campus.
3397	綠化	市政府推動街道綠化，種了很多樹和花。	The city government promotes street greening, planting many trees and flowers.
3398	術語	這是專業術語。	This is a technical term.
3399	術語	醫生用了太多術語，我完全聽不懂他在說什麼。	The doctor used so much jargon that I couldn't understand what he was saying.
3400	轎車	他開轎車上班。	He drives a sedan to work.
3401	轎車	這輛轎車的後座很寬敞，坐起來很舒服。	This sedan's back seat is roomy and comfortable.
3402	集團軍	新聞報導中國有多個集團軍參加了這次軍事演習。	News reports said several army groups took part in this military exercise.
3403	三角	請畫一個三角形。	Please draw a triangle.
3404	三角	課本裡介紹了三角函數的公式。	The textbook introduces formulas for trigonometric functions.
3405	佈雷	軍艦在海上佈雷。	The warship is laying mines at sea.
3406	佈雷	戰爭期間，敵軍在港口外佈雷，船隻無法進出。	During the war, the enemy laid mines outside the port so ships couldn't come or go.
3407	公開信	他寫了一封公開信。	He wrote an open letter.
3408	公開信	學生們在網路上發表公開信，要求學校改善宿舍設施。	Students published an open letter online asking the school to improve dorm facilities.
3409	反共	他在歷史課談反共。	He talked about anti-communism in history class.
3410	反共	戒嚴時期，政府曾大力宣傳反共，口號貼滿街頭。	During martial law the government heavily promoted anti-communism, with slogans plastered everywhere.
3411	國安	這是國安問題。	This is a national security issue.
3412	國安	新聞指出，這起案件可能涉及國安，檢調單位已介入調查。	News says this case may involve national security, and prosecutors and investigators have stepped in.
3413	契機	這是個好契機。	This is a good opportunity.
3414	契機	這次的失敗，成為他重新思考人生的契機。	This failure became the turning point for him to rethink his life.
3415	就是說	也就是說，你不去了？	In other words, you're not going?
3416	就是說	也就是說，這個月的預算只剩一半，我們得省點花。	In other words, only half of this month's budget is left, so we must economize.
3417	快要	天快要黑了。	It's about to get dark.
3418	快要	比賽快要結束了，現場的觀眾都站了起來。	The game is almost over, and the audience all stood up.
3419	拳頭	他握緊拳頭。	He clenched his fist.
3420	拳頭	小孩氣得握緊拳頭，卻一句話也不說。	The child was so angry he clenched his fists but said nothing.
3421	效能	電腦效能很好。	The computer performs well.
3422	效能	新手機的效能比舊款提升了很多，打遊戲也不會卡頓。	The new phone's performance is much better than the old model, with no lag in games.
3423	桶	桶子裡有水。	There's water in the bucket.
3424	桶	垃圾桶滿了，記得拿去倒，不然會有味道。	The trash can is full; remember to empty it or it'll smell.
3425	況且	路太遠了，況且天也快黑了。	It's too far, and besides, it's getting dark.
3426	況且	這家餐廳不貴，況且服務也很好，下次我們還要再來。	This restaurant isn't expensive and the service is good too, so we'll come again.
3427	營地	我們到營地了。	We've reached the campsite.
3428	營地	營地裡有廁所和淋浴間，很適合第一次露營的人。	The campsite has toilets and showers, so it's great for first-time campers.
3429	相愛	他們彼此相愛。	They love each other.
3430	相愛	兩個人相愛，不一定就能長久，還需要互相理解。	Two people loving each other doesn't guarantee lasting; they need mutual understanding too.
3431	糖尿病	爺爺有糖尿病。	Grandpa has diabetes.
3432	糖尿病	得了糖尿病要控制飲食，也要定期測血糖。	With diabetes you must control your diet and test blood sugar regularly.
3433	自慰	他只能用這個想法來自慰。	He could only console himself with that thought.
3434	自慰	他用「至少我盡力了」來自慰，心情才好一點。	He consoled himself with "at least I did my best" and felt a bit better.
3435	記述	書中記述了他的旅程。	The book recounts his journey.
3436	記述	這本日記詳細記述了她在國外留學的每一天。	This diary records in detail every day of her study abroad.
3437	返	他明天返回台灣。	He returns to Taiwan tomorrow.
3438	返	過年時，許多人返鄉團圓，高速公路總是大塞車。	At New Year many people return home for reunions, and the freeways always jam.
3439	陽臺	陽臺上有盆栽。	There are potted plants on the balcony.
3440	陽臺	我喜歡在陽臺喝咖啡，看著樓下的人來人往。	I like drinking coffee on the balcony, watching people pass below.
3441	高低	這兩棟樓高低不同。	These two buildings differ in height.
3442	高低	這首歌的高低音變化很大，唱起來很有挑戰。	This song has big shifts between high and low notes and is a challenge to sing.
3443	圍巾	這條圍巾很暖和。	This scarf is warm.
3444	圍巾	阿嬤親手織了一條圍巾送我，我每天都圍著它。	Grandma knitted me a scarf by hand, and I wear it every day.
3445	桌	桌上有一本書。	There's a book on the table.
3446	桌	他們訂了十桌，請了親戚朋友來吃喜酒。	They booked ten tables and invited relatives and friends to the wedding banquet.
3447	要不	要不我們去看電影？	How about we go see a movie?
3448	要不	要不你先回去休息，剩下的我來處理就好。	Why don't you go home and rest, and I'll handle the rest?
3449	一場	昨晚下了一場大雨。	There was a heavy rain last night.
3450	一場	我們昨天看了一場電影，散場後還在討論劇情。	We saw a movie yesterday and kept discussing the plot afterward.
3451	伯母	伯母好。	Hello, auntie.
3452	伯母	伯母煮的菜很好吃，我每次去她家都吃很多。	Auntie's cooking is delicious, and I eat a lot whenever I visit her home.
3453	國家	台灣是一個很美的國家。	Taiwan is a beautiful country.
3454	國家	這位老師去過很多個國家教書。	This teacher has taught in many countries.
3455	再	請再說一次。	Please say it once more.
3456	再	明天再說吧，我現在好累。	Let's talk about it tomorrow, I'm so tired now.
3457	網站	這個網站很好用。	This website is very easy to use.
3458	網站	你可以上公司網站查詢最新的活動資訊。	You can check the latest event info on the company website.
3459	一種	這是一種台灣水果。	This is a kind of Taiwanese fruit.
3460	一種	珍珠奶茶是一種源自台灣的飲料，現在全世界都喝得到。	Bubble tea is a drink that originated in Taiwan and is now available worldwide.
3461	繼續	請繼續說下去。	Please go on.
3462	繼續	雖然很累，他還是繼續跑完了全程馬拉松。	Though exhausted, he kept going and finished the full marathon.
3463	提出	他提出了一個好建議。	He put forward a good suggestion.
3464	提出	同事在會議上提出了新的計畫，老闆聽了很有興趣。	A coworker proposed a new plan in the meeting, and the boss was interested.
3465	仍	他仍在公司加班。	He is still working overtime at the office.
3466	仍	即使過了這麼多年，她仍然記得第一次見面的情景。	Even after so many years, she still remembers their first meeting.
3467	拿	幫我拿一下包包。	Hold my bag for a moment, please.
3468	拿	出門前記得拿鑰匙和錢包，不要又忘了喔。	Remember to take your keys and wallet before you go out. Don't forget again!
3469	颱	這個週末有颱風要來。	A typhoon is coming this weekend.
3470	颱	颱風天停班停課，大家都待在家裡看電視。	On typhoon days work and school are canceled, so everyone stays home watching TV.
3471	是不是	你是不是感冒了？	Have you caught a cold?
3472	是不是	這家店是不是搬走了？我怎麼找不到。	Has this shop moved? I can't find it anywhere.
3473	交易	這筆交易很順利。	The deal went smoothly.
3474	交易	網路購物要選擇安全的交易方式，才不會被騙。	When shopping online, pick a safe way to pay so you won't get scammed.
3475	平臺	這個平臺可以線上看影片。	You can watch videos online on this platform.
3476	平臺	月臺旁邊有一個平臺，很多人在那裡拍照。	Next to the station platform is a terrace where many people take photos.
3477	看見	我看見一隻貓在屋頂上。	I saw a cat on the roof.
3478	看見	昨天在路上看見老同學，我們聊了好一陣子。	I ran into an old classmate on the street yesterday and we chatted for a while.
3479	長期	他長期失眠。	He has long-term insomnia.
3480	長期	這是一份長期的合約，所以價格可以再談。	This is a long-term contract, so the price is negotiable.
3481	及其	公司及其員工都很重視環保。	The company and its employees all value environmental protection.
3482	及其	這份報告介紹了台灣的茶葉及其出口情況。	This report introduces Taiwan's tea and its exports.
3483	檢查	醫生幫我檢查身體。	The doctor gave me a checkup.
3484	檢查	出門前請再檢查一次門窗有沒有關好。	Before leaving, please check once more that the doors and windows are closed.
3485	速度	這輛車的速度很快。	This car is very fast.
3486	速度	網路速度太慢了，下載一部影片要等半個小時。	The internet is so slow that downloading a video takes half an hour.
3487	偉大	這是一個偉大的發明。	This is a great invention.
3488	偉大	媽媽獨自把我們養大，我覺得她是最偉大的人。	Mom raised us all by herself, and I think she's the greatest person.
3489	學會	我終於學會騎腳踏車了。	I finally learned to ride a bike.
3490	學會	她花了三個月才學會做蛋糕，現在常常做給朋友吃。	It took her three months to learn to bake cakes, and now she often makes them for friends.
3491	明確	請給我一個明確的答案。	Please give me a definite answer.
3492	明確	合約上必須明確寫出付款日期和金額。	The contract must clearly state the payment date and amount.
3493	統治	這個國家被外族統治了很久。	This country was ruled by a foreign people for a long time.
3494	統治	歷史課上，老師講到了清朝統治台灣的時期。	In history class, the teacher talked about the period of Qing rule over Taiwan.
3495	那種	我不喜歡那種顏色。	I don't like that kind of color.
3496	那種	那種老式的冰店現在越來越少了，我很懷念。	Old-fashioned ice shops like that are getting rarer, and I miss them.
3497	動作	她的動作很優美。	Her movements are very graceful.
3498	動作	教練示範了一次動作，要我們照著慢慢做。	The coach demonstrated the movement once and told us to follow it slowly.
3499	平等	人人生而平等。	All people are born equal.
3500	平等	無論性別或年齡，每個人都應該享有平等的工作機會。	Regardless of gender or age, everyone should have equal job opportunities.
3501	槍	小朋友愛玩水槍。	Kids love playing with water guns.
3502	槍	警察拿著槍，小心地走進昏暗的巷子。	The police officer cautiously entered the dim alley with a gun in hand.
3503	自我	請先做個自我介紹。	Please give a self-introduction first.
3504	自我	面試的時候，要清楚地表達自我，不要太緊張。	In an interview, express yourself clearly and don't be too nervous.
3505	中間	我坐在中間。	I sit in the middle.
3506	中間	公園中間有一個小池塘，旁邊有很多人在餵魚。	In the middle of the park is a small pond, with many people feeding the fish beside it.
3507	周圍	周圍很安靜。	It's very quiet around here.
3508	周圍	我家周圍有公園和市場，生活機能很好。	There are a park and a market around my home, so it's very convenient.
3509	年齡	她的年齡不大。	She's not very old.
3510	年齡	這個遊樂園的門票價格依年齡而不同。	Tickets for this amusement park vary in price by age.
3511	林	這座山上有一大片森林。	There is a large forest on this mountain.
3512	林	我們在樹林裡走了一個小時，才找到那條小溪。	We walked in the woods for an hour before finding that stream.
3513	立刻	我立刻過去。	I'll come over right away.
3514	立刻	聽到消息後，他立刻放下手邊的工作趕回家。	On hearing the news, he immediately dropped his work and rushed home.
3515	警告	我警告你別再來了。	I'm warning you not to come again.
3516	警告	氣象局發出豪雨警告，請民眾避免前往山區。	The weather bureau issued a heavy rain warning, urging people to avoid mountain areas.
3517	一面	她一面走路一面吃早餐。	She eats breakfast while walking.
3518	一面	他一面看電視，一面摺衣服，兩件事同時完成。	He folds clothes while watching TV, getting both done at once.
3519	可憐	那隻小狗好可憐。	That puppy is so pitiful.
3520	可憐	看到流浪貓在雨中發抖，路人覺得牠很可憐，便帶牠回家。	Seeing the stray cat shivering in the rain, a passerby felt sorry for it and took it home.
3521	得以	大家的努力讓計畫得以順利完成。	Everyone's effort allowed the plan to be completed smoothly.
3522	得以	多虧鄰居幫忙，我們家才得以在雨季前修好屋頂。	Thanks to the neighbors' help, we were able to fix the roof before the rainy season.
3523	歐	一歐元大約換三十多塊台幣。	One euro is worth about thirty-some NT dollars.
3524	歐	他存了一些歐元，打算暑假去歐洲玩。	He saved some euros and plans to travel to Europe this summer.
3525	等級	這是最高等級。	This is the highest grade.
3526	等級	遊戲裡的等級越高，能使用的技能就越多。	The higher your level in the game, the more skills you can use.
3527	質	這個產品的質感很好。	This product has a great texture.
3528	質	水果的品質好壞，要看它的本質和保存方式。	The quality of fruit depends on its nature and how it is stored.
3529	不幸	他不幸生病了。	Unfortunately he fell ill.
3530	不幸	這起意外不幸造成兩人受傷，幸好都不嚴重。	The accident unfortunately injured two people, but luckily not seriously.
3531	刀	這把刀很利。	This knife is very sharp.
3532	刀	切水果時要小心用刀，不要切到手指。	Be careful with the knife when cutting fruit so you don't cut your fingers.
3533	基層	她從基層做起。	She started at the bottom.
3534	基層	基層員工的意見，常常是改善公司制度最寶貴的參考。	Frontline employees' feedback is often the most valuable input for improving company systems.
3535	平民	這個節目訪問了很多平民。	This program interviewed many ordinary people.
3536	平民	戰爭中受傷最重的往往是平民，而不是士兵。	In wars, civilians, rather than soldiers, are often hurt the most.
3537	搬	我們下個月要搬家。	We're moving next month.
3538	搬	你幫我搬一下這個箱子，它真的很重。	Help me move this box. It's really heavy.
3539	波	一波冷氣團來了。	A cold front is coming.
3540	波	第二波疫苗預約下週開始，請大家記得上網登記。	The second wave of vaccine appointments starts next week. Remember to register online.
3541	突出	他的表現很突出。	His performance is outstanding.
3542	突出	牆上突出一根釘子，經過時請小心。	A nail sticks out of the wall, so be careful when passing.
3543	許可	沒有許可不能進入。	You can't enter without permission.
3544	許可	施工單位已取得許可，下週就可以動工。	The construction team has obtained a permit and can begin next week.
3545	邪惡	電影裡的巫師很邪惡。	The wizard in the movie is very wicked.
3546	邪惡	童話故事裡，邪惡的皇后總是會被正義的力量打敗。	In fairy tales, the wicked queen is always defeated by the force of justice.
3547	傳奇	他是個傳奇人物。	He is a legendary figure.
3548	傳奇	這位老闆從夜市小攤做到上市公司，故事真是傳奇。	This boss went from a night market stall to a listed company. What a legendary story.
3549	命名	這種花以發現者命名。	This flower is named after its discoverer.
3550	命名	這座山是以山形像一隻鳥而命名的，當地人都這麼叫。	This mountain was named for its bird-like shape, and locals all call it that.
3551	工作人員	工作人員正在準備。	The staff are getting ready.
3552	工作人員	活動現場有工作人員引導觀眾入座，大家都很有秩序。	Staff at the venue guided the audience to their seats, and everyone was orderly.
3553	旁	車子停在路旁。	The car is parked by the roadside.
3554	旁	他站在旁邊看了很久，才鼓起勇氣上前搭話。	He stood to the side watching for a long time before getting the courage to talk.
3555	火箭	火箭飛上太空了。	The rocket flew into space.
3556	火箭	弟弟的房間裡有一個火箭模型，是他自己組裝的。	My brother's room has a rocket model that he assembled himself.
3557	筆	我需要一支筆。	I need a pen.
3558	筆	他的字寫得很漂亮，尤其是用毛筆寫的時候。	His handwriting is beautiful, especially when written with a brush.
3559	親愛	親愛的媽媽，母親節快樂！	Dear Mom, Happy Mother's Day!
3560	親愛	親愛的同學們，畢業之後我們一定要常常聯絡。	Dear classmates, after graduation we must keep in touch.
3561	銀	這個戒指是銀做的。	This ring is made of silver.
3562	銀	我把發薪日領到的錢，一半存進銀行，一半留著零用。	I put half of my payday money into the bank and keep half for spending.
3563	予以	對此事將予以處理。	This matter will be dealt with.
3564	予以	凡違反規定者，一律予以警告，累犯者則停權處理。	Anyone breaking the rules will be warned, and repeat offenders will be suspended.
3565	力度	他的力度很大。	His force is great.
3566	力度	政府加大宣導力度，希望民眾能少用一次性餐具。	The government is stepping up its promotion efforts so people use less disposable tableware.
3567	報警	他立刻報警。	He called the police immediately.
3568	報警	發現有人闖進家裡時，要先躲起來，再悄悄報警。	When you find someone has broken into your home, hide first and then quietly call the police.
3569	席	我們坐在前排的座席。	We sat in the front-row seats.
3570	席	朋友結婚請客，一共擺了二十席，場面非常熱鬧。	My friend's wedding banquet had twenty tables, and it was very lively.
3571	招聘	公司正在招聘新人。	The company is recruiting new staff.
3572	招聘	這家店在門口貼出招聘啟事，徵求有經驗的店員。	The shop put up a recruitment notice at the door seeking experienced clerks.
3573	東南	風從東南方吹來。	The wind blows from the southeast.
3574	東南	東南亞的天氣終年炎熱，所以很多人喜歡去那裡度假。	Southeast Asia is hot all year, so many people like to vacation there.
3575	激發	音樂能激發靈感。	Music can spark inspiration.
3576	激發	老師用有趣的問題激發學生的好奇心，大家都搶著舉手回答。	The teacher sparked students' curiosity with interesting questions, and everyone rushed to raise their hands.
3577	皇后	皇后戴著皇冠。	The queen wears a crown.
3578	皇后	故事裡的皇后非常善良，總是幫助貧窮的人民。	The queen in the story is very kind and always helps poor people.
3579	練習	我天天練習鋼琴。	I practice the piano every day.
3580	練習	要說好一種語言，就要常常練習，不要怕說錯。	To speak a language well, practice often and don't be afraid of mistakes.
3581	視覺	這幅畫的視覺效果很強。	This painting has a strong visual effect.
3582	視覺	設計師很重視視覺上的平衡，連字體大小都再三調整。	The designer cares about visual balance and adjusts even font sizes again and again.
3583	違背	這違背了我的原則。	This goes against my principles.
3584	違背	他違背了自己的承諾，讓大家對他失去了信任。	He broke his promise, and everyone lost trust in him.
3585	餵	我餵貓吃飯。	I feed the cat.
3586	餵	媽媽一口一口餵寶寶吃粥，寶寶吃得很開心。	Mom fed the baby porridge spoonful by spoonful, and the baby ate happily.
3587	仿佛	仿佛回到了小時候。	It felt as if I were a child again.
3588	仿佛	聽著老歌，仿佛又看見那年夏天一起騎車的朋友。	Listening to the old song, it was as if I saw the friends I cycled with that summer.
3589	勁	他今天特別有勁。	He is full of energy today.
3590	勁	小朋友們玩得起勁，連天黑了都不想回家。	The kids were so into playing that they didn't want to go home even when it got dark.
3591	基金會	這個基金會幫助兒童。	This foundation helps children.
3592	基金會	我朋友在一個環保基金會工作，常常帶志工去海邊淨灘。	My friend works for an environmental foundation and often takes volunteers to clean up beaches.
3593	崛起	新的品牌正在崛起。	A new brand is rising.
3594	崛起	近年來，台灣的獨立咖啡店迅速崛起，成為年輕人聚會的熱門地點。	In recent years independent cafés in Taiwan have risen quickly as popular hangouts for young people.
3595	拍照	這裡可以拍照嗎？	Can I take photos here?
3596	拍照	旅行時他最愛拍照，手機裡存了幾千張風景照。	He loves taking photos when traveling, with thousands of landscape shots on his phone.
3597	曼	她的舞姿很曼妙。	Her dancing is graceful.
3598	曼	夕陽下，這座橋顯得曼妙動人，讓路過的人都忍不住停下來拍照。	Under the sunset the bridge looks enchanting, and passersby can't help stopping to take photos.
3599	演唱	她在舞台上演唱。	She sings on stage.
3600	演唱	歌手在演唱會上演唱了新專輯的主打歌，觀眾都跟著唱。	At the concert, the singer performed the new album's lead single and the audience sang along.
3601	硃	這塊硃砂是中藥材。	This piece of cinnabar is a Chinese medicinal ingredient.
3602	硃	書法老師用硃砂墨批改我們的作業，紅紅的很清楚。	The calligraphy teacher marks our homework with cinnabar ink, clear in red.
3603	聲援	大家聲援這個運動。	Everyone supports this movement.
3604	聲援	許多學生走上街頭，聲援被解僱的老師。	Many students took to the streets in support of the dismissed teacher.
3605	賽事	這場賽事很精采。	This competition is exciting.
3606	賽事	這項國際賽事吸引了來自二十多個國家的選手參加。	This international event drew athletes from over twenty countries.
3607	霧	早上起了大霧。	There was heavy fog in the morning.
3608	霧	山上的霧很濃，開車要打開霧燈，放慢速度。	The mountain fog is thick, so turn on fog lights and slow down.
3609	丹	這是一顆仙丹。	This is an elixir pill.
3610	丹	花園裡的牡丹開得很漂亮，引來不少人駐足欣賞。	The peonies in the garden bloom beautifully and make many people stop to admire them.
3611	公尺	我家離學校五百公尺。	My home is five hundred meters from school.
3612	公尺	游泳池長五十公尺，他一口氣就游完了。	The pool is fifty meters long, and he swam it in one breath.
3613	又稱	台北又稱臺北。	Taipei is also written 臺北.
3614	又稱	珍珠奶茶又稱波霸奶茶，是台灣最具代表性的飲料之一。	Bubble tea is also called boba milk tea, one of Taiwan's most representative drinks.
3615	壓縮	請把檔案壓縮一下。	Please compress the file.
3616	壓縮	為了寄給客戶，我把照片壓縮成小檔案，才不會超出信箱限制。	To send to a client, I compressed the photos into small files to stay within the mailbox limit.
3617	小學生	小學生放學了。	The elementary students are out of school.
3618	小學生	放學時間，小學生們背著書包，在馬路邊排隊等導護媽媽帶他們過馬路。	At dismissal, schoolchildren with backpacks line up by the road for the crossing-guard mom to lead them across.
3619	愛好者	他是攝影愛好者。	He is a photography enthusiast.
3620	愛好者	登山愛好者週末都會到郊山健行，享受大自然。	Hiking enthusiasts go to nearby mountains on weekends to enjoy nature.
3621	操控	他用遙控器操控玩具車。	He steers the toy car with a remote.
3622	操控	這輛車的操控性很好，轉彎時非常穩定。	This car handles very well and is very stable when turning.
3623	杜	我們要杜絕浪費。	We must put an end to waste.
3624	杜	為了杜絕詐騙，銀行加強了提款的身分驗證。	To prevent fraud, banks strengthened identity verification for withdrawals.
3625	海報	牆上貼著一張海報。	A poster is stuck on the wall.
3626	海報	電影的海報設計得很吸引人，讓人忍不住想去看。	The movie poster is so appealing that it makes you want to see it.
3627	理智	我要保持理智。	I need to stay rational.
3628	理智	雖然很生氣，他還是理智地先冷靜下來，再跟對方談。	Though angry, he rationally calmed down first before talking to the other person.
3629	精華	這篇文章的精華在最後一段。	The essence of this article is in the last paragraph.
3630	精華	這本書把整個故事的精華濃縮成一百頁，讀起來很輕鬆。	This book condenses the story's essence into a hundred pages, making it easy to read.
3631	處處	處處都有驚喜。	There are surprises everywhere.
3632	處處	這座老城處處都是古蹟，隨便走走就能遇見一座百年老廟。	This old town is full of historical sites, and a stroll will bring you to a century-old temple.
3633	贊助	這家公司贊助比賽。	This company sponsors the competition.
3634	贊助	運動會的獎品是由當地商家贊助的，大家都很感謝。	The sports day prizes were sponsored by local businesses, and everyone is grateful.
3635	釦	襯衫掉了一顆釦子。	The shirt lost a button.
3636	釦	外套的釦子是金屬的，扣起來很有質感。	The jacket's buttons are metal and look high quality when fastened.
3637	頒	市長頒獎給得獎者。	The mayor presents awards to winners.
3638	頒	學校在畢業典禮上頒發獎狀，表揚成績優秀的學生。	The school presented certificates at graduation to honor outstanding students.
3639	交叉	兩條路在這裡交叉。	The two roads cross here.
3640	交叉	過馬路時，不要把雙手交叉在胸前，要看清楚來車。	When crossing the road, don't cross your arms; watch the oncoming traffic.
3641	典範	她是我們的典範。	She is our role model.
3642	典範	這位老師用一輩子的教學，成為許多後輩學習的典範。	This teacher's lifetime of teaching made her a model for many younger educators.
3643	右手	請舉起右手。	Please raise your right hand.
3644	右手	他的右手受傷了，所以最近都用左手拿筷子吃飯。	His right hand is injured, so he's been using chopsticks with his left lately.
3645	大體	大體上我同意你的看法。	Generally speaking I agree with your view.
3646	大體	計畫的大體方向已經確定，細節還要再討論。	The general direction of the plan is set, but details need more discussion.
3647	山地	這裡是山地。	This is a mountainous area.
3648	山地	山地的路很陡，騎機車要特別小心轉彎。	Mountain roads are steep, so be careful at turns on a scooter.
3649	悲慘	他的遭遇很悲慘。	His experience is miserable.
3650	悲慘	電影描述戰爭時期人民悲慘的生活，看了讓人眼眶泛紅。	The movie depicts people's miserable lives during war and brings tears to your eyes.
3651	改組	公司要改組。	The company will be reorganized.
3652	改組	新董事長上任後，決定改組管理團隊，引進更多年輕人才。	After the new chairman took office, he decided to reshuffle management and bring in more young talent.
3653	樓梯	我走樓梯上樓。	I take the stairs up.
3654	樓梯	這棟老公寓沒有電梯，每天爬樓梯，腳都變得很有力。	This old apartment has no elevator, and climbing stairs daily made my legs strong.
3655	漢奸	抗戰時期，投靠敵人的人被罵作漢奸。	During the war of resistance, those who sided with the enemy were denounced as traitors.
3656	漢奸	歷史小說裡的漢奸常常被描寫成貪生怕死、出賣同胞的人。	In historical novels, traitors are often depicted as cowards who betray fellow countrymen.
3657	直線	兩點之間，直線最短。	A straight line is the shortest between two points.
3658	直線	老師在黑板上畫了一條直線，要我們找出它的長度。	The teacher drew a straight line on the board and had us find its length.
3659	繪	她喜歡繪畫。	She likes painting.
3660	繪	這位插畫家用細膩的筆法，繪出了一幅幅充滿童趣的故事畫。	This illustrator drew story pictures full of childlike charm with delicate strokes.
3661	視角	從不同的視角看事情。	Look at things from a different angle.
3662	視角	這張照片是從高處拍攝的，視角很特別，把整座城市都拍進去了。	This photo was taken from a height with a unique viewpoint capturing the whole city.
3663	通行	這條路禁止通行。	This road is closed to traffic.
3664	通行	持有通行證的人才可以進入，其他人請走旁邊的入口。	Only those with a pass may go through, and others please use the side entrance.
3665	集成	這是集成電路。	This is an integrated circuit.
3666	集成	手機裡有一塊集成晶片，負責處理所有的運算和通訊。	A phone has an integrated chip that handles all computing and communication.
3667	上報	這件事要上報主管。	This must be reported to the supervisor.
3668	上報	他的善行被記者發現後上報，成為社區的佳話。	His good deed was noticed by a reporter and made the news, becoming a local story.
3669	位居	這家公司位居業界第一。	This company ranks first in its industry.
3670	位居	台灣的半導體產值位居世界前列，是經濟的重要支柱。	Taiwan's semiconductor output ranks among the world's top, a pillar of the economy.
3671	兔子	公園裡有一隻兔子。	There's a rabbit in the park.
3672	兔子	我朋友養了一隻白色兔子，每天都要給牠吃新鮮的青菜。	My friend keeps a white rabbit and feeds it fresh vegetables daily.
3673	區劃	縣市有明確的區劃。	Counties and cities have clear divisions.
3674	區劃	政府重新區劃了行政範圍，部分鄉鎮因此合併。	The government redrew administrative boundaries, and some townships merged.
3675	啟	請啟動電腦。	Please start the computer.
3676	啟	新店今天正式開幕啟用，歡迎大家光臨。	The new shop officially opens today. Everyone is welcome.
3677	大神	他是我們公司的程式大神。	He's our company's coding guru.
3678	大神	遊戲大神示範了高手的打法，網友紛紛按讚。	The gaming guru showed an expert's play style, and netizens liked it.
3679	害羞	她很害羞。	She's very shy.
3680	害羞	小女孩害羞地躲在媽媽身後，不敢跟陌生人打招呼。	The little girl shyly hid behind her mom and didn't dare greet strangers.
3681	張開	請張開嘴巴。	Please open your mouth.
3682	張開	小鳥張開翅膀，從樹上飛了起來，消失在藍天裡。	The little bird spread its wings, flew from the tree, and vanished into the blue sky.
3683	打印	我把合約打印出來。	I printed out the contract.
3684	打印	大陸的同事把文件打印好，寄快遞給我簽名。	My colleague in mainland China printed the document and couriered it to me to sign.
3685	撈	用網子撈魚。	Scoop fish with a net.
3686	撈	他用長桿把掉進水溝的球撈了起來。	He fished the ball out of the drain with a long pole.
3687	會同	由兩個單位會同處理。	Handled jointly by the two units.
3688	會同	警方會同消防局到現場勘查，確認火災的原因。	The police, together with the fire bureau, inspected the scene to determine the cause of the fire.
3689	歷時	整個工程歷時三年。	The whole project took three years.
3690	歷時	這部紀錄片歷時五年拍攝，記錄了農村的四季變化。	This documentary took five years to film, recording the seasonal changes of the countryside.
3691	為啥	你為啥不去？	Why aren't you going?
3692	為啥	為啥這麼晚才回來？手機也打不通，大家都很擔心。	Why did you come back so late? Your phone was unreachable and everyone was worried.
3693	發給	學校發給每個學生一本手冊。	The school issued a handbook to every student.
3694	發給	公司按月發給員工薪水，年底還會另外發給年終獎金。	The company pays salary monthly and also issues a year-end bonus.
3695	第一步	這是第一步。	This is the first step.
3696	第一步	學好一種語言的第一步，就是每天花一點時間聽和說。	The first step to mastering a language is spending a little time each day listening and speaking.
3697	老爸	我老爸很愛釣魚。	My dad loves fishing.
3698	老爸	老爸每天下班後都會陪我打球，雖然他自己也很累。	Dad plays ball with me after work every day, even though he's tired himself.
3699	裙子	她穿了一條紅裙子。	She wore a red skirt.
3700	裙子	這條裙子太長了，我想拿去改短一點再穿。	This skirt is too long, so I want to have it shortened before wearing.
3701	贈送	店家贈送小禮物。	The shop gives away small gifts.
3702	贈送	開幕當天，凡購買商品都贈送一杯免費飲料，吸引了不少人排隊。	On opening day, any purchase came with a free drink, drawing a long line.
3703	里程	這輛車的里程數不高。	This car has low mileage.
3704	里程	搭飛機可以累積里程，之後兌換免費機票。	Flying earns mileage you can later redeem for free tickets.
3705	顛覆	這個發明顛覆了傳統。	This invention overturned tradition.
3706	顛覆	智慧型手機的出現，徹底顛覆了人們的生活方式。	The arrival of smartphones completely overturned people's way of life.
3707	傳統市場	我媽喜歡逛傳統市場。	My mom likes browsing traditional markets.
3708	傳統市場	傳統市場的菜比超市便宜，而且攤販還會多送一把蔥。	Vegetables at the traditional market are cheaper than at supermarkets, and vendors even throw in extra scallions.
3709	招呼	他跟我打招呼。	He greeted me.
3710	招呼	老闆娘很熱情，一看到客人進門就趕緊上前招呼。	The proprietress is warm and quickly steps up to greet customers as they come in.
3711	等不及	我等不及要放假了。	I can't wait for the vacation.
3712	等不及	他等不及打開禮物，一回到家就拆開包裝紙。	He couldn't wait to open the gift and tore the wrapping as soon as he got home.
3713	開心得不得了	看到你我開心得不得了。	I'm overjoyed to see you.
3714	開心得不得了	孩子拿到新玩具，開心得不得了，一整天都抱著不放。	The child was overjoyed with the new toy and held it all day.
3715	拜拜	拜拜，明天見！	Bye-bye, see you tomorrow!
3716	拜拜	每個月初一十五，阿嬤都會準備水果去廟裡拜拜。	On the first and fifteenth of each month, Grandma takes fruit to the temple to pray.
3717	會	他會說三種語言。	He can speak three languages.
3718	會	明天可能會下雨,出門記得帶傘。	It might rain tomorrow, so remember to bring an umbrella.
3719	里	我家住在這個里。	My home is in this neighborhood (li).
3720	里	里長今天在活動中心辦了一場說明會。	The borough warden held an information session at the community center today.
3721	以及	我買了蘋果以及香蕉。	I bought apples and bananas.
3722	以及	會議將討論預算、人事以及明年的行銷計畫。	The meeting will discuss the budget, personnel and next year's marketing plan.
3723	希望	我希望明天放晴。	I hope it clears up tomorrow.
3724	希望	我們都希望這次的考試能順利通過。	We all hope to pass this exam smoothly.
3725	建立	我們要建立信任。	We need to build trust.
3726	建立	這個學期,老師希望大家能建立良好的閱讀習慣。	This semester, the teacher hopes everyone will build good reading habits.
3727	人口	這個城市人口很多。	This city has a large population.
3728	人口	台灣的人口老化問題越來越受到大家重視。	Taiwan's aging population is getting more and more attention.
3729	網	漁夫正在海邊收網。	The fisherman is pulling in his net by the sea.
3730	網	蜘蛛在陽台角落結了一張大網,我媽拿掃把把它掃掉了。	A spider spun a big web in the corner of the balcony, and my mom swept it away with a broom.
3731	回	我下午就回家。	I'll go home this afternoon.
3732	回	你回去的時候,記得順便幫我買杯飲料。	On your way back, remember to pick up a drink for me.
3733	能力	她的能力很強。	She's very capable.
3734	能力	這份工作需要能同時處理很多事情的能力。	This job requires the ability to handle many things at once.
3735	均	全班均已繳交。	The whole class has handed it in.
3736	均	本店商品均提供七天鑑賞期,歡迎安心選購。	All items here come with a seven-day trial period, so shop with confidence.
3737	老師	老師走進教室了。	The teacher walked into the classroom.
3738	老師	我們的國文老師上課很幽默,同學都很喜歡他。	Our Chinese teacher is funny in class, and everyone likes him.
3739	哦	哦,我知道了。	Oh, I see.
3740	哦	你說他明天要來啊?哦,那我先把房間整理一下。	You say he's coming tomorrow? Oh, then I'll tidy up the room first.
3741	最終	最終他還是答應了。	In the end, he agreed.
3742	最終	經過三天的討論,大家最終決定把旅行改到下個月。	After three days of discussion, everyone finally decided to push the trip to next month.
3743	若	若有問題,請來電。	If you have questions, please call.
3744	若	若明天下大雨,活動將延期舉行,詳情請看公告。	If it rains heavily tomorrow, the event will be postponed; see the notice for details.
3745	件	我買了一件外套。	I bought a jacket.
3746	件	這件事我會處理,你不用擔心。	I'll handle this matter, so don't worry.
3747	廣告	這個廣告很有趣。	This commercial is really funny.
3748	廣告	我在看影片時,常常要等廣告播完才能繼續。	When I watch videos, I often have to wait for the ad to finish.
3749	組	我們分成三組。	We split into three groups.
3750	組	老師把全班分成五組,每組要上台報告一次。	The teacher divided the class into five groups, and each group presents once.
3751	首先	首先要洗手。	First, wash your hands.
3752	首先	首先,謝謝大家今天抽空來參加這場說明會。	First of all, thank you all for making time to join this briefing.
3753	取消	我想取消訂位。	I'd like to cancel my reservation.
3754	取消	因為颱風,今天晚上的演唱會臨時取消,主辦單位會退票。	The concert tonight was suddenly canceled due to the typhoon, and the organizer will refund tickets.
3755	成績	他的成績很好。	His grades are very good.
3756	成績	下週就要公布期末成績了,同學們都很緊張。	Final grades will be announced next week, and the students are all nervous.
3757	爭取	我要爭取機會。	I want to fight for the chance.
3758	爭取	員工們正在向公司爭取更多的休假日。	The employees are pushing the company for more days off.
3759	認真	他學習很認真。	He studies seriously.
3760	認真	老闆說這件事很重要,要我們認真看待。	The boss said this matter is important and wants us to take it seriously.
3761	一句	他只說了一句話。	He said only one sentence.
3762	一句	她只說了一句「辛苦了」,我心裡就覺得很溫暖。	She said just one line, "You've worked hard," and it warmed my heart.
3763	好好	你好好休息吧。	Get a good rest.
3764	好好	這件事我們坐下來好好談,不要急著吵架。	Let's sit down and talk this through properly instead of rushing into a fight.
3765	抗議	學生們在抗議。	The students are protesting.
3766	抗議	居民不滿工廠的噪音,上街抗議要求改善。	Residents, unhappy with the factory noise, took to the streets demanding improvement.
3767	發動	他發動了車子。	He started the car.
3768	發動	公司發動所有同事,一起幫忙搬到新辦公室。	The company rallied all the coworkers to help move into the new office.
3769	預測	氣象局預測明天會下雨。	The weather bureau predicts rain tomorrow.
3770	預測	專家預測今年的颱風數量會比往年多,民眾要提早準備。	Experts predict more typhoons than usual this year, so people should prepare early.
3771	前進	我們繼續前進。	Let's keep moving forward.
3772	前進	隊伍沿著山路一步一步前進,天黑前終於到了山屋。	The group advanced step by step along the mountain trail and reached the hut before dark.
3773	完善	這家醫院設備很完善。	This hospital is well equipped.
3774	完善	這座新圖書館的設施很完善,還有親子閱讀區和自習室。	The new library has comprehensive facilities, including a kids' reading area and study rooms.
3775	收費	這裡停車要收費。	You have to pay for parking here.
3776	收費	這間補習班收費合理,而且老師教得很清楚。	This cram school charges reasonable fees, and the teachers explain clearly.
3777	生存	沒有水就無法生存。	Without water, there's no survival.
3778	生存	在大城市裡生存不容易,房租和物價都越來越高。	Surviving in a big city isn't easy, with rent and prices rising.
3779	街道	街道很乾淨。	The streets are very clean.
3780	街道	下過雨的街道上,到處都是路燈的倒影。	On the rain-washed streets, there were reflections of streetlights everywhere.
3781	電力	這裡的電力不穩。	The power supply is unstable here.
3782	電力	颱風過後,許多地區的電力還沒有恢復。	After the typhoon, power hasn't been restored in many areas.
3783	公	這裡是公家的場地。	This is a public venue.
3784	公	公私要分明,不能把公司的資源拿來做私事。	Keep public and private separate; don't use company resources for personal matters.
3785	學科	你喜歡哪個學科?	Which subject do you like?
3786	學科	這所大學的學科很齊全,從文學到工程都有。	This university offers a full range of subjects, from literature to engineering.
3787	搜索	警察正在搜索。	The police are searching.
3788	搜索	你可以在手機上搜索附近的餐廳,再看看網友的評價。	You can search for nearby restaurants on your phone and read user reviews.
3789	現有	現有的座位不夠。	The existing seats aren't enough.
3790	現有	請先使用現有的資源,不要再另外採購新設備。	Please use the existing resources first and don't buy new equipment.
3791	藥	我要吃藥了。	It's time for me to take my medicine.
3792	藥	醫生開的藥一天吃三次,飯後再吃。	Take the medicine the doctor prescribed three times a day, after meals.
3793	隨便	隨便坐吧。	Sit anywhere.
3794	隨便	他回答得很隨便,一看就知道沒有認真準備。	He answered carelessly; it was clear he hadn't prepared seriously.
3795	個別	這只是個別的例子。	This is only an isolated example.
3796	個別	老師會針對個別學生的狀況,安排不同的輔導時間。	The teacher arranges different tutoring times according to each student's situation.
3797	各類	這裡有各類書籍。	There are all kinds of books here.
3798	各類	書展現場有各類書籍和文具,吸引了許多家長和學生。	The book fair has all kinds of books and stationery, drawing many parents and students.
3799	客觀	請你客觀一點。	Please be objective.
3800	客觀	新聞報導應該客觀,不能只講一方的說法。	News reports should be objective and not tell only one side.
3801	情感	他的情感很豐富。	He is very emotionally expressive.
3802	情感	這首歌充滿了真摯的情感,很多人聽了都忍不住掉淚。	This song is full of sincere emotion, and many can't help tearing up.
3803	最為	這是最為重要的事。	This is the most important thing.
3804	最為	在所有科目裡,數學對我來說最為困難。	Of all the subjects, math is the hardest for me.
3805	生氣	我媽生氣了。	My mom got angry.
3806	生氣	他每次被誤會都會生氣,但過一下子就沒事了。	He gets angry whenever he's misunderstood, but gets over it soon.
3807	脫離	他脫離了危險。	He is out of danger.
3808	脫離	經過一個星期的治療,病人終於脫離危險,可以轉到普通病房了。	After a week of treatment, the patient is finally out of danger and can move to a regular ward.
3809	輸出	這台印表機只能輸出黑白。	This printer can only output in black and white.
3810	輸出	台灣的半導體輸出到世界各地,對經濟非常重要。	Taiwan's semiconductors are exported worldwide, which is very important for the economy.
3811	顧客	顧客越來越多。	There are more and more customers.
3812	顧客	為了讓顧客滿意,這家店推出了免費的外送服務。	To satisfy customers, this shop launched a free delivery service.
3813	全新	這是全新的手機。	This is a brand-new phone.
3814	全新	我們搬進了全新的辦公室,空間比以前大很多。	We moved into a brand-new office with much more space than before.
3815	回顧	我們回顧一下今天。	Let's review today.
3816	回顧	年底的時候,我喜歡回顧這一年發生的事,然後寫下來。	At year's end, I like to look back on what happened and write it down.
3817	度過	我們度過了愉快的一天。	We spent a pleasant day.
3818	度過	她在鄉下的外婆家度過了一個很難忘的暑假。	She spent an unforgettable summer vacation at her grandma's house in the countryside.
3819	旅客	旅客請注意。	Attention, passengers.
3820	旅客	假日時,火車站總是擠滿了拿著行李的旅客。	On holidays the train station is always packed with travelers carrying luggage.
3821	災難	颱風帶來了災難。	The typhoon brought disaster.
3822	災難	這場水災對當地居民來說是一場嚴重的災難。	This flood was a serious disaster for the local residents.
3823	策劃	她負責策劃活動。	She is in charge of planning the event.
3824	策劃	這次校慶是由學生會一手策劃的,從節目到布置都很用心。	The school anniversary was planned entirely by the student council, thoughtfully from the shows to the decorations.
3825	訊	請你回我的訊息。	Please reply to my message.
3826	訊	網路上的資訊太多,不是每一則都值得相信。	There's too much information online, and not every piece deserves belief.
3827	鏈	腳踏車的鏈條掉了。	The bicycle chain came off.
3828	鏈	受到疫情影響,全球的供應鏈出現了問題。	Because of the pandemic, global supply chains ran into problems.
3829	交往	他們交往三年了。	They've been together for three years.
3830	交往	跟人交往時,誠實比什麼都重要。	In dealing with people, honesty matters more than anything.
3831	印	請在這裡蓋印。	Please stamp your seal here.
3832	印	我把報告印出來,等一下拿給老闆簽名。	I printed out the report to give to the boss for signing later.
3833	大力	政府大力推動綠能。	The government is vigorously promoting green energy.
3834	大力	市政府大力推廣垃圾分類,還送給大家環保袋。	The city government is strongly promoting waste sorting and even gives out eco bags.
3835	帶有	這首歌帶有懷舊的味道。	This song has a nostalgic feel.
3836	帶有	這道菜帶有淡淡的檸檬香,吃起來很清爽。	This dish has a light lemon scent and tastes refreshing.
3837	拿出	請拿出課本。	Please take out your textbook.
3838	拿出	他從口袋裡拿出一張皺巴巴的收據,交給櫃台小姐。	He took a crumpled receipt from his pocket and handed it to the cashier.
3839	果	樹上結滿了果子。	The tree is full of fruit.
3840	果	凡事有因就有果,你現在偷懶,以後就會後悔。	Everything has cause and effect; if you slack off now, you'll regret it later.
3841	演變	事情演變成這樣。	Things developed into this.
3842	演變	語言會隨著時間不斷演變,現在的用語跟五十年前已經不同了。	Language keeps evolving with time; today's expressions differ from fifty years ago.
3843	癌症	他得了癌症。	He has cancer.
3844	癌症	定期健康檢查可以幫助早期發現癌症,提高治療的機會。	Regular health checkups help detect cancer early and improve chances of treatment.
3845	絕望	他感到很絕望。	He feels desperate.
3846	絕望	找了三個月的工作都沒結果,他開始感到絕望。	After three months of job hunting with no result, he began to feel hopeless.
3847	街上	街上很多人。	There are many people on the street.
3848	街上	週末的晚上,街上到處都是逛街和吃宵夜的人。	On weekend nights, the streets are full of people shopping and eating late-night snacks.
3849	通道	這條通道通往地下室。	This passage leads to the basement.
3850	通道	請不要把行李放在通道上,以免擋住其他乘客。	Please don't leave luggage in the aisle, so you don't block other passengers.
3851	頻繁	他最近出差很頻繁。	He's been traveling for business frequently.
3852	頻繁	最近地震頻繁發生,大家要在家裡準備好緊急用品。	Earthquakes have been frequent lately, so keep emergency supplies ready at home.
3853	人心	人心很難懂。	People's hearts are hard to read.
3854	人心	這則新聞讓人心惶惶,大家都不敢隨便出門。	This news set people on edge, and nobody dared go out casually.
3855	前期	前期準備很重要。	Early preparation is important.
3856	前期	這個專案的前期規劃花了兩個月,後面進行得就很順利。	The early planning for this project took two months, so the rest went smoothly.
3857	在意	我不在意。	I don't mind.
3858	在意	他很在意別人怎麼看他,所以每次出門都要打扮很久。	He cares about how others see him, so he spends long getting dressed before going out.
3859	對面	他坐在我對面。	He sits across from me.
3860	對面	我家對面新開了一家早餐店,每天早上都有很多人排隊。	A new breakfast shop opened across from my home, with a line every morning.
3861	打倒	他一拳就把對手打倒了。	He knocked his opponent down with one punch.
3862	打倒	革命時期,群眾高喊著要打倒獨裁者。	During the revolution, crowds shouted to bring down the dictator.
3863	普	手機已經非常普及了。	Mobile phones are already very common.
3864	普	這項服務很普遍,大部分的人都用過。	This service is widespread; most people have used it.
3865	清洗	我在清洗杯子。	I'm washing the cups.
3866	清洗	這台冷氣的濾網要定期清洗,才不會有灰塵和異味。	The air conditioner's filter needs regular cleaning to avoid dust and odors.
3867	真人	這不是玩偶,是真人。	It's not a doll; it's a real person.
3868	真人	這個遊戲推出了真人版,演員的演技讓大家很驚喜。	The game got a live-action version, and the actors' performances surprised everyone.
3869	老頭	那個老頭很和藹。	That old man is kind.
3870	老頭	巷口住著一位老頭,每天都坐在樹下下棋。	An old man lives at the alley's end and plays chess under the tree every day.
3871	議	大家正在議論這件事。	Everyone is discussing this matter.
3872	議	他提議大家一起出錢,買個禮物送給老師。	He suggested everyone chip in to buy a gift for the teacher.
3873	隨機	請隨機選一個。	Please pick one at random.
3874	隨機	這個抽獎活動是隨機選出得獎者,每個人的機會都一樣。	This lottery picks winners at random, so everyone has the same chance.
3875	主場	我們在主場比賽。	We're playing at home.
3876	主場	這支球隊在主場很強,今年主場已經連贏十場了。	This team is strong at home, with ten straight home wins this year.
3877	全文	請閱讀全文。	Please read the full text.
3878	全文	這篇報導的全文很長,我只讀了前面的重點。	The full article is long, so I only read the key points at the start.
3879	原住民	他是原住民。	He is Indigenous.
3880	原住民	台灣有十幾個原住民族,每個族群都有自己的語言和文化。	Taiwan has over a dozen Indigenous peoples, each with its own language and culture.
3881	場地	場地已經訂好了。	The venue is booked.
3882	場地	我們租下社區的場地辦生日派對,可以容納三十個人。	We rented the neighborhood venue for a birthday party, which holds thirty people.
3883	小小	這是一個小小的禮物。	This is a small gift.
3884	小小	這個小小的錯誤,害我們整個專案晚了一天。	This tiny mistake delayed our whole project by a day.
3885	感激	我很感激你。	I'm very grateful to you.
3886	感激	在我最困難的時候,他伸出援手,我永遠感激他。	He helped me when things were hardest, and I'll always be grateful.
3887	擔當	他很有擔當。	He's responsible.
3888	擔當	好的主管遇到問題時,會勇敢擔當,而不是把責任推給別人。	A good manager takes responsibility when problems arise instead of blaming others.
3889	榮獲	這部電影榮獲最佳影片獎。	This film was honored with the Best Picture award.
3890	榮獲	這位老師榮獲傑出教學獎,同學們都為她高興。	This teacher won an outstanding teaching award, and her students are happy for her.
3891	深遠	影響很深遠。	The impact is far-reaching.
3892	深遠	這位老師的話對我產生了深遠的影響,直到現在我還記得。	This teacher's words had a lasting influence on me; I still remember them.
3893	用品	我去買日常用品。	I'm going to buy daily necessities.
3894	用品	開學前,爸媽帶我去文具店買了新的學習用品。	Before school started, my parents took me to buy new school supplies.
3895	總量	總量不夠。	The total amount isn't enough.
3896	總量	這個月的用電總量創下新高,電費帳單也跟著變貴。	This month's total electricity use hit a record high, and the bill went up too.
3897	規	學校有很多規定。	The school has many rules.
3898	規	我們正在規劃下個月的旅行路線。	We're planning next month's travel route.
3899	轉讓	我想轉讓房子。	I want to transfer my house.
3900	轉讓	這張演唱會的票我不能去了,想轉讓給有需要的人。	I can't go to this concert, so I want to pass the ticket on to someone who needs it.
3901	開辦	他們開辦了新課程。	They started a new course.
3902	開辦	市政府開辦免費的電腦課程,幫助長輩學習使用智慧型手機。	The city government started free computer classes to help seniors learn smartphones.
3903	麗	這裡的風景很美麗。	The scenery here is beautiful.
3904	麗	新開的飯店裝潢華麗,連大廳的燈都像藝術品。	The new hotel is splendidly decorated, even the lobby lights look like art.
3905	信譽	這家店信譽很好。	This shop has a great reputation.
3906	信譽	做生意最重要的是信譽,一旦失去了,就很難再賺回來。	Reputation matters most in business; once lost, it's hard to regain.
3907	割	小心別割到手。	Careful not to cut your hand.
3908	割	他用剪刀把包裝繩割斷,終於打開了那個箱子。	He cut the packing cord with scissors and finally opened the box.
3909	嚴密	警方嚴密監控。	The police are monitoring closely.
3910	嚴密	這次考試的防作弊措施很嚴密,每個人都要出示證件。	The anti-cheating measures for this exam are tight; everyone must show ID.
3911	孔	牆上有一個小孔。	There's a small hole in the wall.
3912	孔	這件襯衫被菸燙了一個孔,穿出去太明顯了。	This shirt got a cigarette burn hole, too noticeable to wear out.
3913	底層	他家住在大樓的底層。	His home is on the ground level of the building.
3914	底層	他從公司最底層做起,花了十年才升到主管。	He started at the company's lowest level and took ten years to become a manager.
3915	拋	他把球拋給我。	He tossed the ball to me.
3916	拋	她不想再煩惱了,決定把所有壞心情都拋到腦後。	She didn't want to worry anymore and decided to cast off all her bad mood.
3917	晚餐	晚餐吃什麼?	What's for dinner?
3918	晚餐	我媽今天煮了五道菜當晚餐,全家人吃得很滿足。	My mom cooked five dishes for dinner today, and the whole family was satisfied.
3919	氣息	這裡有春天的氣息。	There's a breath of spring here.
3920	氣息	一走進這條老街,就能感受到濃濃的懷舊氣息。	The moment you enter this old street, you feel a strong nostalgic atmosphere.
3921	狠狠	他狠狠瞪了我一眼。	He glared fiercely at me.
3922	狠狠	球被他狠狠踢向球門,守門員根本來不及反應。	He kicked the ball hard at the goal, and the keeper had no time to react.
3923	空襲	空襲警報響了。	The air raid siren sounded.
3924	空襲	二戰時期,許多城市遭到空襲,居民常常躲進防空洞。	In World War II, many cities suffered air raids, and residents often hid in shelters.
3925	航空公司	這家航空公司服務很好。	This airline has great service.
3926	航空公司	這家航空公司提供免費的託運行李,讓旅客可以多帶一些伴手禮。	This airline offers free checked baggage so travelers can bring more souvenirs.
3927	謂	所謂朋友,是患難見真情。	A true friend shows in hard times.
3928	謂	所謂「機會」,就是準備好的人才能抓住。	So-called "opportunity" can only be seized by those who are prepared.
3929	酷	他的外套好酷。	His jacket is so cool.
3930	酷	他戴著墨鏡騎著機車,看起來酷極了。	Wearing sunglasses on his scooter, he looks super cool.
3931	颳	外面颳大風。	It's very windy outside.
3932	颳	颱風天颳著強風,窗戶被吹得啪啪作響。	Strong wind blew on the typhoon day, rattling the windows.
3933	不服	我不服!	I don't accept it!
3934	不服	他對判決結果不服,決定向上級法院提出上訴。	He disagreed with the verdict and decided to appeal to a higher court.
3935	保護區	這是自然保護區。	This is a nature reserve.
3936	保護區	這座保護區裡有許多瀕臨絕種的動物,遊客不可以餵食。	This reserve has many endangered animals, and visitors must not feed them.
3937	出爐	麵包剛出爐。	The bread is fresh out of the oven.
3938	出爐	新的民調結果今天出爐,支持度比上週高出不少。	New poll results came out today, with support much higher than last week.
3939	口氣	他的口氣很差。	His tone is bad.
3940	口氣	老師的口氣很溫柔,學生聽了都感到放心。	The teacher's tone was gentle, which reassured the students.
3941	圖形	螢幕上有圖形。	There are graphics on the screen.
3942	圖形	這個軟體可以把數據轉換成圖形,讓報告更容易讀懂。	This software converts data into charts, making reports easier to understand.
3943	好笑	這個笑話好好笑。	This joke is so funny.
3944	好笑	他學老師說話的樣子太好笑了,全班都笑到肚子痛。	His impression of the teacher talking was so funny the whole class laughed until their stomachs hurt.
3945	尾巴	小狗搖著尾巴。	The puppy wags its tail.
3946	尾巴	我家貓咪最愛追著自己的尾巴轉圈圈。	My cat loves chasing its own tail in circles.
3947	急劇	氣溫急劇下降。	The temperature dropped sharply.
3948	急劇	受到寒流影響,今晚氣溫將急劇下降,請注意保暖。	Due to a cold wave, temperatures will plunge tonight, so keep warm.
3949	指揮部	指揮部設在市政府。	The command post is set up at city hall.
3950	指揮部	發生地震後,縣政府立刻成立救災指揮部,統一調度人力和物資。	After the earthquake, the county government set up a relief command center to coordinate manpower and supplies.
3951	救災	志工去救災。	Volunteers go for disaster relief.
3952	救災	地震發生後,軍人和志工第一時間就趕到現場救災。	After the earthquake, soldiers and volunteers rushed to the scene for relief right away.
3953	梨	我愛吃梨子。	I love eating pears.
3954	梨	這顆水梨又脆又甜,我媽說是中部的朋友寄來的。	This pear is crisp and sweet; my mom says a friend in central Taiwan sent it.
3955	泡沫	肥皂有很多泡沫。	Soap makes lots of foam.
3956	泡沫	她把牛奶打成泡沫,加在咖啡上,做成了一杯拿鐵。	She frothed the milk and added it to the coffee to make a latte.
3957	爭吵	他們在爭吵。	They're quarreling.
3958	爭吵	隔壁夫妻半夜又為了小事爭吵,吵得全棟樓都聽到了。	The couple next door argued over small things again at midnight, and the whole building heard.
3959	相等	這兩個數字相等。	These two numbers are equal.
3960	相等	兩個盒子的重量相等,所以天平保持平衡。	The two boxes weigh the same, so the scale stays balanced.
3961	紀念日	今天是我們的紀念日。	Today is our anniversary.
3962	紀念日	結婚紀念日那天,他訂了一間安靜的餐廳,給太太一個驚喜。	On their wedding anniversary he booked a quiet restaurant to surprise his wife.
3963	臀	久坐會讓臀部痠痛。	Sitting for long makes your buttocks sore.
3964	臀	做深蹲可以鍛鍊大腿和臀部的肌肉。	Squats train the thigh and buttock muscles.
3965	解說	導覽員正在解說。	The guide is explaining.
3966	解說	動物園的解說員用生動的語言解說每一種動物的生活習性。	The zoo's guide explains each animal's habits in vivid language.
3967	軍警	軍警正在巡邏。	Military and police are on patrol.
3968	軍警	地震發生後,軍警迅速出動,協助搜救受困的居民。	After the earthquake, soldiers and police moved fast to rescue trapped residents.
3969	闖入	小偷闖入了房子。	A thief broke into the house.
3970	闖入	昨晚有陌生人闖入社區,保全人員立刻報警處理。	A stranger intruded into the community last night, and security called the police at once.
3971	首府	那座城市是自治區的首府。	That city is the capital of the autonomous region.
3972	首府	地理課本提到,那個自治區的首府位於盆地中央,氣候相當乾燥。	The geography textbook says the region's capital sits in the middle of a basin with a dry climate.
3973	加班	我今天要加班。	I have to work overtime today.
3974	加班	專案快到期了,全組同事連續三天都加班到晚上九點。	The project deadline is near, and the whole team worked overtime until nine for three days.
3975	搶眼	她的紅衣服很搶眼。	Her red clothes are eye-catching.
3976	搶眼	這間咖啡廳的招牌設計得很搶眼,讓路人一眼就注意到。	This café's sign is eye-catching, so passersby notice it right away.
3977	繁體字	台灣用繁體字。	Taiwan uses traditional characters.
3978	繁體字	學中文時,他選擇學繁體字,因為他打算去台灣念書。	When learning Chinese, he chose traditional characters because he plans to study in Taiwan.
3979	餐	我一天吃三餐。	I eat three meals a day.
3980	餐	他為了減肥,把晚餐的份量減半,三餐都吃得很健康。	To lose weight, he halved his dinner portions and eats all three meals healthily.
3981	紅茶	我想喝紅茶。	I want to drink black tea.
3982	紅茶	這杯紅茶加了牛奶和一點糖,喝起來香香甜甜的。	This black tea has milk and a little sugar and tastes fragrant and sweet.
3983	能	我明天不能來。	I can't come tomorrow.
3984	能	這支手機能連續用兩天，電力很夠。	This phone can run two days straight; the battery is plenty.
3985	那	那是我的傘。	That's my umbrella.
3986	那	那家早餐店的蛋餅很好吃，你有空可以去試試。	The egg rolls at that breakfast shop are great; try them when you have time.
3987	生活	我喜歡這裡的生活。	I like life here.
3988	生活	剛搬來台北的時候，生活費比我想像的高很多。	When I first moved to Taipei, the cost of living was much higher than I'd imagined.
3989	錢	我身上沒帶錢。	I'm not carrying any money.
3990	錢	他每個月都會存一點錢，打算明年去日本玩。	He saves a bit of money each month, planning a trip to Japan next year.
3991	當時	當時我還在念書。	I was still in school then.
3992	當時	當時天氣很差，所以我們決定不上山了。	The weather was bad then, so we decided not to go up the mountain.
3993	應	你應該早點睡。	You should go to bed earlier.
3994	應	申請人應攜帶身分證正本，並於期限內完成繳費。	Applicants should bring their original ID card and pay within the deadline.
3995	主席	主席請大家安靜。	The chair asks everyone to quiet down.
3996	主席	主席宣布會議開始，並請各部門依序報告。	The chair declared the meeting open and asked each department to report in turn.
3997	成員	他是我們隊的成員。	He is a member of our team.
3998	成員	社團每個成員都要輪流負責活動的準備工作。	Every member of the club takes turns preparing for the events.
3999	開發	他們在開發新遊戲。	They're developing a new game.
4000	開發	公司花了兩年開發這款App，下個月終於要上線了。	The company spent two years developing this app, and it finally launches next month.
4001	採用	公司採用了你的建議。	The company adopted your suggestion.
4002	採用	這款手機採用新的晶片，速度比上一代快很多。	This phone uses a new chip and is much faster than the last generation.
4003	不想	本想低調，不想上了新聞。	I wanted to keep a low profile, but unexpectedly made the news.
4004	不想	原以為會下雨，不想竟是個大晴天。	I expected rain, but it turned out to be a bright sunny day.
4005	尤其	我愛吃水果，尤其是芒果。	I love fruit, especially mangoes.
4006	尤其	夏天尤其要注意補充水分，以免中暑。	In summer you especially need to stay hydrated to avoid heatstroke.
4007	產業	台灣的半導體產業很發達。	Taiwan's semiconductor industry is highly developed.
4008	產業	觀光產業受到疫情影響，不少民宿被迫暫停營業。	The tourism industry was hit by the pandemic, and many B&Bs had to suspend business.
4009	那樣	不要那樣說話。	Don't talk like that.
4010	那樣	我也想像你那樣，每天早起運動，可是真的好難。	I'd like to be like you too, exercising early every day, but it's really hard.
4011	協會	他加入了登山協會。	He joined the mountaineering association.
4012	協會	這個協會每年都會舉辦淨灘活動，歡迎民眾報名參加。	The association holds a beach cleanup every year, and the public is welcome to sign up.
4013	既	這家店既便宜又好吃。	This place is both cheap and tasty.
4014	既	他既要上班，又要照顧小孩，每天都很累。	He has to both work and look after the kids, so he's tired every day.
4015	越來越	天氣越來越熱了。	The weather is getting hotter and hotter.
4016	越來越	現在越來越多人用手機付錢，很少帶現金了。	More and more people pay with their phones now and rarely carry cash.
4017	來到	我們來到海邊。	We arrived at the seaside.
4018	來到	剛來到這個城市時，我連捷運都不太會搭。	When I first came to this city, I could barely ride the MRT.
4019	夢	我昨晚做了一個夢。	I had a dream last night.
4020	夢	我夢到自己在考試，可是一題都不會寫，嚇到醒來。	I dreamed I was in an exam and couldn't answer a single question, and woke up in fright.
4021	文	我的英文不太好。	My English isn't very good.
4022	文	他的文筆很好，寫的文章讀起來很舒服。	He writes well, and his articles are pleasant to read.
4023	移動	請幫我移動一下椅子。	Please move the chair for me.
4024	移動	火車還在移動，請先坐好，不要站起來走動。	The train is still moving; please stay seated and don't walk around.
4025	遇到	我在路上遇到老師。	I ran into my teacher on the street.
4026	遇到	如果遇到問題，不要自己硬撐，可以問問同事。	If you run into problems, don't struggle alone; ask your coworkers.
4027	出去	我出去一下。	I'm stepping out for a moment.
4028	出去	外面下大雨，你現在出去會淋濕的。	It's pouring outside; you'll get soaked if you go out now.
4029	展開	把地圖展開看看。	Unfold the map and take a look.
4030	展開	兩國代表明天將展開第一輪會談。	Delegates of the two countries will begin the first round of talks tomorrow.
4031	東北	風從東北吹來。	The wind blows from the northeast.
4032	東北	東北季風一來，基隆就常常下雨。	When the northeast monsoon arrives, it often rains in Keelung.
4033	緊張	我有點緊張。	I'm a bit nervous.
4034	緊張	上台報告之前，我緊張得手心都在冒汗。	Before presenting on stage, I was so nervous my palms were sweating.
4035	上市	新手機上市了。	The new phone is on the market.
4036	上市	這家公司預計明年在台灣上市，股價受到很多人關注。	This company is expected to go public in Taiwan next year, and its share price is drawing attention.
4037	可愛	你的狗好可愛。	Your dog is so cute.
4038	可愛	這個小女孩笑起來很可愛，大家都想捏捏她的臉。	This little girl is adorable when she smiles, and everyone wants to pinch her cheeks.
4039	差異	兩者差異不大。	The difference between the two is small.
4040	差異	南部和北部的飲食習慣有些差異，例如口味的甜淡。	Eating habits differ a bit between the south and north, such as how sweet the flavors are.
4041	會員	我是會員。	I'm a member.
4042	會員	成為會員之後，每次購物都可以累積點數。	Once you become a member, you earn points with every purchase.
4043	等待	請耐心等待。	Please wait patiently.
4044	等待	等待結果的那幾天，我緊張得睡不著。	In the days waiting for the results, I was too nervous to sleep.
4045	象	這隻象好大喔。	This elephant is so big!
4046	象	泰國的象會用鼻子噴水，小朋友看了都很開心。	Elephants in Thailand spray water with their trunks, and the kids were delighted.
4047	上傳	我要上傳照片。	I'm going to upload the photos.
4048	上傳	影片太大了，上傳花了快一個小時。	The video was so big that uploading took almost an hour.
4049	吃飯	我們去吃飯吧。	Let's go eat.
4050	吃飯	吃飯的時候不要一直看手機，對身體也不好。	Don't keep looking at your phone while eating; it's bad for you too.
4051	弟弟	我弟弟在念國中。	My younger brother is in junior high.
4052	弟弟	我弟弟最近迷上了打籃球，每天放學都待在球場。	My little brother is into basketball lately and stays on the court every day after school.
4053	樹	公園裡有很多樹。	There are many trees in the park.
4054	樹	這棵老樹已經在這裡站了一百年。	This old tree has stood here for a hundred years.
4055	禮物	這是送你的禮物。	This is a gift for you.
4056	禮物	她拆開禮物，發現是一條她一直想要的圍巾。	She unwrapped the gift and found a scarf she'd always wanted.
4057	象徵	鴿子象徵和平。	The dove symbolizes peace.
4058	象徵	紅色在農曆新年象徵好運，所以大家都包紅包。	Red symbolizes good luck at Lunar New Year, so everyone gives red envelopes.
4059	一周	這件事要一周才能完成。	This will take a week to finish.
4060	一周	我每天都運動，一周大約跑三次步。	I exercise every day and jog about three times a week.
4061	其餘	其餘的人先回家。	The rest of you go home first.
4062	其餘	第一名可以拿到獎金，其餘的人只有紀念品。	First place gets prize money; the rest only get souvenirs.
4063	商人	他是一位商人。	He is a businessman.
4064	商人	這位商人從小跟著爸爸做生意，經驗很豐富。	This merchant followed his father in business since childhood and has plenty of experience.
4065	居	一家人居住在高雄。	The family lives in Kaohsiung.
4066	抵達	我們抵達台北了。	We've arrived in Taipei.
4067	抵達	飛機預計下午三點抵達桃園機場。	The plane is expected to arrive at Taoyuan Airport at three p.m.
4068	民	市民都很關心這件事。	The citizens all care about this.
4069	民	村民們合力修好了被颱風吹壞的橋。	The villagers worked together to repair the bridge damaged by the typhoon.
4070	種子	把種子種在土裡。	Plant the seeds in the soil.
4071	種子	這些種子要先泡水一晚，才比較容易發芽。	These seeds should be soaked overnight so they sprout more easily.
4072	襬	裙襬太長了。	The hem is too long.
4073	襬	她提起裙襬，小心地走上樓梯。	She lifted her hem and carefully went up the stairs.
4074	部署	軍隊部署在邊境。	The troops are deployed at the border.
4075	部署	工程師今晚會把新版程式部署到伺服器上。	The engineer will deploy the new version of the program to the server tonight.
4076	人均	台灣的人均所得逐年增加。	Taiwan's per capita income rises year by year.
4077	人均	這個城市的人均用水量比去年少。	This city's per capita water use is lower than last year.
4078	包裝	包裝很漂亮。	The packaging is pretty.
4079	包裝	這家店的禮盒包裝很精緻，很適合送人。	This shop's gift boxes are exquisitely packaged, perfect for giving.
4080	學位	他拿到碩士學位了。	He earned his master's degree.
4081	學位	她在國外念了四年，拿到博士學位後才回台灣工作。	She studied abroad for four years and returned to work in Taiwan after earning her doctorate.
4082	投訴	客人向店家投訴。	The customer complained to the shop.
4083	投訴	鄰居因為噪音問題，向管理室投訴了好幾次。	Neighbors complained to the management office several times about the noise.
4084	毫米	螺絲的直徑是五毫米。	The screw's diameter is five millimeters.
4085	毫米	氣象局預報，明天山區的雨量可能超過兩百毫米。	The Weather Bureau forecasts over two hundred millimeters of rain in the mountains tomorrow.
4086	盤	桌上有一盤水果。	There's a plate of fruit on the table.
4087	盤	這家店的炒飯很大盤，兩個人吃剛剛好。	The fried rice here comes in big portions, just right for two.
4088	舉報	民眾可以舉報違規。	Citizens can report violations.
4089	舉報	如果發現有人亂倒垃圾，可以打電話向環保局舉報。	If you see someone dumping trash illegally, you can call the environmental bureau to report it.
4090	返回	請返回座位。	Please return to your seat.
4091	返回	登山客在天黑之前順利返回山下。	The hikers made it back down the mountain before dark.
4092	一行	代表團一行三十人。	The delegation numbers thirty people.
4093	一行	市長一行人今天參觀了新建的圖書館。	The mayor and his party visited the newly built library today.
4094	公式	數學公式很難背。	Math formulas are hard to memorize.
4095	公式	他把公式寫在黑板上，一步一步解釋給大家聽。	He wrote the formula on the board and explained it to everyone step by step.
4096	商務	他去商務出差。	He's on a business trip.
4097	商務	這家飯店設有商務中心，很適合出差的人。	This hotel has a business center, ideal for business travelers.
4098	寂寞	一個人很寂寞。	It's lonely being alone.
4099	寂寞	退休之後，爺爺有時候會覺得寂寞，所以常去公園找人下棋。	Since retiring, Grandpa sometimes feels lonely, so he often plays chess with people in the park.
4100	愈	天氣愈來愈冷。	It's getting colder and colder.
4101	愈	你愈解釋，大家愈覺得你心虛。	The more you explain, the more everyone thinks you're guilty.
4102	旗幟	旗幟在風中飄揚。	The flag flutters in the wind.
4103	旗幟	運動會上，每個班級都舉著自己設計的旗幟進場。	At the sports day each class marched in carrying a flag it designed.
4104	沒收	手機被老師沒收了。	My phone was confiscated by the teacher.
4105	沒收	海關沒收了他帶進來的違禁品。	Customs confiscated the contraband he brought in.
4106	特區	深圳是一個經濟特區。	Shenzhen is a special economic zone.
4107	特區	政府在這個特區提供稅收優惠，吸引外資進駐。	The government offers tax breaks in this zone to attract foreign investment.
4108	神聖	這是神聖的地方。	This is a sacred place.
4109	神聖	對他們來說，婚禮是一件神聖的事，所以準備得非常用心。	To them a wedding is sacred, so they prepared with great care.
4110	胸	他胸口很痛。	His chest hurts a lot.
4111	胸	醫生說胸口悶可能是心臟問題，最好趕快檢查。	The doctor says chest tightness could be a heart problem and should be checked soon.
4112	賭	我賭他今天會遲到。	I bet he'll be late today.
4113	賭	他賭輸了所有積蓄，現在才後悔。	He gambled away all his savings and regrets it only now.
4114	隊員	他是球隊的隊員。	He's a member of the team.
4115	隊員	比賽前，隊員們圍成一圈，互相打氣。	Before the game, the team members formed a circle and cheered each other on.
4116	上線	新功能上線了。	The new feature is live.
4117	上線	這個購物網站明天中午正式上線。	This shopping website goes live officially at noon tomorrow.
4118	公元	這是公元前的古物。	This is an antique from before the Common Era.
4119	公元	這座廟是公元一八〇〇年左右蓋的。	This temple was built around the year 1800 CE.
4120	啟用	新大樓啟用了。	The new building is in use.
4121	啟用	圖書館的新館下週一啟用，歡迎大家來參觀。	The library's new wing opens next Monday; everyone is welcome to visit.
4122	安置	先把孩子安置好。	Get the kids settled first.
4123	安置	政府把災民安置在學校的體育館，並提供食物和毯子。	The government housed the disaster victims in the school gym and provided food and blankets.
4124	徵收	政府要徵收這塊地來蓋道路。	The government will expropriate this land to build a road.
4125	徵收	這項新稅將從明年一月起徵收。	This new tax will be levied starting next January.
4126	收穫	今年收穫很多。	This year's harvest was plentiful.
4127	收穫	這次出差雖然累，但是收穫不少，認識了很多新朋友。	This business trip was tiring but rewarding, and I met many new friends.
4128	武士	武士手拿著刀。	The samurai holds a sword.
4129	武士	日本電影裡的武士，常常為了榮譽而戰。	Samurai in Japanese movies often fight for honor.
4130	理事	他是協會的理事。	He's a council member of the association.
4131	理事	理事會每季開一次會，討論社團的活動計畫。	The council meets once a quarter to discuss the club's activity plans.
4132	紀錄片	我愛看紀錄片。	I love watching documentaries.
4133	紀錄片	這部紀錄片拍的是台灣的海洋，畫面非常美。	This documentary is about Taiwan's oceans, and the visuals are gorgeous.
4134	製造業	台灣的製造業很發達。	Taiwan's manufacturing industry is well developed.
4135	製造業	不少製造業的工廠，目前都面臨缺工的問題。	Many manufacturing plants currently face labor shortages.
4136	重組	公司要重組。	The company will be restructured.
4137	重組	公司重組之後，原本的三個部門合併成了一個。	After the restructuring, the original three departments were merged into one.
4138	一手	他一手拿著傘。	He holds an umbrella in one hand.
4139	一手	這家店的料理全部是老闆一手包辦的。	All the dishes at this shop are handled single-handedly by the owner.
4140	信貸	他申請了信貸。	He applied for a personal loan.
4141	信貸	銀行最近調降信貸利率，吸引不少人來辦理。	The bank recently lowered credit loan rates, attracting many applicants.
4142	到位	準備工作都到位了。	Preparations are all in place.
4143	到位	他的英文發音很到位，外國人都聽得懂。	His English pronunciation is spot-on, and foreigners understand him.
4144	命題	這個命題證明起來很難。	This proposition is hard to prove.
4145	命題	老師今年的作文命題很有趣，大家都寫得很開心。	The teacher's essay topic this year is interesting, and everyone enjoyed writing.
4146	妨礙	別妨礙別人。	Don't get in others' way.
4147	妨礙	在路中間停車會妨礙其他車輛通行。	Parking in the middle of the road obstructs other vehicles.
4148	平面	這是一張平面圖。	This is a floor plan.
4149	平面	這份平面設計作品，顏色搭配得很有品味。	This graphic design has a tasteful color scheme.
4150	抓緊	抓緊扶手。	Hold on tight to the handrail.
4151	抓緊	時間不多了，我們得抓緊時間完成報告。	Time is short, so we must hurry to finish the report.
4152	旋轉	風扇在旋轉。	The fan is spinning.
4153	旋轉	摩天輪慢慢旋轉，可以看到整個城市的夜景。	The Ferris wheel turns slowly, giving a view of the whole city at night.
4154	步兵	他在步兵部隊服役。	He served in an infantry unit.
4155	步兵	步兵必須背著重重的裝備，走很長的路。	Infantry must carry heavy gear and walk long distances.
4156	激進	他的想法很激進。	His ideas are very radical.
4157	激進	這項激進的改革引起了不少人的反對。	This radical reform drew opposition from quite a few people.
4158	省委	大陸某省的省委書記今天出席了會議。	The provincial Party secretary of a mainland province attended the meeting today.
4159	聊	我們來聊聊吧。	Let's have a chat.
4160	聊	他們在咖啡店聊了一下午，還意猶未盡。	They chatted at the café all afternoon and still wanted more.
4161	記者會	他召開記者會。	He is holding a press conference.
4162	記者會	公司在記者會上宣布了新產品的發表日期。	The company announced the new product's launch date at the press conference.
4163	轉身	他轉身就走。	He turned and walked away.
4164	轉身	她轉身一看，發現後面站著一隻小貓。	She turned around and found a kitten standing behind her.
4165	關懷	謝謝你的關懷。	Thank you for your concern.
4166	關懷	志工定期去探訪獨居老人，給他們許多關懷。	Volunteers regularly visit elderly people living alone and show them care.
4167	一家人	我們是一家人。	We're one family.
4168	一家人	週末一家人一起去市場買菜，再回家煮一頓大餐。	On weekends the whole family goes grocery shopping, then cooks a big meal at home.
4169	傑	這位科學家很傑出。	This scientist is outstanding.
4170	傑	他是這個領域的傑出人才，得過很多獎。	He is an outstanding talent in this field and has won many awards.
4171	勞	不勞而獲是不行的。	You can't reap without working.
4172	勞	今天大家辛勞了，晚餐我請客。	Everyone worked hard today; dinner's on me.
4173	地步	事情怎麼會到這個地步？	How did things come to this?
4174	地步	他已經累到連話都說不出來的地步了。	He's so tired he can't even speak.
4175	害死	你別害死我啊。	Don't get me killed.
4176	害死	他喝酒開車，差點害死自己和別人。	He drove drunk and nearly got himself and others killed.
4177	強力	他強力反對這個計畫。	He strongly opposes this plan.
4178	強力	強力颱風來襲，政府呼籲大家待在家裡。	A powerful typhoon is approaching, and the government urges everyone to stay home.
4179	授	老師在課堂上授課。	The teacher is teaching in class.
4180	授	師傅把一身好手藝傳授給了徒弟。	The master passed his fine skills on to his apprentice.
4181	最少	最少要三個人。	At least three people are needed.
4182	最少	這個工作最少要花兩天才能完成。	This job takes at least two days to finish.
4183	河道	河道變窄了。	The river channel has narrowed.
4184	河道	颱風過後，工人忙著清理河道裡的垃圾和樹枝。	After the typhoon, workers busily cleared trash and branches from the river channel.
4185	球場	球場很大。	The field is large.
4186	球場	週末的球場上，有許多小朋友在練習打球。	On the weekend field, lots of kids are practicing ball games.
4187	第三方	這是第三方軟體。	This is third-party software.
4188	第三方	第三方支付平台讓網路購物更方便，也更安全。	Third-party payment platforms make online shopping more convenient and safer.
4189	萬名	今天有萬名民眾上街。	Ten thousand people took to the streets today.
4190	萬名	這場演唱會吸引了超過萬名歌迷到場，場面非常熱鬧。	The concert drew over ten thousand fans, and the atmosphere was lively.
4191	變為	水變為蒸氣。	Water turns into steam.
4192	變為	這個老舊的工廠後來變為藝文中心，吸引很多遊客。	This old factory later became an arts center, attracting many visitors.
4193	針	我怕打針。	I'm afraid of injections.
4194	針	媽媽用針線縫好了我掉的鈕扣。	Mom sewed my fallen button back on with needle and thread.
4195	香菸	他不抽香菸。	He doesn't smoke cigarettes.
4196	香菸	台灣的香菸盒上都印有警告圖片，提醒大家吸菸有害健康。	Cigarette packs in Taiwan carry warning images reminding people smoking harms health.
4197	中產階級	他來自中產階級。	He comes from the middle class.
4198	中產階級	中產階級的負擔越來越重，房價和物價都在漲。	The middle class's burden is growing, with housing and prices both rising.
4199	倒退	請倒退兩步。	Please step back two paces.
4200	倒退	經濟如果倒退，失業率就會跟著上升。	If the economy goes backward, the unemployment rate will rise too.
4201	分辨	我分辨不出來。	I can't tell them apart.
4202	分辨	這兩種茶葉看起來很像，要有經驗的人才分辨得出來。	These two teas look alike; only an experienced person can tell them apart.
4203	右翼	他是球隊的右翼。	He's the team's right winger.
4204	右翼	右翼政黨主張減稅，並強調傳統價值。	The right-wing party advocates tax cuts and stresses traditional values.
4205	坊	這條街有一座古老的牌坊。	This street has an old memorial archway.
4206	坊	街坊鄰居都很熟，過年時會互相拜年。	The neighbors all know one another and exchange New Year greetings.
4207	娃	小女孩抱著娃娃。	The little girl holds a doll.
4208	娃	這個娃娃臉的男生看起來比實際年齡年輕。	This baby-faced guy looks younger than his actual age.
4209	工地	工地很吵。	The construction site is noisy.
4210	工地	工地入口有警示標誌，非工作人員不得進入。	There are warning signs at the site entrance; non-staff may not enter.
4211	悄悄	他悄悄走進來。	He crept in quietly.
4212	悄悄	她悄悄把禮物放在桌上，想給媽媽一個驚喜。	She quietly put the gift on the table, wanting to surprise Mom.
4213	捨	我捨不得丟掉這本書。	I can't bear to throw away this book.
4214	捨	她捨不得離開家人，所以決定留在台灣工作。	She couldn't bear to leave her family, so she decided to work in Taiwan.
4215	數碼	他買了一台數碼相機。	He bought a digital camera.
4216	數碼	數碼產品更新很快，每年都有新款上市。	Digital products update quickly, with new models every year.
4217	榮	這是我的榮幸。	It's my honor.
4218	榮	他為國爭光，是全校的榮耀。	He brought glory to the country and is the pride of the whole school.
4219	流向	這條河的流向由東到西。	This river flows from east to west.
4220	流向	資金的流向往往能反映出市場的趨勢。	The flow of capital often reflects market trends.
4221	特質	溫柔是她的特質。	Gentleness is her trait.
4222	特質	溫柔和耐心是當老師必備的特質。	Gentleness and patience are essential qualities for a teacher.
4223	破裂	水管破裂了。	The water pipe burst.
4224	破裂	他們的關係因為一次爭吵而破裂，到現在都沒有和好。	Their relationship broke down after one quarrel and they haven't made up since.
4225	結晶	這是愛的結晶。	This is the fruit of love.
4226	結晶	這本書是他十年心血的結晶。	This book is the crystallization of his ten years of effort.
4227	致富	他靠做生意致富。	He got rich through business.
4228	致富	很多人想靠投資致富，但其實風險很高。	Many people want to get rich by investing, but the risk is actually high.
4229	評級	這家飯店的評級很高。	This hotel has a high rating.
4230	評級	信用評級機構調降了這家公司的評級。	The credit rating agency downgraded this company's rating.
4231	辣	這道菜太辣了。	This dish is too spicy.
4232	辣	我不太能吃辣，所以點了小辣。	I can't handle spicy food well, so I ordered mild.
4233	陣線	兩黨組成了聯合陣線。	The two parties formed a united front.
4234	陣線	這些團體組成統一陣線，共同反對這項計畫。	These groups formed a united front to oppose the plan together.
4235	骨幹	他是團隊的骨幹。	He is the backbone of the team.
4236	骨幹	這幾位老員工是公司的骨幹，沒有他們就很難運作。	These veteran employees are the company's backbone; it would struggle without them.
4237	吃乾抹淨	小孩把飯菜吃乾抹淨。	The child ate every bit of the meal.
4238	吃乾抹淨	這桌菜被大家吃乾抹淨，連湯汁都不剩。	Everyone cleaned up the dishes, leaving not even the sauce.
4239	最多	最多十個人。	At most ten people.
4240	最多	這個教室最多只能坐三十個人。	This classroom can seat at most thirty people.
4241	自言自語	他常常自言自語。	He often talks to himself.
4242	自言自語	一個人在家久了，有時候會不自覺地自言自語。	After being home alone for long, you sometimes talk to yourself unconsciously.
4243	CP值	這家店CP值很高。	This shop is great value for money.
4244	CP值	這支手機的CP值很高，價格不貴，功能又很多。	This phone offers great value: not expensive and full of features.
4245	辛苦了	今天辛苦了！	Thanks for your hard work today!
4246	辛苦了	工作結束後，老闆對大家說：「今天辛苦了，明天見。」	After work, the boss told everyone, "Thanks for your hard work today; see you tomorrow."
