10627	還	他還沒回家。	He hasn't come home yet.
10628	還	都十點了，我還在公司加班，晚餐也還沒吃。	It's already ten, and I'm still working overtime. I haven't even had dinner.
10629	工作	我爸爸在銀行工作。	My dad works at a bank.
10630	工作	這份工作薪水不高，但是同事都很好相處。	The pay for this job isn't high, but my coworkers are all easy to get along with.
10631	呢	你呢？	How about you?
10632	呢	大家都到了，就只剩小美還沒來，她人呢？	Everyone's here except Xiaomei. Where is she?
10633	走	我們走吧。	Let's go.
10634	走	從家裡走到學校大概要十五分鐘，我通常會走路去。	It takes about fifteen minutes to walk from home to school, and I usually go on foot.
10635	無	我無話可說。	I have nothing to say.
10636	無	本店無提供免費停車，請多利用大眾運輸工具。	This store offers no free parking. Please use public transportation.
10637	存在	鬼真的存在嗎？	Do ghosts really exist?
10638	存在	這個系統還存在一些小問題，工程師正在修正。	The system still has some small problems, and the engineers are fixing them.
10639	集團	他在大集團上班。	He works at a big corporation.
10640	集團	這個集團旗下有飯店、百貨和一家電子公司。	This group owns hotels, department stores, and an electronics company.
10641	幫助	謝謝你的幫助。	Thanks for your help.
10642	幫助	多運動對睡眠很有幫助，也能幫助你放鬆心情。	Exercising more is very helpful for sleep and can help you relax.
10643	辦法	我想不出辦法。	I can't think of a way.
10644	辦法	手機被偷了，現在只能先去報案，再想辦法補辦。	My phone was stolen, so now I can only report it and then figure out how to get a replacement.
10645	性	這是個性問題。	It's a matter of personality.
10646	性	她個性很開朗，所以人緣特別好。	She has a cheerful personality, so she's especially popular.
10647	醫院	他在醫院上班。	He works at the hospital.
10648	醫院	我奶奶昨天不舒服，我們趕快帶她去醫院檢查。	My grandma felt unwell yesterday, so we hurried to take her to the hospital for a check-up.
10649	官員	官員來學校參觀。	Officials visited the school.
10650	官員	幾位政府官員今天在記者會上說明新的交通政策。	Several government officials explained the new traffic policy at a press conference today.
10651	狀態	我現在狀態不好。	I'm not in good shape right now.
10652	狀態	手機一直顯示離線狀態，可能是網路有問題。	The phone keeps showing offline status. There may be a network problem.
10653	轉	請向右轉。	Please turn right.
10654	轉	你到前面的路口轉彎，再過兩個紅綠燈就到了。	Turn at the intersection ahead, and after two more traffic lights you'll be there.
10655	出版	這本書剛出版。	This book was just published.
10656	出版	這家出版社每年出版三十多本童書，很受家長歡迎。	This publisher puts out over thirty children's books a year, popular with parents.
10657	教授	他教授數學。	He teaches mathematics.
10658	教授	這所大學的老師可以教授多種外語，包括日文和法文。	Teachers at this university can teach several foreign languages, including Japanese and French.
10659	說話	請不要說話。	Please don't talk.
10660	說話	他說話很小聲，所以我得靠近一點才聽得清楚。	He speaks very softly, so I have to get closer to hear him clearly.
10661	享受	我享受假期。	I enjoy my vacation.
10662	享受	週末泡個溫泉，好好享受一下難得的悠閒時光。	Soak in a hot spring over the weekend and enjoy some rare leisure time.
10663	大型	這是大型超市。	This is a large supermarket.
10664	大型	明天那場大型演唱會，車站附近一定很擁擠。	Tomorrow's big concert will surely make the area near the station crowded.
10665	文字	我喜歡文字。	I like words.
10666	文字	這個app可以把語音轉成文字，開會的時候特別好用。	This app converts speech to text, which is especially handy in meetings.
10667	移民	他想移民到加拿大。	He wants to immigrate to Canada.
10668	移民	很多人因為孩子的教育而考慮移民，但手續並不簡單。	Many people consider emigrating for their kids' education, but the process isn't simple.
10669	運用	要善用時間。	Use your time wisely.
10670	運用	老師鼓勵我們把學到的單字運用在日常對話裡。	The teacher encourages us to use the words we learn in daily conversation.
10671	出席	我會出席會議。	I'll attend the meeting.
10672	出席	家長會明天晚上七點舉行，請家長準時出席。	The parent-teacher meeting is at seven tomorrow evening. Parents, please attend on time.
10673	層	這棟樓有十層。	This building has ten floors.
10674	層	蛋糕有三層，中間夾著草莓和鮮奶油，看起來好好吃。	The cake has three layers with strawberries and whipped cream between them. It looks delicious.
10675	東方	太陽在東方升起。	The sun rises in the east.
10676	東方	很多外國人對東方的茶文化很有興趣，會特地來台灣學泡茶。	Many foreigners are interested in Eastern tea culture and come to Taiwan to learn tea brewing.
10677	考試	明天要考試。	I have an exam tomorrow.
10678	考試	為了準備下週的考試，他這幾天都留在圖書館念到關門。	To prepare for next week's exam, he's been studying at the library until closing these days.
10679	上述	請見上述說明。	Please see the explanation above.
10680	上述	上述各項費用已包含稅金，不需另外支付。	All the fees listed above already include tax, with no extra payment needed.
10681	咱們	咱們一起走吧。	Let's go together.
10682	咱們	咱們都是自家人，別客氣，多吃一點！	We're all family here, don't stand on ceremony, eat more!
10683	店	這家店很有名。	This shop is famous.
10684	店	我們下班後常常去公司旁邊那家小吃店，一邊吃一邊聊天。	After work we often go to the snack shop near the office and chat while eating.
10685	植物	我家有很多植物。	We have lots of plants at home.
10686	植物	陽台上的植物需要多曬太陽，每兩天澆一次水就夠了。	The plants on the balcony need more sun and water every two days is enough.
10687	答案	答案是對的。	The answer is right.
10688	答案	這題我想了很久，翻到最後一頁才看到答案，原來這麼簡單。	I thought about this one for ages, then saw the answer on the last page. It's so simple.
10689	豬	這隻豬很胖。	This pig is fat.
10690	豬	鄉下阿公養了十幾隻豬，每天早上都要去餵牠們。	Grandpa in the countryside raises a dozen or so pigs and feeds them every morning.
10691	上升	氣溫在上升。	The temperature is rising.
10692	上升	這幾年房價持續上升，年輕人想買房子越來越不容易。	Housing prices have kept rising in recent years, and it's getting harder for young people to buy.
10693	各自	大家各自回家。	Everyone went home on their own.
10694	各自	吃完飯後我們各自搭車回家，到家再傳訊息報平安。	After dinner we each took our own ride home and messaged to say we'd arrived safely.
10695	強制	這是強制規定。	This is a mandatory rule.
10696	強制	騎乘機車強制要戴安全帽，違規者會被開罰單。	Wearing a helmet on a scooter is mandatory, and violators will be ticketed.
10697	檔案	檔案存好了嗎？	Did you save the file?
10698	檔案	這份檔案太大，用電子郵件寄不出去，建議改用雲端分享。	This file is too large to email, so I suggest sharing it via the cloud.
10699	秘書	她是我的秘書。	She is my secretary.
10700	秘書	老闆的秘書負責安排行程，所以想約他開會要先問她。	The boss's secretary arranges his schedule, so ask her first if you want to meet him.
10701	貓	我家有一隻貓。	We have a cat at home.
10702	貓	那隻貓每天傍晚都會跳上窗台，等我媽回家。	That cat jumps onto the windowsill every evening to wait for my mom.
10703	一套	我買了一套衣服。	I bought an outfit.
10704	一套	老師送了我們一套筆記本，每本封面都不一樣。	The teacher gave us a set of notebooks, each with a different cover.
10705	再度	他再度出現。	He appeared again.
10706	再度	球隊再度拿下冠軍，球迷們在街上開心地慶祝。	The team won the championship once again, and fans celebrated happily in the streets.
10707	商店	商店開門了。	The store is open.
10708	商店	社區附近新開了一家商店，賣的都是手工製作的小東西。	A new shop opened near the neighborhood selling handmade little items.
10709	居然	他居然忘了。	He actually forgot.
10710	居然	我本來以為考不好，結果居然拿了班上第一名。	I thought I'd do badly, but I unexpectedly got first place in the class.
10711	接下來	接下來呢？	What's next?
10712	接下來	接下來我要去健身房，你要不要一起去？	Next I'm going to the gym. Do you want to come along?
10713	活躍	他很活躍。	He's very active.
10714	活躍	這個社群非常活躍，每天都有人分享食譜和生活小技巧。	This online community is very active, with people sharing recipes and life hacks daily.
10715	競選	他要競選市長。	He's running for mayor.
10716	競選	競選期間，候選人每天都在路口向民眾鞠躬拜託。	During the campaign, candidates bow to passers-by at intersections every day to ask for votes.
10717	認可	老闆認可我的計畫。	The boss approved my plan.
10718	認可	這項新藥得到政府認可後，就能在各大醫院使用了。	After the government approves this new drug, it can be used in major hospitals.
10719	部落	他住在部落。	He lives in a tribal village.
10720	部落	這個部落每年夏天都舉辦豐年祭，吸引很多遊客前來參加。	This tribe holds a harvest festival every summer, attracting many visitors.
10721	他媽的	他氣得罵了一句他媽的，然後甩門離開。	Furious, he swore "damn it" and slammed the door on his way out.
10722	匿名	我想匿名捐款。	I want to donate anonymously.
10723	匿名	這個留言板可以匿名發言，所以大家比較敢說真心話。	This message board allows anonymous posts, so people dare to speak their minds.
10724	學員	學員很認真。	The students are diligent.
10725	學員	這間健身中心的學員超過兩百人，每週都有團體課程可以選擇。	This gym has over two hundred members, with group classes to choose from every week.
10726	投資者	投資者很擔心。	Investors are worried.
10727	投資者	投資者在買股票之前，最好先研究公司的財報。	Investors had better study a company's financial reports before buying stock.
10728	正如	正如你所說。	Just as you said.
10729	正如	正如大家所預料的，這次的比賽結果由經驗豐富的老將獲勝。	Just as everyone expected, the veteran won this competition.
10730	白人	那個白人很高。	That white man is tall.
10731	白人	我們社區新搬來一戶白人家庭，小孩的中文講得比我還標準。	A white family moved into our neighborhood, and their kids speak more standard Chinese than me.
10732	考核	每年都有考核。	There's an assessment every year.
10733	考核	新進員工要經過三個月的考核，才能正式成為公司的一份子。	New employees go through a three-month evaluation before officially joining the company.
10734	踢	他在踢球。	He's kicking a ball.
10735	踢	每週六早上，我們幾個朋友都會約在河濱公園踢足球。	Every Saturday morning, a few friends and I meet at the riverside park to play soccer.
10736	鬆	繩子鬆了。	The rope came loose.
10737	鬆	運動完把肌肉放鬆，再喝點水，隔天比較不會痠痛。	After exercise relax your muscles and drink some water so they ache less the next day.
10738	公約	大家要遵守公約。	Everyone must follow the convention.
10739	公約	社區住戶公約規定晚上十點後不能大聲喧嘩，也不能在走廊堆放雜物。	The residents' rules ban loud noise after 10 p.m. and clutter in corridors.
10740	喂	喂，你好。	Hello, hi there.
10741	喂	喂，請問王先生在嗎？我是他同事，想問一下開會的時間。	Hello, is Mr. Wang in? I'm his colleague and I'd like to ask about the meeting time.
10742	寄	我去寄信。	I'm going to mail a letter.
10743	寄	我把生日禮物寄到外婆家，她收到後高興得打電話來謝謝我。	I mailed the birthday gift to Grandma's, and she was so happy she phoned to thank me.
10744	意志	他的意志很強。	He has a strong will.
10745	意志	要戒菸需要很強的意志力，他試了三次才成功。	Quitting smoking takes strong willpower, and he succeeded on his third try.
10746	早晨	早晨的空氣很新鮮。	The morning air is fresh.
10747	早晨	每天早晨，公園裡都有很多老人在打太極拳。	Every morning, lots of older people practice tai chi in the park.
10748	沒用	這個東西沒用。	This thing is useless.
10749	沒用	哭也沒用，事情已經發生了，我們想想辦法吧。	Crying is useless. It's happened already, so let's think of a solution.
10750	特權	他享有特權。	He enjoys privileges.
10751	特權	有些人以為有錢就能擁有特權，卻忘了要遵守公共秩序。	Some think money buys privilege and forget to follow public order.
10752	祭	我們去祭祖。	We're going to honor our ancestors.
10753	祭	清明節時全家人會一起去掃墓，準備水果和鮮花祭拜祖先。	At Tomb Sweeping Day the whole family visits graves and offers fruit and flowers to ancestors.
10754	腦子	你動動腦子。	Use your brain.
10755	腦子	熬夜了一整晚，我現在腦子一片空白，什麼都想不起來。	After staying up all night, my mind is blank and I can't remember anything.
10756	賭場	他去賭場。	He went to a casino.
10757	賭場	朋友去澳門的賭場玩了一晚，輸掉一個月的薪水，後悔得不得了。	My friend gambled a night at a casino in Macau, lost a month's salary, and regrets it deeply.
10758	防禦	我們要防禦。	We have to defend.
10759	防禦	這種病毒入侵時，身體的防禦系統會先啟動，所以要多睡覺。	When this virus invades, the body's defense system kicks in, so get more sleep.
10760	一向	他一向很準時。	He's always been punctual.
10761	一向	我媽一向很節省，連一張紙都捨不得浪費。	My mom has always been thrifty and hates to waste even a sheet of paper.
10762	先前	先前的事不要提了。	Let's not mention what happened before.
10763	先前	我先前在別家公司上班，現在才換到這裡不到半年。	I worked at another company before, and I only moved here less than half a year ago.
10764	吾	吾輩讀書人，理當以天下為己任。	We scholars should take the world's affairs as our own duty.
10765	嫁	她要嫁人了。	She's getting married.
10766	嫁	姊姊下個月要嫁到台南，我們全家都為她高興，也有點捨不得。	My sister marries into a family in Tainan next month, and we're all happy for her but also a bit sad.
10767	影音	我喜歡影音平台。	I like video platforms.
10768	影音	這個影音平台的內容很豐富，從電影到紀錄片都找得到。	This video platform has rich content, from movies to documentaries.
10769	操縱	他在操縱機器。	He's operating the machine.
10770	操縱	有人懷疑比賽被人暗中操縱，所以聯盟決定展開調查。	Some suspect the match was secretly rigged, so the league decided to investigate.
10771	次數	次數很多。	The number of times is large.
10772	次數	最近我去健身房的次數越來越少，體重又開始上升了。	I've been going to the gym less and less, and my weight is rising again.
10773	狂	他笑得很狂。	He laughs wildly.
10774	狂	颱風夜外面狂風大作，樹枝被吹得到處亂飛，大家都躲在家裡。	The wind raged outside on typhoon night, branches flew everywhere, and everyone stayed home.
10775	精確	數字很精確。	The numbers are precise.
10776	精確	這台電子秤很精確，連一克的差別都量得出來。	This scale is very precise and can measure even a one-gram difference.
10777	虛假	這是虛假消息。	This is false information.
10778	虛假	網路上有很多虛假廣告，買東西前要先確認商家的評價。	There are many fake ads online, so check seller reviews before buying.
10779	遠遠	他遠遠地走來。	He's walking over from afar.
10780	遠遠	我遠遠就看到你了，你站在路口揮手，我馬上就認出來。	I saw you from far away, waving at the intersection, and recognized you right away.
10781	鳳凰	鳳凰是神話中的鳥。	The phoenix is a mythical bird.
10782	鳳凰	廟裡的屋頂上有龍和鳳凰的裝飾，細節非常精緻。	The temple roof is decorated with dragons and phoenixes in very fine detail.
10783	佳	成績甚佳。	The grades are very good.
10784	佳	他的表現極佳，所以被公司選為本季的最佳員工。	He performed excellently, so the company chose him as this quarter's best employee.
10785	刑法	這是刑法的規定。	This is a provision of the criminal law.
10786	刑法	依照刑法規定，酒後駕車如果造成他人受傷，最高可處五年徒刑。	Under the Criminal Code, drunk driving that injures others carries up to five years in prison.
10787	同比	銷售額同比增長。	Sales grew year on year.
10788	同比	新聞指出，今年第一季出口同比增加百分之八，比預期還要好。	News says first-quarter exports rose eight percent year on year, better than expected.
10789	奉獻	他奉獻一生。	He devoted his life.
10790	奉獻	這位醫生把一生都奉獻給偏鄉的病人，大家都很敬佩他。	This doctor devoted his life to rural patients, and everyone respects him.
10791	帥哥	那個帥哥是誰？	Who's that handsome guy?
10792	帥哥	咖啡店新來的店員是個帥哥，所以最近女生變多了。	The new clerk at the cafe is a handsome guy, so there are more girls lately.
10793	打工	我暑假去打工。	I'll work a part-time job this summer.
10794	打工	很多大學生利用假日打工賺零用錢，有的在餐廳，有的在超商。	Many college students work part-time on holidays for pocket money, some in restaurants and some in convenience stores.
10795	敢於	他敢於說真話。	He dares to speak the truth.
10796	敢於	這位創業家敢於嘗試新的做法，所以公司成長得很快。	This entrepreneur dares to try new approaches, so the company grew fast.
10797	檢察官	他是檢察官。	He is a prosecutor.
10798	檢察官	檢察官今天上午傳喚了三名證人，以釐清事發當晚的經過。	The prosecutor summoned three witnesses this morning to clarify what happened that night.
10799	演奏	他在演奏鋼琴。	He's playing the piano.
10800	演奏	音樂會上，管弦樂團演奏了幾首經典名曲，觀眾聽得如癡如醉。	At the concert, the orchestra performed classics and the audience was entranced.
10801	發作	他的病又發作了。	His illness flared up again.
10802	發作	天氣一冷，我的氣喘就容易發作，所以出門前都要戴口罩。	My asthma flares up when it gets cold, so I wear a mask before going out.
10803	罪惡	他有罪惡感。	He feels guilty.
10804	罪惡	偷了東西之後，他一直很有罪惡感，最後忍不住去自首。	After stealing, he felt guilt and in the end turned himself in.
10805	視野	這裡視野很好。	The view here is great.
10806	視野	出國留學不但能學語言，還能開拓視野，認識不同的想法。	Studying abroad doesn't only teach language but broadens horizons and exposes you to new ideas.
10807	車子	車子壞了。	The car broke down.
10808	車子	我的車子停在地下停車場，你出來的時候我再開過去接你。	My car is in the underground garage, and I'll drive over to pick you up when you come out.
10809	門檻	門檻有點高。	The threshold is a bit high.
10810	門檻	這家餐廳的消費門檻太高，我們一般人不太敢進去。	This restaurant's price threshold is too high, and ordinary folks don't dare enter.
10811	高鐵	我搭高鐵去高雄。	I'm taking the high-speed rail to Kaohsiung.
10812	高鐵	從台北搭高鐵到台中只要一個小時，很多人每天通勤。	Taipei to Taichung on the high-speed rail takes just an hour, and many commute daily.
10813	供電	山區供電中斷了。	Power supply in the mountains was cut.
10814	供電	颱風過後，電力公司連夜搶修，希望天亮前恢復供電。	After the typhoon, the power company worked overnight to restore power by dawn.
10815	刮	外面在刮風。	The wind is blowing outside.
10816	刮	颱風登陸時，外面刮著大風，雨也斜斜地打在窗戶上。	When the typhoon landed, strong wind blew outside and rain hit the window sideways.
10817	問道	老師問道：「誰沒寫功課？」	The teacher asked, "Who didn't do the homework?"
10818	問道	她好奇地問道：「這個要怎麼用？」	She asked curiously, "How do you use this?"
10819	姐	姐，你在哪裡？	Sis, where are you?
10820	姐	我姐昨天加班到十點，回家後只吃了一碗泡麵就睡了。	My sister worked overtime until ten yesterday, then had a bowl of instant noodles and slept.
10821	平穩	車子開得很平穩。	The car drives smoothly.
10822	平穩	這幾天物價平穩，沒有明顯上漲，大家鬆了一口氣。	Prices have been stable these days with no obvious rise, and everyone sighed with relief.
10823	扭轉	局勢已被扭轉。	The situation has been reversed.
10824	扭轉	球隊在下半場連得五分，成功扭轉了落後的局面。	The team scored five straight in the second half and turned the deficit around.
10825	明日	明日見！	See you tomorrow!
10826	明日	氣象局預測明日午後有雷陣雨，外出請記得攜帶雨具。	The weather bureau forecasts afternoon thunderstorms tomorrow, so take rain gear when out.
10827	毛病	這台電腦有毛病。	This computer has a problem.
10828	毛病	我的機車最近有點毛病，發動的時候總是怪怪的，得送修了。	My scooter has had trouble lately, acting strangely when starting, and needs repair.
10829	爵士	他被封為爵士。	He was knighted.
10830	爵士	咖啡店裡播放著輕柔的爵士樂，很適合邊看書邊放鬆。	The cafe plays soft jazz, perfect for relaxing with a book.
10831	秋天	秋天很涼。	Autumn is cool.
10832	秋天	秋天是爬山的好季節，天氣涼爽，沿途還能看到紅葉。	Autumn is a great season for hiking, with cool weather and red leaves on the way.
10833	自發	大家自發排隊。	Everyone lined up spontaneously.
10834	自發	災害發生後，許多民眾自發組織起來，帶著物資去幫忙清理。	After the disaster, many people spontaneously organized and went with supplies to help clean up.
10835	誠實	他很誠實。	He is honest.
10836	誠實	老師常教我們要誠實，做錯事要勇敢承認，不要找藉口。	The teacher often tells us to be honest and admit mistakes bravely rather than making excuses.
10837	邪	這件事真邪門。	This thing is really weird.
10838	邪	老一輩常說，晚上吹口哨會招邪，所以小時候我不敢在晚上吹。	The older generation says whistling at night attracts evil spirits, so as a child I dared not at night.
10839	韋	孔子讀易，韋編三絕。	Confucius read the Book of Changes so often that the binding strips broke three times.
10840	世間	世間有很多好人。	There are many good people in the world.
10841	世間	世間最難的事，大概就是看透別人的心思吧。	The hardest thing in the world is probably seeing through other people's thoughts.
10842	信件	我收到信件了。	I received the letter.
10843	信件	請把重要的信件放在抽屜裡，不要和廣告混在一起。	Put important letters in the drawer, not mixed with ads.
10844	分公司	公司有分公司。	The company has branches.
10845	分公司	我們在高雄有一家分公司，負責南部地區的業務。	We have a branch office in Kaohsiung handling business in the south.
10846	口頭	我口頭通知他。	I notified him verbally.
10847	口頭	老闆口頭答應加薪，但是我還是希望他能寫在合約上。	The boss verbally agreed to a raise, but I'd still like it in the contract.
10848	在職	他是在職員工。	He's a current employee.
10849	在職	很多上班族利用晚上進修在職專班，希望能升遷或轉換跑道。	Many office workers study in-service programs at night, hoping to get promoted or switch careers.
10850	妃	她是皇帝的妃子。	She's the emperor's concubine.
10851	妃	電視劇裡的妃子們為了爭寵，常常在宮裡互相陷害。	In the TV drama, the imperial consorts often scheme against each other in the palace to win favor.
10852	屏	請屏住呼吸。	Please hold your breath.
10853	屏	醫生要我深呼吸後屏息幾秒，才能拍清楚的X光片。	The doctor had me breathe in deeply and hold it for a few seconds to take a clear X-ray.
10854	怪異	這個聲音很怪異。	This sound is strange.
10855	怪異	半夜傳來怪異的聲音，我嚇得不敢出房門，躲在被子裡。	A strange sound came in the night, and I was too scared to leave my room and hid under the blanket.
10856	挨	我們挨著坐。	We sat next to each other.
10857	挨	颱風過後，里長挨家挨戶詢問有沒有人需要幫忙。	After the typhoon, the village chief went door to door asking who needs help.
10858	教義	這是宗教教義。	This is religious doctrine.
10859	教義	這個宗教的教義主張慈悲和寬容，所以信徒都樂於幫助別人。	This religion's teachings advocate compassion and tolerance, so followers gladly help others.
10860	棟	這棟房子很舊。	This house is old.
10861	棟	這棟大樓共有四十層，是附近最高的一棟，晚上燈光特別漂亮。	This building has forty floors, the tallest nearby, with beautiful lights at night.
10862	泥	鞋子都是泥。	The shoes are covered in mud.
10863	泥	下過雨的山路又濕又泥濘，我們走得很慢，鞋子都沾滿了泥巴。	After rain the mountain road was wet and muddy, we walked slowly, and our shoes were caked with mud.
10864	爭端	兩國有爭端。	The two countries have a dispute.
10865	爭端	兩國對海域的歸屬有爭端，經過多次談判才取得共識。	The two countries disputed maritime ownership and reached consensus only after repeated negotiations.
10866	盼	我盼著你來。	I'm hoping you'll come.
10867	盼	媽媽日夜盼著出國的哥哥回家過年，連年夜飯都先準備好了。	Mom longed day and night for my brother abroad to come home for New Year and even prepared the feast early.
10868	納稅人	他是納稅人。	He's a taxpayer.
10869	納稅人	政府花每一分錢，都要對納稅人負責，也必須公開帳目。	Every penny the government spends must be accountable to taxpayers, with accounts made public.
10870	臣	大臣在宮中。	The minister is in the palace.
10871	臣	電視劇裡的大臣們跪在殿前，向皇帝報告國家大事。	In the TV drama, ministers kneel before the hall to report state affairs to the emperor.
10872	訂購	我想訂購商品。	I want to order goods.
10873	訂購	你可以在網站上訂購蛋糕，我們會在指定的日期送到你家。	You can order cakes on our website, and we'll deliver on the date you choose.
10874	輕微	傷勢輕微。	The injury is slight.
10875	輕微	這次車禍只造成輕微擦傷，大家都鬆了一口氣。	The accident caused only minor scrapes, and everyone breathed a sigh of relief.
10876	關鍵詞	請輸入關鍵詞。	Please enter a keyword.
10877	關鍵詞	搜尋資料時，選對關鍵詞很重要，這樣才能很快找到你要的東西。	Choosing the right keyword matters when searching so you can quickly find what you need.
10878	首發	這款手機首發。	This phone is launching first.
10879	首發	這款新手機將在本週五首發，店門口已經有人排隊。	This new phone launches this Friday, and people are already lining up at the shop door.
10880	卸妝	我要卸妝。	I need to remove my makeup.
10881	卸妝	不管多累，她回家一定先卸妝、洗臉，才不會長痘痘。	However tired, she removes her makeup and washes her face first so she doesn't get acne.
10882	放輕鬆	放輕鬆一點。	Relax a bit.
10883	放輕鬆	別緊張，放輕鬆，把平常準備的東西好好表現出來就可以了。	Don't be nervous. Relax and just show what you prepared.
10884	英文	我學英文。	I'm learning English.
10885	英文	他的英文很好，所以公司常常叫他陪外國客人開會。	His English is good, so the company often has him join meetings with foreign clients.
10886	牛肉麵	我想吃牛肉麵。	I want beef noodle soup.
10887	牛肉麵	這家牛肉麵的湯頭熬了十幾個小時，肉也燉得軟爛，難怪大家都愛。	This beef noodle soup's broth simmers for over ten hours and the meat is tender, no wonder everyone loves it.
10888	不是…嗎	你不是說今天要來嗎？	Didn't you say you were coming today?
10889	不是…嗎	這不是你昨天才買的包包嗎？怎麼已經壞掉了？	Isn't this the bag you just bought yesterday? How is it broken already?
10890	一	請給我一杯拿鐵。	One latte, please.
10891	一	我一到家就接到老闆的電話。	The moment I got home, I got a call from my boss.
10892	得	他在比賽中得了第一名。	He won first place in the competition.
10893	得	她因為連續熬夜，得了重感冒，只好在家休息。	She stayed up late several nights in a row and caught a bad cold, so she had to rest at home.
10894	政治	我不太喜歡聊政治。	I don't really like talking about politics.
10895	政治	選舉快到了，電視新聞天天都在討論政治話題。	The election is coming up, and the TV news talks about political topics every day.
10896	起	我每天六點起床。	I get up at six every day.
10897	起	從下個月起，這條路線的票價會調漲。	Starting next month, the fare on this route will go up.
10898	然後	先洗手，然後吃飯。	Wash your hands first, then eat.
10899	然後	我們先去逛書店，然後再去隔壁的咖啡廳坐一下。	Let's browse the bookstore first, and then sit for a while at the café next door.
10900	學習	我正在學習做菜。	I'm learning to cook.
10901	學習	她每天晚上都花一個小時學習日文，從來沒有中斷過。	She spends an hour every night studying Japanese and has never missed a day.
10902	項目	這個項目要先做。	This item has to be done first.
10903	項目	游泳是這次運動會最受歡迎的比賽項目之一。	Swimming is one of the most popular events at this sports meet.
10904	年代	那是八〇年代的歌。	That's a song from the eighties.
10905	年代	爺爺常說，他年輕的那個年代，大家都很窮但是很快樂。	Grandpa often says that in the era when he was young, everyone was poor but happy.
10906	迴	電影院的迴廊很長。	The corridor at the cinema is very long.
10907	迴	他的文章在網路上引起了很大的迴響。	His article drew a big response online.
10908	意思	這個字是什麼意思？	What does this character mean?
10909	意思	你別誤會，我沒有別的意思，只是想幫你一點忙。	Don't misunderstand. I didn't mean anything else. I just wanted to help you a bit.
10910	銀行	銀行在郵局旁邊。	The bank is next to the post office.
10911	銀行	我下午要去銀行辦一張新的簽帳卡，順便把錢轉到帳戶裡。	This afternoon I'm going to the bank to get a new debit card and transfer some money into my account.
10912	宣傳	這部電影的宣傳做得很好。	The publicity for this movie was well done.
10913	宣傳	店家在社群網站上宣傳新品，吸引了不少年輕客人。	The shop promoted its new product on social media and attracted quite a few young customers.
10914	狗	那隻狗好可愛。	That dog is so cute.
10915	狗	鄰居養了一隻黃金獵犬，每天傍晚都帶那隻狗到河邊散步。	The neighbor has a golden retriever and takes the dog for a walk by the river every evening.
10916	辦	我要去辦簽證。	I'm going to apply for a visa.
10917	辦	搬家以後要去戶政事務所辦地址變更，不然會收不到信。	After moving, you have to go to the household registration office to update your address, or you won't get your mail.
10918	利益	這件事對大家都有利益。	This is beneficial to everyone.
10919	利益	他在做決定的時候，總是先想到客戶的利益。	When he makes decisions, he always thinks of the clients' interests first.
10920	數	我數到三就出發。	I'll count to three and then we go.
10921	數	在我們班上，他的數學成績數一數二。	In our class, his math grades count among the very best.
10922	調整	我要調整一下座位。	I want to adjust my seat a bit.
10923	調整	因為颱風來襲，高鐵班次臨時調整，請旅客留意公告。	Because of the typhoon, high-speed rail schedules have been adjusted at short notice. Passengers please watch for announcements.
10924	保障	健保保障大家的健康。	National health insurance protects everyone's health.
10925	保障	這份保險保障你的家人，萬一發生意外也不用擔心。	This insurance protects your family, so you won't have to worry if an accident happens.
10926	大部分	大部分的人都同意。	Most people agree.
10927	大部分	我的薪水大部分都拿來付房租，剩下的錢不太夠花。	Most of my salary goes to rent, and what's left isn't quite enough to live on.
10928	文學	她大學念的是文學。	She studied literature in college.
10929	文學	這位作家的作品被認為是當代台灣文學的代表。	This writer's work is regarded as representative of contemporary Taiwanese literature.
10930	程序	申請簽證的程序很複雜。	The procedure for applying for a visa is complicated.
10931	程序	工程師正在修改程序，希望能解決網頁當機的問題。	The engineer is modifying the program, hoping to fix the website crashing.
10932	適合	這件衣服很適合你。	This outfit really suits you.
10933	適合	這家餐廳氣氛安靜，很適合全家人一起慶祝生日。	This restaurant has a quiet atmosphere and is perfect for celebrating a birthday with the whole family.
10934	出發	我們幾點出發？	What time do we set off?
10935	出發	高鐵準時出發，請旅客儘快上車，不要耽誤時間。	The high-speed rail departs on time. Passengers please board quickly and don't hold things up.
10936	廣播	我喜歡聽廣播。	I like listening to the radio.
10937	廣播	車站廣播說，因為下大雨，列車會延誤二十分鐘。	The station announcement said that because of the heavy rain, the train would be delayed twenty minutes.
10938	機械	這台機器是機械的。	This machine is mechanical.
10939	機械	他學的是機械工程，畢業後想去汽車工廠上班。	He studied mechanical engineering and wants to work at a car factory after graduating.
10940	衛生	廚房要保持衛生。	The kitchen must be kept clean.
10941	衛生	為了衛生，請勿將食物帶入圖書館，謝謝。	For hygiene reasons, please do not bring food into the library. Thank you.
10942	之外	除了這家店之外，附近沒有別的餐廳。	Besides this shop, there are no other restaurants nearby.
10943	之外	除了工作之外，我平常最大的興趣就是去海邊釣魚。	Aside from work, my biggest hobby is going fishing by the sea.
10944	哪些	你喜歡哪些歌？	Which songs do you like?
10945	哪些	這個月有哪些展覽值得去看？可以推薦給我嗎？	Which exhibitions this month are worth seeing? Can you recommend some?
10946	府	總統府前面常有很多遊客拍照。	Many tourists often take photos in front of the Presidential Office.
10947	府	這座古老的官府現在已經變成了博物館。	This ancient government office has now become a museum.
10948	污染	河水被污染了。	The river was polluted.
10949	污染	空氣污染嚴重的時候，我會戴口罩出門。	When air pollution is bad, I wear a mask when going out.
10950	經典	這是一部經典電影。	This is a classic movie.
10951	經典	這家老餐廳的牛肉麵是經典口味，吃過的人都念念不忘。	The beef noodles at this old restaurant are a classic flavor that everyone who has tried them can't forget.
10952	通	這條路不通。	This road doesn't go through.
10953	通	他精通三種語言，所以公司常常請他去跟外國客戶開會。	He is fluent in three languages, so the company often sends him to meet with foreign clients.
10954	休息	你累了，休息一下吧。	You're tired. Take a rest.
10955	休息	醫生要我在家休息三天，不要上班也不要出門。	The doctor told me to rest at home for three days, with no going to work or going out.
10956	回應	他沒有回應。	He didn't respond.
10957	回應	客服人員會在一個工作天內回應您的問題，請耐心等待。	Customer service will respond to your question within one business day. Please be patient.
10958	感染	他感染了流感。	He caught the flu.
10959	感染	醫院提醒民眾，勤洗手可以減少感染的機會。	The hospital reminds the public that washing hands often reduces the chance of infection.
10960	流	水往下流。	Water flows downward.
10961	流	運動完流了很多汗，一定要記得補充水分。	After exercising I sweat a lot, so remember to replenish fluids.
10962	老人	公車上要讓座給老人。	On the bus, give up your seat to elderly people.
10963	老人	社區裡的老人會在傍晚聚在公園下棋，非常熱鬧。	The elderly people in the community gather in the park at dusk to play chess, and it's lively.
10964	退休	我爸爸去年退休了。	My dad retired last year.
10965	退休	退休以後，阿公每天早上都去公園散步，下午就在家看報紙。	Since retiring, grandpa walks in the park every morning and reads the newspaper at home in the afternoon.
10966	乾淨	房間很乾淨。	The room is very clean.
10967	乾淨	她每天把家裡打掃得乾乾淨淨，連窗戶也擦得閃閃發亮。	She cleans the house spotless every day and even wipes the windows until they shine.
10968	創業	他想自己創業。	He wants to start his own business.
10969	創業	很多年輕人辭掉穩定的工作，勇敢地去創業，開一家小店。	Many young people quit stable jobs and bravely start businesses, opening a little shop.
10970	大人	大人在說話，小孩不要吵。	The grown-ups are talking. Kids, don't be noisy.
10971	大人	大人要以身作則，小孩才會學到什麼是好的行為。	Adults need to set an example, so children can learn what good behavior is.
10972	引進	公司引進了新設備。	The company brought in new equipment.
10973	引進	這家餐廳從日本引進了新式的點餐機器，客人可以自己點菜。	This restaurant imported a new type of ordering machine from Japan, so customers can order by themselves.
10974	改進	我們要不斷改進。	We must keep improving.
10975	改進	客人的意見很重要，我們會根據大家的建議改進服務。	Customer opinions are important, and we'll improve our service based on everyone's suggestions.
10976	火	小心火！	Watch out for fire!
10977	火	這道菜要用大火快炒，不然菜會出太多水，變得不好吃。	This dish has to be stir-fried quickly over high heat, or the vegetables release too much water and taste bad.
10978	總體	總體來說，今年表現不錯。	Overall, this year's performance was not bad.
10979	總體	總體而言，這次旅行的行程安排得很順，只是住宿稍微貴了一點。	Overall, the trip itinerary went smoothly, apart from the accommodation being slightly pricey.
10980	資助	有人資助他念書。	Someone is funding his studies.
10981	資助	這家基金會每年資助數百位家境不好的學生完成學業。	This foundation funds hundreds of students from poor families to finish their studies each year.
10982	陷入	他陷入了沉思。	He fell into deep thought.
10983	陷入	這家店因為疫情陷入了經營困難，老闆只好先減少營業時間。	The shop fell into operating difficulties due to the pandemic, so the owner had to shorten opening hours first.
10984	假如	假如明天下雨怎麼辦？	What if it rains tomorrow?
10985	假如	假如你有一年的假期，你最想去哪個國家住一陣子？	If you had a year of vacation, which country would you most like to live in for a while?
10986	同步	手機和電腦的資料要同步。	The data on your phone and computer need to be synced.
10987	同步	這支影片的聲音和畫面沒有同步，看起來怪怪的。	The audio and picture in this video aren't in sync, so it looks odd.
10988	展覽	我們去看展覽吧。	Let's go see the exhibition.
10989	展覽	這次的攝影展覽展出了五十張老照片，記錄了過去的台北。	This photography exhibition displays fifty old photos that record Taipei in the past.
10990	撞	車子撞到了牆。	The car hit the wall.
10991	撞	路口有一輛機車闖紅燈，差點撞上了我。	A scooter at the intersection ran a red light and nearly hit me.
10992	溫暖	冬天穿毛衣很溫暖。	Wearing a sweater in winter is warm.
10993	溫暖	下班回到家，看到桌上有一碗熱湯，心裡覺得特別溫暖。	Coming home from work and seeing a bowl of hot soup on the table made me feel especially warm inside.
10994	積累	經驗要慢慢積累。	Experience has to be accumulated slowly.
10995	積累	做生意需要時間積累人脈，不可能一夕之間就成功。	Business takes time to build up connections, and you can't succeed overnight.
10996	裝飾	客廳要怎麼裝飾？	How should we decorate the living room?
10997	裝飾	聖誕節快到了，百貨公司已經掛上了各種漂亮的裝飾。	Christmas is coming, and department stores have already put up all kinds of pretty decorations.
10998	開啟	請開啟網頁。	Please open the web page.
10999	開啟	新的捷運路線開啟了這座城市的新篇章，通勤時間縮短了很多。	The new MRT line opened a new chapter for the city, and commute times shortened a lot.
11000	人間	這裡簡直是人間天堂。	This place is simply heaven on earth.
11001	人間	他說，只要有家人在身邊，人間處處都是溫暖。	He says that as long as family is by your side, the human world is full of warmth.
11002	化工	他在化工廠上班。	He works at a chemical plant.
11003	化工	高雄的化工產業發展得很早，也帶來了一些污染的問題。	Kaohsiung's chemical industry developed early and also brought some pollution problems.
11004	壓迫	不要壓迫別人。	Don't oppress others.
11005	壓迫	長期的壓迫會讓人失去自由，歷史上有許多這樣的例子。	Long-term oppression takes away freedom, and history has many such examples.
11006	嶺	我們翻過了山嶺。	We crossed the mountain ridge.
11007	嶺	這條步道會經過一段山嶺，天氣好的時候可以看到遠方的海。	This trail passes a mountain ridge, and on a clear day you can see the distant sea.
11008	拋棄	不要拋棄小動物。	Don't abandon pets.
11009	拋棄	她的夢想是成立一個收容所，照顧被拋棄的流浪貓狗。	Her dream is to set up a shelter for abandoned stray cats and dogs.
11010	極其	這件事極其重要。	This matter is extremely important.
11011	極其	在極其簡單的設備下，他們依然拍出了品質很高的紀錄片。	With extremely simple equipment, they still made a very high-quality documentary.
11012	潛力	他很有潛力。	He has a lot of potential.
11013	潛力	這位年輕的選手潛力很大，教練相信他未來能拿到金牌。	This young athlete has great potential, and the coach believes he can win a gold medal.
11014	發育	小孩正在發育。	The child is growing.
11015	發育	青少年正在發育，需要充足的睡眠和營養。	Teenagers are still developing and need enough sleep and nutrition.
11016	緊密	兩家公司合作很緊密。	The two companies work together closely.
11017	緊密	社區居民的關係很緊密，誰家有事大家都會互相幫忙。	Neighbors in the community are very close and help each other when anyone has a problem.
11018	補償	公司願意補償客人。	The company is willing to compensate customers.
11019	補償	航班取消後，航空公司提供旅客住宿和餐點作為補償。	After the flight was canceled, the airline provided passengers with lodging and meals as compensation.
11020	遇見	我在路上遇見老師。	I ran into my teacher on the street.
11021	遇見	她說，遇見你是她這輩子最幸運的事，眼眶都紅了。	She said meeting you was the luckiest thing in her life, her eyes turning red.
11022	風景	這裡的風景真美。	The scenery here is really beautiful.
11023	風景	從山頂往下看，整片風景像一幅畫，讓我們都停下來拍照。	Looking down from the summit, the whole view is like a painting, and we all stopped to take photos.
11024	人氣	這家店人氣很高。	This shop is very popular.
11025	人氣	這是本店人氣最高的商品，常常一上架就被搶光。	This is our most popular item, and it often sells out right when it goes on the shelf.
11026	劑	醫生開了一種藥劑。	The doctor prescribed a medicine.
11027	劑	這種消毒劑對皮膚有刺激性，使用時請戴上手套。	This disinfectant irritates skin, so wear gloves when using it.
11028	夏季	夏季常有午後雷陣雨。	Summer often brings afternoon thunderstorms.
11029	夏季	夏季用電量很大，電力公司呼籲民眾節約用電。	Summer electricity consumption is high, and the power company urges the public to save electricity.
11030	差點	我差點忘了。	I almost forgot.
11031	差點	今天早上起晚了，差點趕不上第一班捷運。	I got up late this morning and almost missed the first MRT.
11032	拿來	你拿來給我看看。	Bring it here and let me see.
11033	拿來	這支舊手機我拿來當鬧鐘用，早上還挺準的。	I use this old phone as an alarm clock, and it's pretty reliable in the morning.
11034	期限	繳費期限是月底。	The payment deadline is the end of the month.
11035	期限	申請文件的期限只剩三天，請大家務必在時間內交件。	Only three days remain before the application deadline, so everyone please submit before it.
11036	濫用	不要濫用藥物。	Don't abuse medication.
11037	濫用	濫用抗生素會讓細菌產生抗藥性，所以一定要遵照醫生指示。	Abusing antibiotics makes bacteria drug-resistant, so you must follow the doctor's instructions.
11038	祝福	祝福你生日快樂！	Wishing you a happy birthday!
11039	祝福	朋友們在婚禮上獻上最真心的祝福，希望新人白頭到老。	Friends offered their most sincere blessings at the wedding, hoping the couple grows old together.
11040	股市	今天股市大跌。	The stock market dropped sharply today.
11041	股市	股市連續下跌三天，很多投資人開始擔心經濟會變差。	The stock market fell for three days straight, and many investors began to worry about a worsening economy.
11042	踩	你踩到我的腳了。	You stepped on my foot.
11043	踩	雨天地上很滑，踩到濕濕的磁磚要小心，別摔倒了。	The ground is slippery in the rain, so be careful stepping on wet tiles so you don't fall.
11044	顆	我買了三顆蘋果。	I bought three apples.
11045	顆	媽媽煮湯放了幾顆紅棗，喝起來又香又甜。	Mom put a few red dates in the soup, and it tastes fragrant and sweet.
11046	交易所	他在證券交易所工作。	He works at the stock exchange.
11047	交易所	交易所今天因為颱風休市，明天才會恢復正常交易。	The exchange is closed today because of the typhoon and will resume normal trading tomorrow.
11048	共產	共產制度已經改變了。	The communist system has changed.
11049	共產	他們討論了共產黨在歷史上扮演的角色，沒有太多結論。	They discussed the role the Communist Party has played in history without reaching much of a conclusion.
11050	反駁	他沒有反駁。	He didn't argue back.
11051	反駁	面對指責，她冷靜地提出證據反駁，讓大家都沒話說。	Faced with accusations, she calmly rebutted with evidence and left everyone speechless.
11052	外籍	他是外籍老師。	He's a foreign teacher.
11053	外籍	這家工廠雇用了不少外籍員工，公司還提供免費的中文課程。	This factory employs many foreign workers, and the company even offers free Chinese classes.
11054	少數民族	這裡住了很多少數民族。	Many ethnic minorities live here.
11055	少數民族	原住民是台灣的少數民族，他們有自己獨特的語言和文化。	Indigenous peoples are Taiwan's ethnic minorities, with their own unique languages and cultures.
11056	憲章	這是聯合國憲章。	This is the UN Charter.
11057	憲章	這份憲章保障每位市民的基本權利，也規定了政府的責任。	This charter protects each citizen's basic rights and also defines the government's responsibilities.
11058	攔截	警察攔截了一輛車。	The police stopped a car.
11059	攔截	防空系統成功攔截了來襲的飛彈，沒有造成人員傷亡。	The air defense system successfully intercepted the incoming missile with no casualties.
11060	根源	問題的根源在哪裡？	Where is the root of the problem?
11061	根源	我們要找出問題的根源，不然只是治標，過一陣子又會出現。	We need to find the root cause of the problem, or we're only treating symptoms and it will reappear.
11062	消	腫已經消了。	The swelling has gone down.
11063	消	吃完飯散散步，比較容易消化，也不會覺得脹。	Taking a walk after eating helps digestion and keeps you from feeling bloated.
11064	生動	他講得很生動。	He tells it vividly.
11065	生動	這篇文章把當地的生活描寫得生動有趣，讀起來像親身去過一樣。	This article describes local life so vividly and interestingly that it feels like you've been there.
11066	細	這條線很細。	This thread is very thin.
11067	細	她細心地把水果切成細細的片，擺得整整齊齊。	She carefully sliced the fruit into thin pieces and arranged them neatly.
11068	蟲	這裡有很多蟲。	There are lots of bugs here.
11069	蟲	夏天晚上，窗外有各種蟲在叫，聽起來很熱鬧。	On summer nights all kinds of insects chirp outside the window, which sounds lively.
11070	起初	起初我不習慣。	At first I wasn't used to it.
11071	起初	起初我以為很簡單，後來才發現這份工作有很多細節要注意。	At first I thought it was simple, but later I realized this job has many details to watch.
11072	鋼	這座橋是鋼做的。	This bridge is made of steel.
11073	鋼	這間工廠生產的鋼，品質很好，很多外國公司都向他們訂貨。	The steel this factory produces is of good quality, and many foreign companies order from them.
11074	飛行員	他是飛行員。	He is a pilot.
11075	飛行員	飛行員在起飛前會檢查所有儀器，確保航程平安。	Pilots check all instruments before takeoff to ensure a safe flight.
11076	以內	請在一個小時以內回來。	Please come back within an hour.
11077	以內	預算請控制在三萬元以內，不然會超出公司的規定。	Please keep the budget within thirty thousand dollars, or it will exceed company rules.
11078	凝聚	大家凝聚在一起。	Everyone came together.
11079	凝聚	一場突如其來的地震，凝聚了全台灣人的愛心，大家紛紛捐款。	A sudden earthquake pulled together the love of all Taiwanese, and people donated one after another.
11080	同伴	他有一個好同伴。	He has a good companion.
11081	同伴	爬山的時候，同伴們互相鼓勵，終於一起走到了山頂。	When hiking, the companions encouraged one another and finally reached the top together.
11082	太陽能	我們用太陽能發電。	We use solar power.
11083	太陽能	很多屋頂都裝了太陽能板，白天的電幾乎都不用買。	Many rooftops have solar panels, so daytime electricity is almost free.
11084	工業化	台灣的工業化很早。	Taiwan industrialized early.
11085	工業化	快速的工業化帶來了經濟成長，但也造成環境污染的問題。	Rapid industrialization brought economic growth but also environmental pollution.
11086	戶籍	我的戶籍在台南。	My household registration is in Tainan.
11087	戶籍	搬家後要去戶政事務所辦理戶籍遷移，不然會影響投票。	After moving you must handle the household registration transfer at the household registration office, or it affects voting.
11088	新任	新任老師來了。	The new teacher has arrived.
11089	新任	新任校長上台後，第一件事就是改善校園的安全。	After the new principal took office, the first thing was improving campus safety.
11090	歸來	歡迎歸來！	Welcome back!
11091	歸來	他在國外待了十年，終於歸來，家鄉的變化讓他吃了一驚。	After ten years abroad he finally returned, and the changes in his hometown surprised him.
11092	無罪	法官判他無罪。	The judge found him not guilty.
11093	無罪	經過三年的審判，法院終於宣判他無罪，他的家人哭了出來。	After three years of trial the court finally declared him not guilty, and his family broke into tears.
11094	確信	我確信他會來。	I'm sure he'll come.
11095	確信	我確信自己沒有看錯，那位就是我們的國中老師。	I'm sure I didn't see wrong. That person is our junior high teacher.
11096	聽眾	聽眾都鼓掌了。	The audience all applauded.
11097	聽眾	廣播節目的聽眾可以打電話進來點歌，也能分享自己的故事。	Radio listeners can call in to request songs and share their stories.
11098	詛咒	他說這個地方被詛咒了。	He says this place is cursed.
11099	詛咒	傳說這座古墓被詛咒了，凡是進去的人都會遭遇不幸。	Legend says this ancient tomb is cursed and all who enter meet misfortune.
11100	過時	這個款式過時了。	This style is out of date.
11101	過時	這種手機已經過時了，很多應用程式都不能再更新。	This kind of phone is outdated and many apps can no longer update.
11102	電流	電流太大了。	The electric current is too strong.
11103	電流	小心不要讓電流通過身體，修理電器前一定要先拔掉插頭。	Be careful not to let electric current pass through the body, and always unplug before repairing appliances.
11104	下手	這件事要從哪裡下手？	Where should we start with this?
11105	下手	整理房間不知道從哪裡下手，我就先從書桌開始吧。	I don't know where to start tidying the room, so I'll begin with the desk.
11106	來往	這條街來往的人很多。	Many people come and go along this street.
11107	來往	我們已經好幾年沒有來往了，沒想到今天在路上碰見他。	We haven't been in touch for years, and I never expected to bump into him on the street today.
11108	公安局	公安局正在調查。	The public security bureau is investigating.
11109	公安局	中國的公安局接到民眾報案後，很快就派人到現場處理。	After receiving a report from citizens, China's public security bureau quickly sent people to the scene.
11110	友人	友人送我一份禮物。	A friend gave me a gift.
11111	友人	一位久未聯絡的友人來信問候，我看了心裡覺得特別溫暖。	A friend I hadn't contacted for a long time sent a greeting, which warmed my heart.
11112	囚禁	他被囚禁了十年。	He was imprisoned for ten years.
11113	囚禁	那位政治犯被囚禁多年，出獄後仍然堅持自己的理念。	That political prisoner was held for years and still held on to his ideals after release.
11114	失業率	失業率上升了。	The unemployment rate rose.
11115	失業率	受到疫情影響，今年的失業率達到近五年的新高。	Affected by the pandemic, this year's unemployment rate reached a five-year high.
11116	小島	海上有一座小島。	There's a small island in the sea.
11117	小島	我們租船到那座無人的小島，在沙灘上露營看星星。	We rented a boat to that uninhabited island and camped on the beach to watch stars.
11118	必將	努力必將有收穫。	Effort will surely bring results.
11119	必將	只要大家努力，未來必將更加美好。	As long as everyone works hard, the future will surely be better.
11120	招待	謝謝你的招待。	Thank you for your hospitality.
11121	招待	老闆親自招待外國客戶，帶他們去吃道地的台灣小吃。	The boss personally hosted foreign clients and took them to eat authentic Taiwanese snacks.
11122	放映	電影正在放映。	The movie is showing.
11123	放映	戶外電影院會在週末放映老片，大家帶著椅子和零食來看。	The outdoor cinema screens old films on weekends, and people bring chairs and snacks.
11124	格外	今天格外冷。	It's especially cold today.
11125	格外	雨後的空氣格外清新，樹葉的顏色也顯得格外翠綠。	The air after rain is especially fresh, and the leaves look especially green.
11126	油價	油價又漲了。	Gas prices went up again.
11127	油價	國際油價大幅上漲，騎機車上班的人每個月多花了好幾百塊。	International oil prices rose sharply, and people who commute by scooter spend several hundred more each month.
11128	熱線	有問題可打熱線。	If you have problems you can call the hotline.
11129	熱線	遇到家暴問題，可以撥打一一三保護熱線尋求協助，全年無休。	If you face domestic violence you can call the 113 hotline for help, all year round.
11130	目睹	我目睹了車禍。	I witnessed the car accident.
11131	目睹	許多路人目睹了這起意外，紛紛上前協助受傷的人。	Many passersby witnessed the accident and came forward to help the injured.
11132	精準	他的預測很精準。	His forecast is very precise.
11133	精準	這套系統能精準計算出每位病人需要的藥量，減少人為錯誤。	This system precisely calculates the dosage each patient needs, reducing human error.
11134	肺炎	他得了肺炎。	He got pneumonia.
11135	肺炎	醫生說這次的肺炎不算嚴重，但還是要住院觀察幾天。	The doctor said this pneumonia isn't serious but still needs a few days in hospital for observation.
11136	親身	我親身體驗過了。	I've experienced it personally.
11137	親身	只有親身去過那個地方，才能真正了解當地人的生活。	Only by going there in person can you truly understand local life.
11138	躲避	我們躲避大雨。	We took shelter from the heavy rain.
11139	躲避	他一個轉身，躲避了迎面飛來的球。	He turned and dodged the ball flying at him.
11140	開發商	開發商蓋了新大樓。	The developer built a new building.
11141	開發商	開發商保證新社區會有公園和學校，吸引了很多年輕家庭購買。	The developer promised the new community will have a park and school, attracting many young families to buy.
11142	駕駛員	駕駛員是男的。	The driver is a man.
11143	駕駛員	貨車駕駛員因為疲勞駕駛而發生車禍，警方呼籲大家要多休息。	A truck driver crashed from fatigued driving, and police urge everyone to rest more.
11144	口音	他有南部口音。	He has a southern accent.
11145	口音	我朋友雖然在台北住了十年，講話還是帶著濃濃的高雄口音。	Although my friend has lived in Taipei for ten years, he still speaks with a strong Kaohsiung accent.
11146	救命	救命啊！	Help!
11147	救命	他在水裡大喊救命，岸上的救生員馬上跳下去救他。	He shouted for help in the water, and the lifeguard on the shore dived in at once.
11148	聲調	中文有四個聲調。	Chinese has four tones.
11149	聲調	學中文最難的是聲調，如果唸錯，意思可能就完全不同了。	The hardest part of learning Chinese is tones, and if you get them wrong the meaning may be totally different.
11150	體溫	我量了體溫。	I took my temperature.
11151	體溫	進入醫院前要先量體溫，如果超過三十七點五度就要戴口罩。	Before entering the hospital your temperature is checked, and if it's over 37.5 degrees you must wear a mask.
11152	不得了	這件事真不得了。	This is serious.
11153	不得了	你看這個價格，便宜得不得了，我們趕快買吧！	Look at this price, it's unbelievably cheap, let's buy it quickly!
11154	並	我並不討厭他。	I don't dislike him at all.
11155	並	公司提供交通補助，並且每年舉辦員工旅遊。	The company provides a commuting allowance and also holds an employee trip every year.
11156	想	我想喝水。	I want a drink of water.
11157	想	我想了很久，還是不知道要送她什麼生日禮物。	I thought about it for a long time and still don't know what to give her for her birthday.
11158	如何	你覺得如何？	What do you think?
11159	如何	不管你如何解釋，我都沒辦法原諒他。	No matter how you explain it, I can't forgive him.
11160	結果	這棵樹結果了。	This tree has borne fruit.
11161	結果	我們家的芭樂樹今年終於結果了，鄰居都來看。	Our guava tree finally bore fruit this year, and the neighbours all came to look.
11162	有人	門外有人。	There's someone outside the door.
11163	有人	這個座位有人嗎？沒有的話我可以坐這裡嗎？	Is this seat taken? If not, may I sit here?
11164	合作	我們一起合作吧。	Let's work together.
11165	合作	這次新品是我們公司和一家咖啡店合作推出的。	This new product was launched through a collaboration between our company and a cafe.
11166	資源	水是重要的資源。	Water is an important resource.
11167	資源	這個社區的資源回收做得很好，鄰居都會自己分類。	This neighbourhood does a good job with recycling, and the neighbours sort things themselves.
11168	家庭	我有一個快樂的家庭。	I have a happy family.
11169	家庭	她的家庭很重視教育，從小就讓她學鋼琴。	Her family values education and had her learn piano from a young age.
11170	調查	警察正在調查。	The police are investigating.
11171	調查	根據最新的民意調查，大部分民眾支持這項新規定。	According to the latest opinion poll, most people support this new rule.
11172	建築	這棟建築很高。	This building is very tall.
11173	建築	這座老建築是日治時期留下來的，現在已經變成展覽館。	This old building was left over from the Japanese colonial period and is now an exhibition hall.
11174	變化	天氣變化很大。	The weather is changing a lot.
11175	變化	這幾年這個老街區的變化真大，開了好多新店。	This old neighbourhood has changed a lot in recent years, with so many new shops opening.
11176	女孩	那個女孩很可愛。	That girl is very cute.
11177	女孩	隔壁的小女孩每天放學都會跑來找我家的貓玩。	The little girl next door comes to play with my cat every day after school.
11178	永遠	我永遠愛你。	I'll love you forever.
11179	永遠	她永遠都記得小時候外婆煮的那碗湯麵。	She will always remember that bowl of soup noodles her grandma cooked when she was little.
11180	越	天氣越來越熱。	The weather is getting hotter and hotter.
11181	越	這首歌我越聽越喜歡，已經單曲循環一整天了。	The more I listen to this song, the more I like it, I've had it on repeat all day.
11182	公布	成績明天公布。	The grades will be announced tomorrow.
11183	公布	考試結果將在下週一公布在學校的網站上。	The exam results will be posted on the school website next Monday.
11184	拒絕	他拒絕了我。	He turned me down.
11185	拒絕	我不好意思拒絕朋友的邀請，結果週末又沒得休息。	I felt bad about declining my friend's invitation, so again I got no rest this weekend.
11186	角色	這個角色很有趣。	This character is interesting.
11187	角色	她在這部戲裡演的角色很特別，讓人印象深刻。	The role she plays in this show is special and leaves a deep impression.
11188	中學	我在中學教書。	I teach at a middle school.
11189	中學	他的中學同學下個月要辦同學會，大家都很期待。	His middle school classmates are holding a reunion next month, and everyone is looking forward to it.
11190	單	請給我帳單。	Please give me the bill.
11191	單	老闆，我們要結帳，麻煩把單子拿過來。	Boss, we'd like to pay, please bring over the bill.
11192	推薦	你推薦哪一道菜？	Which dish do you recommend?
11193	推薦	老師推薦了一本很好看的小說，我昨晚一口氣讀完。	The teacher recommended a really good novel, and I finished it in one go last night.
11194	畢業	我明年畢業。	I graduate next year.
11195	畢業	他畢業以後在一家小公司上班，做了三年才換工作。	After graduating he worked at a small company, and only changed jobs after three years.
11196	資格	你有資格參加嗎？	Are you qualified to take part?
11197	資格	要有教師資格，才可以在公立學校教書。	You need a teaching qualification to teach in public schools.
11198	代理	他代理經理的工作。	He is acting for the manager.
11199	代理	經理出國的這一週，由副理代理所有事務。	During the week the manager is abroad, the assistant manager acts for him on everything.
11200	實驗	我們做了一個實驗。	We did an experiment.
11201	實驗	這個實驗要在無塵室裡做，所以一定要穿防護衣。	This experiment has to be done in a clean room, so you must wear protective clothing.
11202	操作	這個很好操作。	This is easy to operate.
11203	操作	這台機器的操作方式很簡單，看一次說明就會了。	This machine is simple to operate, and you can learn it by reading the instructions once.
11204	私人	這是私人電話。	This is a private phone call.
11205	私人	抱歉，這是我的私人問題，不太想在這裡討論。	Sorry, this is a personal question and I'd rather not discuss it here.
11206	頻道	你想轉台嗎？	Do you want to change the channel?
11207	頻道	我家有一百多個頻道，可是常看的就那幾個。	My home gets over a hundred channels, but I only often watch a few of them.
11208	動態	這是動態影像。	This is a moving image.
11209	動態	我每天都會看朋友的動態，知道他們最近在做什麼。	I check my friends' status updates every day to see what they've been up to lately.
11210	實	這顆水果又大又實。	This fruit is big and solid.
11211	實	他為人老實，說話也很誠實，大家都很信任他。	He is honest and sincere in his speech, so everyone trusts him.
11212	政黨	台灣有很多政黨。	Taiwan has many political parties.
11213	政黨	選舉期間，各政黨都會在街頭發傳單拉票。	During election season, the political parties hand out flyers on the street to canvass votes.
11214	當選	他當選班長了。	He was elected class president.
11215	當選	她以最高票數當選里長，鄰居們都很高興。	She was elected village head with the most votes, and the neighbours were all happy.
11216	裝備	你的裝備帶齊了嗎？	Do you have all your gear?
11217	裝備	爬山前要準備好完整的裝備，像是登山鞋跟雨衣。	Before climbing a mountain, prepare complete gear such as hiking boots and a raincoat.
11218	顏色	這個顏色很好看。	This colour looks nice.
11219	顏色	你的包包是什麼顏色的？我來幫你找一下。	What colour is your bag? Let me help you look for it.
11220	再也	我再也不去了。	I'll never go again.
11221	再也	搬走以後，我就再也沒有見過那些老鄰居了。	After moving away I never saw those old neighbours again.
11222	寬	這條路很寬。	This road is wide.
11223	寬	這件褲子太寬了，我得去店裡請人幫我改一下。	These pants are too loose, so I have to go to the shop to have them altered.
11224	整理	我要整理房間。	I need to tidy my room.
11225	整理	這個週末我打算整理衣櫃，把不穿的衣服捐出去。	This weekend I plan to tidy the wardrobe and donate the clothes I don't wear.
11226	生長	植物需要陽光生長。	Plants need sunlight to grow.
11227	生長	在台灣的熱帶氣候下，這種蔬菜生長得特別快。	In Taiwan's tropical climate, this vegetable grows especially fast.
11228	表面	桌子表面很光滑。	The surface of the table is smooth.
11229	表面	他表面上很冷靜，其實心裡緊張得要命。	He seems calm on the surface, but is actually extremely nervous inside.
11230	靈魂	靈魂是看不到的。	The soul can't be seen.
11231	靈魂	這首歌的旋律很美，彷彿能感動每個人的靈魂。	This song's melody is beautiful, as if it could move everyone's soul.
11232	便宜	遇到急事可以便宜行事。	In an emergency you can act at your own discretion.
11233	便宜	經理授權我們，必要時可以便宜行事，不用事事請示。	The manager authorized us to use our discretion when necessary, without asking about everything.
11234	可靠	他很可靠。	He is reliable.
11235	可靠	這個消息來源不太可靠，你最好再確認一下。	The source of this news is not very reliable, you'd better double-check.
11236	奮鬥	我們一起奮鬥。	Let's strive together.
11237	奮鬥	他從小家裡很窮，靠自己奮鬥才成為今天的老闆。	His family was poor when he was little, and he worked his way up to become the boss he is today.
11238	恐怕	恐怕要下雨了。	I'm afraid it's going to rain.
11239	恐怕	時間這麼趕，恐怕今天沒辦法把所有東西都做完。	With time this tight, I'm afraid we can't finish everything today.
11240	曝光	照片曝光過度了。	The photo is overexposed.
11241	曝光	這個醜聞一曝光，議員就馬上向大家道歉了。	As soon as the scandal was exposed, the councillor apologized to everyone immediately.
11242	球員	他是一名球員。	He is a player.
11243	球員	這位球員在最後一分鐘投進了三分球，全場觀眾都站起來歡呼。	This player sank a three-pointer in the final minute, and the whole crowd stood up and cheered.
11244	職工	公司有三百名職工。	The company has three hundred employees.
11245	職工	工廠為職工準備了宿舍和免費的午餐。	The factory provides dormitories and free lunch for its staff.
11246	軌道	火車在軌道上跑。	The train runs on the track.
11247	軌道	人造衛星繞著地球的軌道運行，每九十分鐘轉一圈。	The artificial satellite moves along its orbit around Earth, completing a loop every ninety minutes.
11248	頁面	這個頁面打不開。	This page won't open.
11249	頁面	網站的頁面設計得很簡單，一眼就能找到想要的資料。	The website's pages are designed simply, and you can find what you want at a glance.
11250	優質	這是優質的產品。	This is a high-quality product.
11251	優質	這間托兒所提供優質的照顧，家長都很放心。	This daycare provides quality care, and parents feel at ease.
11252	單一	菜單很單一。	The menu is very limited.
11253	單一	單一事件不能代表全部，我們要看整體的情況。	A single event can't represent everything, we need to look at the overall situation.
11254	年初	年初很忙。	The start of the year is busy.
11255	年初	我年初就開始存錢，打算年底和家人出國旅行。	I started saving at the beginning of the year to travel abroad with my family at year end.
11256	料	這是好料子。	This is good material.
11257	料	沒料到會下這麼大的雨，我們都淋成了落湯雞。	We didn't expect such heavy rain, and we all got soaked like drowned rats.
11258	滾	水滾了。	The water is boiling.
11259	滾	球從桌上滾到地板上，一直滾到沙發底下去了。	The ball rolled off the table onto the floor and all the way under the sofa.
11260	簽	請在這裡簽名。	Please sign here.
11261	簽	簽完合約以後，我們就可以正式開始合作了。	After the contract is signed, we can start cooperating officially.
11262	設計師	她是一位設計師。	She is a designer.
11263	設計師	這位設計師把我們的客廳設計得又寬敞又溫暖。	This designer made our living room spacious and warm.
11264	關聯	這兩件事沒有關聯。	These two things aren't related.
11265	關聯	醫生說，熬夜和高血壓之間有很大的關聯。	The doctor says staying up late is strongly linked to high blood pressure.
11266	介入	警方不想介入。	The police don't want to get involved.
11267	介入	兩個鄰居吵架的時候，里長出面介入，才讓事情平息。	When two neighbours quarrelled, the village head stepped in to settle things.
11268	匯率	今天的匯率是多少？	What is today's exchange rate?
11269	匯率	出國前我會先看匯率，等日幣便宜的時候再換。	Before going abroad I check the exchange rate and change money when the yen is cheap.
11270	士	他是一位護士。	He is a nurse.
11271	士	她是碩士畢業，現在在一間研究機構工作。	She holds a master's degree and works at a research institution now.
11272	州長	州長來了。	The governor has arrived.
11273	州長	加州州長今天宣布了新的環保政策，引起很多討論。	The California governor announced a new environmental policy today, which sparked much discussion.
11274	拓展	公司想拓展海外市場。	The company wants to expand into overseas markets.
11275	拓展	多參加社團活動可以拓展人脈，也能學到不少東西。	Joining more club activities can broaden your connections and teach you plenty.
11276	末	週末我們去爬山。	We're going hiking this weekend.
11277	末	月末的時候，公司總是特別忙，要處理很多報表。	At the end of the month the company is always busy handling many reports.
11278	港口	港口有很多船。	There are many ships in the harbour.
11279	港口	基隆港口每天都有貨輪進出，漁市場也很熱鬧。	Ships come and go at Keelung harbour every day, and the fish market is lively too.
11280	疑問	你有疑問嗎？	Do you have any questions?
11281	疑問	如果對合約內容有疑問，可以隨時打電話來詢問。	If you have any doubts about the contract, you can call to ask at any time.
11282	紡織	這裡有紡織工廠。	There's a textile factory here.
11283	紡織	台灣的紡織業很發達，很多運動服飾的布料都是在這裡生產的。	Taiwan's textile industry is developed, and the fabric for much sportswear is produced here.
11284	虛擬	這是虛擬貨幣。	This is virtual currency.
11285	虛擬	很多年輕人喜歡在虛擬世界裡跟朋友一起玩遊戲。	Many young people like playing games with friends in a virtual world.
11286	迎接	我們去迎接客人。	We're going to welcome the guests.
11287	迎接	大家都忙著打掃房子，迎接過年的到來。	Everyone is busy cleaning the house to welcome the New Year.
11288	頒發	學校頒發獎狀。	The school presents certificates of merit.
11289	頒發	市長在典禮上頒發獎章給表現傑出的志工。	The mayor presented medals to outstanding volunteers at the ceremony.
11290	二級	這是二級警戒。	This is Level 2 alert.
11291	二級	政府把疫情警戒調降為二級，餐廳終於可以內用了。	The government lowered the pandemic alert to Level 2, and restaurants can finally allow dine-in.
11292	初級	我上初級班。	I'm in the beginner class.
11293	初級	他的日文才初級程度，只能看懂簡單的菜單。	His Japanese is only at elementary level, and he can read only simple menus.
11294	圓	月亮好圓。	The moon is so round.
11295	圓	中秋節的月亮又大又圓，大家都在院子裡吃烤肉。	The moon at Mid-Autumn Festival is big and round, and everyone is barbecuing in the yard.
11296	專制	他的做法很專制。	His approach is autocratic.
11297	專制	專制的國家通常不允許人民自由發表意見。	Autocratic countries usually don't allow people freedom of speech.
11298	慶典	今天有慶典。	There's a celebration today.
11299	慶典	每年的元宵節慶典都有放天燈，吸引許多觀光客。	Every year's Lantern Festival celebration includes releasing sky lanterns, attracting many tourists.
11300	旅	我愛旅行。	I love travelling.
11301	旅	這趟旅程讓我們看到了很多不同的風景。	This trip let us see many different landscapes.
11302	淨	地面擦得很乾淨。	The floor has been wiped clean.
11303	淨	扣掉成本以後，這個月淨賺了兩萬塊。	After deducting costs, the net profit this month was twenty thousand dollars.
11304	相繼	客人相繼離開。	The guests left one after another.
11305	相繼	颱風過後，各地的道路相繼恢復通行。	After the typhoon, roads in various places reopened one after another.
11306	習	你要多練習。	You should practice more.
11307	習	養成運動的習慣，對身體有很多好處。	Forming a habit of exercise has many benefits for your body.
11308	談到	談到旅行，他就有很多話想說。	When it comes to travel, he has a lot to say.
11309	談到	談到小時候的事，奶奶就會笑著講很久。	When it comes to childhood stories, Grandma smiles and talks for a long time.
11310	防治	政府正在防治登革熱。	The government is combating dengue fever.
11311	防治	環保署為了防治空氣污染，推出了新的補助辦法。	To control air pollution, the Environmental Protection Administration introduced a new subsidy scheme.
11312	不成	不成，這樣不行。	No, it won't do.
11313	不成	難道你想自己一個人去不成？我陪你去吧。	You don't want to go all by yourself, do you? I'll go with you.
11314	儘可能	請儘可能早到。	Please arrive as early as possible.
11315	儘可能	我們會儘可能滿足每位客人的需求，請放心。	We will meet every customer's needs as far as possible, so please rest assured.
11316	包裹	你有包裹。	You have a parcel.
11317	包裹	快遞員按電鈴說有你的包裹，需要你出來簽收。	The courier rang the bell and said there's a parcel for you that needs your signature.
11318	回復	他很快就回復了。	He recovered quickly.
11319	回復	休息了幾天後，我的體力已經回復到以前的水準。	After resting a few days, my strength has recovered to its previous level.
11320	宗	他信奉宗教。	He follows a religion.
11321	宗	台灣有很多宗教，常常可以看到廟、教堂和清真寺一起存在。	Taiwan has many religions, and you often see temples, churches and mosques side by side.
11322	得出	我得出一個結論。	I reached a conclusion.
11323	得出	分析完所有資料後，研究團隊得出了令人意外的結果。	After analyzing all the data, the research team arrived at a surprising result.
11324	排行榜	這首歌上了排行榜。	This song made the charts.
11325	排行榜	這本書已經連續三個月登上暢銷書排行榜，銷量很好。	This book has been on the bestseller chart for three months and sells very well.
11326	暫	暫時先這樣。	Let's leave it like this for now.
11327	暫	道路施工期間，這個路口暫停通行，請改走別條路。	During road construction this intersection is temporarily closed, so please use another road.
11328	汽油	機車需要加汽油。	The scooter needs gasoline.
11329	汽油	最近汽油價格又調漲了，每次加油都覺得荷包縮水。	Gasoline prices went up again recently, and every time I fill up my wallet feels lighter.
11330	煤炭	他們燒煤炭取暖。	They burn coal for warmth.
11331	煤炭	政府計畫減少使用煤炭發電，改用比較乾淨的能源。	The government plans to reduce coal power generation and switch to cleaner energy.
11332	禮	送禮要送對人。	When giving a gift, give it to the right person.
11333	禮	到別人家作客時，帶一點小禮物是基本的禮貌。	When visiting someone's home, bringing a small gift is basic courtesy.
11334	舉措	這是一項新舉措。	This is a new measure.
11335	舉措	市政府推出新的舉措，鼓勵民眾搭乘大眾運輸工具。	The city government introduced a new measure to encourage people to take public transport.
11336	調動	他被調動到新部門。	He was transferred to a new department.
11337	調動	公司下個月會調動部分員工，大家都在猜自己會被分到哪裡。	The company will transfer some employees next month, and everyone is guessing where they'll be placed.
11338	遷移	鳥類冬天會遷移。	Birds migrate in winter.
11339	遷移	黑面琵鷺每年冬天都會遷移到台灣的濕地過冬。	Black-faced spoonbills migrate to Taiwan's wetlands every winter.
11340	隱瞞	不要隱瞞我。	Don't hide things from me.
11341	隱瞞	他隱瞞了自己生病的事，不想讓家人擔心。	He concealed that he was ill because he didn't want his family to worry.
11342	下車	我在這站下車。	I'm getting off at this stop.
11343	下車	請先讓乘客下車，再依序上車，這樣比較安全。	Please let passengers get off first and then board in order, which is safer.
11344	光輝	陽光很光輝。	The sunlight is radiant.
11345	光輝	這位老師的光輝事蹟激勵了無數學生努力向上。	This teacher's glorious deeds inspired countless students to strive upward.
11346	博覽會	博覽會在展覽館舉行。	The expo is held at the exhibition hall.
11347	博覽會	台北國際旅遊博覽會每年都吸引上萬人來搶便宜的機票。	The Taipei international travel expo draws tens of thousands each year hoping to grab cheap flights.
11348	填補	這個洞要填補起來。	This hole needs to be filled in.
11349	填補	公司正在找人填補離職同事留下的空缺。	The company is looking for someone to fill the vacancy left by the colleague who quit.
11350	專屬	這是你的專屬座位。	This is your exclusive seat.
11351	專屬	會員可以享有專屬優惠，還有專人為你服務。	Members enjoy exclusive offers and dedicated staff to serve you.
11352	得分	他得分了。	He scored.
11353	得分	球賽最後一分鐘，他投進三分球得分，全場歡呼。	In the final minute of the game he sank a three-pointer to score, and the crowd cheered.
11354	握	請握住我的手。	Please hold my hand.
11355	握	他緊緊握著拳頭，努力讓自己不要哭出來。	He clenched his fists tightly, trying hard not to cry.
11356	本性	狗的本性是忠誠。	A dog's nature is loyalty.
11357	本性	江山易改，本性難移，他還是老樣子。	A leopard cannot change its spots, and he's still the same as ever.
11358	流失	土壤被雨水沖走流失。	Soil is washed away by rain.
11359	流失	公司最近人才流失嚴重，主管正在想辦法留住大家。	The company has recently lost much talent, and managers are trying to keep people.
11360	當晚	當晚大家都很開心。	That evening everyone was happy.
11361	當晚	演唱會當晚下起大雨，但歌迷們還是穿著雨衣在場外等待。	On the night of the concert it poured, but fans still waited outside in raincoats.
11362	紀念碑	這是一座紀念碑。	This is a monument.
11363	紀念碑	公園中央立著一座紀念碑，上面刻著當年犧牲的人的名字。	A monument stands at the centre of the park with the names of those who died back then.
11364	號稱	這家店號稱最辣。	This shop claims to be the spiciest.
11365	號稱	這間餐廳號稱是全台最好吃的牛肉麵，但我覺得還好。	This restaurant claims to serve the best beef noodles in Taiwan, but I think it's so-so.
11366	走廊	走廊很長。	The corridor is long.
11367	走廊	下課時間，走廊上擠滿了學生，吵得不得了。	During breaks the corridor is full of students and extremely noisy.
11368	開業	新店下週開業。	The new shop opens next week.
11369	開業	這間診所開業已經二十年了，很多老患者都還會回來看診。	This clinic has been open for twenty years, and many old patients still return.
11370	高漲	物價高漲。	Prices are surging.
11371	高漲	選舉當天，民眾的投票熱情高漲，投票所前排了長長的隊伍。	On election day, voters' enthusiasm ran high, and long queues formed in front of polling stations.
11372	二號	二號是我的生日。	The second is my birthday.
11373	二號	下個月二號，我們全家要一起去墾丁玩。	On the second of next month, our whole family is going to Kenting together.
11374	偵查	警察在偵查案件。	The police are investigating the case.
11375	偵查	檢察官正在偵查這起詐欺案，目前還不方便公開細節。	The prosecutor is investigating this fraud case and can't disclose details at the moment.
11376	功效	這種茶的功效是什麼？	What are the benefits of this tea?
11377	功效	醫生說這種藥的功效很快，吃了半小時就會比較舒服。	The doctor says this medicine acts fast and you'll feel better within half an hour.
11378	吞	他吞下藥。	He swallowed the pill.
11379	吞	小朋友誤吞了硬幣，媽媽嚇壞了，立刻帶他去醫院。	The little kid accidentally swallowed a coin, and his mom was terrified and took him to the hospital at once.
11380	堵	路上堵車了。	There's a traffic jam on the road.
11381	堵	水管被頭髮堵住了，洗澡的水一直排不出去。	The pipe was clogged with hair, so the shower water wouldn't drain.
11382	學問	他很有學問。	He is very learned.
11383	學問	做學問要有耐心，不能想一步登天，要一步一步慢慢累積。	Scholarship takes patience, and you can't expect to leap to the top, you build up step by step.
11384	年末	年末很忙。	The end of the year is busy.
11385	年末	每到年末，公司都會舉辦尾牙，大家一起吃大餐抽獎。	Every year end the company holds a year-end banquet, and everyone shares a big meal and a raffle.
11386	懸掛	牆上懸掛著一幅畫。	A painting is hung on the wall.
11387	懸掛	廟門口懸掛著很多紅燈籠，晚上看起來特別漂亮。	Many red lanterns hang at the temple gate, looking especially pretty at night.
11388	推理	我喜歡推理小說。	I like detective novels.
11389	推理	偵探根據現場的線索推理，終於找出了真正的兇手。	The detective reasoned from clues at the scene and finally identified the real culprit.
11390	日夜	他日夜工作。	He works day and night.
11391	日夜	工人日夜趕工，希望能在颱風來臨之前完成修補。	Workers worked around the clock, hoping to finish repairs before the typhoon arrives.
11392	機槍	士兵拿著機槍。	The soldier holds a machine gun.
11393	機槍	博物館展出一把二戰時期的老機槍，吸引很多軍事迷。	The museum exhibits an old machine gun from the Second World War, attracting many military fans.
11394	深處	森林深處有個湖。	There's a lake deep in the forest.
11395	深處	她把那封信放在抽屜深處，從來沒有再拿出來看過。	She put the letter deep in the drawer and never took it out to read again.
11396	珍惜	要珍惜時間。	Cherish your time.
11397	珍惜	她很珍惜跟朋友相處的時光，每個月都會約出來聊天。	She cherishes time with friends and meets them every month to chat.
11398	祖父	我的祖父七十歲。	My grandfather is seventy.
11399	祖父	祖父年輕時是漁夫，經常在海上待好幾個月才回家。	My grandfather was a fisherman when young and often stayed at sea several months before coming home.
11400	編程	他學編程。	He is learning programming.
11401	編程	我弟弟從國中開始學編程，現在已經能自己寫簡單的遊戲。	My brother started learning programming in middle school and can now write simple games himself.
11402	英寸	螢幕有十五英寸。	The screen is fifteen inches.
11403	英寸	這台筆電的螢幕是十四英寸，攜帶起來很輕便。	This laptop's screen is fourteen inches and is light to carry.
11404	講究	他很講究。	He is particular.
11405	講究	這家咖啡店很講究，連杯子都是老闆親自挑選的。	This cafe is particular, and even the cups are chosen by the owner himself.
11406	退役	他從軍隊退役了。	He retired from the army.
11407	退役	這位球星宣布退役，球迷在場外高喊他的名字。	This star player announced his retirement, and fans shouted his name outside the arena.
11408	雕刻	他在雕刻木頭。	He is carving wood.
11409	雕刻	廟裡的柱子上有精美的雕刻，一看就知道是老師傅的手藝。	The temple pillars have exquisite carvings, clearly the work of an old master.
11410	鬍子	爺爺有白鬍子。	Grandpa has a white beard.
11411	鬍子	我爸最近留了鬍子，我媽說他看起來老了十歲。	My dad grew a beard recently, and my mom says he looks ten years older.
11412	大家都這麼說	大家都這麼說，應該是真的。	Everyone says so, so it must be true.
11413	大家都這麼說	大家都這麼說他很會做菜，所以我也想去吃吃看。	Everyone says he cooks very well, so I'd like to try it too.
11414	欸	欸，等我一下！	Hey, wait for me!
11415	欸	欸，你有看到我的鑰匙嗎？我剛剛明明放在桌上的。	Hey, have you seen my keys? I clearly put them on the table just now.
11416	被壓	他被壓在石頭下面。	He was pinned under the rock.
11417	被壓	被壓在最下面的那本書都變形了，趕快拿出來吧。	The book pressed at the bottom has warped, so take it out quickly.
11418	一天	我一天喝兩杯咖啡。	I drink two cups of coffee a day.
11419	一天	一天只有二十四小時，所以要學會安排時間。	A day only has twenty-four hours, so you need to learn to plan your time.
11420	半糖	我要半糖。	I'd like half sugar.
11421	半糖	手搖飲料店的阿姨問我要幾分糖，我說半糖少冰就好。	The lady at the bubble tea shop asked how much sugar, and I said half sugar and less ice is fine.
11422	去	我想去圖書館。	I want to go to the library.
11423	去	你下午去銀行的時候,可以順便幫我寄個包裹嗎?	When you go to the bank this afternoon, could you mail a package for me?
11424	去	我們去夜市吧！	Let's go to the night market!
11425	去	週末我想去朋友家玩，晚上再回來。	This weekend I want to go to a friend's place and come back in the evening.
11426	們	孩子們在玩球。	The kids are playing ball.
11427	們	同學們,今天的作業請在週五以前交給我。	Class, please hand in today's homework to me by Friday.
11428	們	我們一起走吧。	Let's walk together.
11429	們	老師對同學們說：「明天不用帶便當。」	The teacher told the students, "You don't need to bring lunch tomorrow."
11430	這種	我不喜歡這種天氣。	I don't like this kind of weather.
11431	這種	這種手機的電池很耐用,用一整天都沒問題。	This kind of phone has a durable battery and lasts all day without trouble.
11432	這種	我不喜歡這種天氣。	I don't like this kind of weather.
11433	這種	這種手機現在很少人在用了，電池也不太耐用。	Hardly anyone uses this kind of phone anymore, and the battery doesn't last well either.
11434	元	這個便當六十元。	This lunch box costs sixty dollars.
11435	元	一杯手搖飲要七十元,比我想的還貴。	A cup of bubble tea costs seventy dollars, more expensive than I expected.
11436	元	這個便當八十元。	This lunch box is eighty dollars.
11437	元	這張悠遊卡裡還有一百五十元，應該夠搭好幾次捷運。	There's still 150 dollars on this EasyCard, which should cover several MRT rides.
11438	見	明天見!	See you tomorrow!
11439	見	好久不見,你最近過得怎麼樣?	Long time no see. How have you been lately?
11440	時期	這是特別的時期。	This is a special period.
11441	時期	學生時期的朋友,現在還是我最信任的人。	The friends from my school days are still the people I trust most.
11442	作品	這是他的新作品。	This is his new work.
11443	作品	她的攝影作品在市立美術館展出,吸引了不少人參觀。	Her photography works are on display at the city art museum and have drawn quite a few visitors.
11444	時代	現在是網路時代。	Now is the Internet age.
11445	時代	我們這個時代的年輕人,很少有人會寫信了。	Few young people in our era write letters anymore.
11446	人物	她是個重要的人物。	She is an important figure.
11447	人物	這部小說的人物很生動,看了就忘不了。	The characters in this novel are so vivid that you can't forget them.
11448	機關	他在政府機關上班。	He works at a government agency.
11449	機關	這家店門口有個機關,按一下就會彈出一隻玩具鳥。	There's a little mechanism at the shop entrance; press it and a toy bird pops out.
11450	作用	這種藥有什麼作用?	What does this medicine do?
11451	作用	多喝水對皮膚和腸胃都有很好的作用,你可以試試。	Drinking more water is good for both your skin and your stomach. You could try it.
11452	強調	老師一直強調複習的重要。	The teacher keeps stressing the importance of review.
11453	強調	主管再三強調,客戶的資料絕對不可以外流。	The manager stressed again and again that client data must never be leaked.
11454	穩定	他的情緒很穩定。	His mood is very stable.
11455	穩定	最近物價很不穩定,媽媽買菜時都會多比較幾家。	Prices have been unstable lately, so Mom compares several stalls when buying vegetables.
11456	電子	我在電子公司上班。	I work at an electronics company.
11457	電子	你可以把電子發票存到手機裡,不用再留紙本。	You can save e-receipts on your phone, so there's no need to keep paper ones.
11458	員	店員很親切。	The shop clerk is very friendly.
11459	員	公司這個月新來了三位員工,下週一開始上班。	The company has three new employees this month, starting work next Monday.
11460	求	我求你幫幫我。	I beg you to help me.
11461	求	他為了求學,從小就離開家鄉,一個人到台北生活。	In order to study, he left his hometown young and lived alone in Taipei.
11462	部隊	部隊明天要出發。	The unit sets out tomorrow.
11463	部隊	哥哥在部隊服役期間學會了很多生活技能。	During his military service, my older brother learned many life skills.
11464	優勢	他的優勢是速度快。	His advantage is his speed.
11465	優勢	會說兩種語言,在找工作的時候是很大的優勢。	Speaking two languages is a big advantage when job hunting.
11466	家裡	我家裡有三個人。	There are three people at my home.
11467	家裡	下大雨的時候,我喜歡待在家裡看電影、吃爆米花。	When it pours, I like to stay at home watching movies and eating popcorn.
11468	有時	我有時會走路上班。	Sometimes I walk to work.
11469	有時	我有時候會去爬山,有時候在家看書,看心情。	Sometimes I go hiking and sometimes I read at home, depending on my mood.
11470	翻譯	你可以幫我翻譯嗎?	Can you translate for me?
11471	翻譯	這本小說已經被翻譯成十幾種語言,在世界各地都很受歡迎。	This novel has been translated into over ten languages and is popular around the world.
11472	除	你要先除草。	You need to weed first.
11473	除	十除以二等於五,這題小學生也會算。	Ten divided by two is five; even elementary school kids can solve this.
11474	名稱	請在表格上寫下商品名稱。	Please write the product name on the form.
11475	名稱	這個新產品的名稱還沒決定,大家一起想想看吧。	The name of this new product hasn't been decided yet, so let's think about it together.
11476	徹底	房間要徹底打掃。	The room needs a thorough cleaning.
11477	徹底	他徹底改變了生活習慣,現在每天早睡早起、按時運動。	He completely changed his habits and now goes to bed and gets up early and exercises on schedule.
11478	深	這條河很深。	This river is deep.
11479	深	天色漸漸變深,山裡的氣溫也跟著降了下來。	The sky was gradually getting darker, and the temperature in the mountains dropped too.
11480	說法	這是兩種不同的說法。	These are two different ways of putting it.
11481	說法	關於事故的原因,警方有不同的說法,還在調查中。	Regarding the cause of the accident, police have a different account and are still investigating.
11482	人民幣	人民幣怎麼換?	How do I exchange Renminbi?
11483	人民幣	去上海旅遊前,我先到銀行換了一些人民幣。	Before traveling to Shanghai, I first exchanged some Renminbi at the bank.
11484	地理	我地理不太好。	I'm not very good at geography.
11485	地理	這個地區的地理位置很特別,一邊靠山,一邊靠海。	This area's geographical position is special, with mountains on one side and sea on the other.
11486	情	他是個很重情的人。	He is a very sentimental person.
11487	情	看到老朋友寫給我的信,我心裡充滿了感情。	Reading the letter from my old friend, my heart filled with emotion.
11488	沒什麼	沒什麼,別擔心。	It's nothing; don't worry.
11489	沒什麼	我沒什麼胃口,晚餐隨便吃一點就好。	I don't have much appetite, so just a little something is fine for dinner.
11490	編	她在編毛線帽。	She is knitting a woolen hat.
11491	編	我們要編一份新的課本,內容要適合小朋友。	We need to compile a new textbook with content suitable for children.
11492	輪	這次輪到你了。	It's your turn this time.
11493	輪	大家輪流打掃教室,一人一天,這星期輪到我。	Everyone takes turns cleaning the classroom, one person per day, and it's my turn this week.
11494	交給	這件事交給我。	Leave this to me.
11495	交給	你把報告做好以後,記得交給組長,他會轉給老闆。	When you've finished the report, hand it to the team leader, who'll pass it on to the boss.
11496	嘴	他的嘴很大。	He has a big mouth.
11497	嘴	小孩嘴裡塞滿了蛋糕,說話都說不清楚。	The kid's mouth was stuffed with cake and he couldn't speak clearly.
11498	思維	他的思維很特別。	His way of thinking is special.
11499	思維	換個思維方式看問題,也許就能找到更好的辦法。	Look at the problem from a different way of thinking and you might find a better solution.
11500	毫無	他毫無準備。	He was totally unprepared.
11501	毫無	對這件事,我毫無印象,可能是我忘記了。	I have no impression at all of this, maybe because I forgot.
11502	絕	他絕不會答應。	He will absolutely not agree.
11503	絕	這種動物已經快要絕種,政府正在努力保護牠們。	This animal is nearly extinct, and the government is working hard to protect it.
11504	身	他身高一百八。	He is 180 centimeters tall.
11505	身	運動完全身都是汗,我想先去洗個澡。	After exercising I'm sweating all over, so I want to take a shower first.
11506	主權	這是國家的主權。	This is a country's sovereignty.
11507	主權	兩國對這片海域的主權一直有爭議,至今沒有結論。	The two countries have long disputed sovereignty over this stretch of sea, and there's still no conclusion.
11508	初期	初期會比較辛苦。	The initial stage will be harder.
11509	初期	新店開幕初期,老闆每天都親自到店裡幫忙。	In the opening period of the new shop, the owner came to help in person every day.
11510	坦克	那輛坦克很大。	That tank is huge.
11511	坦克	博物館展示著一輛老舊的坦克,小朋友都想爬上去看看。	The museum displays an old tank, and the kids all want to climb up and look.
11512	幫忙	可以請你幫忙嗎?	Could you help me?
11513	幫忙	週末搬家的時候,有三位朋友來幫忙,很快就搬完了。	When I moved on the weekend, three friends came to help and we finished quickly.
11514	擺	請把書擺在桌上。	Please put the books on the table.
11515	擺	媽媽把碗筷擺好,等大家都坐下來才開動。	Mom set out the bowls and chopsticks and waited until everyone sat down to start eating.
11516	深度	這口井的深度是十公尺。	This well is ten meters deep.
11517	深度	這篇專題報導很有深度,把整件事的來龍去脈說得很清楚。	This feature report has real depth and explains the whole story clearly.
11518	簽訂	兩家公司簽訂了合約。	The two companies signed a contract.
11519	簽訂	雙方在記者會上簽訂合作協議,希望未來能共同發展。	The two sides signed a cooperation agreement at the press conference, hoping for joint development.
11520	誕生	小寶寶誕生了。	The baby was born.
11521	誕生	這個品牌誕生於一間小小的工作室,現在已經很有名了。	This brand was born in a tiny studio and has become very famous.
11522	配置	電腦的配置很好。	The computer's configuration is very good.
11523	配置	辦公室的座位配置重新調整後,同事之間的溝通變得更容易。	After the office seating arrangement was changed, communication among coworkers became easier.
11524	以便	請早點到,以便開會。	Please come early so that we can hold the meeting.
11525	以便	我先把地址寫下來,以便你找得到路。	I'll write down the address first so that you can find your way.
11526	協商	雙方正在協商。	Both sides are negotiating.
11527	協商	經過兩個小時的協商,房東同意把房租降低一點。	After two hours of negotiation, the landlord agreed to lower the rent a bit.
11528	客人	客人來了。	The guests have arrived.
11529	客人	週末店裡客人很多,服務生忙得連坐下來的時間都沒有。	The shop is full of customers on weekends, and the waiters are too busy to sit down.
11530	抽	我抽到了一張票。	I drew a ticket.
11531	抽	他從包包裡抽出一本書,坐在椅子上安靜地看了起來。	He pulled a book out of his bag and sat quietly reading it in the chair.
11532	歧視	不可以歧視別人。	You must not discriminate against others.
11533	歧視	這家公司因為涉嫌年齡歧視,被民眾在網路上批評。	This company was criticized online for suspected age discrimination.
11534	百科	我查了百科。	I looked it up in the encyclopedia.
11535	百科	網路百科裡有很多資料,不過還是要自己確認內容是否正確。	The online encyclopedia has lots of information, but you still need to check that it's correct.
11536	職責	這是我的職責。	This is my responsibility.
11537	職責	每位員工都要清楚自己的職責,才不會互相推卸工作。	Every employee should be clear about their duties so no one passes the work around.
11538	輔助	這是輔助工具。	This is an auxiliary tool.
11539	輔助	老師用圖片輔助說明,讓小朋友更容易理解。	The teacher uses pictures as an aid so children understand more easily.
11540	一度	他一度想放棄。	He once wanted to give up.
11541	一度	這家店一度因為疫情停業,現在又重新開張了。	This shop once closed temporarily due to the epidemic and has reopened.
11542	光明	前途一片光明。	The future looks bright.
11543	光明	只要不放棄,總會看到光明的一天,所以不要灰心。	As long as you don't give up, you'll see a bright day, so don't lose heart.
11544	咬	狗咬了他的手。	The dog bit his hand.
11545	咬	蚊子咬得我整晚都睡不好,今天一定要點蚊香。	Mosquitoes bit me and I couldn't sleep all night, so I must light mosquito coils today.
11546	官網	請看官網。	Please check the official website.
11547	官網	活動時間和地點都寫在官網上,報名前請先看清楚。	The event time and place are on the official website, so please read carefully before registering.
11548	恭喜	恭喜你畢業了!	Congratulations on graduating!
11549	恭喜	聽說你要結婚了,恭喜恭喜!什麼時候請我們吃喜酒?	I heard you're getting married. Congratulations! When do we get invited to the wedding feast?
11550	新生	新生今天報到。	The new students register today.
11551	新生	大學新生都要參加迎新活動,認識新同學和學長姐。	All freshmen join orientation activities to meet new classmates and seniors.
11552	氣象	今天的氣象報告說會下雨。	Today's weather report says it will rain.
11553	氣象	氣象局提醒民眾,颱風即將登陸,請做好防颱準備。	The weather bureau reminded citizens that a typhoon is about to make landfall and to prepare.
11554	爽	洗完澡好爽喔。	It feels so good after a shower.
11555	爽	秋天的天氣涼爽,最適合到戶外走走。	Autumn weather is cool and crisp, perfect for a walk outdoors.
11556	確立	目標已經確立。	The goal has been established.
11557	確立	經過一年的努力,他終於確立了自己的人生方向。	After a year of effort, he finally established his direction in life.
11558	職權	這不在我的職權範圍。	This is outside my authority.
11559	職權	主管有權決定人事,但不能超過職權隨便做決定。	Managers have the power to decide on personnel but cannot make decisions beyond their authority.
11560	貧窮	他們很貧窮。	They are very poor.
11561	貧窮	貧窮不是丟臉的事,重要的是願意努力改變。	Poverty is nothing to be ashamed of; what matters is being willing to work to change it.
11562	開設	這所學校開設了新課程。	The school has opened new courses.
11563	開設	銀行在這個社區開設了新分行,居民辦事方便多了。	The bank opened a new branch in this neighborhood, making errands much easier for residents.
11564	○	報導中只寫「王○明」,沒有公開全名。	The report only wrote "Wang ○ Ming" without disclosing the full name.
11565	○	新聞稿裡的受害者被寫成「陳○○」,以保護當事人的隱私。	In the press release the victim was written as "Chen ○○" to protect privacy.
11566	傷口	傷口還在痛。	The wound still hurts.
11567	傷口	傷口要保持乾淨,每天換藥,才不會發炎。	Keep the wound clean and change the dressing daily to prevent infection.
11568	同性	她們是同性朋友。	They are friends of the same sex.
11569	同性	台灣是亞洲第一個讓同性伴侶結婚的地方,受到許多人關注。	Taiwan was the first place in Asia to allow same-sex couples to marry, drawing wide attention.
11570	委	這件事就委給你了。	I'm entrusting this matter to you.
11571	委	他被委派到南部分公司,下個月就要搬過去。	He was assigned to the southern branch and will move over next month.
11572	彌補	我想彌補我的錯誤。	I want to make up for my mistake.
11573	彌補	他用加班來彌補之前的失誤,同事們都看在眼裡。	He worked overtime to make up for his earlier error, and his coworkers noticed.
11574	撒	別撒謊。	Don't lie.
11575	撒	姊姊在麵上撒了一些蔥花,看起來更好吃了。	My sister sprinkled some chopped scallions on the noodles, making them look more appetizing.
11576	標記	請在地圖上做標記。	Please make a mark on the map.
11577	標記	我用螢光筆在重點上做了標記,複習的時候一眼就能看到。	I marked key points with a highlighter, so I spot them at a glance when reviewing.
11578	牙齒	我的牙齒很痛。	My tooth really hurts.
11579	牙齒	吃完甜食一定要刷牙,不然牙齒很容易蛀掉。	Always brush after sweets, or your teeth will decay easily.
11580	簡歷	請寄你的簡歷給我。	Please send me your résumé.
11581	簡歷	他花了一整晚修改簡歷,希望能得到面試的機會。	He spent a whole evening revising his résumé, hoping to get an interview.
11582	薄	這件外套很薄。	This jacket is thin.
11583	薄	這片餅乾做得很薄,咬下去脆脆的,很好吃。	This cookie is made thin and crisp when you bite it, which is delicious.
11584	運氣	今天運氣很好。	I'm lucky today.
11585	運氣	他運氣不太好,每次出門都會遇到下雨。	He's not very lucky; it rains every time he goes out.
11586	一個個	大家一個個上台。	Everyone went on stage one by one.
11587	一個個	孩子們一個個排好隊,等老師發點心給他們。	The kids lined up one by one waiting for the teacher to hand out snacks.
11588	侵害	不能侵害別人的權利。	You must not infringe on others' rights.
11589	侵害	網路上散播他人隱私,會嚴重侵害當事人的權益。	Spreading others' private info online seriously infringes on the person's rights.
11590	列表	請看下面的列表。	Please see the list below.
11591	列表	他把要買的東西整理成列表,在超市就不會漏買了。	He organized the things to buy into a list, so he won't miss anything at the supermarket.
11592	名詞	這是一個名詞。	This is a noun.
11593	名詞	老師解釋名詞和動詞的差別,並請我們各舉三個例子。	The teacher explained the difference between nouns and verbs and asked us to give three examples of each.
11594	奪取	士兵奪取了據點。	The soldiers seized the stronghold.
11595	奪取	兩隊都想奪取冠軍,比賽打到最後一秒才分出勝負。	Both teams wanted to take the championship, and the winner was only decided in the last second.
11596	常規	這是常規檢查。	This is a routine check.
11597	常規	醫生說這只是常規檢查,結果沒有問題的話,一年後再來就好。	The doctor said it's just a routine check, and if the results are fine, come back in a year.
11598	扭曲	樹枝被風吹得扭曲了。	The branch was twisted by the wind.
11599	扭曲	有些新聞扭曲事實,讓人對事件產生錯誤的印象。	Some news distorts facts and leaves people with a false impression of events.
11600	文本	請看這份文本。	Please look at this text.
11601	文本	老師要我們分析文本中的比喻,並寫出作者想表達的意思。	The teacher wants us to analyze the metaphors in the text and write what the author meant.
11602	歌唱	孩子們在歌唱。	The kids are singing.
11603	歌唱	她從小就喜歡歌唱,現在是合唱團的主唱。	She has loved singing since she was little and is now the choir's lead singer.
11604	漢字	我在學漢字。	I'm learning Chinese characters.
11605	漢字	日本人的名字也用漢字寫,所以我有時看得懂一點。	Japanese names are also written in Chinese characters, so I can sometimes understand a little.
11606	盯	他一直盯著我看。	He kept staring at me.
11607	盯	媽媽盯著我寫功課,連我想偷看手機都被她發現了。	Mom watched me do homework closely, and even caught me trying to peek at my phone.
11608	羊	山坡上有幾隻羊。	There are some sheep on the hillside.
11609	羊	冬天冷的時候,我最愛吃一鍋熱騰騰的羊肉爐。	When it's cold in winter, I love a steaming pot of lamb hot pot most.
11610	觀賞	我們去觀賞櫻花。	Let's go view the cherry blossoms.
11611	觀賞	這種魚很適合觀賞,顏色鮮豔,養在客廳很漂亮。	This fish is great for viewing, brightly colored and pretty in the living room.
11612	輝煌	這是輝煌的成就。	This is a glorious achievement.
11613	輝煌	這座古城曾經有過輝煌的歷史,現在成了熱門的旅遊景點。	This ancient city once had a glorious history and is now a popular tourist spot.
11614	開拓	他在開拓新市場。	He is opening up new markets.
11615	開拓	為了開拓海外市場,公司派了幾位同事到東南亞出差。	To open up overseas markets, the company sent a few coworkers on a business trip to Southeast Asia.
11616	鮮明	這幅畫的顏色很鮮明。	The colors in this painting are vivid.
11617	鮮明	這家店的風格非常鮮明,一走進去就能感受到老闆的品味。	This shop has a very distinct style, and you feel the owner's taste as soon as you step in.
11618	促成	他促成了這件事。	He helped bring this about.
11619	促成	多虧幾位朋友的幫忙,才促成了這次合作,大家都很高興。	It was thanks to some friends' help that this collaboration came about, and everyone is happy.
11620	削減	公司削減預算。	The company cut its budget.
11621	削減	為了度過難關,公司決定削減開銷,從減少辦公室用品開始。	To get through hard times, the company decided to cut expenses, starting with office supplies.
11622	嗚	他嗚嗚地哭了。	He sobbed.
11623	嗚	小狗受傷了,躺在角落嗚嗚叫,看起來很可憐。	The puppy was hurt and lay whimpering in the corner, looking pitiful.
11624	嫌	他嫌麻煩。	He thinks it's a hassle.
11625	嫌	弟弟總是嫌蔬菜不好吃,但為了健康,媽媽還是逼他吃一點。	My brother always complains vegetables taste bad, but for his health Mom makes him eat some.
11626	幼兒	幼兒需要人照顧。	Young children need care.
11627	幼兒	這個社區有專門給幼兒玩的遊戲區,爸媽可以放心陪著孩子玩。	This neighborhood has a play area for toddlers, where parents can accompany them with peace of mind.
11628	投機	他們聊得很投機。	They had a congenial chat.
11629	投機	有人靠投機賺了一大筆錢,但也有人因此賠光了家產。	Some made a fortune from speculation, while others lost everything.
11630	春季	春季天氣多變。	The weather is changeable in spring.
11631	春季	春季是賞花的好時節,陽明山的花季每年都吸引許多遊客。	Spring is a great season for flower viewing, and Yangmingshan's blossom season draws many visitors yearly.
11632	氏	王氏家族很大。	The Wang family is large.
11633	氏	天氣預報說明天最高溫三十五度,是攝氏三十五度喔。	The forecast says tomorrow's high is 35 degrees, that's 35 Celsius.
11634	物業	物業管理處在一樓。	The property management office is on the first floor.
11635	物業	社區的物業人員每天巡邏,讓住戶們住得很安心。	The community's property staff patrol every day, so residents live with peace of mind.
11636	稱讚	老師稱讚我。	The teacher praised me.
11637	稱讚	她得到主管的稱讚,開心得一整天都在笑。	She got praised by her manager and smiled happily all day.
11638	至此	事情至此,我也沒有別的辦法了。	Things have come to this, and I have no other options.
11639	至此	會議至此告一段落,謝謝大家今天的參與。	The meeting concludes here. Thank you all for participating today.
11640	調控	政府在調控物價。	The government is regulating prices.
11641	調控	冷氣系統會自動調控室內溫度,讓人在夏天也覺得舒服。	The air conditioning system automatically regulates indoor temperature, keeping people comfortable in summer.
11642	鄰	他是我的鄰居。	He is my neighbor.
11643	鄰	我們兩家是鄰居,從小就一起玩,關係跟親人一樣。	Our two families are neighbors and have played together since we were small, as close as relatives.
11644	首屆	這是首屆比賽。	This is the first competition.
11645	首屆	首屆文化節在市立公園舉行,吸引了上千位民眾參加。	The first culture festival was held at the city park and drew thousands of people.
11646	中將	他是一位中將。	He is a lieutenant general.
11647	中將	那位中將退休後,把時間都用在寫回憶錄和照顧孫子上。	After retiring, that lieutenant general spends his time on writing memoirs and caring for his grandchildren.
11648	信託	他把錢交給信託公司。	He entrusted his money to a trust company.
11649	信託	爺爺設立了信託,把財產留給孫子,等他們長大後才可以動用。	Grandpa set up a trust to leave property to his grandchildren, who can use it only when grown.
11650	分工	大家要分工合作。	Everyone should divide the work and cooperate.
11651	分工	我們分工很清楚,她負責買菜,我負責做菜,他負責洗碗。	Our division of labor is clear: she buys groceries, I cook, and he washes the dishes.
11652	可惡	這個人真可惡!	This guy is so hateful!
11653	可惡	可惡的小偷又把我的腳踏車偷走了,我氣得說不出話。	That detestable thief stole my bike again, and I was too angry to speak.
11654	地盤	這是他的地盤。	This is his turf.
11655	地盤	兩隻貓為了爭地盤打了起來,在院子裡叫了一整晚。	Two cats fought over territory and yowled in the yard all night.
11656	妮	她的小名叫妮妮。	Her nickname is Nini.
11657	岩	這裡有一塊大岩石。	There's a big rock here.
11658	岩	海邊的岩石被浪花拍打著,我們站在岩壁旁邊拍了很多照片。	Waves beat against the seaside rocks, and we took many photos beside the rock wall.
11659	恤	他穿著T恤。	He is wearing a T-shirt.
11660	恤	政府發放撫恤金,照顧受災家庭,幫助他們度過難關。	The government gave solatium payments to take care of affected families and help them through hardship.
11661	捏	媽媽捏了一個飯糰。	Mom shaped a rice ball.
11662	捏	他用手指捏了一下我的臉,說我最近變胖了。	He pinched my cheek with his fingers and said I've gotten chubby.
11663	敬	我敬你一杯。	I'll toast you.
11664	敬	學生要尊敬老師,老師也應該愛護學生,這樣才有好關係。	Students should respect teachers and teachers should care for students, for a good relationship.
11665	極力	他極力反對。	He strongly opposed.
11666	極力	老師極力推薦這本書,說對於學習歷史很有幫助。	The teacher strongly recommended this book, saying it helps in studying history.
11667	洋	他想去海洋玩。	He wants to go play in the ocean.
11668	洋	阿嬤說這種洋芋片太油了,不要吃太多,對身體不好。	Grandma says these potato chips are too oily and shouldn't be eaten much.
11669	牢	他被關進牢裡。	He was put in prison.
11670	牢	這扇門鎖得很牢,外面的人進不來,裡面的人也出不去。	This door is locked tight; people outside can't get in, nor can those inside get out.
11671	瞞	別瞞我。	Don't hide it from me.
11672	瞞	他把生病的事瞞著家人,直到不舒服得受不了才說出來。	He hid his illness from his family until he couldn't bear it and told them.
11673	細緻	她做事很細緻。	She works meticulously.
11674	細緻	這件衣服的繡工非常細緻,一針一線都看得出師傅的用心。	The embroidery on this garment is very delicate, and you can see the craftsman's care in each stitch.
11675	自學	他靠自學學會了日文。	He taught himself Japanese.
11676	自學	很多人透過網路影片自學吉他,只要每天練習就會進步。	Many people teach themselves guitar from online videos and improve with daily practice.
11677	訓	老師在訓學生。	The teacher is lecturing the student.
11678	訓	新進員工必須接受三天的職前訓練,才能正式上班。	New employees must take three days of pre-job training before starting officially.
11679	輪胎	輪胎沒氣了。	The tire is flat.
11680	輪胎	下大雨前,爸爸先把車子的輪胎檢查了一遍,確認安全才出門。	Before the heavy rain, Dad checked the car's tires first and left only after confirming safety.
11681	限定	數量限定。	Limited quantity.
11682	限定	這款咖啡是秋季限定,只到十一月底,想喝要趁早。	This coffee is autumn-only, available until the end of November, so drink it soon.
11683	騷亂	街上發生了騷亂。	A disturbance broke out on the street.
11684	騷亂	球賽結束後,球迷之間發生騷亂,警察趕到現場維持秩序。	After the game, a disturbance broke out among fans and police rushed to keep order.
11685	回覆	請盡快回覆。	Please reply as soon as possible.
11686	回覆	我昨天寄了信給客戶,今天還沒收到回覆,等一下要打電話問問。	I emailed the client yesterday and haven't received a reply, so I'll call to ask later.
11687	期末	期末要考試了。	Finals are coming.
11688	期末	期末考前一週,圖書館座位全滿,同學們都在拚命念書。	The week before finals, the library seats are all taken and students are studying hard.
11689	被壓著	我的手被壓著。	My hand is pinned.
11690	被壓著	他被壓著動不了,大家趕快合力把重物移開。	He was pinned and couldn't move, so everyone quickly moved the heavy object together.
11691	一年	一年有十二個月。	A year has twelve months.
11692	一年	我來台北已經一年了,慢慢習慣了這裡的生活節奏。	I've been in Taipei for a year now and have gradually gotten used to the pace of life here.
11693	伯父	伯父來我家吃飯。	My uncle came to my home for dinner.
11694	伯父	我的伯父在南部種田,每年過年都會寄一箱橘子給我們。	My uncle farms in the south and sends us a box of oranges every New Year.
11695	問題	老師，我有一個問題。	Teacher, I have a question.
11696	問題	冷氣一直滴水，可能是排水管出了問題。	The air conditioner keeps dripping; there may be a problem with the drain pipe.
11697	內	請在十天內回覆。	Please reply within ten days.
11698	內	教室內禁止飲食，違者將依校規處理。	No food or drink in the classroom; violators will be dealt with per school rules.
11699	組織	他在一家公益組織工作。	He works at a nonprofit organization.
11700	組織	班長組織大家一起辦畢業旅行，每個人都很期待。	The class president organized a graduation trip and everyone is looking forward to it.
11701	一直	我一直在等你的電話。	I've been waiting for your call.
11702	一直	一直往前走，到第二個路口左轉就到了。	Keep going straight, then turn left at the second intersection and you're there.
11703	總	他總是準時到公司。	He's always on time at the office.
11704	總	總的來說，這次活動辦得很成功，大家都很滿意。	All in all, the event went very well and everyone was satisfied.
11705	接受	我接受你的道歉。	I accept your apology.
11706	接受	醫生建議他接受手術，他想了兩天才決定。	The doctor advised him to have surgery, and it took him two days to decide.
11707	人類	人類需要乾淨的水。	Humans need clean water.
11708	人類	科學家希望新疫苗能幫助人類對抗這種疾病。	Scientists hope the new vaccine can help humanity fight this disease.
11709	投資	他投資了一家新創公司。	He invested in a startup.
11710	投資	我爸說投資有風險，所以只拿閒錢來買基金。	My dad says investing is risky, so he only puts spare money into funds.
11711	革命	這是一場科技革命。	This is a technological revolution.
11712	革命	歷史課本提到，辛亥革命推翻了清朝。	The history textbook says the Xinhai Revolution overthrew the Qing dynasty.
11713	旅遊	我喜歡去海邊旅遊。	I like to travel to the seaside.
11714	旅遊	暑假是旅遊旺季，機票和飯店都比平常貴很多。	Summer vacation is peak travel season, so flights and hotels cost a lot more than usual.
11715	些	請給我一些水。	Please give me some water.
11716	些	天氣冷了，你出門多穿一些，別感冒了。	It's getting cold; wear a bit more when you go out so you don't catch a cold.
11717	幫	可以幫我開門嗎？	Could you open the door for me?
11718	幫	朋友週末要搬家，我答應去幫忙搬東西。	A friend is moving this weekend and I promised to help carry things.
11719	看看	我先看看菜單。	Let me look at the menu first.
11720	看看	週末我想去新開的書店看看，說不定能挖到寶。	This weekend I want to check out the new bookstore; I might find a treasure.
11721	錯誤	這是個嚴重的錯誤。	This is a serious mistake.
11722	錯誤	我發現報告裡有幾個錯誤，已經請同事重新確認。	I found a few errors in the report and asked a colleague to recheck it.
11723	原則	這是我的原則。	This is my principle.
11724	原則	原則上，申請文件要在週五前交，但特殊情況可以延期。	In principle, application documents are due by Friday, but special cases may get an extension.
11725	業務	他在公司做業務。	He works in sales at the company.
11726	業務	最近業務很忙，我常常加班到很晚。	Business has been busy lately, and I often work overtime late into the night.
11727	通常	我通常七點起床。	I usually get up at seven.
11728	通常	週末通常人很多，所以我們都盡量平日去。	It's usually crowded on weekends, so we try to go on weekdays.
11729	假	這個包包是假的吧？	This bag is a fake, isn't it?
11730	假	下週我請了三天假，打算帶家人去南部走走。	I took three days off next week and plan to take my family down south.
11731	媽	我媽做的菜最好吃。	My mom's cooking is the best.
11732	媽	我阿姨剛生完小孩，我媽每天都去幫忙。	My aunt just had a baby, and my mom goes to help every day.
11733	明	房間很明亮。	The room is bright.
11734	明	請在申請表上註明聯絡電話，方便我們通知您。	Please note your phone number on the application form so we can contact you.
11735	老婆	我老婆在煮飯。	My wife is cooking.
11736	老婆	他每天下班就回家陪老婆孩子，很少應酬。	He goes straight home after work to be with his wife and kids and rarely socializes.
11737	隊伍	買票的隊伍很長。	The ticket line is long.
11738	隊伍	球迷的隊伍從體育館門口排到了馬路對面。	The fans' line stretched from the stadium entrance to the other side of the road.
11739	反映	這個數字反映了真實情況。	This figure reflects the real situation.
11740	反映	這份問卷反映出大家對新制度的不滿。	This questionnaire reflects everyone's dissatisfaction with the new system.
11741	強大	這支球隊很強大。	This team is very strong.
11742	強大	她內心很強大，再大的壓力也撐得住。	She's inwardly strong and can withstand even great pressure.
11743	正義	我們要伸張正義。	We must uphold justice.
11744	正義	判決出來之後，大家都覺得正義終於得到了伸張。	After the verdict, everyone felt justice had finally been served.
11745	裝	我在包包裡裝了一瓶水。	I put a bottle of water in my bag.
11746	裝	老闆要我把剩下的貨裝箱，下午再寄出去。	The boss wants me to box up the remaining goods and ship them this afternoon.
11747	事故	路口發生了事故。	An accident happened at the intersection.
11748	事故	昨晚高速公路發生連環事故，造成大塞車。	A pile-up on the freeway last night caused a huge traffic jam.
11749	啟動	電腦正在啟動。	The computer is starting up.
11750	啟動	政府啟動了新的補助計畫，幫助小店度過難關。	The government launched a new subsidy program to help small shops through tough times.
11751	廳	我們在大廳等你。	We'll wait for you in the lobby.
11752	廳	這家咖啡廳的環境很安靜，很適合念書。	This cafe is quiet and perfect for studying.
11753	歌	她很會唱歌。	She sings well.
11754	歌	這首歌很好聽，我每天上班都會聽。	This song is lovely; I listen to it every day on my way to work.
11755	簡稱	台灣大學簡稱台大。	National Taiwan University is abbreviated as NTU.
11756	簡稱	公司全名太長了，大家都用簡稱叫它。	The company's full name is too long, so everyone uses its short name.
11757	費	上網費很貴。	Internet fees are expensive.
11758	費	學校免收報名費，但交通費要自己負擔。	The school waives the registration fee, but you cover your own transportation costs.
11759	不得不	我不得不早點出門。	I have to leave home earlier.
11760	不得不	雨下得太大，我們不得不取消露營的計畫。	It rained too hard, so we had no choice but to cancel the camping trip.
11761	呈現	結果呈現在大家面前。	The results were presented before everyone.
11762	呈現	這份報告用圖表呈現數據，讓人一目了然。	This report presents the data in charts, making it clear at a glance.
11763	後果	後果很嚴重。	The consequences are serious.
11764	後果	不先檢查就上路，後果可能不堪設想。	Hitting the road without checking first could have unthinkable consequences.
11765	歌曲	這是一首經典歌曲。	This is a classic song.
11766	歌曲	她的新專輯收錄了十二首歌曲，每一首都很動人。	Her new album has twelve songs, each one moving.
11767	等於	二加三等於五。	Two plus three equals five.
11768	等於	不回覆就等於拒絕，所以我還是先回他一下比較好。	Not replying amounts to refusing, so I'd better answer him first.
11769	車輛	這條路禁止車輛通行。	Vehicles are not allowed on this road.
11770	車輛	違規停放的車輛會被拖吊，請大家注意。	Illegally parked vehicles will be towed; please take note.
11771	主流	這種音樂不是主流。	This kind of music isn't mainstream.
11772	主流	現在主流的手機都有防水功能，價格也不貴。	Mainstream phones today are waterproof and not expensive.
11773	判決	法院作出了判決。	The court issued a judgment.
11774	判決	法院昨天宣布判決，被告被判有罪。	The court announced its verdict yesterday, and the defendant was found guilty.
11775	外匯	他在銀行換外匯。	He's exchanging foreign currency at the bank.
11776	外匯	出國前，我到銀行的外匯櫃檯換日圓。	Before going abroad, I changed yen at the bank's foreign exchange counter.
11777	廣	這條馬路很寬廣。	This road is very wide.
11778	廣	這部電影在網路上廣受好評，連長輩也看過。	This movie is widely acclaimed online, and even the older generation has seen it.
11779	擺脫	我想擺脫壞習慣。	I want to get rid of bad habits.
11780	擺脫	他花了兩年才擺脫失敗的陰影，重新出發。	It took him two years to shake off the shadow of failure and start afresh.
11781	測量	請測量一下體溫。	Please take your temperature.
11782	測量	工人在工地測量土地，準備蓋新的大樓。	Workers are surveying the land at the site, getting ready to build a new tower.
11783	精彩	比賽很精彩。	The match is exciting.
11784	精彩	昨晚的演唱會很精彩，大家一直跟著唱到最後。	Last night's concert was brilliant, and everyone sang along to the very end.
11785	說出	他說出了心裡話。	He spoke his mind.
11786	說出	她終於鼓起勇氣說出真相，大家都鬆了一口氣。	She finally gathered the courage to tell the truth, and everyone breathed a sigh of relief.
11787	重複	請不要重複問題。	Please don't repeat the question.
11788	重複	這份名單有重複的名字，請你再檢查一次。	This list has duplicate names; please check again.
11789	依舊	她依舊住在老家。	She still lives in her family home.
11790	依舊	十年過去了，那間早餐店的味道依舊沒變。	Ten years have passed, and that breakfast shop tastes just the same.
11791	另一方面	另一方面，我也有顧慮。	On the other hand, I have concerns too.
11792	另一方面	這款手機功能強大，但另一方面，價格也比同類產品貴不少。	This phone is powerful, but on the other hand it costs quite a bit more than similar ones.
11793	對立	兩邊的意見對立。	The two sides' opinions are opposed.
11794	對立	兩派人馬長期對立，讓會議很難有結論。	The two camps have long been at odds, making it hard for meetings to reach conclusions.
11795	推行	學校推行新制度。	The school is implementing a new system.
11796	推行	政府推行垃圾分類已經很多年，現在大家都習慣了。	The government has promoted waste sorting for years, and everyone is used to it now.
11797	沒事	沒事，不用擔心。	It's nothing; don't worry.
11798	沒事	你沒事吧？剛剛看你臉色不太好。	Are you okay? You looked pale just now.
11799	短期	這是短期工作。	This is a short-term job.
11800	短期	我只打算短期住在這裡，所以先租一間小套房。	I only plan to live here short-term, so I rented a small studio.
11801	若干	會議前請先準備若干資料。	Please prepare some materials before the meeting.
11802	若干	我們已經收到若干客人的意見，會在下次調整時參考。	We've received comments from a number of customers and will consider them in the next adjustment.
11803	過於	他過於緊張了。	He's overly nervous.
11804	過於	不要過於擔心，事情通常沒有你想的那麼糟。	Don't worry too much; things are usually not as bad as you think.
11805	不許	教室裡不許吃東西。	No eating in the classroom.
11806	不許	媽媽不許我太晚回家，所以我十點前一定回去。	Mom doesn't allow me home too late, so I'll definitely be back before ten.
11807	制服	警察很快制服了小偷。	The police quickly subdued the thief.
11808	制服	保全人員在大家的協助下，順利制服了闖進來的男子。	With everyone's help, security successfully subdued the man who barged in.
11809	在乎	我不在乎這些。	I don't care about these.
11810	在乎	她很在乎朋友的感受，所以說話總是很小心。	She cares a lot about her friends' feelings, so she's always careful with her words.
11811	導師	我的導師很親切。	My tutor is very kind.
11812	導師	大學的導師會幫學生規劃課程，也會聽學生談煩惱。	University advisors help students plan courses and listen to their worries.
11813	所得	這是我辛苦工作的所得。	This is what I gained from hard work.
11814	所得	每年五月都要申報所得稅，大家都忙著準備資料。	Every May income tax must be filed and everyone is busy preparing documents.
11815	會談	兩國領袖將舉行會談。	The two countries' leaders will hold talks.
11816	會談	雙方的會談持續了三個小時，最後達成初步共識。	The talks between both sides lasted three hours and reached a preliminary consensus.
11817	添加	請添加一點糖。	Please add a bit of sugar.
11818	添加	這款飲料不添加人工色素和防腐劑，喝起來比較安心。	This drink has no artificial coloring or preservatives, so it feels safer.
11819	畢業生	他是今年的畢業生。	He's this year's graduate.
11820	畢業生	畢業生代表上台致詞，感謝老師和家人的栽培。	The graduate representative gave a speech thanking teachers and family for their nurturing.
11821	簽名	請在這裡簽名。	Please sign here.
11822	簽名	粉絲排了兩小時的隊，就為了拿到歌手的簽名。	Fans queued for two hours just to get the singer's autograph.
11823	血液	血液流遍全身。	Blood flows through the whole body.
11824	血液	捐血可以幫助需要血液的病人，所以我每年都去捐。	Donating blood helps patients who need it, so I give every year.
11825	這時	這時電話響了。	At this moment the phone rang.
11826	這時	我正要出門，這時天空突然下起了大雨。	I was about to leave, and at that moment it suddenly started pouring.
11827	頭腦	他頭腦很清楚。	He has a clear mind.
11828	頭腦	她頭腦很靈活，不管遇到什麼問題都能找到辦法。	She's quick-witted and can find a way around any problem.
11829	交談	他們在小聲交談。	They are talking quietly.
11830	交談	兩人交談了一整晚，才發現彼此有這麼多共同點。	The two talked all night and found they had so much in common.
11831	利率	銀行調整了利率。	The bank adjusted its interest rate.
11832	利率	央行升息後，房貸利率也跟著調高。	After the central bank raised rates, mortgage rates went up too.
11833	圖案	這件衣服的圖案很可愛。	The pattern on this shirt is cute.
11834	圖案	窗簾上的圖案是一朵朵小花，看起來很溫馨。	The curtain pattern is little flowers and looks cozy.
11835	專注	請專注聽講。	Please listen attentively.
11836	專注	他做事很專注，一坐下來就是兩三個小時。	He's very focused; once he sits down he's at it for two or three hours.
11837	戰鬥機	戰鬥機飛過天空。	A fighter jet flew across the sky.
11838	戰鬥機	空軍的戰鬥機清晨從基地起飛，進行例行巡邏。	The air force's fighter jets took off from the base at dawn for a routine patrol.
11839	春秋	春秋兩季天氣最舒服。	Spring and autumn have the most comfortable weather.
11840	春秋	台灣的春秋季節很短，常常一下子就進入夏天或冬天。	Spring and autumn are short in Taiwan and quickly turn into summer or winter.
11841	深夜	深夜十二點了。	It's midnight.
11842	深夜	深夜的便利商店還亮著燈，成了很多人的避風港。	Convenience stores still lit at deep night are a refuge for many.
11843	省份	中國有很多省份。	China has many provinces.
11844	省份	這本書介紹了中國各個省份的風土民情。	This book introduces the local customs of China's various provinces.
11845	老大	我是家裡的老大。	I'm the eldest child in my family.
11846	老大	我是老大，從小就要照顧弟弟妹妹。	I'm the eldest and have looked after my younger siblings since childhood.
11847	諸	諸位同學請注意。	Students, attention please.
11848	諸	他說過的話，諸如守時和誠實，我到現在都還記得。	I still remember what he said, such as being punctual and honest.
11849	電梯	電梯在左邊。	The elevator is on the left.
11850	電梯	電梯故障了，我只好爬樓梯上十樓。	The elevator broke, so I had to climb the stairs to the tenth floor.
11851	中級	我報名了中級班。	I signed up for the intermediate class.
11852	中級	我的中文已經到中級了，可以看簡單的新聞。	My Chinese is at the intermediate level and I can read simple news.
11853	內褲	這包內褲有三件。	This pack has three pairs of underwear.
11854	內褲	出遠門要多帶幾件內褲和襪子，避免不夠換。	Bring extra underwear and socks on long trips so you don't run out.
11855	即時	請即時回覆。	Please reply promptly.
11856	即時	這個App會即時顯示公車到站的時間，很方便。	This app shows bus arrival times in real time, which is handy.
11857	堡	他們住在一座古老的城堡裡。	They live in an ancient castle.
11858	堡	我中午在速食店點了一份漢堡和一杯冰紅茶。	At lunch I ordered a burger and an iced black tea at the fast-food place.
11859	寫道	他在信中寫道，一切都好。	He wrote in the letter that all is well.
11860	寫道	她在日記中寫道，今天是她這輩子最開心的一天。	She wrote in her diary that today was the happiest day of her life.
11861	性愛	這本書討論現代人的性愛觀念。	This book discusses modern people's views on sex.
11862	性愛	專家指出，健康的性愛關係必須建立在尊重與溝通之上。	Experts say a healthy intimate relationship must be built on respect and communication.
11863	摔	他不小心摔了一跤。	He accidentally took a fall.
11864	摔	我的手機從桌上摔到地上，螢幕裂了。	My phone fell off the desk, and the screen cracked.
11865	有益	運動有益健康。	Exercise is good for your health.
11866	有益	多喝水對身體有益，尤其是在天氣熱的時候。	Drinking more water is good for you, especially when it's hot.
11867	法西斯	他反對法西斯。	He opposes fascism.
11868	法西斯	二戰時，法西斯政權造成了很大的災難。	In World War II, fascist regimes caused enormous disaster.
11869	狠	他對自己很狠。	He's tough on himself.
11870	狠	老闆把價格砍得太狠，我們根本沒利潤。	The boss cut the price too ruthlessly, leaving us no profit at all.
11871	粗	這根繩子很粗。	This rope is thick.
11872	粗	這家麵店的麵條很粗，吃起來特別有嚼勁。	This noodle shop's noodles are thick and especially chewy.
11873	血腥	這部電影太血腥了。	This movie is too bloody.
11874	血腥	新聞畫面太血腥，電視台決定打上馬賽克。	The news footage was too bloody, so the station pixelated it.
11875	路徑	檔案路徑輸入錯了。	The file path was entered wrong.
11876	路徑	導航軟體幫我們找出一條最快的路徑，避開了塞車路段。	The navigation app found us the fastest route, avoiding the jammed sections.
11877	長久	這不是長久的辦法。	This isn't a lasting solution.
11878	長久	想要長久的友誼，彼此都要互相體諒。	For a lasting friendship, both sides must be considerate of each other.
11879	高效	這個方法很高效。	This method is very efficient.
11880	高效	他的工作方式高效，常常提早完成任務。	He works efficiently and often finishes tasks early.
11881	來得	他今天來得特別早。	He came especially early today.
11882	來得	現在出門還來得及，我們快走吧。	If we leave now we're still in time; let's go.
11883	列舉	請列舉三個例子。	Please list three examples.
11884	列舉	文章裡列舉了許多數據，說明少子化的影響。	The article lists a lot of data to show the effects of the falling birth rate.
11885	嘴巴	他張大嘴巴。	He opened his mouth wide.
11886	嘴巴	小孩的嘴巴很甜，一直叫我阿姨，讓我好開心。	The kid has a sweet mouth and kept calling me auntie, which made me happy.
11887	嫩	豆腐很嫩。	The tofu is tender.
11888	嫩	這塊牛排煎得剛剛好，吃起來又嫩又多汁。	This steak is cooked just right, tender and juicy.
11889	幼稚	他的行為很幼稚。	His behavior is childish.
11890	幼稚	你都幾歲了，還這麼幼稚，吵不贏就生氣。	How old are you? So childish, getting mad when you lose an argument.
11891	抬	請幫我抬桌子。	Please help me lift the table.
11892	抬	兩個人一起把沙發抬上了三樓。	Two people carried the sofa up to the third floor together.
11893	晉升	他被晉升為經理。	He was promoted to manager.
11894	晉升	她表現優異，兩年內就晉升為部門主管。	She performed excellently and was promoted to department head within two years.
11895	民政	他在民政局工作。	He works at the Civil Affairs Bureau.
11896	民政	民政單位負責戶籍登記和結婚登記等業務。	The civil affairs office handles household and marriage registration.
11897	犬	導盲犬正在帶路。	The guide dog is leading the way.
11898	犬	這隻犬很聰明，主人說什麼指令牠都聽得懂。	This dog is smart and understands whatever commands its owner gives.
11899	穴	山壁上有個洞穴。	There's a cave in the cliff.
11900	穴	按摩這個穴位，可以緩解頭痛。	Massaging this acupuncture point can relieve headaches.
11901	與會	全體主管都要與會。	All supervisors must attend the meeting.
11902	與會	與會人員包括各部門代表，會議預計進行兩個小時。	Attendees include representatives from each department, and the meeting is expected to last two hours.
11903	調解	警察出面調解。	The police stepped in to mediate.
11904	調解	鄰居之間的糾紛，可以先找里長調解。	For disputes between neighbors, you can first ask the borough chief to mediate.
11905	配件	手機配件很多。	There are many phone accessories.
11906	配件	這台腳踏車的配件壞了，我要去店裡換新的。	A part of this bike broke, so I'm going to the shop to get a new one.
11907	首度	他首度來台灣。	He's visiting Taiwan for the first time.
11908	首度	這位歌手首度來台灣開演唱會，門票一小時就賣光了。	This singer is giving a concert in Taiwan for the first time, and tickets sold out in an hour.
11909	中年	他已經中年了。	He's already middle-aged.
11910	中年	人到中年，工作和家庭的壓力都很大。	By middle age, the pressure from work and family is heavy.
11911	信賴	我很信賴他。	I trust him a lot.
11912	信賴	客戶的信賴，是這家公司最重要的資產。	Customers' trust is this company's most important asset.
11913	加重	病情加重了。	The illness has worsened.
11914	加重	天氣變冷，爺爺的咳嗽也加重了，要趕快去看醫生。	As the weather turned cold, Grandpa's cough got worse, so he needs to see a doctor quickly.
11915	吵架	他們在吵架。	They're arguing.
11916	吵架	我和室友為了小事吵架，後來互相道歉就和好了。	My roommate and I argued over a small thing, then apologized and made up.
11917	墊	我在椅子上放了一個坐墊。	I put a cushion on the chair.
11918	墊	他先墊了一百塊給我，說下次再還他。	He covered a hundred dollars for me first, and I'll pay him back next time.
11919	定居	他想定居台灣。	He wants to settle in Taiwan.
11920	定居	她在國外讀書結婚後，決定回台灣定居。	After studying and marrying abroad, she decided to return and settle in Taiwan.
11921	廠家	這個廠家很有名。	This manufacturer is well known.
11922	廠家	我買的洗衣機壞了，打電話給廠家，他們很快派人來修。	My washing machine broke, and when I called the manufacturer they quickly sent someone to repair it.
11923	所致	這是疲勞所致。	This is caused by fatigue.
11924	所致	這次停電是設備老舊所致，現在已經修好了。	This power outage was caused by aging equipment and has now been fixed.
11925	搖滾	我喜歡搖滾樂。	I like rock music.
11926	搖滾	這支搖滾樂團的現場演出很熱血，觀眾都跟著大喊。	This rock band's live show is fiery, and the audience shouts along.
11927	晚飯	我們吃晚飯吧。	Let's have dinner.
11928	晚飯	今天的晚飯是媽媽煮的咖哩，全家人都吃了兩碗。	Tonight's dinner was Mom's curry, and everyone had two bowls.
11929	欄目	報紙有美食欄目。	The newspaper has a food column.
11930	欄目	這份雜誌新增了一個介紹老店的欄目，很受讀者歡迎。	This magazine added a column introducing old shops, popular with readers.
11931	源頭	河流的源頭在山上。	The source of the river is in the mountains.
11932	源頭	解決問題要從源頭開始，光處理表面是沒用的。	Solve problems from the source; handling only the surface is useless.
11933	生殖	魚類大多在春天生殖。	Most fish reproduce in spring.
11934	生殖	生物課介紹了植物的生殖方式，有的靠種子，有的靠分裂。	Biology class covered how plants reproduce, some by seeds and some by division.
11935	科學技術	科學技術進步很快。	Science and technology advance quickly.
11936	科學技術	科學技術的發展，讓我們的生活變得越來越方便。	The development of science and technology makes our lives increasingly convenient.
11937	罷免	選民想罷免議員。	Voters want to recall the councilor.
11938	罷免	罷免案需要足夠的連署，才能進入下一個程序。	A recall motion needs enough signatures to proceed to the next stage.
11939	蠢	我做了一件蠢事。	I did something stupid.
11940	蠢	他覺得自己太蠢，竟然被詐騙集團騙走了存款。	He felt so foolish for being cheated out of his savings by a scam ring.
11941	貶值	新台幣貶值了。	The NT dollar has depreciated.
11942	貶值	通貨膨脹會讓錢貶值，所以大家才想辦法投資。	Inflation devalues money, which is why people find ways to invest.
11943	醫學院	她就讀醫學院。	She attends medical school.
11944	醫學院	醫學院的課很多，學生常常在圖書館讀到半夜。	Med school has many classes, and students often study in the library till midnight.
11945	額度	信用卡額度不夠。	The credit card limit isn't enough.
11946	額度	我的信用卡額度只有五萬元，所以不敢買太貴的東西。	My credit card limit is only fifty thousand dollars, so I don't dare buy anything too pricey.
11947	介意	你介意我坐這裡嗎？	Do you mind if I sit here?
11948	介意	別介意，他只是開玩笑，不是故意要讓你難過。	Don't take offense; he was only joking and didn't mean to upset you.
11949	想起來	我想起來了。	I remembered.
11950	想起來	我想起來了，昨天忘了關窗戶，趕快回家看看。	I remembered I forgot to close the window yesterday; I'm rushing home to check.
11951	筆電	我帶筆電去咖啡店。	I take my laptop to the cafe.
11952	筆電	我的筆電電池不太行，充飽電只能用兩個小時。	My laptop's battery is weak and lasts only two hours on a full charge.
11953	長輩	要尊敬長輩。	Respect your elders.
11954	長輩	過年時，晚輩會向長輩拜年，長輩則發紅包。	At New Year the young pay respects to elders, who give red envelopes.
11955	米酒	煮菜要加米酒。	Add rice wine when cooking.
11956	米酒	薑母鴨裡一定要加米酒，才能蓋掉腥味。	Ginger duck must have rice wine to cover the gamey smell.
11957	我們	我們明天一起去爬山吧。	Let's go hiking together tomorrow.
11958	我們	我們公司下個月要搬到新的辦公室。	Our company is moving to a new office next month.
11959	過	過馬路要小心。	Be careful when crossing the road.
11960	過	今年中秋節我們在外婆家過。	This year we spent the Mid-Autumn Festival at Grandma's.
11961	人民	人民有表達意見的自由。	The people have the freedom to express their opinions.
11962	人民	政府應該傾聽人民的聲音。	The government should listen to the voice of the people.
11963	學生	這間教室有三十個學生。	There are thirty students in this classroom.
11964	學生	學生憑學生證可以半價入場。	Students get half-price admission with a student ID.
11965	市場	我媽早上去市場買菜。	My mom goes to the market in the morning to buy vegetables.
11966	市場	傳統市場的水果新鮮又便宜，我常常去逛。	Fruit at the traditional market is fresh and cheap, so I often go browse.
11967	事情	我有事情要跟你說。	I have something to tell you.
11968	事情	事情已經過去了，你就別再放在心上了。	It's over now, so don't keep dwelling on it.
11969	管理	她負責管理公司的帳目。	She is in charge of managing the company's accounts.
11970	管理	好的時間管理能讓你的工作更有效率。	Good time management makes your work more efficient.
11971	嚴重	他的病情很嚴重。	His illness is serious.
11972	嚴重	這次颱風造成的災情相當嚴重，不少地區停水停電。	The typhoon caused severe damage, with many areas losing water and power.
11973	群眾	廣場上聚集了許多群眾。	A large crowd gathered in the square.
11974	群眾	演唱會結束後，群眾慢慢散去，現場恢復安靜。	After the concert, the crowd slowly dispersed and the venue went quiet.
11975	土地	這片土地很肥沃。	This land is very fertile.
11976	土地	爺爺一輩子都在這塊土地上種田，從沒離開過。	Grandpa farmed this piece of land his whole life and never left.
11977	綜合	我最愛吃綜合水果。	I love mixed fruit the most.
11978	綜合	大家的意見經過綜合整理後，老師才決定下一步。	After everyone's opinions were summarized, the teacher decided what to do next.
11979	和平	大家都希望世界和平。	Everyone hopes for world peace.
11980	和平	兩國代表坐下來談判，希望能和平解決問題。	Representatives of both countries sat down to negotiate, hoping for a peaceful solution.
11981	最好	你最好帶件外套。	You'd better bring a jacket.
11982	最好	明天要考試，今天最好早點睡，不要熬夜。	There's a test tomorrow, so it's best to sleep early and not stay up.
11983	花	我買了一束花送媽媽。	I bought a bouquet of flowers for Mom.
11984	花	這個月我花了太多錢，得開始省一點。	I spent too much this month and need to start saving.
11985	令	我們需要兩令影印紙。	We need two reams of copy paper.
11986	令	辦公室剛訂了五令A4紙，大約下週會送到。	The office just ordered five reams of A4 paper, arriving around next week.
11987	幾	他說的話幾乎都是真的。	Almost everything he said is true.
11988	幾	這個月我幾近天天加班，週末也沒休息。	This month I worked overtime almost every day and didn't rest on weekends either.
11989	糰	我早餐吃了一個飯糰。	I had a rice ball for breakfast.
11990	糰	冬至那天，我們全家一起搓湯糰，吃得很開心。	On the winter solstice, our whole family rolled glutinous rice balls and had a great time eating.
11991	類似	我也遇過類似的事。	I've run into something similar.
11992	類似	這家餐廳的菜色和我家附近那家類似，但味道更清淡。	The dishes here are similar to the restaurant near my home, but milder in taste.
11993	去年	去年冬天特別冷。	Last winter was especially cold.
11994	去年	我去年開始學游泳，現在已經可以游五十公尺了。	I started learning to swim last year and can now swim fifty meters.
11995	懂	我聽不懂。	I don't understand.
11996	懂	你說得這麼快，我根本沒辦法懂你在說什麼。	You speak so fast that I can't understand what you're saying at all.
11997	熱	今天好熱。	It's so hot today.
11998	熱	湯還很熱，小心不要燙到舌頭。	The soup is still hot, so be careful not to burn your tongue.
11999	詞	這個詞怎麼唸？	How do you pronounce this word?
12000	詞	這首歌的詞寫得很美，聽了讓人想起家鄉。	The lyrics of this song are beautiful and remind you of home.
12001	鼓勵	老師常常鼓勵我們。	The teacher often encourages us.
12002	鼓勵	謝謝你一直鼓勵我，我才有勇氣去參加比賽。	Thanks for always encouraging me. That's why I had the courage to enter the competition.
12003	太陽	太陽出來了。	The sun has come out.
12004	太陽	夏天中午的太陽很大，出門一定要擦防曬乳。	The midday sun is strong in summer, so always wear sunscreen out.
12005	投票	明天是投票日。	Tomorrow is election day.
12006	投票	不管多忙，我都會抽空去投票，因為這是我的權利。	No matter how busy I am, I make time to vote because it's my right.
12007	瘋狂	他們真是瘋狂的粉絲。	They're really crazy fans.
12008	瘋狂	演唱會門票一開賣，瘋狂的粉絲就擠爆了網站。	When concert tickets went on sale, frenzied fans crashed the website.
12009	酒店	警方昨晚臨檢一家酒店，沒有發現違法情事。	Police inspected a hostess club last night and found nothing illegal.
12010	公路	這條公路很長。	This highway is very long.
12011	公路	我們開車沿著海岸公路走，沿途風景很漂亮。	We drove along the coastal highway, and the scenery on the way was beautiful.
12012	天天	我天天都喝水。	I drink water every day.
12013	天天	他天天早起運動，所以身體一直很健康。	He exercises early every day, so he's always been healthy.
12014	授權	老闆授權我簽約。	The boss authorized me to sign the contract.
12015	授權	未經授權，不得使用本網站的圖片和文字。	Without authorization, the images and text on this site may not be used.
12016	牛	農場裡有很多牛。	There are many cows on the farm.
12017	牛	爺爺家養了幾頭牛，每天早上都要去擠牛奶。	Grandpa keeps a few cattle and has to milk them every morning.
12018	自殺	新聞呼籲大家多關心身邊的人，預防自殺。	The news urged everyone to care more about those around them to prevent suicide.
12019	自殺	自殺防治專線二十四小時都有人接聽，需要幫助時請撥打。	The suicide prevention hotline is staffed 24 hours. Please call when you need help.
12020	邏輯	他說話很有邏輯。	He speaks very logically.
12021	邏輯	這個故事的邏輯有問題，前面和後面根本對不起來。	There's a logic flaw in this story, because the beginning and the end don't match.
12022	停	車子停在路邊。	The car is parked by the road.
12023	停	雨一直下，到了下午三點才終於停。	The rain kept falling and finally stopped around three in the afternoon.
12024	子女	他有兩個子女。	He has two children.
12025	子女	許多父母為了子女的教育，願意犧牲自己的休閒時間。	Many parents are willing to sacrifice their leisure time for their children's education.
12026	接著	你先說，我接著說。	You go first, and I'll go next.
12027	接著	先把蔥爆香，接著放入絞肉，翻炒到變色為止。	First sauté the scallions, then add the minced meat and stir-fry until it changes color.
12028	獲取	他獲取了不少經驗。	He gained a lot of experience.
12029	獲取	網站要求用戶授權後，才能獲取他們的位置資訊。	The website can only obtain users' location data after they grant permission.
12030	藝術家	那位藝術家住在山上。	That artist lives in the mountains.
12031	藝術家	這位藝術家用回收的塑膠瓶做出了一件大型作品。	This artist made a large artwork out of recycled plastic bottles.
12032	障礙	路上有障礙物。	There's an obstacle on the road.
12033	障礙	語言不通是他在國外生活的最大障礙。	The language barrier was his biggest obstacle to living abroad.
12034	例子	請舉一個例子。	Please give an example.
12035	例子	這個例子說明了小細節也可能影響大結果。	This example shows that small details can affect big outcomes.
12036	反正	反正我也沒事。	Anyway, I have nothing to do.
12037	反正	你不用買，反正家裡還有很多，想吃就拿。	You don't need to buy any. There's plenty at home anyway, so help yourself.
12038	客	這家店的客人很多。	This shop has a lot of customers.
12039	客	我點了一客牛排，附湯和飲料。	I ordered a steak set, with soup and a drink.
12040	情形	當時的情形很混亂。	The situation back then was chaotic.
12041	情形	這種情形在台灣很少見，一旦發生就會上新聞。	This kind of situation is rare in Taiwan and makes the news when it happens.
12042	最初	最初我也不相信。	At first I didn't believe it either.
12043	最初	最初這間店只賣早餐，後來才開始賣午餐和晚餐。	At first this shop only sold breakfast, and later it began selling lunch and dinner.
12044	環	把門環扣好。	Fasten the door ring.
12045	環	這家店的環境很舒適，我們坐了一個下午。	The environment in this shop is comfortable, and we stayed all afternoon.
12046	脫	進門請脫鞋。	Please take off your shoes at the door.
12047	脫	天氣太熱，他把外套脫下來，掛在椅背上。	It was so hot that he took off his jacket and hung it on the chair.
12048	輸入	請輸入你的密碼。	Please enter your password.
12049	輸入	輸入電話號碼時要小心，打錯一個數字就聯絡不到人了。	Be careful when entering a phone number, since one wrong digit means you can't reach them.
12050	魔	小孩怕魔鬼。	Children are afraid of demons.
12051	魔	街頭藝人表演魔術，把一張紙變成了一朵花。	The street performer did a magic trick and turned a piece of paper into a flower.
12052	創意	她的創意很特別。	Her idea is very original.
12053	創意	這間咖啡店用創意十足的擺設，吸引了很多年輕客人。	This café attracts many young customers with its highly creative decor.
12054	女友	他的女友很漂亮。	His girlfriend is pretty.
12055	女友	為了給女友一個驚喜，他偷偷訂了一間海邊的餐廳。	To surprise his girlfriend, he secretly booked a restaurant by the sea.
12056	技巧	畫畫要靠技巧。	Drawing relies on technique.
12057	技巧	說話的技巧很重要，同樣的意思換個方式講，效果就不同。	Speaking skills matter. The same meaning said differently has a different effect.
12058	權威	他是這個領域的權威。	He's an authority in this field.
12059	權威	這份報告是由權威機構發布的，內容十分可信。	This report was released by an authoritative organization, so it is very credible.
12060	發動機	這輛車的發動機有問題。	There's a problem with this car's engine.
12061	發動機	師傅檢查了一下發動機，說只是火星塞壞掉而已。	The mechanic checked the engine and said it was just a faulty spark plug.
12062	美食	台灣有很多美食。	Taiwan has a lot of delicious food.
12063	美食	每到假日，這條老街都擠滿了來品嘗各種美食的遊客。	On holidays this old street is packed with tourists tasting all kinds of delicacies.
12064	贊	我贊成你的想法。	I approve of your idea.
12065	贊	這間公司贊助了本次馬拉松，所以每位選手都拿到一件T恤。	This company sponsored the marathon, so every runner got a T-shirt.
12066	高層	他住在大樓的高層。	He lives on a high floor of the building.
12067	高層	公司高層昨天開了緊急會議，討論如何處理這個危機。	Company executives held an emergency meeting yesterday to discuss how to handle this crisis.
12068	儀器	實驗室有很多儀器。	The lab has many instruments.
12069	儀器	使用這些精密儀器前，請先閱讀操作手冊。	Before using these precision instruments, please read the manual.
12070	否定	他否定了這個說法。	He rejected this claim.
12071	否定	不要一開始就否定別人的想法，先聽完再說。	Don't dismiss others' ideas at first. Hear them out first.
12072	存	我每個月存一點錢。	I save a little money every month.
12073	存	這份檔案請存在雲端，才不會電腦壞掉就不見。	Please save this file in the cloud so it won't be lost if the computer breaks.
12074	惡化	他的病情惡化了。	His condition worsened.
12075	惡化	空氣品質不斷惡化，不少民眾出門都戴上口罩。	Air quality keeps worsening, and many people wear masks outdoors.
12076	新鮮	這些蔬菜很新鮮。	These vegetables are very fresh.
12077	新鮮	早上剛捕的魚特別新鮮，所以生魚片的價格比較高。	Fish caught this morning is extra fresh, so the sashimi is pricier.
12078	永久	這裡禁止永久停車。	No permanent parking here.
12079	永久	這筆捐款會被用來建立永久的獎學金，幫助更多學生。	This donation will be used to create a permanent scholarship to help more students.
12080	獨裁	他是獨裁者。	He's a dictator.
12081	獨裁	歷史課本提到，獨裁統治下的人民往往沒有言論自由。	History textbooks say people under dictatorship often lack freedom of speech.
12082	程	這個程序很簡單。	This procedure is simple.
12083	程	旅遊的行程排得太滿，結果大家都累壞了。	The travel itinerary was too packed, and everyone ended up exhausted.
12084	自願	我是自願來幫忙的。	I came to help voluntarily.
12085	自願	本次活動採自願報名，沒有任何強迫。	Sign-ups for this event are voluntary, with no compulsion.
12086	起義	農民起義反抗統治。	Farmers staged an uprising against the rulers.
12087	起義	歷史上有許多起義，都是因為人民再也無法忍受不公平的對待。	History has many uprisings because people could no longer tolerate unfair treatment.
12088	陸	支票上的金額寫著「陸仟元」。	The check's amount reads "six thousand dollars" in formal numerals.
12089	陸	收據上的大寫數字「陸」代表六，是為了防止別人亂改。	The formal numeral 陸 on a receipt stands for six, to prevent tampering.
12090	上周	上周我感冒了。	I caught a cold last week.
12091	上周	上周開會時，老闆提到今年的業績比去年好很多。	At last week's meeting the boss said this year's performance is much better than last year's.
12092	全力	我會全力支持你。	I'll support you fully.
12093	全力	隊員們全力衝刺，終於在最後一刻追上了對手。	The players sprinted with all their might and finally caught up at the last moment.
12094	唱歌	我喜歡唱歌。	I like singing.
12095	唱歌	週末朋友約我去KTV唱歌，大家玩到半夜才回家。	On the weekend friends invited me to sing at KTV, and we played until midnight.
12096	孫	他有兩個孫子。	He has two grandsons.
12097	孫	阿公最疼孫子，每次都偷偷給他們零用錢。	Grandpa dotes on his grandsons and always sneaks them pocket money.
12098	從小	她從小就愛畫畫。	She has loved drawing since childhood.
12099	從小	我從小在台南長大，對那裡的小吃特別有感情。	I grew up in Tainan, so I'm especially attached to the snacks there.
12100	支持者	他有很多支持者。	He has many supporters.
12101	支持者	候選人在選前之夜感謝所有支持者，現場湧入上千人。	On the eve of the election, the candidate thanked all supporters, with thousands gathering.
12102	此處	此處禁止停車。	No parking here.
12103	此處	此處為緊急出口，請勿堆放物品，以免影響逃生。	This is an emergency exit. Do not pile items here, as it may hinder escape.
12104	珍貴	這張照片很珍貴。	This photo is precious.
12105	珍貴	這些珍貴的古書要小心保存，不能隨便用手翻閱。	These precious old books must be carefully preserved and not casually handled.
12106	糾紛	鄰居之間有糾紛。	There's a dispute between the neighbors.
12107	糾紛	租屋糾紛常常是因為合約寫得不夠清楚，雙方各執一詞。	Rental disputes often arise because contracts aren't clear, and each side insists on its own version.
12108	衝動	我有一股衝動。	I have an urge.
12109	衝動	買東西不要太衝動，先想想自己是不是真的需要。	Don't buy things on impulse. Think first whether you really need it.
12110	郭	古時候的城外還築有外城，稱為郭。	In ancient times an outer wall was built beyond the city wall, called the guo.
12111	郭	「城郭」指的是城牆和外城，歷史書裡常常出現。	"Chengguo" refers to the city wall and outer wall, often seen in history books.
12112	一堆	桌上有一堆書。	There's a pile of books on the table.
12113	一堆	我今天有一堆事情要處理，可能沒辦法陪你吃午餐。	I have a bunch of things to handle today and may not be able to join you for lunch.
12114	停車場	停車場在哪裡？	Where is the parking lot?
12115	停車場	假日的停車場常常客滿，所以我們都搭公車去市區。	Parking lots are often full on holidays, so we take the bus downtown.
12116	前途	年輕人有光明的前途。	Young people have a bright future.
12117	前途	他放棄了穩定的工作去創業，大家都擔心他的前途。	He gave up a stable job to start a business, and everyone worries about his prospects.
12118	啪	啪的一聲，燈泡掉在地上。	With a pop, the light bulb fell to the floor.
12119	啪	他生氣地啪一聲關上門，走了出去。	He angrily slammed the door shut with a bang and walked out.
12120	嫌犯	警方逮捕了嫌犯。	Police arrested the suspect.
12121	嫌犯	嫌犯被帶到警局後，一直保持沉默，沒有回答任何問題。	After being taken to the station, the suspect stayed silent and answered no questions.
12122	度假	我們去海邊度假。	We went to the beach for a vacation.
12123	度假	今年暑假我打算跟家人去墾丁度假，每天游泳、吃海鮮。	This summer I plan to vacation in Kenting with my family, swimming and eating seafood daily.
12124	拜訪	我明天去拜訪客戶。	I'm visiting a client tomorrow.
12125	拜訪	過年期間，我們帶著水果去拜訪長輩，順便拜個早年。	During the New Year, we took fruit to visit elders and offer New Year greetings.
12126	早餐	我早餐吃蛋餅。	I had egg pancake for breakfast.
12127	早餐	早餐很重要，所以我每天都在早餐店買三明治和豆漿。	Breakfast is important, so I buy a sandwich and soy milk at a breakfast shop every day.
12128	殿	廟裡有一座大殿。	The temple has a main hall.
12129	殿	遊客走進大殿時，都會安靜下來，雙手合十拜拜。	Visitors quiet down on entering the main hall and pray with palms together.
12130	火星	營火的火星飛上夜空。	The sparks from the campfire flew into the night sky.
12131	火星	一點火星就可能引發山林大火，登山客一定要小心。	A single spark can start a forest fire, so hikers must be careful.
12132	瞄準	他瞄準目標。	He aimed at the target.
12133	瞄準	這間公司瞄準年輕族群，推出了一系列平價的新產品。	The company is targeting young consumers with a series of affordable new products.
12134	胖	俗話說，心寬體胖。	As the saying goes, a carefree heart makes for a content body.
12135	胖	他最近日子過得安穩，真是心寬體胖，臉色都紅潤了。	He's been living peacefully lately, carefree and well-fed, with a rosy complexion.
12136	詐騙	小心被詐騙。	Be careful not to be scammed.
12137	詐騙	最近有人假冒客服打電話詐騙，要大家提高警覺。	Recently, people have been posing as customer service in scam calls, so everyone should be alert.
12138	迷你	這是迷你冰箱。	This is a mini fridge.
12139	迷你	我買了一個迷你電風扇，夏天通勤的時候可以帶著。	I bought a mini fan to carry on my summer commute.
12140	陌生人	不要跟陌生人說話。	Don't talk to strangers.
12141	陌生人	在捷運上，陌生人主動讓座給我，讓我覺得很溫暖。	On the MRT, a stranger offered me a seat, which warmed my heart.
12142	一再	他一再提醒我。	He reminded me repeatedly.
12143	一再	老師一再強調考試範圍，可是還是有人漏看了重點。	The teacher stressed the exam scope again and again, but some still missed the key points.
12144	做夢	我昨晚做夢了。	I had a dream last night.
12145	做夢	你別做夢了，沒有人會白白送你一台新車。	Stop dreaming. Nobody will give you a new car for free.
12146	動用	不要動用這筆錢。	Don't touch this money.
12147	動用	警方動用大批警力搜索失蹤的登山客，幸好最後平安找到。	Police mobilized large forces to search for the missing hiker, who was luckily found safe.
12148	土豆	阿嬤用土豆和豬腳一起燉湯，吃起來很香。	Grandma stews peanuts with pig trotters, and it smells and tastes good.
12149	土豆	以前鄉下人把土豆曬乾，再拿去榨成土豆油。	In the old days country folk dried peanuts and pressed them into peanut oil.
12150	客機	客機準時起飛了。	The passenger plane took off on time.
12151	客機	這架客機載著三百名乘客，從台北飛往東京，航程約三小時。	This airliner carries three hundred passengers from Taipei to Tokyo, about a three-hour flight.
12152	引爆	有人引爆了炸彈。	Someone detonated a bomb.
12153	引爆	一則不實謠言在網路上被引爆，造成大家的恐慌。	A false rumor exploded online and caused public panic.
12154	捕魚	漁夫在海上捕魚。	The fisherman fishes at sea.
12155	捕魚	每天清晨，漁船出海捕魚，中午才帶著滿滿的魚獲回到港口。	Every dawn the boats go out fishing and return at noon with full catches.
12156	書法	我在學書法。	I'm learning calligraphy.
12157	書法	每年過年前，社區都有人義務寫書法春聯送給鄰居。	Before the New Year, someone in the community volunteers to write calligraphy couplets for neighbors.
12158	江湖	他在江湖上闖蕩。	He roamed the jianghu.
12159	江湖	武俠小說裡的江湖充滿恩怨情仇，也有很多講義氣的人物。	The jianghu in wuxia novels is full of grudges and loyalty, with many righteous characters.
12160	玩笑	別開我玩笑了。	Stop joking around with me.
12161	玩笑	這只是個玩笑，你不要放在心上，更不要生氣。	It's just a joke. Don't take it to heart, let alone get angry.
12162	競	這兩支隊伍互相競爭。	These two teams compete with each other.
12163	競	運動場上，選手們競相奔跑，努力爭取第一名。	On the track, the runners competed hard for first place.
12164	荷	池塘裡開滿了荷花。	The pond is full of lotus flowers.
12165	荷	夏天到荷花田賞荷，是許多人的休閒活動。	Viewing lotus in the lotus fields in summer is a leisure activity for many.
12166	護理	她在醫院做護理工作。	She works in nursing at the hospital.
12167	護理	寶寶的皮膚很敏感，日常護理要特別小心，不要亂擦東西。	A baby's skin is sensitive, so daily care must be careful and nothing should be applied carelessly.
12168	量子	他在研究量子物理。	He is researching quantum physics.
12169	量子	量子電腦的運算速度比一般電腦快很多，是未來科技的重點。	Quantum computers are far faster than ordinary ones and are key to future technology.
12170	首腦	兩國首腦今天會面。	The heads of the two countries met today.
12171	首腦	各國首腦聚集在一起，討論如何共同面對氣候變遷的挑戰。	Leaders of many countries gathered to discuss how to face the challenge of climate change together.
12172	中止	比賽中止了。	The game was suspended.
12173	中止	因為天氣太糟，活動被迫中止，主辦單位會另行通知補辦。	The event was forced to stop due to bad weather, and the organizers will announce a makeup date.
12174	倉	貨物放在倉庫。	The goods are in the warehouse.
12175	倉	農夫把收成的稻米放進穀倉，準備等價格好時再賣。	The farmer stored the harvested rice in the granary, waiting for a good price to sell.
12176	分析師	他是財經分析師。	He is a financial analyst.
12177	分析師	分析師預測，下一季的股市將會因為利率調整而出現波動。	Analysts predict the stock market will fluctuate next quarter because of interest rate adjustments.
12178	可疑	那個人很可疑。	That person is suspicious.
12179	可疑	警衛發現一個可疑的包裹，立刻通知警察處理。	The guard found a suspicious package and immediately notified the police.
12180	地鐵站	東京的地鐵站很大。	Tokyo's subway stations are huge.
12181	地鐵站	在倫敦，地鐵站裡常有街頭藝人表演，氣氛很熱鬧。	In London, buskers often perform in subway stations, making them lively.
12182	姑姑	我姑姑住在高雄。	My aunt lives in Kaohsiung.
12183	姑姑	姑姑每年過年都會包紅包給我們，我最期待這一天。	Aunt gives us red envelopes every New Year, and I look forward to it the most.
12184	島國	台灣是個島國。	Taiwan is an island nation.
12185	島國	島國的人民對海洋有特別的感情，也很懂得怎麼利用海洋資源。	People of island nations have a special bond with the sea and know how to use its resources.
12186	恰好	我恰好有空。	I happen to be free.
12187	恰好	我走到車站時，恰好有一班公車進站，不用等就上車了。	When I reached the station, a bus happened to pull in, so I boarded without waiting.
12188	捕捉	貓在捕捉老鼠。	The cat is catching a mouse.
12189	捕捉	攝影師在日出的一瞬間，捕捉到了美麗的光影。	The photographer captured beautiful light at the moment of sunrise.
12190	敵對	兩國關係敵對。	The two countries' relations are hostile.
12191	敵對	雙方敵對多年，直到去年才終於坐下來談判。	The two sides were hostile for years, and only sat down to negotiate last year.
12192	概括	請你概括一下重點。	Please summarize the key points.
12193	概括	這段話可以用一句話概括：做事要有耐心。	This passage can be summed up in one sentence: have patience when doing things.
12194	派出所	派出所就在前面。	The police station is just ahead.
12195	派出所	我撿到一個錢包，趕緊送到附近的派出所，請警察聯絡失主。	I found a wallet and rushed it to the nearby police station to have police contact the owner.
12196	獲悉	我們獲悉他已經回國。	We learned that he has returned home.
12197	獲悉	記者獲悉，這家公司將在下個月宣布重大人事異動。	The reporter learned the company will announce major personnel changes next month.
12198	礦產	這裡有豐富的礦產。	There are rich mineral resources here.
12199	礦產	這個國家擁有豐富的礦產，像是鐵、銅和煤炭。	This country has rich mineral resources such as iron, copper and coal.
12200	網球	我喜歡打網球。	I like playing tennis.
12201	網球	週末早上，爸爸約朋友到球場打網球，一打就是兩個小時。	On weekend mornings Dad plays tennis with friends at the courts for two hours.
12202	航母	新航母下水了。	The new aircraft carrier has been launched.
12203	航母	新聞報導大陸的航母正在海上進行測試，引起外界注意。	News reported mainland China's aircraft carrier is undergoing sea trials, drawing outside attention.
12204	說好	說好了，明天見。	It's settled then. See you tomorrow.
12205	說好	我們說好週末一起去看電影，你可不要臨時放我鴿子。	We agreed to see a movie this weekend, so don't stand me up at the last minute.
12206	迫切	我迫切需要幫助。	I urgently need help.
12207	迫切	偏鄉學校迫切需要更多老師，才能讓孩子獲得完整的教育。	Remote schools urgently need more teachers so children get a complete education.
12208	隆	遠處傳來轟隆隆的雷聲。	Rumbling thunder came from afar.
12209	隆	鼓聲隆隆，舞獅隊在廟前熱鬧地表演。	Drums rumbled as the lion dance team performed lively in front of the temple.
12210	高出	價格比去年高出兩成。	The price is 20% higher than last year.
12211	高出	這棟新大樓高出周圍的建築許多，在遠處就能看見。	This new building towers above the surrounding ones and can be seen from afar.
12212	太強了	你考一百分，太強了！	You got a hundred. That's amazing!
12213	太強了	這個新手居然第一次就打破紀錄，真的太強了吧！	This newcomer broke the record on his first try. That's really incredible!
12214	流利	他的英文很流利。	His English is fluent.
12215	流利	在台灣住了三年之後，她已經能說一口流利的中文。	After three years in Taiwan, she can speak fluent Chinese.
12216	訂位	我想訂位，兩個人。	I'd like to book a table for two.
12217	訂位	這家餐廳很熱門，要提前一週訂位才有位子。	This restaurant is popular and needs a reservation a week ahead.
12218	個月	我學中文已經六個月了。	I've been learning Chinese for six months.
12219	個月	這家店下個月要搬到對面，到時候會有開幕優惠。	This shop will move across the street next month with opening discounts.
12220	手搖飲	我常喝手搖飲。	I often drink hand-shaken drinks.
12221	手搖飲	台灣的手搖飲店很多，點的時候還能選甜度與冰塊。	Taiwan has many hand-shaken drink shops, and you can choose sweetness and ice level.
12222	多	今天來的人很多。	A lot of people came today.
12223	多	這個週末你多休息,別再熬夜了。	Get more rest this weekend, and stop staying up late.
12224	出	我現在要出門了。	I'm heading out now.
12225	出	她從包包裡拿出手機,打給了她朋友。	She took her phone out of her bag and called her friend.
12226	號	嬰兒在房裡號啕大哭。	The baby is wailing in the room.
12227	號	聽到壞消息後,她抱著媽媽號啕大哭了好久。	After hearing the bad news, she hugged her mom and wailed for a long time.
12228	中心	他家在市中心。	His home is in the city center.
12229	中心	社區活動中心每週三都有免費的健康講座。	The community center has a free health talk every Wednesday.
12230	者	參加者請在入口處登記。	Participants, please sign in at the entrance.
12231	者	本次活動歡迎有興趣者現場報名,名額有限。	Interested people are welcome to sign up on site; spots are limited.
12232	改變	我想改變一下。	I want to change things up a bit.
12233	改變	這場大雨改變了我們原本去爬山的計畫。	The heavy rain changed our plan to go hiking.
12234	以上	十八歲以上才能看。	You must be eighteen or older to watch this.
12235	以上	購物滿一千元以上,就可以免運費喔。	Orders of 1,000 dollars or more get free shipping.
12236	控制	他控制不了脾氣。	He can't control his temper.
12237	控制	醫生說她要控制甜食,血糖才會穩定下來。	The doctor said she has to limit sweets so her blood sugar will stabilize.
12238	馬	那匹馬跑得好快。	That horse runs so fast.
12239	馬	週末我們去了牧場,孩子第一次騎在馬上,既害怕又開心。	We went to a ranch on the weekend, and my kid, riding a horse for the first time, was scared yet happy.
12240	最近	你最近好嗎?	How have you been lately?
12241	最近	最近天氣忽冷忽熱,大家要小心不要感冒。	The weather has been hot and cold lately, so be careful not to catch a cold.
12242	人士	專業人士都這麼說。	Professionals all say so.
12243	人士	這個課程特別適合想轉換跑道的上班人士。	This course is especially suited for working people who want to switch careers.
12244	幾乎	我幾乎都忘了。	I've almost forgotten it all.
12245	幾乎	這家店太受歡迎了,假日幾乎都要排隊一小時以上。	This shop is so popular that on holidays you almost always queue for over an hour.
12246	真實	這個故事是真實的。	This story is true.
12247	真實	這部電影改編自真實事件,看完讓人久久不能平靜。	This movie is based on a true event, and it left me shaken for a long time.
12248	門	請把門關上。	Please close the door.
12249	門	有人在敲門,你去看看是誰吧。	Someone's knocking on the door; go see who it is.
12250	召開	會議將在明天召開。	The meeting will be convened tomorrow.
12251	召開	學校預計下週召開家長會,討論畢業旅行的安排。	The school will hold a parents' meeting next week to discuss the graduation trip.
12252	權	你有投票的權利。	You have the right to vote.
12253	權	消費者的權益受到法律保障,有問題可以打客服電話。	Consumer rights are protected by law; call customer service if you have a problem.
12254	逼	別逼我嘛。	Don't pressure me, come on.
12255	逼	媽媽逼我每天練琴一小時,我真的很不想練。	My mom makes me practice piano an hour a day, and I really don't want to.
12256	停止	雨已經停止了。	The rain has stopped.
12257	停止	颱風來襲,渡輪的營運已經停止,請旅客改搭其他交通工具。	With the typhoon coming, the ferry service has stopped, so please take other transport.
12258	學者	他是知名學者。	He's a well-known scholar.
12259	學者	幾位學者在電視上討論台灣少子化的問題。	Several scholars discussed Taiwan's low birth rate on TV.
12260	普通	這是普通的一天。	This is an ordinary day.
12261	普通	他只是個普通的上班族,每天搭公車上下班。	He's just an ordinary office worker who takes the bus to and from work.
12262	統計	我在統計人數。	I'm counting the number of people.
12263	統計	根據最新統計,今年的外送平台訂單比去年多了兩成。	According to the latest statistics, delivery app orders are up twenty percent from last year.
12264	重視	我們很重視客人。	We value our customers highly.
12265	重視	現在很多公司越來越重視員工的心理健康。	More and more companies now value their employees' mental health.
12266	勢力	這個幫派勢力很大。	This gang has great influence.
12267	勢力	那個政黨在地方上的勢力越來越大。	That party's influence in local areas keeps growing.
12268	年度	這是今年度最大的活動。	This is the biggest event of this year.
12269	年度	公司正在準備下一個年度的預算,各部門都很忙。	The company is preparing next year's budget, and every department is busy.
12270	標誌	這是公司的標誌。	This is the company's logo.
12271	標誌	馬路上的紅色標誌是在提醒駕駛前方禁止通行。	The red sign on the road warns drivers that passage ahead is prohibited.
12272	自身	這是我自身的經驗。	This is my own experience.
12273	自身	想改變別人之前,先檢討自身的問題比較實際。	Before trying to change others, it's more realistic to examine your own problems.
12274	互相	我們要互相幫忙。	We should help each other.
12275	互相	住在同一棟樓的鄰居互相照顧,感覺就像一家人。	The neighbors in our building look after each other like one family.
12276	嘗試	我想嘗試新的東西。	I want to try something new.
12277	嘗試	她第一次嘗試做麵包,雖然有點焦,味道還不錯。	She tried baking bread for the first time; it was a bit burnt but tasted fine.
12278	弄	我住在中山路二段三十巷五弄。	I live at Lane 5, Alley 30, Section 2 of Zhongshan Road.
12279	弄	外送員在巷弄裡迷了路,打電話問我門牌號碼。	The delivery guy got lost in the alleys and called to ask for my house number.
12280	每次	每次都是你贏。	You win every time.
12281	每次	每次考試前,我媽都會煮一碗麵線給我加油。	Before every exam, my mom cooks me a bowl of vermicelli for luck.
12282	紅色	我喜歡紅色。	I like red.
12283	紅色	她穿了一件紅色的洋裝,在人群中特別顯眼。	She wore a red dress and stood out in the crowd.
12284	贏得	她贏得了比賽。	She won the competition.
12285	贏得	這家小店靠著親切的服務,贏得了附近居民的信任。	This little shop won the neighbors' trust with its friendly service.
12286	不滿	他對結果不滿。	He's dissatisfied with the result.
12287	不滿	顧客對服務不滿,所以向櫃台提出了意見。	The customer was unhappy with the service and complained at the counter.
12288	咖啡	我想喝咖啡。	I want to drink coffee.
12289	咖啡	我每天早上都會去巷口的咖啡店買一杯拿鐵。	Every morning I buy a latte at the coffee shop at the end of the alley.
12290	循環	血液在身體裡循環。	Blood circulates in the body.
12291	循環	垃圾分類能讓資源循環使用,減少浪費。	Sorting trash lets resources be reused in a cycle and cuts waste.
12292	此時	此時正是出發的好時機。	Now is the perfect time to set off.
12293	此時	比賽進入最後一分鐘,此時全場觀眾都站了起來。	The match hit its last minute, and at that moment the whole crowd stood up.
12294	算是	他算是我的老朋友。	He counts as an old friend of mine.
12295	算是	比起去年,今年的業績算是進步很多了。	Compared to last year, this year's performance has improved quite a bit.
12296	賺錢	他很會賺錢。	He's good at making money.
12297	賺錢	他一邊讀書一邊打工賺錢,想存錢去日本交換。	He studies and works part-time to earn money, hoping to save up for an exchange in Japan.
12298	主體	這個計畫以學生為主體。	This plan centers on students.
12299	主體	這棟建築的主體已經完工,接下來要做室內裝潢。	The main structure of this building is done; next comes the interior decoration.
12300	到來	春天到來了。	Spring has arrived.
12301	到來	大家都在期待暑假的到來。	Everyone is looking forward to the arrival of summer vacation.
12302	基本上	基本上我同意。	Basically, I agree.
12303	基本上	這份工作基本上不難,只是要有耐心,細心一點。	This job is basically not hard; you just need patience and care.
12304	幹嘛	你在幹嘛?	What are you doing?
12305	幹嘛	都這麼晚了,你還站在門口幹嘛?	It's so late; what are you still doing standing at the door?
12306	摧毀	大火摧毀了房子。	The fire destroyed the house.
12307	摧毀	這場強烈颱風摧毀了許多農田,農民損失慘重。	The strong typhoon destroyed many farms, causing farmers heavy losses.
12308	洗	我去洗手。	I'm going to wash my hands.
12309	洗	洗完澡後,我習慣先喝一杯溫水,再去睡覺。	After showering, I like to drink a glass of warm water before bed.
12310	端	橋的另一端是公園。	The other end of the bridge is a park.
12311	端	這條路的兩端都有紅綠燈,所以車速都不快。	There are traffic lights at both ends of this road, so cars don't go fast.
12312	訴訟	這場訴訟拖了很久。	This lawsuit dragged on for a long time.
12313	訴訟	雙方因為房子的問題進入訴訟,法院預計下個月開庭。	The two sides went to litigation over a house, and the court will open the hearing next month.
12314	郡	這個郡的人口很少。	This county has a small population.
12315	郡	我表哥搬到美國加州的一個郡,那裡的房價比較便宜。	My cousin moved to a county in California where house prices are cheaper.
12316	京	明年我想去京都玩。	Next year I want to visit Kyoto.
12317	京	我朋友在東京念書,他說那裡的物價比台北高很多。	My friend studies in Tokyo and says prices there are much higher than in Taipei.
12318	包圍	警察包圍了房子。	The police surrounded the house.
12319	包圍	山被濃霧包圍著,從遠處幾乎看不到山頂。	The mountain is wrapped in thick fog, and the summit is barely visible from afar.
12320	季	冬季比較冷。	Winter is colder.
12321	季	每年颱風季,學校都會提醒學生注意安全。	Every typhoon season, schools remind students to stay safe.
12322	抓住	抓住我的手!	Grab my hand!
12323	抓住	警察抓住了小偷,他想跑也來不及了。	The police caught the thief; it was too late for him to run.
12324	歐元	一歐元多少台幣?	How many Taiwan dollars is one euro?
12325	歐元	我去歐洲旅行前,先把台幣換成了一些歐元。	Before traveling to Europe, I exchanged some Taiwan dollars into euros.
12326	發放	公司今天發放獎金。	The company is paying out bonuses today.
12327	發放	政府下個月會發放消費券,每人可以領到三千元。	The government will distribute spending vouchers next month, 3,000 dollars per person.
12328	翻	他翻開了書。	He opened the book.
12329	翻	我把包包整個翻過來,還是找不到鑰匙。	I turned my bag completely inside out and still couldn't find my keys.
12330	足	我們今天去踢足球。	We're going to play soccer today.
12331	足	這筆錢足夠我們吃一個月了。	This money is enough to feed us for a month.
12332	高等	這是高等教育的課程。	This is a higher education course.
12333	高等	高等教育的學費逐年提高,很多學生只好申請助學貸款。	Tuition for higher education rises every year, so many students have to take out loans.
12334	全省	全省都在下雨。	It's raining across the whole island.
12335	全省	這個品牌在全省都有分店,不管走到哪裡都找得到。	This brand has branches island-wide, so you can find one anywhere.
12336	唐	唐朝的詩很有名。	Tang dynasty poetry is famous.
12337	唐	他居然說自己十分鐘就能跑完馬拉松,這個想法太荒唐了。	He claimed he could run a marathon in ten minutes, which is absurd.
12338	家鄉	我想念我的家鄉。	I miss my hometown.
12339	家鄉	每次回家鄉,媽媽都會煮我最愛吃的菜。	Every time I go back to my hometown, mom cooks my favorite dishes.
12340	惹	別惹我生氣。	Don't make me angry.
12341	惹	那隻狗很兇,你最好不要去惹牠。	That dog is fierce, so you'd better not provoke it.
12342	旅館	我們訂了一間旅館。	We booked a hotel.
12343	旅館	這間小旅館雖然舊了點,但是老闆很親切,房間也很乾淨。	This small inn is a bit old, but the owner is friendly and the rooms are clean.
12344	江	長江是中國最長的河流。	The Yangtze is China's longest river.
12345	江	我們在江邊散步,看著對岸的燈光一盞一盞亮起來。	We strolled by the river and watched the lights across the bank come on one by one.
12346	物流	這家公司做物流。	This company does logistics.
12347	物流	網購越來越方便,多虧了台灣發達的物流系統。	Online shopping keeps getting easier thanks to Taiwan's well-developed logistics.
12348	神奇	這個魔術真神奇。	This magic trick is amazing.
12349	神奇	他說只要吃了這種草藥,病就會好,聽起來有點太神奇了。	He says this herb cures the illness, which sounds a bit too miraculous.
12350	胡	你不要胡說八道。	Don't talk nonsense.
12351	胡	他喝醉後開始胡言亂語,大家都聽不懂他在說什麼。	After getting drunk he started babbling, and nobody understood him.
12352	賠償	公司願意賠償。	The company is willing to compensate.
12353	賠償	對方撞壞了我的機車,答應賠償修理費用。	The other party damaged my scooter and agreed to cover the repair costs.
12354	間諜	他是個間諜。	He is a spy.
12355	間諜	那部電影講的是一個間諜如何潛入敵人的總部。	That movie is about a spy infiltrating the enemy's headquarters.
12356	一刻	現在三點一刻。	It's a quarter past three.
12357	一刻	一刻也不能耽誤,醫護人員趕緊把病人送進手術室。	Not a moment could be wasted; the medical staff rushed the patient into surgery.
12358	儲備	我們儲備了水。	We stocked up on water.
12359	儲備	颱風來之前,大家都會儲備泡麵、飲用水和電池。	Before a typhoon, everyone stocks up on instant noodles, drinking water and batteries.
12360	含義	你知道這個手勢的含義嗎?	Do you know what this gesture means?
12361	含義	這首詩的含義很深,老師講完我才懂。	This poem has a deep meaning; I only understood after the teacher explained.
12362	娜	她的舞姿婀娜多姿。	Her dancing is graceful and charming.
12363	娜	那位舞者身形婀娜,吸引了全場的目光。	The dancer's graceful figure drew everyone's gaze.
12364	形狀	這個盤子的形狀很特別。	This plate has an unusual shape.
12365	形狀	小朋友用黏土捏出各種形狀的動物,擺滿了整張桌子。	The kids shaped clay animals of all forms, covering the whole table.
12366	擁抱	他擁抱了媽媽。	He hugged his mom.
12367	擁抱	球賽結束後,隊友們互相擁抱,為這次勝利感到高興。	After the game, teammates hugged each other, happy about the win.
12368	模糊	照片很模糊。	The photo is blurry.
12369	模糊	過了這麼多年,我對那天的記憶已經有點模糊了。	After so many years, my memory of that day has become a bit hazy.
12370	物體	那是不明物體。	That is an unidentified object.
12371	物體	太空人發現遠方有一個發光的物體正快速移動。	The astronaut saw a glowing object moving quickly in the distance.
12372	粉	我早餐吃了一碗米粉。	I had a bowl of rice noodles for breakfast.
12373	粉	她用粉底和口紅化了淡妝,看起來很有精神。	She put on light makeup with foundation and lipstick and looked energetic.
12374	蘇丹	這個國家由蘇丹統治。	This country is ruled by a sultan.
12375	蘇丹	故事裡,蘇丹決定出巨額獎金,尋找能解開謎題的人。	In the story, the sultan offers a huge reward to find someone who can solve the riddle.
12376	過濾	這台機器可以過濾水。	This machine can filter water.
12377	過濾	咖啡要先用濾紙過濾,才不會喝到咖啡渣。	Coffee has to be filtered through paper so you won't get grounds.
12378	一律	全部一律八折。	Everything is uniformly 20 percent off.
12379	一律	為了公平,所有申請者一律要通過同樣的考試。	For fairness, all applicants must take the same exam.
12380	保密	這件事要保密。	Keep this matter secret.
12381	保密	所有員工都簽了保密協議,不能對外透露公司的新計畫。	All employees signed a confidentiality agreement and cannot reveal the new plans.
12382	利息	銀行給的利息很低。	The bank's interest is very low.
12383	利息	提前還清房貸可以省下不少利息。	Paying off the mortgage early saves a lot of interest.
12384	告別	我們告別了朋友。	We said goodbye to our friends.
12385	告別	畢業典禮上,同學們互相告別,約好以後要常聯絡。	At graduation, classmates said farewell and promised to keep in touch.
12386	好運	祝你好運!	Good luck!
12387	好運	考試前我媽給我一個護身符,希望能帶來好運。	Before the exam my mom gave me an amulet, hoping it would bring good luck.
12388	庫存	庫存不多了。	There isn't much stock left.
12389	庫存	這款外套賣得太好,店裡的庫存已經全部賣完了。	This jacket sold so well that the shop's whole stock is gone.
12390	拿下	他拿下了第一名。	He took first place.
12391	拿下	我們隊伍在決賽中拿下勝利,為學校爭取了榮譽。	Our team won the final and earned honor for the school.
12392	晚間	晚間有大雨。	There will be heavy rain this evening.
12393	晚間	晚間新聞播報了颱風的最新動態,大家都圍在電視前。	The evening news reported the typhoon's latest, and everyone gathered around the TV.
12394	水庫	水庫的水位很低。	The reservoir's water level is low.
12395	水庫	因為太久沒下雨,水庫的水位下降,政府呼籲大家節約用水。	With no rain for ages, the reservoir level dropped, and the government urged saving water.
12396	無線電	他用無線電聯絡。	He communicates by radio.
12397	無線電	登山客帶著無線電,萬一手機沒有訊號,還能向外求救。	Hikers bring a radio so they can call for help if the phone has no signal.
12398	秘	她是公司的秘書。	She is the company's secretary.
12399	秘	總經理的秘書每天都要幫他安排行程。	The general manager's secretary arranges his schedule every day.
12400	船長	船長在駕駛室。	The captain is in the wheelhouse.
12401	船長	風浪太大時,船長決定先把船開回港口。	When the waves got too big, the captain decided to take the ship back to port.
12402	諸如	諸如此類的問題很多。	There are many problems like this.
12403	諸如	夜市裡有很多小吃,諸如蚵仔煎、臭豆腐和珍珠奶茶。	The night market has many snacks, such as oyster omelets, stinky tofu and bubble tea.
12404	醒來	我剛醒來。	I just woke up.
12405	醒來	他醒來後發現已經是下午,趕快打電話請假。	He woke to find it was already afternoon and quickly called to ask for leave.
12406	震撼	這部電影很震撼。	This movie is stunning.
12407	震撼	站在瀑布前,那股巨大的水聲讓我感到非常震撼。	Standing before the waterfall, the roar of the water was awe-inspiring.
12408	主機	我的電腦主機壞了。	My computer's main unit broke.
12409	主機	這台遊戲主機的畫質很棒,朋友來家裡都想玩。	This game console has great graphics, and friends who visit all want to play.
12410	公務	他正在忙公務。	He's busy with official business.
12411	公務	出差辦公務時,交通和住宿費用都可以由公司報銷。	On business trips, travel and lodging can be reimbursed by the company.
12412	受理	這個案子已被受理。	This case has been accepted.
12413	受理	櫃台人員說,申請書已經受理,三天後會通知結果。	The counter staff said the application has been accepted and the result will come in three days.
12414	多餘	這是多餘的東西。	This is surplus stuff.
12415	多餘	房間裡堆了許多多餘的東西,我決定趁週末整理一下。	The room is piled with unneeded things, so I'll tidy up this weekend.
12416	尚無	尚無新消息。	There is no news yet.
12417	尚無	目前尚無人員傷亡,消防隊還在現場確認火勢。	No casualties have been reported yet, and firefighters are still assessing the fire.
12418	性騷擾	性騷擾是違法的。	Sexual harassment is illegal.
12419	性騷擾	公司設立了申訴管道,讓員工遇到性騷擾時可以安心求助。	The company set up a complaint channel so employees can safely seek help with harassment.
12420	擔保	我可以擔保他。	I can vouch for him.
12421	擔保	我願意擔保他是一個誠實可靠的人,請你放心把工作交給他。	I can vouch that he's honest and reliable, so feel free to give him the job.
12422	條文	這條條文很重要。	This clause is important.
12423	條文	律師仔細閱讀合約的每一條條文,確保沒有不合理的地方。	The lawyer carefully read each clause of the contract to make sure nothing was unreasonable.
12424	湧現	新想法不斷湧現。	New ideas keep emerging.
12425	湧現	這幾年台灣湧現了許多有創意的獨立咖啡店。	In recent years, many creative independent cafés have sprung up in Taiwan.
12426	百分點	上升了兩個百分點。	It rose by two percentage points.
12427	百分點	民調顯示,他的支持度比上個月提高了三個百分點。	Polls show his support rose three percentage points from last month.
12428	維生素	多吃水果補充維生素。	Eat more fruit for vitamins.
12429	維生素	維生素C對身體很重要,多吃柳橙或芭樂就能補充。	Vitamin C is important for the body; eating oranges or guava helps.
12430	表態	他還沒表態。	He hasn't stated his position yet.
12431	表態	面對這個爭議,市長終於公開表態支持新的政策。	Facing the controversy, the mayor finally stated publicly that he supports the new policy.
12432	農藥	蔬菜要洗乾淨,去除農藥。	Wash vegetables clean to remove pesticide.
12433	農藥	市場上的蔬菜都要經過檢驗,確保沒有過量的農藥殘留。	Vegetables on the market are tested to ensure no excess pesticide residue.
12434	限度	忍耐是有限度的。	Patience has its limits.
12435	限度	每個人的耐心都有限度,你不要再一直遲到了。	Everyone's patience has a limit, so stop being late all the time.
12436	一陣子	我忙了一陣子。	I've been busy for a while.
12437	一陣子	前一陣子天氣一直很熱,最近終於涼快了一點。	It was hot for a while, but lately it has finally cooled a bit.
12438	仁	他是一位仁慈的老闆。	He is a kind boss.
12439	仁	杏仁茶是用杏仁磨成的,喝起來香香甜甜的。	Almond tea is made from ground almond kernels and tastes fragrant and sweet.
12440	優美	這首歌很優美。	This song is very graceful.
12441	優美	她用優美的聲音唱了一首老歌,現場的人都安靜地聽著。	She sang an old song in a lovely voice, and everyone listened quietly.
12442	勢頭	球隊的勢頭很強。	The team has strong momentum.
12443	勢頭	今年這家公司的業績勢頭很好,老闆打算多聘幾個人。	The company's performance has strong momentum this year, and the boss plans to hire more.
12444	呼喚	我聽見有人呼喚我。	I heard someone calling me.
12445	呼喚	母親呼喚孩子回家吃飯,聲音在巷子裡迴盪。	The mother called her child home for dinner, her voice echoing in the alley.
12446	夜裡	夜裡很安靜。	It's quiet at night.
12447	夜裡	夜裡突然降溫,我在睡夢中被冷醒,趕緊多蓋一條被子。	The temperature suddenly dropped at night, and I woke up cold and added another blanket.
12448	定性	這件事很難定性。	This matter is hard to characterize.
12449	定性	警方還在調查,目前還無法對這起事件定性。	Police are still investigating and can't yet determine the nature of the incident.
12450	延期	會議延期了。	The meeting was postponed.
12451	延期	由於颱風來襲,原定週末舉行的運動會將延期到下個月。	Due to the typhoon, the sports meet planned for the weekend will be postponed to next month.
12452	扁	輪胎扁了。	The tire is flat.
12453	扁	他不小心坐扁了我的帽子,我氣得一直念他。	He accidentally sat and flattened my hat, and I kept scolding him.
12454	搬家	我們下週搬家。	We're moving next week.
12455	搬家	搬家那天,朋友們都來幫忙,不到半天就把家具搬完了。	On moving day friends came to help and moved all the furniture in under half a day.
12456	景	這裡的風景很美。	The scenery here is beautiful.
12457	景	從山頂往下看,整個城市的夜景一覽無遺。	From the summit, the entire city's night view is spread out below.
12458	歌劇	我想看歌劇。	I want to see an opera.
12459	歌劇	他第一次到歌劇院看演出,被華麗的舞台和歌聲深深震撼。	On his first visit to the opera house, he was deeply moved by the grand stage and singing.
12460	滑雪	我想去滑雪。	I want to go skiing.
12461	滑雪	冬天他們一家人去日本北海道滑雪,孩子第一次看到那麼多雪。	In winter the family skied in Hokkaido, and the kid saw so much snow for the first time.
12462	產能	工廠的產能不足。	The factory's capacity is insufficient.
12463	產能	因為訂單太多,工廠一直在加班,想辦法提高產能。	With too many orders, the factory has been working overtime to raise capacity.
12464	租金	這裡租金很貴。	Rent is expensive here.
12465	租金	台北的租金每年都在上漲,很多年輕人只能跟朋友合租。	Taipei rents rise every year, and many young people have to share with friends.
12466	繳納	請繳納費用。	Please pay the fee.
12467	繳納	房屋稅必須在五月底前繳納,否則會被加收罰款。	Property tax must be paid before the end of May, or a penalty is added.
12468	蔓延	火勢蔓延得很快。	The fire spread fast.
12469	蔓延	疫情在短時間內蔓延到各個縣市,政府呼籲大家戴口罩。	The epidemic spread to every county in a short time, and the government urged mask wearing.
12470	豆腐	這塊豆腐很嫩。	This tofu is very tender.
12471	豆腐	媽媽用豆腐和青菜煮了一鍋湯,清淡又好喝。	Mom made a pot of soup with tofu and greens, light and tasty.
12472	遏制	政府想遏制物價上漲。	The government wants to curb price rises.
12473	遏制	為了遏制疫情擴散,政府實施了入境隔離的措施。	To contain the epidemic, the government imposed entry quarantine.
12474	靜	夜深了,四周靜悄悄的。	It's late at night and everything is silent.
12475	靜	他獨自坐在湖邊,靜靜地看著水面,心情慢慢平靜下來。	He sat alone by the lake, quietly watching the water, and slowly calmed down.
12476	點子	我有一個好點子。	I have a good idea.
12477	點子	大家腦力激盪,終於想出一個能吸引年輕人的行銷點子。	After brainstorming, everyone finally came up with a marketing idea that appeals to young people.
12478	實話	說實話,我不喜歡。	To be honest, I don't like it.
12479	實話	老師,我跟你說實話,這次作業我真的沒有做完。	Teacher, to tell the truth, I really didn't finish this homework.
12480	滿頭大汗	他跑得滿頭大汗。	He ran until he was drenched in sweat.
12481	滿頭大汗	他趕到會場時已經滿頭大汗,一進門就先喝了一大口水。	He was drenched in sweat when he reached the venue and took a big gulp of water first.
12482	買單	我來買單。	I'll pay the bill.
12483	買單	吃完飯後,老闆說今天由他買單,大家都很開心。	After the meal, the boss said it was on him, and everyone was happy.
12484	躺下	我想躺下休息。	I want to lie down and rest.
12485	躺下	他一回到家就在沙發上躺下,不到五分鐘就睡著了。	As soon as he got home he lay down on the sofa and fell asleep within five minutes.
12486	為	大家選他為班長。	Everyone chose him as class monitor.
12487	為	她被任命為部門主管，下個月上任。	She was appointed department head and starts next month.
12488	沒	我今天沒吃早餐。	I didn't have breakfast today.
12489	沒	他到現在還沒回我訊息。	He still hasn't replied to my message.
12490	需要	你需要幫忙嗎？	Do you need help?
12491	需要	辦居留證需要準備護照和兩張照片。	Applying for a residence permit requires a passport and two photos.
12492	只有	桌上只有一杯水。	There's only a glass of water on the table.
12493	只有	這家店只有週末才開，想去的話要先算好時間。	This shop is only open on weekends, so plan ahead if you want to go.
12494	學校	我的學校很近。	My school is close by.
12495	學校	學校附近新開了一家書店，下課後很多學生會去逛。	A new bookstore opened near the school, and many students browse there after class.
12496	一般	一般人都這樣想。	Ordinary people think this way.
12497	一般	一般來說，週日的客人比平常多，要多準備一些。	Generally, Sundays have more customers than usual, so prepare extra.
12498	直接	你直接問他吧。	Just ask him directly.
12499	直接	這班車可以直接到機場，不用轉車。	This bus goes straight to the airport; no need to transfer.
12500	只要	只要努力，就會進步。	As long as you work hard, you'll improve.
12501	只要	只要按時吃藥，再休息幾天，感冒就會好了。	As long as you take your medicine on time and rest a few days, your cold will clear up.
12502	科學	我喜歡科學。	I like science.
12503	科學	這個說法聽起來很有道理，但是沒有科學根據。	This claim sounds reasonable but has no scientific basis.
12504	原	我喜歡原味的洋芋片。	I like plain-flavored potato chips.
12505	原	這件外套原價三千，現在特價一千五。	This jacket was originally three thousand and is now on sale for fifteen hundred.
12506	米	我家每週買一包米。	My family buys a bag of rice every week.
12507	米	這條巷子只有三米寬，大車子開不進來。	This alley is only three meters wide, so big vehicles can't get in.
12508	原來	原來你在這裡！	So you're here!
12509	原來	原來他是我同事的哥哥，難怪看起來有點眼熟。	So he's my coworker's brother; no wonder he looked familiar.
12510	方案	我們有兩個方案。	We have two options.
12511	方案	這個方案不但便宜，而且很快就能完成。	This proposal is not only cheap but can also be done quickly.
12512	而是	他不是不想去，而是沒時間。	It's not that he doesn't want to go, but that he has no time.
12513	而是	問題不在價錢，而是這家店的服務態度太差了。	The problem isn't the price but the shop's terrible service attitude.
12514	五	現在是五點。	It's five o'clock.
12515	五	星期五晚上，我們五個人約好一起吃火鍋。	On Friday evening the five of us agreed to have hot pot together.
12516	宗教	你有宗教信仰嗎？	Do you have a religious belief?
12517	宗教	台灣的宗教很多元，廟宇和教堂常常開在同一條街上。	Taiwan's religions are diverse, and temples and churches are often on the same street.
12518	稱為	這種魚稱為虱目魚。	This fish is called milkfish.
12519	稱為	台南的小吃有一種稱為擔仔麵的，很多觀光客都會點。	One Tainan snack is called danzai noodles, which many tourists order.
12520	電腦	我的電腦壞了。	My computer is broken.
12521	電腦	這台電腦開機要三分鐘，我真的受不了了。	This computer takes three minutes to boot, and I really can't stand it.
12522	北	往北走就到了。	Go north and you'll be there.
12523	北	從台中一路往北開，大約兩小時就到台北了。	Driving north from Taichung, you reach Taipei in about two hours.
12524	必要	沒有必要這樣做。	There's no need to do it this way.
12525	必要	必要的時候，我們可以請同事幫忙。	When necessary, we can ask coworkers for help.
12526	海外	她在海外工作兩年了。	She's worked overseas for two years.
12527	海外	很多海外的台灣人，過年時都會趕回家團圓。	Many Taiwanese living overseas rush home for Lunar New Year reunions.
12528	言	他言而有信。	He keeps his word.
12529	言	網路上的不當言論，可能會讓別人受到傷害。	Inappropriate remarks online can hurt other people.
12530	駐	公司派他駐新加坡。	The company posted him to Singapore.
12531	駐	駐外人員每隔幾年就要調動一次，家人也得跟著搬家。	Staff posted abroad get reassigned every few years, and their families must move too.
12532	多個	桌上有多個杯子。	There are several cups on the table.
12533	多個	這個專案需要多個部門一起合作才能完成。	This project needs multiple departments to work together.
12534	或是	你要喝茶或是咖啡？	Would you like tea or coffee?
12535	或是	週末我通常在家看書，或是跟朋友出去走走。	On weekends I usually read at home or go out for a walk with friends.
12536	留下	請留下電話。	Please leave your phone number.
12537	留下	他沒說什麼，只留下一張紙條就走了。	He said nothing, just left a note and walked away.
12538	進口	這是進口水果。	This is imported fruit.
12539	進口	這些進口水果因為運費高，所以價錢比較貴。	These imported fruits are pricier because of high shipping costs.
12540	做到	我做到了！	I did it!
12541	做到	說到就要做到，不要只是嘴巴說說而已。	If you say it, do it; don't just talk.
12542	大多	我的朋友大多住在台北。	Most of my friends live in Taipei.
12543	大多	這家店的客人大多是附近的上班族。	Most of this shop's customers are office workers nearby.
12544	房子	這棟房子很舊。	This house is very old.
12545	房子	他們在郊區買了一間房子，打算以後退休住。	They bought a house in the suburbs and plan to live there after retiring.
12546	特定	特定的人才能進去。	Only certain people can go in.
12547	特定	這個App只在特定時段提供免費下載，錯過就要付費了。	This app is free to download only during certain periods; after that you have to pay.
12548	航空	這是一家航空公司。	This is an airline company.
12549	航空	航空公司宣布，因為颱風，今天所有班機都取消。	The airline announced that all flights are cancelled today due to the typhoon.
12550	配合	謝謝你的配合。	Thank you for your cooperation.
12551	配合	為了配合大家的時間，會議改到下午三點。	To fit everyone's schedule, the meeting was moved to three p.m.
12552	傾向	我傾向選第二個方案。	I lean toward the second option.
12553	傾向	調查顯示，有越來越多民眾傾向使用行動支付。	Surveys show more and more people tend to use mobile payments.
12554	失望	我對結果很失望。	I'm disappointed with the result.
12555	失望	老闆原本答應加薪，最後卻沒做到，大家都很失望。	The boss had promised a raise but didn't follow through, and everyone was disappointed.
12556	批判	他常批判別人。	He often criticizes others.
12557	批判	這篇評論尖銳批判了政府的住宅政策。	This commentary sharply criticized the government's housing policy.
12558	為止	報名到週五為止。	Registration closes on Friday.
12559	為止	到今天為止，已經有一百人報名參加了。	As of today, one hundred people have signed up.
12560	舞臺	歌手站上舞臺。	The singer stood on the stage.
12561	舞臺	這座舞臺在公園中央，每個週末都有街頭藝人表演。	This stage is in the middle of the park, with street performers every weekend.
12562	金屬	這個盒子是金屬的。	This box is made of metal.
12563	金屬	金屬在高溫下會變軟，所以操作時要特別小心。	Metal softens at high temperatures, so be extra careful when working with it.
12564	似的	他高興得像小孩似的。	He's as happy as a little kid.
12565	似的	他跑得像風似的，一下子就不見人影了。	He ran like the wind and was out of sight in no time.
12566	協定	兩國簽了協定。	The two countries signed an agreement.
12567	協定	雙方經過長時間談判，終於達成貿易協定。	After lengthy negotiations, the two sides finally reached a trade agreement.
12568	大道	這條大道很寬。	This avenue is very wide.
12569	大道	我們沿著大道一直走，就到了公園。	We walked straight along the avenue and reached the park.
12570	得知	我得知這個好消息。	I learned this good news.
12571	得知	我們從新聞得知高速公路出了車禍，所以改走別條路。	We learned from the news there was an accident on the expressway, so we took another road.
12572	早期	這是早期的照片。	This is an early photo.
12573	早期	台灣早期的農村生活很簡單，大家互相幫忙。	Early rural life in Taiwan was simple, and everyone helped one another.
12574	王國	這是個小王國。	This is a small kingdom.
12575	王國	童話故事裡的王國有高高的城堡和美麗的花園。	The kingdom in the fairy tale has tall castles and beautiful gardens.
12576	聯	兩家店決定聯手合作。	The two shops decided to team up.
12577	聯	老闆想聯合幾家店一起辦活動。	The boss wants to join several shops to hold an event together.
12578	輿論	輿論很關注這件事。	Public opinion is paying close attention to this.
12579	輿論	輿論壓力太大，這位官員最後決定辭職。	The pressure of public opinion was so great that the official decided to resign.
12580	顯	這件黑色外套很顯瘦。	This black coat is very slimming.
12581	顯	他今天顯得特別有精神，一定是昨晚睡得很好。	He looks especially energetic today; he must have slept well last night.
12582	全身	我全身都濕了。	I'm soaked all over.
12583	全身	運動完之後全身痠痛，隔天連下樓梯都困難。	After exercising my whole body ached, and even going downstairs was hard the next day.
12584	土	這雙鞋沾滿了土。	These shoes are covered in dirt.
12585	土	這個地區的土很肥沃，適合種稻。	The soil in this region is fertile and suited to growing rice.
12586	延伸	這條路延伸到海邊。	This road extends to the sea.
12587	延伸	腳踏車道從河邊一路延伸到山腳下。	The bike path stretches from the riverside all the way to the foot of the hills.
12588	旗下	這是他旗下的品牌。	This is a brand under him.
12589	旗下	這家公司旗下有三個手搖飲品牌，分店遍布全台。	This company has three bubble-tea brands, with branches across Taiwan.
12590	物品	請保管好個人物品。	Please look after your personal belongings.
12591	物品	下車前請檢查有沒有遺漏隨身物品。	Before getting off, please check that you haven't left any belongings.
12592	糖	我不加糖。	I don't take sugar.
12593	糖	小朋友吃太多糖，牙齒容易蛀掉。	If kids eat too much candy, their teeth can easily decay.
12594	認	我認不得這個字。	I don't recognize this character.
12595	認	他犯了錯，立刻認錯道歉。	He made a mistake and immediately admitted it and apologized.
12596	集會	民眾在廣場集會。	People gathered in the square.
12597	集會	這場集會是申請許可後舉行的，全程都很和平。	This assembly was held with a permit and stayed peaceful throughout.
12598	佔據	大樹佔據了半個院子。	The big tree takes up half the yard.
12599	佔據	路邊的攤販佔據了整個人行道，行人只好走在馬路上。	Street vendors occupy the whole sidewalk, so pedestrians have to walk on the road.
12600	印刷	這本書正在印刷。	This book is being printed.
12601	印刷	這家印刷廠一天可以印幾萬份傳單。	This print shop can print tens of thousands of flyers a day.
12602	大哥	我大哥已經結婚了。	My eldest brother is already married.
12603	大哥	大哥，請問這附近有便利商店嗎？	Excuse me, sir, is there a convenience store nearby?
12604	常務	他擔任常務董事。	He serves as a managing director.
12605	常務	協會的常務會議每個月召開一次。	The association holds a standing committee meeting once a month.
12606	持有	她持有台灣護照。	She holds a Taiwanese passport.
12607	持有	持有有效簽證的旅客才能入境。	Only travelers holding a valid visa may enter.
12608	格式	檔案格式不對。	The file format is wrong.
12609	格式	履歷請用指定格式，否則系統會無法讀取。	Please use the specified format for your résumé, or the system can't read it.
12610	漢	他是條好漢。	He's a real man.
12611	漢	這位硬漢警察為了救人，毫不猶豫地衝進火場。	This tough cop rushed into the fire without hesitation to save someone.
12612	登	他登上山頂。	He climbed to the summit.
12613	登	週末我們要去登山，記得穿登山鞋。	We're going hiking this weekend; remember to wear hiking shoes.
12614	統	我們統一穿制服。	We all wear the uniform.
12615	統	學校統一發給同學新的課本。	The school hands out new textbooks to all students uniformly.
12616	裔	他是美國華裔。	He is a Chinese American.
12617	裔	這位華裔作家的作品在全世界都很受歡迎。	This author of Chinese descent is popular around the world.
12618	造型	這個杯子的造型很可愛。	This cup has a cute design.
12619	造型	這家髮廊的造型師很厲害，幫我剪了一個很適合的髮型。	The stylist at this salon is great and gave me a haircut that suits me.
12620	首相	首相宣布辭職。	The prime minister announced his resignation.
12621	首相	日本首相今天在記者會上說明了新政策。	Japan's prime minister explained the new policy at a press conference today.
12622	伴隨	雷聲伴隨著大雨。	Thunder accompanied the heavy rain.
12623	伴隨	伴隨著經濟成長，大家的生活也越來越好。	Along with economic growth, everyone's lives are getting better.
12624	勢	看這個情勢，今天會下雨。	Judging by the situation, it will rain today.
12625	勢	房價上漲的趨勢，短時間內不太會改變。	The trend of rising housing prices probably won't change soon.
12626	境界	他的球技達到新的境界。	His ball skills reached a new level.
12627	境界	這位老師傅的手藝已經到了很高的境界。	This old master's craftsmanship has reached a very high level.
12628	工作室	這是我朋友的工作室。	This is my friend's studio.
12629	工作室	她在巷子裡有一間攝影工作室，專門拍婚紗。	She has a photography studio in an alley that specializes in wedding photos.
12630	拜託	拜託你幫我。	Please help me.
12631	拜託	拜託，這件事你千萬不要告訴別人。	Please, don't tell anyone about this.
12632	月亮	今晚月亮好圓。	The moon is so round tonight.
12633	月亮	中秋節晚上，我們一家人在院子裡看月亮、吃烤肉。	On the Mid-Autumn night, our family watched the moon and had a barbecue in the yard.
12634	漫長	漫長的一天。	A long day.
12635	漫長	經過漫長的等待，終於輪到我們進場了。	After a long wait, it was finally our turn to go in.
12636	社團	我參加了吉他社團。	I joined the guitar club.
12637	社團	大學社團每學期都會辦迎新活動，吸引新生加入。	University clubs hold orientation events each semester to attract freshmen.
12638	聽取	請聽取大家的意見。	Please listen to everyone's opinions.
12639	聽取	老闆在做決定之前，會先聽取同事的意見。	Before making decisions, the boss first listens to colleagues' views.
12640	起源	這個傳說的起源已經很難考證了。	The origin of this legend is hard to verify.
12641	起源	珍珠奶茶的起源，有很多不同的說法。	There are many different accounts of the origin of bubble tea.
12642	靈活	他的腦筋很靈活。	His mind is quick and flexible.
12643	靈活	這份工作需要靈活的時間安排，才能配合客人的需求。	This job needs flexible scheduling to fit customers' needs.
12644	主意	我有個好主意。	I have a good idea.
12645	主意	你別再改主意了，趕快決定吧。	Stop changing your mind and decide already.
12646	全程	他全程都在笑。	He was smiling the whole time.
12647	全程	這趟旅行全程由導遊帶領，讓我們省了不少力氣。	The guide led us throughout the trip, saving us a lot of effort.
12648	原先	事情和原先想的不一樣。	Things aren't what I originally thought.
12649	原先	原先說好的會議時間，現在因為颱風取消了。	The originally agreed meeting time was cancelled because of the typhoon.
12650	場面	場面很熱鬧。	The scene is lively.
12651	場面	現場的場面非常壯觀，大家都忍不住拍照。	The scene was so spectacular that everyone couldn't help taking photos.
12652	專區	賣場有一個進口食品專區。	The store has a section for imported food.
12653	專區	網站設有兒童專區，家長可以放心讓孩子瀏覽。	The website has a kids' zone where parents can safely let children browse.
12654	情景	那個情景我永遠忘不了。	I'll never forget that scene.
12655	情景	回想起小時候和家人圍著桌子吃飯的情景，心裡覺得很溫暖。	Remembering eating around the table with family as a kid warms my heart.
12656	撤離	居民撤離了。	The residents evacuated.
12657	撤離	颱風來襲之前，山區居民被要求撤離。	Before the typhoon hit, mountain residents were asked to evacuate.
12658	朝廷	朝廷下了命令。	The court issued an order.
12659	朝廷	古代朝廷會派官員到各地巡視，了解百姓的生活。	In ancient times the court sent officials around the land to learn about the people's lives.
12660	注意力	要集中注意力。	You need to focus your attention.
12661	注意力	小孩看手機看久了，注意力容易不集中。	Kids who watch phones too long easily lose focus.
12662	獎項	他拿到了獎項。	He won an award.
12663	獎項	這部電影在金馬獎拿下了三個重要的獎項。	This movie won three major awards at the Golden Horse Awards.
12664	算法	這個算法很快。	This algorithm is fast.
12665	算法	社群平台的算法會依照你的喜好，推薦你可能想看的影片。	The social platform's algorithm recommends videos based on your preferences.
12666	菲	他在菲律賓長大。	He grew up in the Philippines.
12667	菲	菲律賓的芒果又甜又香，進口到台灣後很受歡迎。	Philippine mangoes are sweet and fragrant and popular after being imported to Taiwan.
12668	賄賂	他收了賄賂。	He took a bribe.
12669	賄賂	這名官員因為收受賄賂，被檢察官起訴。	The official was indicted by prosecutors for accepting bribes.
12670	醜	這幅畫畫得好醜。	This picture is so ugly.
12671	醜	家醜不可外揚，有些事情還是在家裡解決。	Don't air your dirty laundry; some things are better settled at home.
12672	靈	這間廟很靈。	This temple is very efficacious.
12673	靈	聽說這間廟的籤很靈，所以考試前很多學生都來拜拜。	They say this temple's fortune slips are accurate, so many students come to pray before exams.
12674	付款	請在櫃檯付款。	Please pay at the counter.
12675	付款	你可以選擇用信用卡或行動支付付款。	You can pay by credit card or mobile payment.
12676	再生	這本筆記本是再生紙做的。	This notebook is made of recycled paper.
12677	再生	這個品牌的環保袋是用再生塑膠做的。	This brand's eco-bags are made of recycled plastic.
12678	合資	兩家公司合資。	The two companies formed a joint venture.
12679	合資	兩家公司合資成立了新的電動車品牌。	The two companies jointly invested in a new electric-car brand.
12680	天生	他天生就愛唱歌。	He was born loving to sing.
12681	天生	這孩子天生膽子大，什麼都不怕。	This child is naturally bold and fears nothing.
12682	嶄新	這是嶄新的一天。	This is a brand-new day.
12683	嶄新	搬進嶄新的教室後，同學們都很興奮。	After moving into the brand-new classroom, the students were all excited.
12684	態勢	景氣出現回升的態勢。	The economy shows signs of recovery.
12685	態勢	比賽到了後半段，我們隊逐漸佔了上風，態勢很有利。	In the second half our team gradually gained the upper hand, a favorable situation.
12686	放大	把圖片放大。	Enlarge the picture.
12687	放大	字太小看不清楚，可以幫我放大嗎？	The text is too small to read; could you enlarge it for me?
12688	模	小孩喜歡模仿大人。	Kids like to imitate adults.
12689	模	這位藝人模仿得很像，現場觀眾都笑了。	This entertainer's imitation was spot-on, and the audience laughed.
12690	澳	他在澳洲打工度假。	He's on a working holiday in Australia.
12691	澳	澳門的葡式蛋塔很有名，很多遊客都會買。	Macau's Portuguese egg tarts are famous, and many tourists buy them.
12692	盾	騎士一手拿劍，一手拿盾。	The knight holds a sword in one hand and a shield in the other.
12693	盾	騎士用盾擋住了敵人的攻擊。	The knight blocked the enemy's attack with his shield.
12694	羞辱	不要羞辱別人。	Don't humiliate others.
12695	羞辱	他在大家面前被羞辱，覺得非常難過。	He was humiliated in front of everyone and felt very hurt.
12696	親吻	媽媽親吻了寶寶。	Mom kissed the baby.
12697	親吻	新郎在婚禮上親吻了新娘，大家都鼓掌。	The groom kissed the bride at the wedding, and everyone applauded.
12698	造就	環境造就人才。	Environment makes talent.
12699	造就	艱苦的環境造就了他堅強的個性。	A harsh environment shaped his strong character.
12700	雇傭	公司雇傭了二十名員工。	The company hired twenty employees.
12701	雇傭	雇傭關係需要簽訂合約，保障雙方的權益。	An employment relationship needs a signed contract to protect both parties.
12702	上年	與上年相比，遊客增加了兩成。	Compared with last year, visitors rose twenty percent.
12703	上年	上年的銷售成績很好，今年老闆決定開分店。	Last year's sales were good, so this year the boss decided to open a branch.
12704	低溫	低溫讓人想賴床。	The low temperature makes people want to stay in bed.
12705	低溫	寒流來襲，北部低溫只有十度，要多穿一點。	A cold wave is hitting; the north's low is only ten degrees, so dress warmly.
12706	內幕	這件事有內幕。	There's an inside story to this.
12707	內幕	記者努力調查，想揭開這起事件背後的內幕。	The reporter investigated hard to uncover the inside story behind the incident.
12708	千里	他不遠千里從南部趕來。	He came all the way from the south, a long distance.
12709	千里	千里之行，始於足下，先從今天開始努力吧。	A journey of a thousand miles begins with a single step; let's start today.
12710	喉嚨	我喉嚨痛。	I have a sore throat.
12711	喉嚨	感冒的時候喉嚨又乾又痛，連吞口水都覺得難受。	With a cold, the throat is dry and sore, and even swallowing hurts.
12712	大綱	先寫大綱。	Write the outline first.
12713	大綱	寫論文之前要先列出大綱，才不會寫到一半迷路。	Before writing a thesis, list an outline first so you don't get lost midway.
12714	容許	這裡不容許抽菸。	Smoking is not allowed here.
12715	容許	公司不容許員工在上班時間做私人的事。	The company doesn't allow employees to do personal things during work hours.
12716	強盜	強盜搶走了錢。	The robber took the money.
12717	強盜	強盜持刀闖進店裡，把收銀機裡的錢搶走了。	A robber burst into the shop with a knife and took the money from the register.
12718	打擾	不好意思，打擾了。	Sorry to disturb you.
12719	打擾	抱歉打擾你，請問這個位子有人坐嗎？	Sorry to bother you; is this seat taken?
12720	撞擊	海浪不斷撞擊岩石。	The waves keep pounding the rocks.
12721	撞擊	汽車撞擊護欄後，車頭整個凹了進去。	After the car hit the guardrail, the front was dented in.
12722	月光	月光很亮。	The moonlight is bright.
12723	月光	月光灑在海面上，美得讓人說不出話。	Moonlight spilled over the sea, so beautiful it left one speechless.
12724	殘	吃剩的殘渣要倒進廚餘桶。	Leftover scraps go into the food-waste bin.
12725	殘	戰爭給人民帶來了殘酷的傷害。	The war inflicted cruel harm on the people.
12726	澤	這顆珍珠的光澤很美。	This pearl has a beautiful luster.
12727	澤	這塊玉石色澤溫潤，很多人搶著收藏。	This jade has a soft, mellow color, and many people vie to collect it.
12728	疑似	這是疑似詐騙的電話。	This is a suspected scam call.
12729	疑似	衛生局接獲通報，有疑似食物中毒的案例。	The health bureau received reports of suspected food poisoning cases.
12730	站點	這條線有很多站點。	This line has many stops.
12731	站點	公車的站點設在路口，乘客上下車都很方便。	The bus stop is at the intersection, convenient for boarding and alighting.
12732	翼	鳥兒展開雙翼飛走了。	The bird spread its wings and flew away.
12733	翼	這架飛機的機翼上有結冰，必須先除冰才能起飛。	There is ice on this plane's wings and it must be de-iced before takeoff.
12734	衍生	這個故事後來衍生出很多版本。	This story later gave rise to many versions.
12735	衍生	這部電影大受歡迎，後來衍生出許多周邊商品。	The movie was hugely popular and spawned lots of merchandise.
12736	賀	恭賀新年！	Happy New Year!
12737	賀	朋友結婚，我包了紅包去道賀。	My friend got married, and I brought a red envelope to congratulate.
12738	邁進	向前邁進。	Stride forward.
12739	邁進	我們要向新的目標邁進，一起努力。	Let's forge ahead toward new goals and work together.
12740	領地	獅子保護自己的領地。	Lions protect their territory.
12741	領地	貓會在自己的領地四周留下氣味，提醒別的貓不要靠近。	Cats leave scent around their territory to warn other cats away.
12742	不敢當	您太客氣了，我不敢當。	You're too kind; I don't deserve it.
12743	不敢當	你說我是專家，真是不敢當，我只是比較有經驗而已。	Calling me an expert is too much; I'm just more experienced.
12744	弓	他拉開弓射箭。	He drew the bow and shot an arrow.
12745	弓	她彎腰弓著背，在地上找掉落的耳環。	She bent over with an arched back, searching the floor for her fallen earring.
12746	特價	今天蘋果特價。	Apples are on special today.
12747	特價	超市週年慶，很多商品都有特價，我買了一大堆。	The supermarket's anniversary sale has many items on special, and I bought a ton.
12748	跟你借	我可以跟你借筆嗎？	Can I borrow a pen from you?
12749	跟你借	我想跟你借一下充電線，我的手機快沒電了。	I'd like to borrow your charging cable; my phone is almost dead.
12750	下次見	好，下次見！	Okay, see you next time!
12751	下次見	今天聊得很開心，我先走了，下次見！	I had a great chat today; I'm off now, see you next time!
