14880	讓	媽媽讓我去玩。	Mom let me go play.
14881	讓	老師讓我們分組討論，然後派一個人上台報告。	The teacher had us discuss in groups and then send one person up to present.
14882	開始	電影開始了。	The movie has started.
14883	開始	天氣一冷，我就開始想念媽媽煮的火鍋。	As soon as the weather turns cold, I start missing my mom's hot pot.
14884	發現	我發現錢包不見了。	I found that my wallet was missing.
14885	發現	整理房間時，我在抽屜裡發現一張十年前的照片。	While tidying my room, I found a photo from ten years ago in a drawer.
14886	人們	人們都喜歡週末。	People all love weekends.
14887	人們	下班時間一到，人們紛紛走出辦公大樓，趕著回家。	When quitting time came, people poured out of the office building, rushing home.
14888	自由	他喜歡自由。	He loves freedom.
14889	自由	週末的時間很自由，你想去哪裡走走都可以。	My weekend schedule is free, so we can go wherever you like.
14890	故事	我愛聽故事。	I love listening to stories.
14891	故事	睡前我都會念一個故事給女兒聽，她最愛海盜的故事。	I read my daughter a story every night before bed, and she loves pirate stories most.
14892	以來	三年以來我都沒換過手機。	I haven't changed my phone in three years.
14893	以來	自從搬到鄉下以來，我的睡眠品質改善了很多。	Ever since moving to the countryside, my sleep quality has improved a lot.
14894	據	據說這家店很好吃。	They say this shop is delicious.
14895	據	據氣象局預測，明天北部地區會有大雨。	According to the weather bureau, northern areas will have heavy rain tomorrow.
14896	不到	他不到十歲。	He isn't even ten.
14897	不到	從我家走到車站不到五分鐘，所以很方便。	It takes less than five minutes to walk from my home to the station, so it's convenient.
14898	期	這一期雜誌很好看。	This issue of the magazine is great.
14899	期	期中考的時間快到了，大家都在圖書館拚命念書。	Midterms are coming up, and everyone is cramming at the library.
14900	任	他任總經理三年了。	He has served as general manager for three years.
14901	任	新上任的校長說，他會任由學生自己決定社團活動。	The newly appointed principal said he will leave decisions about club activities up to the students.
14902	引起	這件事引起討論。	This matter sparked discussion.
14903	引起	他的一句玩笑話引起了全班同學哈哈大笑。	One of his jokes made the whole class burst out laughing.
14904	知識	知識就是力量。	Knowledge is power.
14905	知識	看紀錄片可以學到很多天文知識，我弟最愛看這類節目。	Documentaries teach you a lot about astronomy, and my brother loves these shows.
14906	閱讀	我喜歡閱讀。	I like reading.
14907	閱讀	每天睡前閱讀半小時，是我多年來的習慣。	Reading for half an hour before bed each day has been my habit for years.
14908	各地	各地都在下雨。	It's raining everywhere.
14909	各地	颱風過後，各地的學校都宣布停課一天。	After the typhoon, schools in various places announced a day off.
14910	正確	這個答案正確。	This answer is correct.
14911	正確	刷牙的方法要正確，才能把牙齒真正刷乾淨。	You have to brush your teeth the right way to really get them clean.
14912	道路	道路很寬。	The road is wide.
14913	道路	連日大雨造成山區道路坍方，目前已經封閉搶修。	Days of heavy rain caused a landslide on the mountain road, which is now closed for repairs.
14914	傳播	病毒會傳播。	Viruses spread.
14915	傳播	假消息在社群網站上傳播得很快，大家要先查證再轉貼。	Fake news spreads quickly on social media, so check before you reshare.
14916	少數	只有少數人來。	Only a few people came.
14917	少數	少數民族的傳統服飾色彩鮮豔，很吸引觀光客的目光。	The traditional costumes of ethnic minorities are colorful and attract tourists.
14918	材料	準備好材料了嗎？	Are the materials ready?
14919	材料	做蛋糕的材料有麵粉、雞蛋、糖和奶油，超市都買得到。	The ingredients for the cake are flour, eggs, sugar and butter, all available at the supermarket.
14920	臉	你的臉很紅。	Your face is red.
14921	臉	出門前我都會先洗臉、擦防曬乳，才不會曬黑。	Before going out I wash my face and put on sunscreen so I don't get tanned.
14922	雙	我買了一雙鞋。	I bought a pair of shoes.
14923	雙	這雙襪子很厚，冬天穿起來特別暖和，我媽也買了一雙。	This pair of socks is thick and especially warm in winter. My mom bought a pair too.
14924	各個	各個國家不一樣。	Each country is different.
14925	各個	各個部門的主管下週都要來開年度會議。	The heads of every department are coming next week for the annual meeting.
14926	後面	我在你後面。	I'm behind you.
14927	後面	電影院後面有一家小咖啡店，看完電影可以去坐坐。	There's a little cafe behind the cinema where you can sit after the movie.
14928	注	請注意安全。	Please be careful.
14929	注	上課要專心，注意聽老師說的重點，不要看手機。	Focus in class, pay attention to the teacher's key points, and don't look at your phone.
14930	觀眾	觀眾很熱情。	The audience is enthusiastic.
14931	觀眾	演唱會結束後，現場觀眾一起大聲唱歌，久久不願離開。	After the concert, the audience sang along loudly and didn't want to leave.
14932	交換	我們交換電話。	We exchanged phone numbers.
14933	交換	班上同學在聖誕節交換禮物，我抽到一本很漂亮的筆記本。	Classmates exchange gifts at Christmas, and I drew a really pretty notebook.
14934	報紙	爸爸在看報紙。	Dad is reading the newspaper.
14935	報紙	以前每天早上，爺爺都會到巷口的超商買一份報紙。	In the past, Grandpa would buy a newspaper at the corner store every morning.
14936	感情	他們感情很好。	They get along very well.
14937	感情	兄弟倆感情很好，每次吵完架很快就和好了。	The two brothers are close, and they make up quickly after every argument.
14938	消費者	消費者要小心。	Consumers should be careful.
14939	消費者	很多消費者買東西前會先上網看評價，再決定要不要買。	Many consumers check online reviews before deciding whether to buy.
14940	羅	公司四處網羅人才。	The company is recruiting talent everywhere.
14941	羅	這份清單羅列了今年所有的活動，包括時間和地點。	This list sets out all this year's events, including times and places.
14942	退出	我想退出群組。	I want to leave the group chat.
14943	退出	他因為受傷必須退出比賽，大家都很為他加油。	He had to drop out of the competition because of an injury, and everyone cheered him on.
14944	代	我代她簽名。	I signed on her behalf.
14945	代	我媽今天不能來，由我代她領獎，回家再讓她看獎狀。	My mom can't come today, so I'll accept the award for her and show her the certificate at home.
14946	回憶	這是美好的回憶。	These are fond memories.
14947	回憶	看著舊照片，我回憶起小時候和外公一起釣魚的夏天。	Looking at old photos, I recalled the summers fishing with Grandpa as a child.
14948	愛國	他很愛國。	He is very patriotic.
14949	愛國	小時候學校常常播放愛國歌曲，現在聽到還是會想起那段時光。	Our school often played patriotic songs when I was a kid, and I still think of those days when I hear them.
14950	法官	法官在審理案件。	The judge is hearing the case.
14951	法官	法官聽完雙方說法後，決定下週再宣布判決結果。	After hearing both sides, the judge decided to announce the verdict next week.
14952	群體	他融入了群體。	He fit into the group.
14953	群體	這個社會群體很團結，只要有人需要幫忙，大家就會伸出援手。	This community is tight-knit, and whenever someone needs help, everyone reaches out.
14954	轄	這裡歸台北市管轄。	This area is under Taipei City's jurisdiction.
14955	轄	這個里歸哪個派出所管轄，可以到市政府網站查詢。	You can check the city website to see which police station this neighborhood falls under.
14956	乘客	乘客請排隊。	Passengers, please queue up.
14957	乘客	公車上有幾位乘客在看手機，只有一位老先生在看窗外的風景。	A few passengers on the bus were on their phones, and only an old man looked at the scenery outside.
14958	創	他受了創傷。	He suffered trauma.
14959	創	小時候的創傷讓她很怕黑，到現在還要開著小燈睡覺。	A childhood trauma left her afraid of the dark, so she still sleeps with a small light on.
14960	場所	這是公共場所。	This is a public venue.
14961	場所	公共場所一律禁止吸菸，違反者最高罰一萬元。	Smoking is banned in all public venues, with fines up to ten thousand dollars.
14962	引用	請引用資料。	Please cite your sources.
14963	引用	寫論文時，引用別人的研究一定要註明出處，不然會被當作抄襲。	When writing a paper, you must cite sources when quoting others' research, or it counts as plagiarism.
14964	改為	改為明天。	Changed to tomorrow.
14965	改為	因為下大雨，原訂的戶外活動改為室內進行。	Because of heavy rain, the planned outdoor event was changed to be held indoors.
14966	煙	這裡不能抽煙。	You can't smoke here.
14967	煙	廚房冒出一陣煙，原來是爸爸在煎魚，油開得太大了。	Smoke rose from the kitchen. Dad was frying fish with the heat too high.
14968	總裁	他是公司總裁。	He's the company's CEO.
14969	總裁	總裁今天上午在記者會上宣布，公司將在明年擴大海外市場。	The CEO announced at a press conference this morning that the company will expand overseas next year.
14970	貴族	他是貴族。	He's a nobleman.
14971	貴族	電影裡的貴族住在大城堡裡，每天都要參加盛大的舞會。	The nobles in the movie live in big castles and attend grand balls every day.
14972	除非	除非你去。	Unless you go.
14973	除非	除非明天下大雨，否則我們照原定計畫去爬山。	Unless it rains heavily tomorrow, we'll go hiking as planned.
14974	倫理	這是倫理問題。	This is an ethical issue.
14975	倫理	醫生必須遵守醫療倫理，不能隨便透露病人的資料。	Doctors must follow medical ethics and cannot casually disclose patients' information.
14976	同性戀	他是同性戀者。	He is gay.
14977	同性戀	台灣是亞洲第一個同性婚姻合法化的地方，這在新聞上引起很多討論。	Taiwan was the first place in Asia to legalize same-sex marriage, which sparked lots of news discussion.
14978	展現	他展現了實力。	He showed his ability.
14979	展現	這場表演展現了台灣傳統文化的魅力，讓外國觀眾讚嘆不已。	This performance showed the charm of Taiwan's traditional culture and amazed foreign viewers.
14980	搜	請搜身。	Please search him.
14981	搜	我在手機上搜了一下附近的餐廳，發現有一家評價很高。	I searched my phone for nearby restaurants and found one with high ratings.
14982	洞	地上有一個洞。	There's a hole in the ground.
14983	洞	我的襪子破了一個洞，腳趾都跑出來了，只好換新的。	My sock has a hole and my toes are poking out, so I had to get a new pair.
14984	碰	別碰那個！	Don't touch that!
14985	碰	我在街上碰到小學同學，兩個人站著聊了半天。	I ran into an elementary school classmate on the street, and we stood chatting for ages.
14986	蒐	他喜歡蒐集郵票。	He likes collecting stamps.
14987	蒐	警方正在蒐證，希望盡快找到犯人，還給受害者一個公道。	Police are gathering evidence in the hope of quickly finding the culprit and doing justice for the victim.
14988	進而	先學好字，進而學句子。	Master characters first, and then sentences.
14989	進而	多參加社團活動可以認識新朋友，進而擴大自己的生活圈。	Joining club activities lets you meet new friends and, in turn, widen your social circle.
14990	不在乎	他不在乎。	He doesn't care.
14991	不在乎	她說她不在乎別人的看法，只想做自己喜歡的事情。	She said she doesn't care what others think and just wants to do what she likes.
14992	剝削	這是剝削。	This is exploitation.
14993	剝削	新聞報導有些工廠剝削外籍勞工，讓他們長時間工作卻拿很少薪水。	The news reports some factories exploiting migrant workers, making them work long hours for low pay.
14994	堂	我今天有三堂課。	I have three classes today.
14995	堂	這座廟的正堂很莊嚴，過年時有很多人來祈福。	The main hall of this temple is solemn, and many come to pray for blessings at New Year.
14996	尷尬	場面很尷尬。	The situation is awkward.
14997	尷尬	我在電梯裡認錯人，打了招呼才發現不是同事，真的好尷尬。	I mistook a stranger in the elevator for a colleague and said hi, which was so awkward.
14998	扔	別亂扔垃圾。	Don't throw trash around.
14999	扔	他把用不到的舊玩具扔進回收箱，房間一下子清爽多了。	He threw old toys he no longer used into the recycling bin, and the room felt much fresher.
15000	有力	他的聲音很有力。	His voice is powerful.
15001	有力	老師用有力的證據說明了這個理論，同學們都被說服了。	The teacher explained the theory with strong evidence, and the students were convinced.
15002	海拔	山的海拔很高。	The mountain's elevation is high.
15003	海拔	玉山的海拔將近四千公尺，是台灣最高的山。	Yushan is nearly four thousand meters above sea level, the highest mountain in Taiwan.
15004	由此	由此可知。	From this we can tell.
15005	由此	由此可見，習慣的養成需要時間，不能期待一個晚上就改變。	From this we see habits take time to form and can't be expected to change overnight.
15006	筆者	筆者認為這很重要。	The author thinks this is important.
15007	筆者	筆者在台灣住了五年，深深體會到鄰里之間的人情味。	The writer has lived in Taiwan five years and deeply felt the warmth among neighbors.
15008	萬歲	祝你生日快樂，萬歲！	Happy birthday, hooray!
15009	萬歲	比賽結束後，球迷們一起高喊「台灣萬歲」，場面十分感人。	After the game, fans shouted "Long live Taiwan" together, a very moving scene.
15010	軍官	他是軍官。	He is a military officer.
15011	軍官	這位退役軍官每天早上都在公園帶領大家做體操。	This retired officer leads everyone in morning exercises at the park every day.
15012	雪	山上下雪了。	It snowed on the mountain.
15013	雪	合歡山冬天偶爾會下雪，週末很多人開車上山，想看看雪景。	Hehuanshan sometimes gets snow in winter, and many people drive up on weekends to see it.
15014	不當	這樣做不當。	Doing it this way is improper.
15015	不當	他在會議上的不當發言引起同事不滿，隔天就向大家道歉了。	His inappropriate remarks at the meeting upset colleagues, and he apologized the next day.
15016	出國	我想出國玩。	I want to travel abroad.
15017	出國	出國前要先確認護照有沒有過期，還要買好旅遊保險。	Before going abroad, check that your passport hasn't expired and buy travel insurance.
15018	嚴	老師很嚴。	The teacher is strict.
15019	嚴	這個社區的門禁很嚴，沒有登記的訪客不能進來。	This community has strict access control, and unregistered visitors can't enter.
15020	實時	實時更新。	Updated in real time.
15021	實時	這個app可以實時顯示公車的位置，讓你不用在站牌下苦等。	This app shows bus locations in real time, so you don't have to wait at the stop.
15022	惡劣	天氣很惡劣。	The weather is terrible.
15023	惡劣	颱風帶來惡劣的天氣，所以今天所有的戶外活動都取消了。	The typhoon brought terrible weather, so all outdoor events today were cancelled.
15024	整天	我整天都在忙。	I'm busy all day.
15025	整天	下了整天的雨，我只好待在家裡看影集和打掃房間。	It rained all day, so I stayed home watching shows and cleaning.
15026	洪水	洪水來了。	The flood is here.
15027	洪水	大雨過後洪水淹沒了道路，居民被迫撤離到附近的學校。	After heavy rain, floods submerged the road, and residents had to evacuate to a nearby school.
15028	病例	這是新病例。	This is a new case.
15029	病例	衛生局今天通報兩例新病例，都是從國外回來的旅客。	The health bureau reported two new cases today, both travelers returning from abroad.
15030	編寫	他在編寫程式。	He's writing a program.
15031	編寫	這本字典是由十幾位老師花了五年時間編寫而成的。	This dictionary was compiled by a dozen teachers over five years.
15032	觀光	我們去觀光。	We're going sightseeing.
15033	觀光	台灣的觀光產業在疫情後慢慢恢復，各地民宿也開始客滿。	Taiwan's tourism industry gradually recovered after the pandemic, and guesthouses began to fill up.
15034	鑑定	專家正在鑑定。	The expert is appraising it.
15035	鑑定	這幅畫經過專家鑑定，確定是真跡，價值上千萬。	After expert appraisal, this painting was confirmed authentic and is worth tens of millions.
15036	上層	上層的空間比較大。	The upper level has more space.
15037	上層	蛋糕上層是奶油，下層是水果，吃起來口感很豐富。	The cake's top layer is cream and the bottom is fruit, with a rich texture.
15038	偵探	他是偵探。	He's a detective.
15039	偵探	小時候我最愛看偵探小說，常常猜不到犯人是誰。	As a kid I loved detective novels and often couldn't guess the culprit.
15040	劇場	我們去劇場。	We're going to the theater.
15041	劇場	這間小劇場每個月都有不同的表演，票價便宜，很受學生歡迎。	This small theater has different shows every month at cheap prices, popular with students.
15042	喜劇	我愛看喜劇。	I love watching comedies.
15043	喜劇	這部喜劇片笑點很多，全家人看了都笑到肚子痛。	This comedy has many laughs, and the whole family laughed until their stomachs hurt.
15044	季度	這個季度業績不錯。	This quarter's performance is good.
15045	季度	公司每個季度都會開一次檢討會，討論銷售和成本。	The company holds a review meeting each quarter to discuss sales and costs.
15046	廢棄	這是廢棄工廠。	This is an abandoned factory.
15047	廢棄	山邊有一間廢棄的老房子，傳說晚上會有奇怪的聲音。	A deserted old house stands on the hillside, and legend says it makes strange noises at night.
15048	指引	請看指引。	Please see the guide.
15049	指引	地上的黃色線條是方向指引，跟著走就能找到出口。	The yellow lines on the floor are directional guides. Follow them to find the exit.
15050	星球	地球是一顆星球。	Earth is a planet.
15051	星球	科學家在尋找適合人類居住的星球，希望能找到第二個家。	Scientists are searching for planets humans could live on, hoping for a second home.
15052	比起	比起咖啡，我更愛茶。	I like tea more than coffee.
15053	比起	比起搭車，我更喜歡騎腳踏車上學，因為可以順便運動。	I prefer biking to school over taking a ride because I also get exercise.
15054	烤	我來烤肉。	I'll barbecue.
15055	烤	中秋節我們全家在院子裡烤肉，爸爸負責烤香腸，我負責切水果。	At Mid-Autumn the family barbecued in the yard, with Dad grilling sausages and me cutting fruit.
15056	短信	我收到一則短信。	I received a text message.
15057	脾氣	他脾氣很好。	He's good-tempered.
15058	脾氣	我爸脾氣急，但是很快就消氣，不會記恨。	My dad is hot-tempered but cools off fast and holds no grudges.
15059	評選	大家參加評選。	Everyone takes part in the selection.
15060	評選	這次的最佳員工由同事投票評選，得票最多的人可以獲得獎金。	The best employee is voted on by colleagues, and the top vote-getter receives a bonus.
15061	這天	這天很熱。	This day is hot.
15062	這天	這天是我們結婚十週年紀念日，所以我們決定出去吃一頓好的。	This day is our tenth wedding anniversary, so we decided to go out for a nice meal.
15063	院士	他是院士。	He's an academician.
15064	院士	這位院士研究癌症超過三十年，獲得了許多國際獎項。	This academician has researched cancer for over thirty years and won many international awards.
15065	一身	他穿一身黑。	He's dressed all in black.
15066	一身	跑完步，我一身汗，趕快去沖個澡，再喝一大杯水。	After the run I was drenched in sweat, so I showered quickly and drank a big glass of water.
15067	傳承	我們要傳承文化。	We should pass on our culture.
15068	傳承	這家老店的手藝一代一代傳承下來，現在由第三代接手經營。	This old shop's craft has been passed down generation by generation, now run by the third.
15069	包容	請包容我。	Please bear with me.
15070	包容	台灣是個很包容的社會，各種文化和宗教都能和平共處。	Taiwan is a tolerant society where various cultures and religions coexist peacefully.
15071	坦	他很坦白。	He is frank.
15072	坦	這條步道很平坦，連推嬰兒車的家庭也能輕鬆散步。	This trail is flat enough for even families with strollers to stroll easily.
15073	家具	這個家具很新。	This furniture is new.
15074	家具	搬進新家之前，我們先去家具行挑了沙發和餐桌。	Before moving into the new home, we went to a furniture store to pick a sofa and a dining table.
15075	強國	他們是強國。	They're a major power.
15076	強國	一個國家要成為強國，不但要有經濟力量，還要有文化魅力。	To become a great power, a nation needs both economic strength and cultural appeal.
15077	掌控	他掌控一切。	He controls everything.
15078	掌控	我最近學會掌控自己的時間，每天都留一小時給運動和閱讀。	I've recently learned to control my time, keeping an hour daily for exercise and reading.
15079	會晤	兩位首長舉行會晤。	The two leaders held a meeting.
15080	會晤	兩國的外交部長下週將在台北會晤，討論雙方的合作。	The two countries' foreign ministers will meet in Taipei next week to discuss cooperation.
15081	治癒	他的病治癒了。	His illness was cured.
15082	治癒	看到小貓在陽光下打呼嚕，心情一下子就被治癒了。	Seeing a kitten purr in the sunshine instantly soothed my mood.
15083	理事會	理事會開會了。	The council is meeting.
15084	理事會	協會理事會決定下個月舉辦年度大會，並討論新的預算。	The association's council decided to hold the annual meeting next month and discuss the new budget.
15085	管理員	管理員在門口。	The manager is at the door.
15086	管理員	大樓的管理員會幫住戶收包裹，並通知大家來領。	The building manager receives parcels for residents and notifies them to pick up.
15087	萬物	大自然孕育萬物。	Nature nurtures all things.
15088	萬物	春天一到，萬物開始復甦，山上的花一朵接著一朵開。	When spring comes, everything revives and mountain flowers bloom one after another.
15089	讚美	她喜歡被讚美。	She likes being praised.
15090	讚美	媽媽很少讚美我，所以聽到她說「做得好」，我開心了一整天。	Mom rarely praises me, so hearing "well done" made me happy all day.
15091	釣魚	我爸愛釣魚。	My dad loves fishing.
15092	釣魚	週末爸爸會帶我去水庫釣魚，雖然常常釣不到，但是很放鬆。	On weekends Dad takes me fishing at the reservoir, and though we often catch nothing it's relaxing.
15093	馬路	過馬路要小心。	Be careful crossing the road.
15094	馬路	我家門前的馬路很寬，下班時間車子多，過馬路時要走地下道。	The road in front of my house is wide and busy at rush hour, so I use the underpass to cross.
15095	乾旱	今年乾旱。	This year is a drought.
15096	乾旱	連續半年的乾旱讓水庫乾涸，農民只能輪流灌溉稻田。	Half a year of drought dried up the reservoirs, and farmers could only irrigate in turns.
15097	側面	請看側面。	Please look at the side.
15098	側面	這個杯子的側面有一個小裂縫，用久了可能會漏水。	This cup has a small crack on the side and may leak after long use.
15099	創傷	他有心理創傷。	He has psychological trauma.
15100	創傷	車禍後的創傷讓他有一段時間不敢開車，後來慢慢才恢復。	The trauma after the accident made him afraid to drive for a while before he recovered.
15101	名牌	他穿名牌。	He wears brand names.
15102	名牌	她對名牌包包沒有興趣，覺得實用又耐用的比較重要。	She isn't interested in designer bags and thinks practical, durable ones matter more.
15103	報仇	我要報仇。	I want revenge.
15104	報仇	這部武俠片講的是一個年輕人為了替父親報仇，苦練武功的故事。	This martial arts film tells of a young man who trains hard to avenge his father.
15105	孤兒	他是孤兒。	He's an orphan.
15106	孤兒	這間育幼院收留了許多孤兒，志工們每週都來陪孩子們玩。	This orphanage takes in many orphans, and volunteers come weekly to play with the kids.
15107	平行	這兩條線平行。	These two lines are parallel.
15108	平行	鐵軌是平行的，火車才能穩穩地沿著軌道前進。	Rails are parallel so trains can run steadily along them.
15109	憲政	這是憲政制度。	This is a constitutional system.
15110	憲政	台灣的憲政制度經過多次修改，才有今天民主的樣子。	Taiwan's constitutional system went through many amendments before becoming today's democracy.
15111	接納	他們接納了我。	They accepted me.
15112	接納	新同學剛轉來時很緊張，幸好班上同學很快就接納了他。	The new student was nervous when he transferred, but classmates quickly accepted him.
15113	族人	族人們聚在一起。	The tribe members gathered.
15114	族人	每年豐年祭，族人都會穿上傳統服飾，一起跳舞歌唱。	At the harvest festival each year, tribe members wear traditional clothes and dance and sing together.
15115	樹林	那邊有片樹林。	There's a grove over there.
15116	樹林	我們在樹林裡散步，空氣很新鮮，還遇到了好幾隻松鼠。	We walked through the woods with fresh air and met several squirrels.
15117	淨化	要淨化空氣。	We need to purify the air.
15118	淨化	這台空氣清淨機能淨化空氣，過濾灰塵和花粉，過敏的人很適合。	This air purifier cleans air by filtering dust and pollen, ideal for allergy sufferers.
15119	玩弄	別玩弄別人。	Don't toy with others.
15120	玩弄	他玩弄別人的感情，最後自己也被大家疏遠了。	He toyed with other people's feelings and ended up shunned by everyone.
15121	祈求	我祈求平安。	I pray for peace.
15122	祈求	新年到廟裡拜拜，大家都祈求全家平安、事事順利。	At New Year people visit temples to pray for family safety and smooth sailing.
15123	緣故	不知道什麼緣故。	I don't know the reason.
15124	緣故	因為天氣的緣故，今天的戶外音樂會延到下週舉行。	Because of the weather, today's outdoor concert was postponed to next week.
15125	良	品質良好。	Quality is good.
15126	良	他的成績良好，態度良善，老師都很放心把工作交給他。	His grades are good and his attitude kind, so teachers trust him with tasks.
15127	論點	他的論點很清楚。	His argument is clear.
15128	論點	這篇文章的論點很有說服力，每段都附上了真實的例子。	This article's argument is persuasive, with real examples in every paragraph.
15129	追加	請追加訂單。	Please add to the order.
15130	追加	這次活動的預算不夠，主管同意追加十萬元的經費。	The budget for the event was short, and the supervisor approved an additional hundred thousand.
15131	集資	大家一起集資。	Everyone pooled money.
15132	集資	朋友們集資買了一台二手車，大家輪流使用，平分油錢。	Friends pooled money to buy a used car, taking turns using it and splitting fuel costs.
15133	高科技	這是高科技。	This is high tech.
15134	高科技	新竹科學園區聚集了許多高科技公司，工程師們常常加班到很晚。	Hsinchu Science Park houses many high-tech companies, with engineers often working late.
15135	壯	他很壯。	He's sturdy.
15136	壯	爺爺的身體很壯，八十歲了還能自己騎腳踏車去市場買菜。	Grandpa is robust and at eighty still bikes to the market to buy groceries.
15137	櫃檯	請到櫃檯。	Please go to the counter.
15138	櫃檯	飯店的櫃檯人員很親切，幫我們辦完入住後，還推薦附近的景點。	The hotel front desk staff were friendly and, after check-in, recommended nearby sights.
15139	試試看	你試試看。	Give it a try.
15140	試試看	這家店的新口味很特別，下次你也點來試試看吧。	This shop's new flavor is special, so order it next time and give it a try.
15141	沒人	教室裡沒人。	There's no one in the classroom.
15142	沒人	這麼晚了，路上幾乎沒人，只有便利商店的燈還亮著。	So late, there's almost no one on the street, only the convenience store light still on.
15143	佔有	他佔有大部分股份。	He holds most of the shares.
15144	佔有	這家公司在國內市場佔有三成的市佔率，是業界的龍頭。	This company holds thirty percent of the domestic market and is an industry leader.
15145	這個	這個多少錢？	How much is this one?
15146	這個	這個週末我想帶小孩去動物園，你們要不要一起來？	This weekend I want to take the kids to the zoo. Do you want to come along?
15147	不能	這裡不能停車。	You can't park here.
15148	不能	醫生說我感冒還沒好，不能喝冰的東西。	The doctor said my cold hasn't cleared up yet, so I can't have cold drinks.
15149	請	請坐，我去倒水。	Please sit down. I'll go pour some water.
15150	請	今天我請客，你們想吃什麼都可以點。	It's my treat today. Order anything you want.
15151	今天	今天天氣真好。	The weather is really nice today.
15152	今天	今天下班以後，我要去醫院看我阿嬤。	After work today, I'm going to the hospital to see my grandma.
15153	臺灣	我住在臺灣。	I live in Taiwan.
15154	臺灣	臺灣的夏天很熱，所以家家戶戶都要裝冷氣。	Summers in Taiwan are hot, so every household needs an air conditioner.
15155	方法	我有一個好方法。	I have a good idea.
15156	方法	這個方法很簡單，只要把水燒開再泡三分鐘就好了。	This method is simple. Just boil the water and let it steep for three minutes.
15157	任務	這是我的任務。	This is my task.
15158	任務	老闆交給我一個很困難的任務，我得在下週五前完成。	The boss gave me a very difficult assignment that I have to finish before next Friday.
15159	整個	整個房間都是花香。	The whole room smells of flowers.
15160	整個	昨天整個晚上都在下雨，今天早上街上到處都是積水。	It rained the whole night yesterday, and this morning there's standing water all over the streets.
15161	中央	公園中央有一棵大樹。	There's a big tree in the center of the park.
15162	中央	中央氣象署表示，颱風預計明天下午接近台灣。	The Central Weather Administration said the typhoon is expected to approach Taiwan tomorrow afternoon.
15163	條件	他提出的條件很好。	The terms he offered are very good.
15164	條件	這份工作的條件不錯，薪水高，而且可以在家上班。	The conditions for this job are good: high pay, and you can work from home.
15165	位於	學校位於山腳下。	The school is located at the foot of the mountain.
15166	位於	這間民宿位於花蓮海邊，從房間就可以看到日出。	This B&B is located by the sea in Hualien, and you can see the sunrise from the room.
15167	張	請給我一張收據。	Please give me a receipt.
15168	張	我在網路上訂了兩張去高雄的高鐵票，下週五出發。	I booked two high-speed rail tickets to Kaohsiung online, leaving next Friday.
15169	確實	他確實說過這句話。	He did say that.
15170	確實	這款耳機的音質確實不錯，難怪賣得這麼好。	The sound quality of these earphones really is good, no wonder they sell so well.
15171	隊	我們隊今天贏了。	Our team won today.
15172	隊	公司的籃球隊每週三晚上都會在體育館練習。	The company's basketball team practices at the gym every Wednesday night.
15173	同志	同志大遊行每年都在台北舉行。	The gay pride parade is held in Taipei every year.
15174	同志	台灣是亞洲第一個同婚合法化的地方，很多同志都很感動。	Taiwan was the first place in Asia to legalize same-sex marriage, and many in the LGBT community were moved.
15175	武器	他們沒有武器。	They have no weapons.
15176	武器	新聞說，警方在倉庫裡發現了大量非法武器。	The news said the police found a large number of illegal weapons in a warehouse.
15177	金融	他在金融業工作。	He works in the finance industry.
15178	金融	新的金融規定下個月生效，銀行要先通知客戶。	The new financial regulations take effect next month, and banks have to notify customers first.
15179	公園	公園裡有很多樹。	There are lots of trees in the park.
15180	公園	每天早上，公園裡都有阿公阿嬤在打太極拳、聊天。	Every morning there are grandpas and grandmas doing tai chi and chatting in the park.
15181	山	週末我們去爬山。	We're going hiking this weekend.
15182	山	那座山不高，爬到山頂只要一個小時，風景卻很美。	That mountain isn't high. It takes only an hour to reach the top, but the view is beautiful.
15183	村	我外婆住在山上的小村。	My grandma lives in a small village in the mountains.
15184	村	這個村子很小，只有兩百多戶人家，大家都互相認識。	This village is small, with only about two hundred households, and everyone knows each other.
15185	自動	門自動打開了。	The door opened automatically.
15186	自動	這台洗衣機洗完衣服後會自動關機，非常方便。	This washing machine shuts off automatically after it finishes, which is very convenient.
15187	雜誌	我在看一本雜誌。	I'm reading a magazine.
15188	雜誌	牙醫診所的候診區放了很多旅遊雜誌，等待的時候不會無聊。	The dentist's waiting area has lots of travel magazines, so waiting isn't boring.
15189	國王	故事裡的國王很善良。	The king in the story is very kind.
15190	國王	故事中，國王因為太愛吃糖果而生了一場大病。	In the story, the king got seriously ill from loving candy too much.
15191	情緒	她今天情緒不好。	She is in a bad mood today.
15192	情緒	工作壓力太大的時候，我會去河邊散步，慢慢調整情緒。	When work stress is too much, I take a walk by the river and slowly sort out my feelings.
15193	特徵	這是它的特徵。	This is its distinguishing feature.
15194	特徵	警方根據目擊者描述的特徵，很快就找到了嫌犯。	Based on the characteristics described by a witness, the police soon found the suspect.
15195	資產	他有不少資產。	He has quite a lot of assets.
15196	資產	她把大部分的資產都拿去買房子，生活過得很節儉。	She put most of her assets into buying a house and lives very frugally.
15197	供	這家農場供應新鮮的蔬菜。	This farm supplies fresh vegetables.
15198	供	公司提供午餐，也供員工免費使用健身房。	The company provides lunch and also lets employees use the gym for free.
15199	增強	我要增強體力。	I want to build up my stamina.
15200	增強	多運動可以增強免疫力，感冒的機會也會比較少。	Exercising more can strengthen immunity and reduce your chances of catching colds.
15201	承擔	我來承擔責任。	I'll take responsibility.
15202	承擔	既然是你做的決定，就要承擔後果，不能怪別人。	Since it was your decision, you have to bear the consequences and can't blame others.
15203	照顧	我要照顧弟弟。	I have to look after my younger brother.
15204	照顧	我媽生病的時候，全家人輪流在醫院照顧她。	When my mom was sick, the whole family took turns looking after her at the hospital.
15205	股東	他是公司的股東。	He is a shareholder in the company.
15206	股東	公司每年都會召開股東會，向股東報告營運狀況。	The company holds a shareholders' meeting every year to report its operating results to shareholders.
15207	釋放	他被釋放了。	He was released.
15208	釋放	運動是釋放壓力的好方法，我每個週末都去打羽毛球。	Exercise is a good way to release stress, and I play badminton every weekend.
15209	儀式	婚禮儀式很簡單。	The wedding ceremony was very simple.
15210	儀式	畢業典禮的儀式結束後，同學們都跑到操場拍照。	After the graduation ceremony ended, the students all ran to the sports field to take photos.
15211	奴隸	他不想當金錢的奴隸。	He doesn't want to be a slave to money.
15212	奴隸	歷史課上，老師講到古代的奴隸怎樣被當成商品買賣。	In history class, the teacher talked about how slaves in ancient times were bought and sold as goods.
15213	拿到	我拿到駕照了！	I got my driver's license!
15214	拿到	他終於拿到了期待已久的錄取通知書，高興得跳起來。	He finally got the acceptance letter he'd long been waiting for and jumped for joy.
15215	營	晚上大家圍著營火唱歌。	In the evening everyone sang around the campfire.
15216	營	這個週末我們要去山上露營，已經訂好營位了。	This weekend we're going camping in the mountains, and we've already booked a campsite.
15217	華	這間飯店的裝潢很華麗。	This hotel's decor is splendid.
15218	華	這座古老的廟宇雕刻精美，看起來富麗堂皇，華麗無比。	This old temple has fine carvings and looks magnificent, extremely splendid.
15219	鐵	鐵很重。	Iron is heavy.
15220	鐵	爸爸小時候每天搭鐵路上學，現在鐵路已經變成了自行車道。	When dad was young he took the railway to school every day, and now the railway has become a bike path.
15221	住宅	這附近都是住宅。	This area is all residential.
15222	住宅	新蓋的住宅區離學校很近，所以很多年輕夫妻都想搬進去。	The newly built residential area is very close to the school, so many young couples want to move in.
15223	只不過	這只不過是個小問題。	This is nothing more than a small problem.
15224	只不過	我只不過是開個玩笑，沒想到他竟然生氣了。	I was only joking, and I never expected him to get angry.
15225	奧	這本書的內容很深奧。	The content of this book is very profound.
15226	奧	這門課的知識非常深奧，連老師也要花很多時間準備。	The knowledge in this course is so profound that even the teacher spends a lot of time preparing.
15227	性能	這台電腦性能很好。	This computer performs very well.
15228	性能	這款新手機的性能比舊款強很多，拍照也更清楚。	This new phone's performance is much better than the old model, and photos are clearer.
15229	易	此物品易碎，請小心。	This item is fragile. Handle with care.
15230	易	這個產品很容易操作，老人家也學得會，所以賣得很好。	This product is easy to use and even older people can learn it, so it sells well.
15231	異常	機器出現異常。	The machine is acting abnormally.
15232	異常	今天天氣異常悶熱，整座城市像是一個大蒸籠。	The weather is unusually muggy today, and the whole city feels like a big steamer.
15233	致	謹致謝意。	With sincere thanks.
15234	致	活動結束後，主辦單位特別致電感謝每一位志工。	After the event, the organizers phoned every volunteer personally to give thanks.
15235	轉向	車子向右轉向。	The car turned to the right.
15236	轉向	颱風今天下午突然轉向，原本預測的路徑也跟著改變了。	The typhoon suddenly changed direction this afternoon, and the predicted path changed too.
15237	餘	十年有餘。	More than ten years.
15238	餘	他存了五十萬有餘，打算拿來當房子的頭期款。	He saved over five hundred thousand dollars and plans to use it as a down payment on a house.
15239	公務員	他是公務員。	He is a civil servant.
15240	公務員	很多年輕人想考公務員，因為工作穩定，又有退休保障。	Many young people want to take the civil service exam because the job is stable and comes with retirement benefits.
15241	地產	他家做地產生意。	His family is in the real estate business.
15242	地產	這家地產公司最近在高雄買了一大塊地，打算蓋新的社區。	This real estate company recently bought a large plot in Kaohsiung and plans to build a new community.
15243	延長	營業時間延長了。	Business hours were extended.
15244	延長	因為訂位的人很多，餐廳決定把營業時間延長一個小時。	Because many people made reservations, the restaurant decided to extend its hours by an hour.
15245	曆	我在牆上掛了日曆。	I hung a calendar on the wall.
15246	曆	我習慣在日曆上標記重要的日子，這樣就不會忘記。	I'm used to marking important days on the calendar so I won't forget.
15247	狼	故事裡有一隻大野狼。	There's a big bad wolf in the story.
15248	狼	阿嬤每晚都講《小紅帽》給我聽，我最怕裡面那隻狼。	Grandma told me "Little Red Riding Hood" every night, and I was most afraid of the wolf in it.
15249	紙	請給我一張紙。	Please give me a sheet of paper.
15250	紙	廁所的衛生紙用完了，可以幫我拿一包新的嗎？	The toilet paper in the bathroom is used up. Can you bring me a new pack?
15251	請問	請問洗手間在哪裡？	Excuse me, where is the restroom?
15252	請問	請問這附近有沒有藥局？我需要買一些退燒藥。	Excuse me, is there a pharmacy nearby? I need to buy some fever medicine.
15253	領先	我們隊暫時領先。	Our team is leading for now.
15254	領先	這家公司在電動車技術上領先同業，吸引了許多投資人。	This company leads its peers in electric vehicle technology and has attracted many investors.
15255	修訂	規定已經修訂了。	The regulations have been revised.
15256	修訂	出版社決定修訂這本字典，加入許多新的詞語。	The publisher decided to revise this dictionary and add many new words.
15257	各級	各級學校都放假。	Schools at all levels are on holiday.
15258	各級	各級政府單位都要配合新的防疫規定，不得延誤。	Government units at all levels must comply with the new epidemic prevention rules without delay.
15259	奶奶	奶奶今年八十歲。	Grandma is eighty this year.
15260	奶奶	奶奶每個週末都會做粽子，等著我們全家回去吃。	Grandma makes rice dumplings every weekend and waits for our whole family to come home to eat them.
15261	廠商	廠商明天會來維修。	The vendor will come to repair it tomorrow.
15262	廠商	我們已經聯絡廠商，請他們盡快把缺貨的零件送過來。	We've contacted the supplier and asked them to deliver the out-of-stock parts as soon as possible.
15263	提示	螢幕上有提示。	There is a prompt on the screen.
15264	提示	電腦跳出一個提示，要你確認是不是真的要刪除這個檔案。	The computer popped up a prompt asking you to confirm whether you really want to delete this file.
15265	死刑	有些國家還有死刑。	Some countries still have the death penalty.
15266	死刑	關於是否廢除死刑，社會上一直有很多不同的意見。	There have always been many different opinions in society about whether to abolish the death penalty.
15267	熟	麵煮熟了。	The noodles are cooked.
15268	熟	這個芒果還沒熟，再放兩天比較甜。	This mango isn't ripe yet. Leave it two more days and it'll be sweeter.
15269	眼淚	她流下了眼淚。	She shed tears.
15270	眼淚	看完那部電影，我忍不住流下眼淚，連旁邊的人都哭了。	After watching that movie I couldn't hold back tears, and even the person next to me cried.
15271	罷工	司機罷工了。	The drivers went on strike.
15272	罷工	航空公司的員工宣布罷工，上千名旅客的行程受到影響。	The airline's employees announced a strike, and the plans of thousands of passengers were affected.
15273	謹慎	開車要謹慎。	Be careful when driving.
15274	謹慎	投資之前一定要謹慎評估風險，不要聽信別人的片面之詞。	Be sure to assess risks cautiously before investing, and don't trust one-sided claims.
15275	鋼琴	她會彈鋼琴。	She can play the piano.
15276	鋼琴	隔壁的小朋友每天下午都練鋼琴，雖然有點吵，但是彈得越來越好。	The kid next door practices piano every afternoon, a bit noisy but getting better and better.
15277	高潮	故事的高潮來了。	The climax of the story has arrived.
15278	高潮	電影的高潮部分很感人，戲院裡很多人都在擦眼淚。	The climax of the movie is moving, and many in the theater were wiping away tears.
15279	信用卡	我用信用卡付錢。	I pay with a credit card.
15280	信用卡	這張信用卡刷滿三千塊就有回饋，我媽每個月都算得很清楚。	This credit card gives rewards when you spend three thousand, and my mom calculates it carefully every month.
15281	協同	請各部門協同辦理。	Departments please handle this jointly.
15282	協同	這個專案需要研發與行銷部門協同合作，才能順利推出。	This project needs R&D and marketing to cooperate in order to launch smoothly.
15283	妓女	這部老電影裡有一位善良的妓女，故事很感人。	This old movie has a kind-hearted prostitute in it, and the story is moving.
15284	弟子	他是老師父的弟子。	He is the old master's disciple.
15285	弟子	這位茶藝大師有很多弟子，其中幾位已經自己開了茶館。	This tea master has many disciples, several of whom have opened their own teahouses.
15286	搶劫	銀行遭到搶劫。	The bank was robbed.
15287	搶劫	昨晚便利商店發生搶劫案，歹徒拿了現金就跑，所幸沒人受傷。	A robbery took place at a convenience store last night, and the robber took the cash and ran, luckily with no injuries.
15288	構建	我們要構建新的系統。	We need to build a new system.
15289	構建	公司正在構建一個新的資料平台，希望讓各部門共享資訊。	The company is building a new data platform in the hope that departments can share information.
15290	爹	我老爹今年六十歲了。	My old man is sixty this year.
15291	爹	他嘴上說不要，其實還是乖乖地聽老爹的話。	He says no, but actually obediently listens to his old man.
15292	範疇	這不是我的範疇。	This isn't within my scope.
15293	範疇	這個問題已經超出我的專業範疇，建議你去問專家比較準確。	This question is beyond my area of expertise, so I suggest asking an expert for accuracy.
15294	蒐集	他喜歡蒐集郵票。	He likes collecting stamps.
15295	蒐集	為了寫報告，我蒐集了很多資料，也訪問了幾位專家。	To write the report I collected a lot of information and also interviewed several experts.
15296	遇	出門遇到朋友。	I met a friend when I went out.
15297	遇	旅途中遇到一位好心的司機，他不但載我們，還請我們吃東西。	On the trip we met a kind driver who not only gave us a ride but also treated us to food.
15298	鹽	湯裡鹽放太多了。	There's too much salt in the soup.
15299	鹽	醫生要我少吃鹽，因為我的血壓有點高。	The doctor told me to eat less salt because my blood pressure is a bit high.
15300	使館	大使館在那條街上。	The embassy is on that street.
15301	使館	旅客的護照遺失之後，要先去駐外使館辦理補發手續。	After losing a passport, travelers must go to their embassy abroad to apply for a replacement.
15302	刑罰	這項罪行刑罰很重。	The penalty for this crime is heavy.
15303	刑罰	有人認為嚴厲的刑罰可以嚇阻犯罪，有人卻不同意。	Some think severe punishment deters crime, while others disagree.
15304	同盟	兩國結成同盟。	The two countries formed an alliance.
15305	同盟	幾個國家簽訂同盟條約，承諾在遭受攻擊時互相支援。	Several countries signed an alliance treaty promising to support each other if attacked.
15306	契約	我們簽了契約。	We signed a contract.
15307	契約	簽契約之前，要先弄清楚雙方的權利和義務，以免日後發生糾紛。	Before signing a contract, clarify both sides' rights and duties to avoid disputes later.
15308	師父	師父教我做麵包。	The master taught me to make bread.
15309	師父	這位師父做了三十年的麵，所以每碗都煮得剛剛好。	This chef has made noodles for thirty years, so each bowl is cooked just right.
15310	打死	我把蚊子打死了。	I killed the mosquito.
15311	打死	他說，如果再被蚊子咬一次，他就要把牠打死。	He said that if he got bitten again, he'd kill that mosquito.
15312	數位	現在是數位時代。	It's the digital age now.
15313	數位	很多學校開始使用數位課本，學生可以在平板電腦上寫筆記。	Many schools have started using digital textbooks, and students can take notes on tablets.
15314	權限	我沒有這個權限。	I don't have this permission.
15315	權限	你的帳號沒有權限查看那個資料夾，要請主管幫你開通。	Your account doesn't have permission to view that folder, so ask your supervisor to enable it.
15316	演說	總統發表了演說。	The president gave a speech.
15317	演說	他的演說很感人，全場觀眾聽完都站起來鼓掌。	His speech was moving, and the whole audience stood up and applauded.
15318	監禁	他被監禁了十年。	He was imprisoned for ten years.
15319	監禁	法院判決他被監禁五年，並要求賠償受害者的損失。	The court sentenced him to five years in prison and ordered compensation for the victims' losses.
15320	罰	亂丟垃圾要罰錢。	You'll be fined for littering.
15321	罰	騎機車沒戴安全帽被警察攔下來，罰了一千五百塊。	I was stopped by police for riding a scooter without a helmet and fined fifteen hundred dollars.
15322	親密	他們很親密。	They are very close.
15323	親密	兩個人交往之後變得更親密，常常一起做飯、看電影。	After they started dating they grew closer and often cook and watch movies together.
15324	車禍	路口發生車禍了。	There was a car accident at the intersection.
15325	車禍	他在車禍中受了傷，要在家休養三個月才能回去上班。	He was injured in a car accident and has to recuperate at home for three months before going back to work.
15326	閃	天上閃了一下。	The sky flashed.
15327	閃	天空閃電打雷，雨下得很大，我們躲進附近的便利商店。	Lightning flashed and thunder rumbled with heavy rain, so we hid in a nearby convenience store.
15328	魔鬼	電影裡有魔鬼。	There's a devil in the movie.
15329	魔鬼	俗話說魔鬼藏在細節裡，做事千萬不能馬虎。	As the saying goes, the devil is in the details, so never be careless.
15330	依託	孩子是父母的依託。	Children are their parents' support.
15331	依託	這個計畫依託大學的研究資源，希望能開發出新的環保材料。	This project relies on the university's research resources, hoping to develop new eco-friendly materials.
15332	到時候	到時候再說吧。	We'll see when the time comes.
15333	到時候	演唱會就在下個月，到時候我們一起去，記得帶螢光棒。	The concert is next month, and when the time comes let's go together and remember to bring light sticks.
15334	喜悅	她臉上充滿喜悅。	Her face is full of joy.
15335	喜悅	收到錄取通知書的那一刻，他的喜悅真的難以形容。	The moment he received the acceptance letter, his joy was truly indescribable.
15336	娛樂場	度假村有一座娛樂場。	The resort has an entertainment venue.
15337	年內	年內要完成。	It must be finished within the year.
15338	年內	公司計畫年內完成新廠房，明年開始量產。	The company plans to finish the new plant within the year and start mass production next year.
15339	持久	這個味道很持久。	This scent lasts long.
15340	持久	這種電池很持久，一次充電可以用好幾天，旅行時特別好用。	This battery is long-lasting and one charge lasts days, great for traveling.
15341	智	他很有智慧。	He is wise.
15342	智	孩子小的時候要多讀書，才能開啟智慧，長大後有更多選擇。	Children should read more when young to open their wisdom and have more choices as adults.
15343	水面	水面很平靜。	The water surface is calm.
15344	水面	清晨的湖水面上有一層薄霧，幾隻白鷺鷥在輕輕地飛過。	In the early morning a thin mist lies over the lake surface while a few egrets fly gently by.
15345	猶豫	他猶豫了一下。	He hesitated for a moment.
15346	猶豫	我在兩支手機之間猶豫了很久，最後選了價格比較便宜的那支。	I hesitated between two phones for a long time and finally chose the cheaper one.
15347	立體	這是立體的圖。	This is a three-dimensional picture.
15348	立體	這本書是立體書，打開以後，裡面的城堡會立起來，小朋友都很喜歡。	This is a pop-up book, and when opened the castle inside stands up. Kids love it.
15349	艱苦	生活很艱苦。	Life is hard.
15350	艱苦	那個年代生活很艱苦，一家人常常只能吃稀飯配醬菜。	Life was hard in that era, and a family often could only eat porridge with pickles.
15351	警官	警官正在問話。	The officer is asking questions.
15352	警官	警官提醒大家，夜間騎車一定要開燈，才能避免發生意外。	The officer reminds everyone to use lights when riding at night to avoid accidents.
15353	釋	老師向同學解釋這題。	The teacher explained this problem to the students.
15354	釋	他向客人詳細解釋退換貨的規定，客人才終於明白。	He explained the return policy in detail to the customer, who finally understood.
15355	餅	月餅是中秋節吃的。	Mooncakes are eaten at Mid-Autumn.
15356	餅	阿姨早上現做蔥油餅，香味飄得很遠，常常有人排隊買。	My aunt makes scallion pancakes fresh each morning, the aroma spreading far, and people often queue up.
15357	丟失	我的錢包丟失了。	My wallet is lost.
15358	丟失	旅客的行李在轉機時丟失，航空公司承諾三天內會找到並送到家。	The passenger's luggage was lost during the transfer, and the airline promised to find and deliver it within three days.
15359	信奉	他信奉佛教。	He follows Buddhism.
15360	信奉	我外婆從年輕時就信奉媽祖，每年都會跟著廟會一起出巡。	My grandmother has believed in Mazu since youth and joins the temple procession every year.
15361	分區	公司把停車場分區。	The company divided the parking lot into zones.
15362	分區	垃圾分區放置，可回收的和一般的不能混在一起。	Trash is placed by zone, and recyclables can't be mixed with ordinary waste.
15363	古城	我們參觀了古城。	We visited the ancient city.
15364	古城	這座古城保留了很多清朝的老房子，漫步其中彷彿回到過去。	This ancient city preserves many Qing dynasty houses, and strolling through feels like going back in time.
15365	地中海	我去過地中海。	I've been to the Mediterranean.
15366	地中海	地中海的夏天陽光充足，很多歐洲人會到那裡度假。	The Mediterranean has plenty of sun in summer, and many Europeans vacation there.
15367	妖精	故事裡有一個妖精。	There's a spirit in the story.
15368	妖精	這個童話故事裡的妖精住在森林深處，會幫助迷路的人找到回家的路。	The spirit in this fairy tale lives deep in the forest and helps lost people find their way home.
15369	巧合	這真是巧合！	What a coincidence!
15370	巧合	我們倆居然在同一天去了同一間店，這種巧合真的很難得。	We both went to the same shop on the same day, and a coincidence like this is truly rare.
15371	惠	謝謝你的惠顧。	Thank you for your patronage.
15372	惠	結帳時出示會員卡可享優惠，也可以累積點數換禮。	Show your membership card at checkout for discounts and to accumulate points for gifts.
15373	掌	他的手掌很大。	His palms are big.
15374	掌	爸爸用手掌輕輕拍我的背，要我別緊張，慢慢說。	Dad patted my back gently with his palm, telling me not to be nervous and to speak slowly.
15375	文庫	圖書館有一個兒童文庫。	The library has a children's collection.
15376	文庫	這家出版社出了一套口袋文庫，價格便宜，方便隨身攜帶。	This publisher put out a pocket book series that's cheap and easy to carry.
15377	槍擊	發生了槍擊事件。	A shooting incident occurred.
15378	槍擊	槍擊事件發生後，警方立刻封鎖了現場，並呼籲民眾遠離。	After the shooting, police immediately sealed off the scene and urged the public to stay away.
15379	浪	海上的浪很大。	The waves at sea are big.
15380	浪	颱風來之前，海浪特別高，衝浪的人都被叫上岸了。	Before the typhoon the waves were especially high, and surfers were called ashore.
15381	狗狗	我的狗狗很乖。	My dog is very well-behaved.
15382	狗狗	每天傍晚，我都會帶狗狗去河邊散步，牠看到其他狗狗就特別興奮。	Every evening I take my dog for a walk by the river, and it gets especially excited seeing other dogs.
15383	碎	杯子摔碎了。	The cup broke.
15384	碎	不小心把花瓶打碎了，滿地都是碎片，我趕快拿掃把來清理。	I accidentally broke the vase and the floor was full of fragments, so I quickly got a broom to clean up.
15385	絲襪	她穿了一雙絲襪。	She wore a pair of stockings.
15386	絲襪	冬天穿絲襪很冷，所以我通常會在裡面加一條保暖褲。	Stockings are cold in winter, so I usually wear thermal leggings underneath.
15387	致死	這種病會致死。	This illness can be fatal.
15388	致死	調查發現，這起意外是由於操作不當而導致致死的。	The investigation found this accident became fatal due to improper operation.
15389	詭異	這裡的氣氛很詭異。	The atmosphere here is eerie.
15390	詭異	半夜走廊傳來詭異的聲音，嚇得我整晚都不敢關燈睡覺。	In the middle of the night strange noises came from the hallway, scaring me so much I didn't dare turn off the light.
15391	辯	你不用再辯了。	You don't need to argue anymore.
15392	辯	兩位同學在辯論比賽中據理力辯，最後獲得了全校冠軍。	In the debate competition the two students argued their case strongly and won the school championship.
15393	雇員	他是公司的雇員。	He is an employee of the company.
15394	雇員	這間小店只有三名雇員，老闆自己也要幫忙招呼客人。	This small shop has only three employees, and the owner helps greet customers too.
15395	髮型	你換髮型了。	You changed your hairstyle.
15396	髮型	她去髮廊剪了新髮型，同事們都說看起來年輕了十歲。	She got a new hairstyle at the salon, and colleagues said she looks ten years younger.
15397	夜市	週末我們去逛夜市。	We're going to the night market on the weekend.
15398	夜市	夜市裡的小吃很多，我最愛的是炸雞排和珍珠奶茶。	There's so much street food at the night market, and my favorites are fried chicken cutlet and bubble tea.
15399	欠揍	你這小子真欠揍。	You brat really need a spanking.
15400	欠揍	他又在背後說壞話，真是欠揍，我再也不想理他了。	He's badmouthing behind my back again, he really asks for it, and I never want to deal with him again.
15401	衛生紙	衛生紙用完了。	We're out of toilet paper.
15402	衛生紙	超市今天衛生紙特價，一包只要九十九元，我多買了幾包。	The supermarket has toilet paper on sale today at ninety-nine dollars a pack, so I bought a few more.
15403	差一點	我差一點就遲到了。	I almost came late.
15404	差一點	昨天考試差一點就及格了，只差兩分，真的很可惜。	I almost passed yesterday's exam, only two points short, which is such a pity.
15405	去冰	我要去冰，微糖。	No ice, less sugar please.
15406	去冰	天氣很冷的時候，我點飲料都會選去冰，不然喝完會肚子痛。	When it's cold, I order drinks without ice, otherwise my stomach hurts afterward.
15407	以	我們以電子郵件聯絡吧。	Let's keep in touch by email.
15408	以	老師以這張圖片為例，向大家說明這個觀念。	The teacher used this picture as an example to explain the concept to everyone.
15409	使用	請小心使用。	Please use it carefully.
15410	使用	這個應用程式使用起來很方便，我阿嬤也會用。	This app is very convenient to use, even my grandma can use it.
15411	真的	這是真的嗎？	Is this true?
15412	真的	我真的沒想到，你會特地搭高鐵來看我。	I really never expected you'd take the high-speed rail all the way just to see me.
15413	電影	我愛看電影。	I love watching movies.
15414	電影	這部電影的結局太感人了，我看到一半就哭了。	The ending of this movie is so touching, I was crying by halfway through.
15415	站	我在站牌等車。	I'm waiting for the bus at the stop.
15416	站	他在門口站了半天，一直不好意思進來。	He stood at the door for ages, too shy to come in.
15417	戰爭	沒有人喜歡戰爭。	Nobody likes war.
15418	戰爭	新聞說這場戰爭已經讓上百萬人離開自己的家園。	The news says this war has made millions of people leave their homes.
15419	二	二加二等於四。	Two plus two is four.
15420	二	今天是二月二號，剛好是我姊姊的生日。	Today is February second, which happens to be my older sister's birthday.
15421	手機	我的手機沒電了。	My phone is out of battery.
15422	手機	他一邊走路一邊滑手機，差點撞到電線桿。	He was scrolling on his phone while walking and almost hit a utility pole.
15423	電話	你有他的電話嗎？	Do you have his phone number?
15424	電話	我媽每個週末都會打電話給外婆，聊上半個小時。	My mom calls my grandma every weekend and chats for half an hour.
15425	改革	學校想改革考試方式。	The school wants to reform its exam format.
15426	改革	政府宣布將改革健保制度，讓更多人受惠。	The government announced it will reform the health insurance system so that more people benefit.
15427	也許	也許他會來。	Maybe he will come.
15428	也許	也許是太累了，我今天一坐上沙發就睡著了。	Maybe I was too tired, I fell asleep as soon as I sat on the sofa today.
15429	屬	我屬馬。	I was born in the Year of the Horse.
15430	屬	這座島屬於台灣，每年都有很多人搭船過去看海。	This island belongs to Taiwan, and many people take boats over every year to see the sea.
15431	相	我們要互相幫忙。	We should help each other.
15432	相	兩個人相處久了，難免會有一些小摩擦。	When two people spend a long time together, small frictions are inevitable.
15433	重點	銀行行員重點了一次錢。	The bank clerk recounted the money once more.
15434	危險	這裡很危險。	It's dangerous here.
15435	危險	騎機車不戴安全帽真的很危險，千萬不要這樣。	Riding a scooter without a helmet is really dangerous, so please don't do that.
15436	有效	這張票有效。	This ticket is valid.
15437	有效	醫生說這種藥很有效，吃兩天燒就會退了。	The doctor says this medicine is very effective, and the fever goes down in two days.
15438	辦公室	他在辦公室。	He's in the office.
15439	辦公室	我們辦公室新換了冷氣，夏天終於不用再流汗了。	Our office got a new air conditioner, so we finally don't have to sweat in summer.
15440	值	這本書很值。	This book is worth it.
15441	值	今天輪到我值日，要負責擦黑板跟倒垃圾。	It's my turn on duty today, so I have to clean the blackboard and take out the trash.
15442	女子	那位女子在等人。	That woman is waiting for someone.
15443	女子	一名女子昨天在市場外撿到一個錢包，立刻交給了警察。	A woman found a wallet outside the market yesterday and handed it to the police right away.
15444	文明	這是古老的文明。	This is an ancient civilization.
15445	文明	在公共場所要保持文明，不要大聲講電話。	Be civilized in public places and don't talk loudly on the phone.
15446	等等	等等，我馬上來。	Wait a moment, I'll be right there.
15447	等等	冰箱裡有水果、飲料、優格等等，你想吃什麼都可以拿。	The fridge has fruit, drinks, yogurt and so on, take whatever you like.
15448	遭	他遭到拒絕。	He was rejected.
15449	遭	昨天我的機車在路邊遭小偷偷走，真的很生氣。	My scooter was stolen by a thief on the roadside yesterday, and I'm really angry.
15450	分類	垃圾要分類。	Trash must be sorted.
15451	分類	圖書館的書是按照主題分類的，找起來很方便。	Library books are classified by topic, so they are easy to find.
15452	差	這個差很多。	This is very different.
15453	差	我們兩個人的身高差了十公分，站在一起很明顯。	Our heights differ by ten centimetres, which is obvious when we stand together.
15454	查	我來查一下。	Let me look it up.
15455	查	不知道這個字怎麼念的話，可以上網查字典。	If you don't know how to pronounce this character, you can look it up in a dictionary online.
15456	聯邦	美國是聯邦國家。	The US is a federal country.
15457	聯邦	德國是由許多邦組成的聯邦國家。	Germany is a federal state made up of many states.
15458	不久	不久他就來了。	He arrived soon after.
15459	不久	我搬來這裡不久，還不太熟悉附近的環境。	I haven't been here long since moving in, and I'm still unfamiliar with the area.
15460	合理	這個價格很合理。	This price is very reasonable.
15461	合理	老闆的要求合理，可是時間實在太短了。	The boss's demand is reasonable, but the time is really too short.
15462	平	地板很平。	The floor is flat.
15463	平	這條路很平坦，騎腳踏車一點都不累。	This road is flat and smooth, and cycling on it is not tiring at all.
15464	期待	我很期待。	I'm really looking forward to it.
15465	期待	大家都期待著週末的露營，希望天氣不要變壞。	Everyone is looking forward to the weekend camping trip and hoping the weather won't turn bad.
15466	究竟	你究竟想怎樣？	What on earth do you want?
15467	究竟	這究竟是怎麼回事？為什麼電腦突然全部當機了？	What exactly is going on? Why did all the computers suddenly crash?
15468	諮詢	我想諮詢一下。	I'd like to ask for some advice.
15469	諮詢	如果對保險有疑問，可以打電話諮詢客服人員。	If you have questions about insurance, you can call customer service for advice.
15470	一系列	有一系列活動。	There's a series of activities.
15471	一系列	為了推廣環保，市政府推出了一系列的減塑活動。	To promote environmental protection, the city government launched a series of plastic-reduction events.
15472	古	這是一座古廟。	This is an old temple.
15473	古	台南有很多古老的建築，我最愛去那裡走走。	Tainan has many ancient buildings, and I love walking around there.
15474	平衡	他很難保持平衡。	It's hard for him to keep his balance.
15475	平衡	工作和生活要取得平衡，不然人很容易累壞。	You need a balance between work and life, otherwise you get worn out easily.
15476	校長	校長來了。	The principal is here.
15477	校長	校長在週會上說，希望大家多參加社團活動。	The principal said at the weekly assembly that he hopes everyone joins more club activities.
15478	矛盾	他們之間有矛盾。	There's conflict between them.
15479	矛盾	我心裡很矛盾，既想換工作，又怕新環境不適應。	I'm torn inside, wanting to change jobs but afraid of not fitting in at a new place.
15480	認證	這個產品已經認證了。	This product has been certified.
15481	認證	這家店的咖啡豆通過了國際有機認證，品質很有保障。	The coffee beans at this shop passed international organic certification, so the quality is well guaranteed.
15482	黃金	這條項鍊是黃金做的。	This necklace is made of gold.
15483	黃金	週末晚上八點是看電視的黃金時段，廣告費特別貴。	Eight o'clock on weekend nights is prime time for TV, and ad rates are especially high.
15484	兩岸	兩岸的距離很近。	The two sides of the strait are close.
15485	兩岸	新聞報導兩岸的交流活動在疫情之後慢慢恢復了。	The news reports that exchange activities between the two sides of the strait are gradually resuming after the pandemic.
15486	品種	這是新品種。	This is a new variety.
15487	品種	農民改良了芭樂的品種，讓果肉更脆更甜。	The farmers improved the guava variety to make the flesh crisper and sweeter.
15488	對比	兩張照片的對比很明顯。	The contrast between the two photos is obvious.
15489	對比	你把今年跟去年的銷售數字對比一下，就知道差別了。	Compare this year's sales figures with last year's, and you'll see the difference.
15490	所在	這就是問題所在。	This is where the problem lies.
15491	所在	你知道這間廟的所在位置嗎？我想找時間去拜拜。	Do you know where this temple is located? I'd like to find time to go pray.
15492	榮譽	這是很大的榮譽。	This is a great honour.
15493	榮譽	他為學校贏得了榮譽，校長還在升旗典禮上表揚他。	He won honour for the school, and the principal even praised him at the flag-raising ceremony.
15494	盡量	盡量早點睡。	Try to sleep as early as you can.
15495	盡量	你盡量把重要的資料都備份起來，以免電腦壞掉。	Back up all the important files as much as you can in case your computer breaks.
15496	菸	他在抽菸。	He is smoking.
15497	菸	醫生勸我爸戒菸，不然對肺會有很大的傷害。	The doctor advised my dad to quit smoking, or his lungs would be badly harmed.
15498	透露	他沒有透露原因。	He didn't reveal the reason.
15499	透露	朋友偷偷透露，公司下個月可能會裁員。	A friend quietly revealed that the company might lay people off next month.
15500	一方面	一方面累，一方面餓。	On one hand I'm tired, on the other I'm hungry.
15501	一方面	我一方面想換工作，一方面又擔心薪水變少。	On the one hand I want to change jobs, on the other I worry about getting paid less.
15502	出門	我要出門了。	I'm heading out.
15503	出門	出門前記得檢查瓦斯有沒有關好，也要帶雨傘。	Before leaving home, remember to check the gas is off and take an umbrella.
15504	大事	這是一件大事。	This is a big deal.
15505	大事	他一輩子沒做過什麼大事，卻把家人照顧得很好。	He never did anything grand in his life, but took good care of his family.
15506	志	他有大志。	He has great ambition.
15507	志	從小他就立志當醫生，後來真的考上了醫學系。	From a young age he set his heart on becoming a doctor, and later really got into medical school.
15508	更為	情況更為嚴重。	The situation is more serious.
15509	更為	相較於去年，今年的經濟狀況更為艱難，很多小店都撐不下去。	Compared to last year, the economy is even tougher this year, and many small shops can't hold on.
15510	環節	每個環節都很重要。	Every link is important.
15511	環節	生產過程中只要有一個環節出問題，整批貨就不能賣了。	If any single link in the production process goes wrong, the whole batch can't be sold.
15512	經濟學	他念經濟學。	He studies economics.
15513	經濟學	我大學修了經濟學，所以對股票和物價有一點概念。	I took economics at university, so I have some understanding of stocks and prices.
15514	財務	公司的財務很穩定。	The company's finances are stable.
15515	財務	她在公司負責財務，每個月都要核對帳目。	She handles finance at the company and has to reconcile the accounts each month.
15516	題材	這個題材很有趣。	This subject is interesting.
15517	題材	這部電影的題材來自一位老兵的真實故事。	The subject matter of this film comes from the true story of a veteran.
15518	俺	北方人說「俺」就是我。	Northerners say 俺 for "I".
15519	俺	電影裡的大叔用「俺」自稱，一聽就知道是北方人。	In the movie the uncle calls himself 俺, and you can tell right away he's from the north.
15520	合成	這是合成的。	This is synthetic.
15521	合成	這張照片是用軟體合成的，看起來非常真實。	This photo was composited with software and looks very real.
15522	好人	他是個好人。	He is a good person.
15523	好人	她常被朋友發好人卡，這讓她有點無奈。	She is often given the "good person" card by friends, which makes her a bit helpless.
15524	廢	這張紙已經廢了。	This sheet of paper is already useless.
15525	廢	這台舊電視壞了很久，早就變成廢物，我們決定拿去回收。	This old TV has been broken for a long time and become junk, so we decided to recycle it.
15526	提起	別提起這件事。	Don't bring this up.
15527	提起	每次我提起考試，弟弟就一臉緊張，然後轉頭去打電動。	Every time I bring up exams, my little brother looks anxious and turns to play video games.
15528	檔	換檔要踩離合器。	You have to press the clutch to change gears.
15529	檔	剛學會騎重機的時候，我常常忘記換檔，車子就熄火了。	When I first learned to ride a heavy motorcycle, I often forgot to shift gears and stalled.
15530	無力	我覺得全身無力。	I feel weak all over.
15531	無力	發燒的時候，我整個人都軟綿綿的，連走路都覺得無力。	When I have a fever my whole body is limp, and even walking feels weak.
15532	直至	直至今日仍沒消息。	There's still no news up to today.
15533	直至	活動將持續到直至下午五點，欲報名者請儘早到場。	The event will last until five in the afternoon, so those who want to sign up should come early.
15534	缺少	缺少一個步驟。	A step is missing.
15535	缺少	做蛋糕缺少了牛奶，我只好跑到樓下的超商去買。	I was short of milk for the cake, so I had to run to the convenience store downstairs.
15536	語音	我傳語音給你。	I'll send you a voice message.
15537	語音	開車的時候不方便打字，我都用語音輸入回訊息。	It's inconvenient to type when driving, so I reply with voice input.
15538	鄰近	鄰近的商店都關了。	The neighbouring shops are all closed.
15539	鄰近	學校鄰近捷運站，所以每天通勤很方便。	The school is near an MRT station, so commuting is convenient every day.
15540	驗證	請驗證你的電話號碼。	Please verify your phone number.
15541	驗證	這項理論需要透過實驗來驗證，不能只靠想像。	This theory needs to be verified by experiments and can't rely on imagination alone.
15542	作風	他的作風很強硬。	His style is very tough.
15543	作風	這位老闆的作風很開放，員工可以自由提出意見。	This boss has an open style, and employees can freely give opinions.
15544	匯報	我來匯報進度。	Let me report on the progress.
15545	匯報	每週一的會議上，大家要輪流匯報手上的工作狀況。	At the meeting every Monday, everyone takes turns reporting on the status of their work.
15546	外來	外來種很多。	There are many invasive species.
15547	外來	外來的觀光客越來越多，讓小鎮的民宿生意變好了。	More and more outside tourists are coming, and the town's guesthouse business has improved.
15548	市中心	市中心很熱鬧。	The city centre is lively.
15549	市中心	市中心的房租很貴，所以很多上班族住在郊區。	Rents in the city centre are expensive, so many office workers live in the suburbs.
15550	指令	請依照指令操作。	Please operate according to the instructions.
15551	指令	機器人收到了指令，自動走去充電站。	The robot received the command and automatically went to the charging station.
15552	未經	未經允許不得入內。	No entry without permission.
15553	未經	未經本人同意，不可以隨便使用他人的照片。	Without the person's consent, you may not casually use someone else's photo.
15554	火山	那座山是火山。	That mountain is a volcano.
15555	火山	台北附近的大屯火山群有很多溫泉，假日常有人去泡湯。	The Tatun volcano group near Taipei has many hot springs, and people often go to soak on weekends.
15556	禁	他禁不起打擊。	He can't withstand setbacks.
15557	禁	她禁不住好奇心，偷偷打開了生日禮物看了一下。	She couldn't resist her curiosity and secretly opened her birthday gift to peek.
15558	肯	他不肯來。	He is unwilling to come.
15559	肯	我問了好幾次，弟弟就是不肯告訴我他把遙控器放哪裡了。	I asked several times, but my brother just wouldn't tell me where he put the remote.
15560	身亡	傷者不幸身亡。	The injured person unfortunately died.
15561	身亡	一名騎士因為天雨路滑，連人帶車摔倒，送醫後不治身亡。	A rider fell with his bike on a slippery road in the rain and died after being taken to hospital.
15562	頂級	這是頂級牛排。	This is a top-grade steak.
15563	頂級	他們買了一瓶頂級紅酒，慶祝結婚十週年。	They bought a bottle of premium red wine to celebrate their tenth wedding anniversary.
15564	乃至	他喜歡運動，乃至打電動。	He likes sports, and even video games.
15565	乃至	這個問題影響了學生，乃至整個社會的未來。	This problem affects students and even the future of the whole society.
15566	兩側	路的兩側有樹。	There are trees on both sides of the road.
15567	兩側	河流兩側都蓋了自行車道，假日有很多人在那裡騎車。	Bike paths have been built on both sides of the river, and many people ride there on holidays.
15568	參議院	參議院通過了法案。	The senate passed the bill.
15569	參議院	美國參議院昨天投票通過這項預算案，新聞已經報導了。	The US Senate voted yesterday to pass this budget bill, as the news has reported.
15570	增設	學校要增設停車位。	The school will add parking spaces.
15571	增設	捷運站增設了電梯，行動不便的人現在方便多了。	The MRT station added elevators, making things much easier for people with mobility issues.
15572	導	導遊帶我們參觀。	The guide takes us around.
15573	導	老師耐心地輔導我，讓我的數學成績進步了很多。	The teacher patiently tutored me, and my math scores improved a lot.
15574	意味	這代表什麼意味？	What does this imply?
15575	意味	綠燈亮起意味著可以通行，但還是要看一下左右來車。	A green light means you may go, but you still need to check traffic left and right.
15576	撲	小狗向我撲過來。	The puppy pounced on me.
15577	撲	貓咪一看到逗貓棒，就興奮地撲了上去。	As soon as the cat saw the teaser wand, it excitedly pounced on it.
15578	未必	未必是這樣。	It's not necessarily so.
15579	未必	貴的東西未必好用，買之前最好先看看網路評價。	Expensive things aren't necessarily better, so check online reviews before you buy.
15580	洲	亞洲很大。	Asia is very big.
15581	洲	我最想去非洲看大象，也想去歐洲逛逛古老的城市。	I most want to go to Africa to see elephants, and to Europe to wander old cities.
15582	獻	學生向老師獻花。	The students presented flowers to the teacher.
15583	獻	他每年都去捐血，把自己的一份力量獻給需要幫助的人。	He donates blood every year, giving his share of effort to people in need.
15584	簽字	請在這裡簽字。	Please sign here.
15585	簽字	老師要求家長在聯絡簿上簽字，證明已經看過成績。	The teacher requires parents to sign the contact book to show they have seen the grades.
15586	藝	她學過很多才藝。	She has learned many talents.
15587	藝	這位老師傅的手藝很好，做出來的竹編藝品很有名。	This old craftsman has great skills, and the bamboo crafts he makes are famous.
15588	賠	我賠你錢。	I'll compensate you.
15589	賠	我不小心弄壞了朋友的相機，只好賠他一台新的。	I accidentally broke my friend's camera, so I had to pay him back with a new one.
15590	野獸	森林裡有野獸。	There are wild beasts in the forest.
15591	野獸	深夜在山上露營時，遠處傳來不知名野獸的叫聲，大家都很緊張。	While camping in the mountains at night, we heard the cry of some unknown beast far away and everyone was nervous.
15592	音樂會	我們去聽音樂會。	We're going to a concert.
15593	音樂會	這場音樂會的票一開賣就賣光了，我還是託朋友才買到。	Tickets for this concert sold out as soon as they went on sale, and I only got mine through a friend.
15594	事宜	有關事宜請洽櫃檯。	Please contact the counter for related matters.
15595	事宜	婚禮的相關事宜，我們下週再跟你確認細節。	We'll confirm the details of the wedding arrangements with you next week.
15596	兵力	敵人的兵力很強。	The enemy's military strength is large.
15597	兵力	國防部表示，目前的兵力足以應付各種突發狀況。	The Ministry of Defense says current troop strength is enough to handle all sudden situations.
15598	可不是	可不是嘛！	Exactly!
15599	可不是	「今天真熱！」「可不是，我一出門就流汗了。」	"It's so hot today!" "Totally, I started sweating the moment I stepped out."
15600	大海	我想去看大海。	I want to go see the sea.
15601	大海	站在海邊看著無邊無際的大海，煩惱好像都消失了。	Standing at the shore looking at the boundless sea, my worries seem to disappear.
15602	屋子	屋子很乾淨。	The house is clean.
15603	屋子	我們把屋子重新粉刷了一遍，整間看起來亮多了。	We repainted the house, and the whole place looks much brighter.
15604	恐龍	小孩喜歡恐龍。	Kids like dinosaurs.
15605	恐龍	兒子最愛的玩具是一隻會發出叫聲的恐龍，他每天都抱著睡覺。	My son's favourite toy is a dinosaur that roars, and he holds it to sleep every day.
15606	收錄	這首歌收錄在新專輯裡。	This song is included on the new album.
15607	收錄	這本詩集收錄了許多現代詩人的作品，很適合初學者閱讀。	This poetry collection includes works by many modern poets and is great for beginners.
15608	極了	今天熱極了。	It's extremely hot today.
15609	極了	這家店的蛋糕好吃極了，每次都要排很久才買得到。	The cakes at this shop are extremely delicious, and I always wait a long time to buy one.
15610	滑	地板很滑。	The floor is slippery.
15611	滑	冬天的路面結冰，騎車很容易滑倒，一定要慢慢騎。	In winter the road surface freezes and riding can slip easily, so you must ride slowly.
15612	盡頭	路的盡頭有一家店。	There is a shop at the end of the road.
15613	盡頭	走到巷子盡頭，你就會看到一間紅色大門的老房子。	Walk to the end of the alley and you'll see an old house with a big red door.
15614	總算	總算做完了。	Finally done.
15615	總算	等了三個小時，我們總算坐上了高鐵，可以回家了。	After waiting three hours, we finally got on the high-speed rail and could go home.
15616	要點	這是重要的要點。	This is an important point.
15617	要點	老師把課文的要點寫在黑板上，讓同學抄起來複習。	The teacher wrote the key points of the text on the blackboard for students to copy and review.
15618	追究	不要追究了。	Let's not pursue this.
15619	追究	這次意外是誰的責任，警方會繼續追究，直到真相大白。	The police will continue to look into who is responsible for this accident until the truth is clear.
15620	隨之	問題隨之而來。	Problems followed.
15621	隨之	天氣變冷了，感冒的人也隨之增加。	The weather got cold, and the number of people with colds increased accordingly.
15622	三十	我今年三十歲。	I'm thirty this year.
15623	三十	離交稿日期只剩三十分鐘了，我們得趕快完成。	There are only thirty minutes left before the deadline, so we must finish quickly.
15624	休假	下週我要休假。	I'm taking leave next week.
15625	休假	她休假的時候喜歡到鄉下住幾天，讓自己完全放鬆。	When she's on vacation she likes to stay a few days in the countryside to relax fully.
15626	光學	光學很有趣。	Optics is interesting.
15627	光學	相機的光學鏡頭品質很好，拍出來的照片又清楚又漂亮。	The camera's optical lens is high quality, and its photos are clear and beautiful.
15628	化妝品	我買了化妝品。	I bought cosmetics.
15629	化妝品	藥妝店的化妝品常常打折，我媽每次都會去囤貨。	Cosmetics at drugstores are often on sale, and my mom stocks up every time.
15630	哲學家	他是哲學家。	He is a philosopher.
15631	哲學家	這位哲學家的書很受歡迎，書店裡擺了一整排。	This philosopher's books are very popular, and the bookstore displays a whole row.
15632	大局	要顧全大局。	You have to consider the overall situation.
15633	大局	雖然你不甘心，但為了大局著想，還是先讓步吧。	Although you're reluctant, for the sake of the big picture it's better to give way first.
15634	客廳	客廳在這邊。	The living room is over here.
15635	客廳	我們一家人晚上都坐在客廳看電視、聊天，很溫馨。	Our whole family sits in the living room at night to watch TV and chat, which is cosy.
15636	弘揚	我們要弘揚傳統文化。	We should promote traditional culture.
15637	弘揚	這個基金會長期弘揚台灣的布袋戲，希望讓更多年輕人了解。	This foundation has long promoted Taiwanese glove puppetry, hoping more young people will understand it.
15638	扒	他把外套扒下來。	He pulled off his coat.
15639	扒	小狗用前腳扒開泥土，想把藏起來的骨頭找出來。	The puppy dug into the soil with its front paws to find the hidden bone.
15640	搭檔	我們是好搭檔。	We're good partners.
15641	搭檔	這對搭檔合作了十年，默契好到不用說話就知道對方在想什麼。	This pair of partners has worked together for ten years, and their rapport is so good they know each other's thoughts without speaking.
15642	替換	替換電池。	Replace the battery.
15643	替換	這個零件壞了，我們需要找一個新的來替換。	This part is broken, and we need to find a new one to replace it.
15644	歷代	歷代皇帝都住在這裡。	Emperors of every dynasty lived here.
15645	歷代	故宮裡收藏著歷代留下來的珍貴文物，每年吸引許多遊客。	The Palace Museum holds precious relics left over from successive dynasties and attracts many visitors every year.
15646	演化	生物會演化。	Living things evolve.
15647	演化	科學家研究恐龍如何演化成今天的鳥類。	Scientists study how dinosaurs evolved into today's birds.
15648	男士	男士請往這邊走。	Gentlemen, please go this way.
15649	男士	這家服飾店的二樓是男士專區，賣西裝跟皮鞋。	The second floor of this clothing shop is the men's section, selling suits and leather shoes.
15650	穩步	公司穩步成長。	The company is growing steadily.
15651	穩步	經濟正在穩步復甦，失業率也慢慢降低。	The economy is steadily recovering, and the unemployment rate is slowly falling.
15652	缺席	他今天缺席。	He's absent today.
15653	缺席	她因為生病而缺席會議，所以主管請同事把筆記傳給她。	She missed the meeting due to illness, so the supervisor asked a colleague to send her the notes.
15654	處長	處長在開會。	The section chief is in a meeting.
15655	處長	處長在會議上要求各部門在月底前交出預算報告。	The section chief asked all departments to submit budget reports by the end of the month.
15656	貪腐	貪腐是大問題。	Corruption is a major problem.
15657	貪腐	新聞指出，這名官員涉嫌貪腐，目前已被檢察官傳喚。	The news said the official is suspected of corruption and has been summoned by prosecutors.
15658	遷徙	鳥類會遷徙。	Birds migrate.
15659	遷徙	每年秋天，許多候鳥從北方遷徙到南方過冬。	Every autumn many migratory birds move from the north to the south for winter.
15660	預	請提前預約。	Please book in advance.
15661	預	出門前先看天氣預報，預防突然下雨。	Check the weather forecast before leaving to prepare for sudden rain.
15662	齊全	這裡東西很齊全。	This place has everything.
15663	齊全	這間超市商品很齊全，連進口零食跟日用品都找得到。	This supermarket has a full range of goods, even imported snacks and daily necessities.
15664	巴西柔術	我學巴西柔術。	I'm learning Brazilian jiu-jitsu.
15665	巴西柔術	他每週三次去道館練習巴西柔術，不但體力變好，也變得更有自信。	He goes to the gym three times a week to practise Brazilian jiu-jitsu, and not only is he fitter, he's more confident.
15666	爬山	週末我們去爬山。	We're going hiking this weekend.
15667	爬山	爸爸退休後，每天早上都去爬山，身體比以前更健康了。	After retiring, Dad goes hiking every morning and is healthier than before.
15668	趕不上	我趕不上了。	I can't make it.
15669	趕不上	再不走就趕不上最後一班捷運了，我們快點。	If we don't leave now we'll miss the last MRT, so let's hurry.
15670	袋子	這個袋子很大。	This bag is big.
15671	袋子	超商的袋子要另外收費，所以我自己帶了環保袋子。	Convenience-store bags cost extra, so I brought my own reusable bag.
15672	人	教室裡有很多人。	There are a lot of people in the classroom.
15673	人	那家店的老闆是個很親切的人,大家都喜歡去。	The owner of that shop is a really friendly person, and everybody likes going there.
15674	人	今天捷運上的人好多。	There are so many people on the MRT today.
15675	人	這家早餐店很有名，每天早上都有很多人排隊。	This breakfast shop is famous, and lots of people line up every morning.
15676	之	這是我們公司之一的產品。	This is one of our company's products.
15677	之	根據氣象局預報,明天北部地區有三分之二的機率下雨。	According to the weather bureau, there's a two-in-three chance of rain in northern Taiwan tomorrow.
15678	之	這杯飲料我只喝了三分之一。	I only drank a third of this drink.
15679	之	為了乘客之安全，列車行駛中請勿靠近車門。	For passenger safety, please keep away from the doors while the train is moving.
15680	成為	他想成為老師。	He wants to become a teacher.
15681	成為	經過三年的努力,她終於成為一名專業的設計師。	After three years of hard work, she finally became a professional designer.
15682	成為	她想成為醫生。	She wants to become a doctor.
15683	成為	這家小吃店現在已經成為附近上班族最愛的午餐地點。	This snack shop has now become the favorite lunch spot for office workers nearby.
15684	兩	我要兩杯奶茶。	I'd like two milk teas.
15685	兩	他等了兩個多小時,最後還是沒有等到公車。	He waited more than two hours and the bus still never came.
15686	兩	我要兩杯紅茶。	I'd like two black teas.
15687	兩	這兩天一直下雨，我的鞋子都還沒乾。	It's been raining these past two days, and my shoes still haven't dried.
15688	天	今天天氣很好。	The weather is nice today.
15689	天	我感冒了,在家休息了三天,現在終於好多了。	I caught a cold and rested at home for three days. I'm finally much better now.
15690	天	今天天氣很好。	The weather is nice today.
15691	天	我媽下個禮拜要去日本玩五天，現在已經在準備行李了。	My mom is going to Japan for five days next week and is already packing.
15692	麼	你在做什麼?	What are you doing?
15693	麼	你昨天晚上說的那件事,到底是什麼意思?	What on earth did you mean by what you said last night?
15694	環境	這裡環境很乾淨。	The environment here is very clean.
15695	環境	搬到新的環境一開始會不習慣,但慢慢就會適應了。	It's hard to get used to a new environment at first, but you gradually adapt.
15696	原因	你知道原因嗎?	Do you know the reason?
15697	原因	火車誤點的原因是前面的路段發生了故障。	The train was delayed because of a breakdown on the track ahead.
15698	的話	下雨的話就不去了。	If it rains, we won't go.
15699	的話	如果你有空的話,週末來我家吃飯吧。	If you have time, come over for dinner this weekend.
15700	力量	他的力量很大。	He is very strong.
15701	力量	團結就是力量,只要大家一起努力,一定做得到。	There's strength in unity. If we all work together, we can definitely do it.
15702	確定	我不確定他會來。	I'm not sure he'll come.
15703	確定	會議時間確定了以後,我會馬上傳訊息通知大家。	Once the meeting time is confirmed, I'll message everyone right away.
15704	加強	我們要加強練習。	We need to practice more.
15705	加強	政府宣布將加強對夜市攤販的衛生檢查。	The government announced it will step up hygiene inspections of night market vendors.
15706	攻擊	狗突然攻擊了他。	The dog suddenly attacked him.
15707	攻擊	網路上不要隨便攻擊別人,說話之前先想一想。	Don't attack others online carelessly. Think before you speak.
15708	總是	他總是很準時。	He is always on time.
15709	總是	我妹妹總是把鑰匙放在不同的地方,每次出門都在找。	My younger sister always puts her keys in different places and is searching for them every time she leaves.
15710	不錯	這家店的咖啡不錯。	The coffee at this shop is not bad.
15711	不錯	你的中文進步得不錯,繼續保持下去喔!	Your Chinese has improved quite well. Keep it up!
15712	她們	她們是我的同學。	They are my classmates.
15713	她們	她們約好週末一起去逛街,順便吃那家有名的鬆餅。	They arranged to go shopping together this weekend and have those famous waffles too.
15714	看來	看來要下雨了。	It looks like it's going to rain.
15715	看來	看來今天的會議不會太早結束,我先訂個便當吧。	Looks like today's meeting won't end early. I'll order a lunch box first.
15716	限制	這裡有年齡限制。	There is an age restriction here.
15717	限制	為了健康,醫生限制我每天只能喝一杯咖啡。	For my health, the doctor limits me to one cup of coffee a day.
15718	勝利	我們贏得了勝利。	We won the victory.
15719	勝利	球隊拿下勝利的那一刻,全場觀眾都站起來歡呼。	The moment the team clinched victory, the whole crowd stood up and cheered.
15720	影片	我在看一部影片。	I'm watching a video.
15721	影片	我把昨天旅行拍的影片剪好,上傳到網路讓朋友看。	I edited the video I filmed on yesterday's trip and uploaded it online for my friends.
15722	民眾	很多民眾來看煙火。	Many people came to see the fireworks.
15723	民眾	颱風來臨前,政府呼籲民眾不要出門,留在家裡。	Before the typhoon arrived, the government urged residents not to go out and to stay at home.
15724	表達	他很會表達想法。	He's good at expressing his ideas.
15725	表達	用英文表達感謝的時候,可以在句子裡加一點禮貌的用語。	When expressing thanks in English, you can add some polite phrases to the sentence.
15726	顯然	他顯然很累。	He is obviously tired.
15727	顯然	顯然他沒有看到我的訊息,因為到現在都沒有回。	Obviously he hasn't seen my message, since he hasn't replied yet.
15728	大約	大約五點到。	We'll arrive at around five.
15729	大約	從台北搭高鐵到高雄,大約需要一個半小時。	Taking the high-speed rail from Taipei to Kaohsiung takes about an hour and a half.
15730	批准	申請已經批准了。	The application has been approved.
15731	批准	公司批准了我的休假,我可以安心去日本玩了。	The company approved my leave, so I can go to Japan without worry.
15732	病	我弟弟生病了。	My younger brother is sick.
15733	病	他的病一直沒有好,所以醫生要他住院觀察幾天。	His illness hasn't gotten better, so the doctor wants him hospitalized for a few days of observation.
15734	道德	做人要有道德。	One should have morals.
15735	道德	有人在捷運上不讓座,大家認為這是道德問題。	Someone didn't give up a seat on the MRT, and people felt it was a matter of morality.
15736	全民	這是全民運動。	This is an activity for everyone.
15737	全民	政府推行全民健保,讓每個人看病都不用擔心費用。	The government runs universal national health insurance so everyone can see a doctor without worrying about costs.
15738	大眾	這是大眾化的料理。	This is popular, everyday cuisine.
15739	大眾	搭乘大眾運輸工具上下班,既省錢又環保。	Commuting by public transportation is both cheap and eco-friendly.
15740	指揮	他是樂團的指揮。	He is the orchestra's conductor.
15741	指揮	警察站在路口指揮交通,讓車子一輛一輛慢慢通過。	The police officer stood at the intersection directing traffic, letting cars pass one by one.
15742	爆炸	瓦斯桶可能會爆炸。	The gas cylinder may explode.
15743	爆炸	新聞說工廠發生爆炸,附近的居民被緊急疏散。	The news says an explosion occurred at the factory and nearby residents were evacuated.
15744	能源	這些是綠色能源。	These are green energy sources.
15745	能源	為了節省能源,辦公室的冷氣不得低於二十六度。	To save energy, office air conditioners must not be set below 26 degrees.
15746	遭到	他遭到批評。	He was criticized.
15747	遭到	這個計畫遭到居民反對,最後只好重新討論。	The plan met with opposition from residents, so it finally had to be discussed again.
15748	候選人	他是市長候選人。	He is a candidate for mayor.
15749	候選人	各黨的候選人都在電視上辯論,讓選民了解他們的想法。	Candidates from each party debated on TV so voters could understand their ideas.
15750	外部	大門外部有監視器。	There's a security camera on the outside of the gate.
15751	外部	外部的噪音太大,所以我晚上都要關窗睡覺。	The outside noise is too loud, so I close the windows when I sleep.
15752	房間	我的房間很小。	My room is very small.
15753	房間	我跟弟弟共用一個房間,所以晚上不能太晚關燈。	I share a room with my younger brother, so I can't keep the lights on too late at night.
15754	滿意	我很滿意。	I'm very satisfied.
15755	滿意	客人對這次的服務非常滿意,還特別留言感謝大家。	The customer was very satisfied with the service and even left a message thanking everyone.
15756	自從	自從搬家後,我常常見到鄰居。	Since moving, I've often seen my neighbors.
15757	自從	自從養了一隻貓,他每天都很早回家陪牠玩。	Ever since getting a cat, he comes home early every day to play with it.
15758	選手	他是游泳選手。	He is a swimmer.
15759	選手	選手們在開賽前先暖身,現場氣氛非常緊張。	The athletes warmed up before the start, and the atmosphere was very tense.
15760	代價	成功要付出代價。	Success comes at a price.
15761	代價	為了這份工作,他付出的代價是很少有時間陪家人。	The price he paid for this job is having little time for his family.
15762	動畫	我喜歡看動畫。	I like watching animation.
15763	動畫	弟弟看完動畫之後,就一直模仿裡面的角色說話。	After my little brother finished watching the cartoon, he kept imitating the characters' speech.
15764	大幅	價格大幅下降。	Prices dropped sharply.
15765	大幅	受到疫情影響,今年的觀光收入大幅減少。	Affected by the pandemic, this year's tourism revenue has dropped substantially.
15766	心靈	音樂能安慰心靈。	Music can comfort the spirit.
15767	心靈	旅行可以讓人放鬆,也讓心靈得到休息。	Travel lets people relax and also gives the mind a rest.
15768	新型	這是新型手機。	This is a new-model phone.
15769	新型	最近有一種新型詐騙手法,常常假冒銀行打電話給民眾。	Recently there's a new type of scam that often impersonates banks by phoning people.
15770	爭論	他們在爭論。	They're arguing.
15771	爭論	兩個同事為了新計畫的方向爭論了一整個下午。	Two coworkers argued the whole afternoon about the direction of the new project.
15772	置	請把包包置於座位下。	Please place your bag under the seat.
15773	置	這間房子的設置很人性化,每個房間都有大窗戶。	This house is thoughtfully laid out, and every room has a big window.
15774	赴	他明天赴日本。	He is going to Japan tomorrow.
15775	赴	她決定赴美國深造,希望畢業後可以回台灣工作。	She decided to go to the United States for further study, hoping to work in Taiwan after graduating.
15776	陽光	今天陽光很好。	The sun is lovely today.
15777	陽光	早上的陽光從窗戶照進來,房間裡暖暖的。	Morning sunlight shone through the window, making the room warm.
15778	偷	小偷偷了他的錢包。	A thief stole his wallet.
15779	偷	小朋友偷偷在房間裡吃零食,被媽媽發現了。	The kid sneakily ate snacks in the room and got caught by Mom.
15780	呆	他在發呆。	He's spacing out.
15781	呆	我坐在窗邊發呆,一回神才發現已經過了一個小時。	I sat spacing out by the window and realized an hour had passed.
15782	崗位	他在重要的崗位上工作。	He works in an important post.
15783	崗位	每個人都要堅守自己的崗位,這樣工作才能順利完成。	Everyone must stay at their post so the work can be completed smoothly.
15784	攝	她愛好攝影。	She loves photography.
15785	攝	為了攝取足夠的營養,醫生建議病人每天多吃蔬菜。	To take in enough nutrition, the doctor advises patients to eat more vegetables daily.
15786	海上	海上有一艘船。	There is a boat out at sea.
15787	海上	海上風浪很大,漁船今天都不出海。	The seas are rough, so the fishing boats aren't going out today.
15788	神經	我神經很緊張。	My nerves are on edge.
15789	神經	壓力太大的時候,神經會變得很敏感,連小聲音都會嚇一跳。	When stress is too high, your nerves get sensitive and even small sounds make you jump.
15790	融合	兩種文化融合在一起。	The two cultures blended together.
15791	融合	這道菜融合了日式和台式的味道,吃起來很特別。	This dish blends Japanese and Taiwanese flavors, and tastes special.
15792	過度	不要過度使用手機。	Don't overuse your phone.
15793	過度	過度勞累會影響身體,所以我們一定要好好休息。	Overwork harms your health, so we must get proper rest.
15794	不良	他有不良習慣。	He has bad habits.
15795	不良	長期熬夜會造成身體狀況不良,所以要早點睡。	Staying up late long-term leads to poor health, so go to bed early.
15796	別說	別說了,我知道了。	Stop talking, I get it.
15797	別說	別說一百公尺了,我連十公尺都跑不動。	Not to mention a hundred meters, I can't even run ten.
15798	土壤	這裡的土壤很肥沃。	The soil here is very fertile.
15799	土壤	茶樹需要排水良好的土壤,所以山坡地特別適合種茶。	Tea plants need well-drained soil, so hillsides are especially suited to growing tea.
15800	對應	這個按鈕對應什麼功能?	Which function does this button correspond to?
15801	對應	每個字母都對應一個數字,所以密碼不容易被猜到。	Each letter corresponds to a number, so the password isn't easy to guess.
15802	所在地	請告訴我所在地。	Please tell me your location.
15803	所在地	公司的所在地離車站很近,走路五分鐘就到了。	The company's location is near the station, five minutes on foot.
15804	替代	沒有人能替代他。	No one can replace him.
15805	替代	如果買不到這種牛奶,也可以用豆漿替代。	If you can't buy this milk, you can use soy milk instead.
15806	派出	公司派出代表去開會。	The company sent a representative to the meeting.
15807	派出	警方立刻派出多輛警車,趕到現場處理。	Police immediately dispatched several patrol cars to the scene.
15808	瓦	屋頂上有瓦。	There are tiles on the roof.
15809	瓦	老房子的屋瓦已經很舊,下大雨時需要請人來修理。	The old house's roof tiles are very worn, and we need someone to fix them in heavy rain.
15810	空軍	他在空軍服役。	He serves in the air force.
15811	空軍	空軍的飛機今天在上空練習飛行,聲音很大,附近的居民都聽到了。	Air force planes practiced flying overhead today, and the noise was heard by nearby residents.
15812	艱難	日子很艱難。	Life is hard.
15813	艱難	創業的路很艱難,但他從來沒有想過放棄。	The path of starting a business is hard, but he never thought of giving up.
15814	跟隨	小狗跟隨在主人後面。	The puppy follows behind its owner.
15815	跟隨	遊客跟隨導遊走進老街,一邊聽故事一邊吃小吃。	Tourists followed the guide into the old street, listening to stories and eating snacks.
15816	隨意	你隨意坐。	Sit wherever you like.
15817	隨意	菜單上的菜你可以隨意點,今天我請客。	You can order whatever you like from the menu; it's my treat today.
15818	下跌	股價下跌了。	Stock prices fell.
15819	下跌	受到國際局勢影響,今天股市大幅下跌,不少投資人很擔心。	Affected by the international situation, the stock market fell sharply today, worrying many investors.
15820	共產主義	他在研究共產主義。	He is studying communism.
15821	共產主義	歷史課上,老師介紹了共產主義的起源與影響。	In history class the teacher introduced the origins and impact of communism.
15822	單元	這個單元很重要。	This unit is important.
15823	單元	我們現在複習第三單元,下週就要考試了。	We're reviewing Unit 3 now, and the exam is next week.
15824	宣稱	他宣稱自己沒做錯。	He claimed he did nothing wrong.
15825	宣稱	這家廠商宣稱產品通過檢驗,但民眾還是有些懷疑。	This vendor claims its products passed inspection, but the public still has doubts.
15826	思路	他的思路很清楚。	His line of thinking is very clear.
15827	思路	寫程式時,先把思路整理好,出錯的機會就會減少。	When writing code, sort out your line of thought first and you'll make fewer mistakes.
15828	故障	電梯故障了。	The elevator broke down.
15829	故障	電腦突然故障,所有的資料差點都不見了,真是嚇死我了。	The computer suddenly malfunctioned and I almost lost all my data. It scared me to death.
15830	每當	每當下雨,我就想起他。	Whenever it rains, I think of him.
15831	每當	每當深夜聽到這首歌,我就會想起大學時代的朋友。	Whenever I hear this song late at night, I think of my friends from college.
15832	用途	這個工具有什麼用途?	What is this tool used for?
15833	用途	這種塑膠袋的用途很多,可以裝東西,也可以拿來當雨衣。	This kind of plastic bag has many uses; you can carry things or even use it as a raincoat.
15834	終	他終生都在學習。	He studies throughout his life.
15835	終	比賽終了的哨聲一響,球迷們紛紛站起來鼓掌。	When the final whistle sounded, fans stood up and applauded.
15836	見解	你有什麼見解?	What's your view?
15837	見解	教授對這個問題的見解很獨特,同學們聽了都覺得有道理。	The professor's insight on this issue was unique, and the students found it persuasive.
15838	開工	工廠明天開工。	The factory starts work tomorrow.
15839	開工	春節假期結束後,各行各業陸續開工,馬路上又開始塞車了。	After the Lunar New Year holiday, businesses resume work one after another, and roads are congested again.
15840	上車	請快點上車。	Please get on the bus quickly.
15841	上車	上車後別忘了刷悠遊卡,然後往後面走,不要擋住別人。	After boarding, don't forget to tap your EasyCard, then move toward the back so you don't block others.
15842	傳來	遠處傳來鐘聲。	A bell sounds from afar.
15843	傳來	深夜裡,隔壁傳來鋼琴聲,雖然有點吵,但是彈得很好聽。	Late at night, piano music came from next door; a bit noisy but beautifully played.
15844	加劇	問題在加劇。	The problem is intensifying.
15845	加劇	夏天的高溫加劇了用電量,政府呼籲大家節約用電。	Summer heat intensified electricity use, and the government urged everyone to save power.
15846	嘲笑	不要嘲笑別人。	Don't make fun of others.
15847	嘲笑	他因為口音被同學嘲笑,心裡很難過,後來老師出面制止了。	He was mocked by classmates for his accent and felt hurt, until the teacher stepped in to stop it.
15848	學派	他屬於不同的學派。	He belongs to a different school of thought.
15849	學派	不同學派對這個問題的看法很不一樣,所以學者們經常辯論。	Different schools of thought view this issue very differently, so scholars often debate.
15850	弗	我想去美國的弗吉尼亞州。	I want to visit Virginia in the United States.
15851	弗	他自嘆弗如,決定要更加努力地練習。	He admitted he was no match and resolved to practice even harder.
15852	挖掘	工人正在挖掘地基。	Workers are digging the foundation.
15853	挖掘	這位導演善於挖掘小人物的故事,作品裡充滿了溫度。	This director is good at digging up stories of ordinary people, and his works are full of warmth.
15854	時時	他時時想著家人。	He constantly thinks of his family.
15855	時時	做生意要時時注意客人的需求,才能把店經營得長久。	In business you must constantly pay attention to customers' needs to keep the shop going for the long term.
15856	民營	這是民營公司。	This is a private company.
15857	民營	這條高鐵是民營的,但是政府也持有一部分股份。	This high-speed rail is privately run, though the government holds some of the shares.
15858	無意	我無意傷害你。	I have no intention of hurting you.
15859	無意	我是無意間看到那封信的,不是故意要偷看。	I saw that letter by accident, not intentionally.
15860	研討會	我要參加研討會。	I'm going to a seminar.
15861	研討會	這場研討會邀請了各領域的專家,討論人工智慧的未來。	This seminar invited experts from various fields to discuss the future of AI.
15862	腳步	我聽到腳步聲。	I heard footsteps.
15863	腳步	半夜樓上傳來急促的腳步聲,我被吵醒了好幾次。	Hurried footsteps came from upstairs at midnight and woke me up several times.
15864	詳情	詳情請看網站。	See the website for details.
15865	詳情	活動的詳情會在下週公布,請大家持續關注我們的官網。	Details of the event will be announced next week, so please keep following our official website.
15866	連鎖	這是連鎖店。	This is a chain store.
15867	連鎖	連鎖早餐店的分店很多,走幾步路就可以看到一家。	Chain breakfast shops have many branches, one every few steps.
15868	陰	今天天氣很陰。	It's overcast today.
15869	陰	陰天的時候,人的心情也比較低落,我習慣開著燈看書。	On cloudy days people's mood dips too, so I like to read with the lights on.
15870	上司	我的上司很嚴格。	My boss is very strict.
15871	上司	他跟上司報告工作進度之後,才敢下班回家。	He only dared go home after reporting his work progress to his superior.
15872	傾聽	請你傾聽我說。	Please listen to me carefully.
15873	傾聽	好的朋友會安靜地傾聽,不會急著給建議。	A good friend listens quietly and doesn't rush to give advice.
15874	十六	他十六歲了。	He's sixteen.
15875	十六	十六號桌的客人要加點兩碗牛肉麵,麻煩幫我送過去。	Table sixteen wants two more bowls of beef noodles; please take them over.
15876	域	這是專業領域。	This is a professional field.
15877	域	他在醫療領域工作了二十年,對這個行業非常熟悉。	He has worked in the medical field for twenty years and knows the industry well.
15878	寧可	我寧可走路。	I'd rather walk.
15879	寧可	他寧可多花一點錢,也要買品質比較好的鞋子。	He'd rather spend a bit more to buy better-quality shoes.
15880	彩色	我想印彩色的。	I want to print in color.
15881	彩色	小朋友拿著彩色筆,在白紙上畫出了一個彩色的太陽。	The child used colored pens to draw a multicolored sun on white paper.
15882	接管	新老闆接管了公司。	The new boss took over the company.
15883	接管	爸爸退休後,由我接管家裡的小店,現在每天早上都要去進貨。	After Dad retired I took over the family shop, and now I go to buy stock every morning.
15884	有種	有種你就來!	If you've got guts, come on!
15885	有種	他有種站出來說真話,讓很多同事都很佩服。	He had the guts to stand up and tell the truth, which many coworkers admire.
15886	法則	這是自然法則。	This is a law of nature.
15887	法則	物理課上,老師教我們牛頓的運動法則,並請我們做實驗。	In physics class the teacher taught us Newton's laws of motion and had us do experiments.
15888	產地	這是哪裡的產地?	Where is the place of origin?
15889	產地	買水果時我都會看標示的產地,台灣產的比較新鮮。	When buying fruit I check the labeled origin, and Taiwan-grown ones are fresher.
15890	節點	這是一個重要節點。	This is an important node.
15891	節點	網路中任何一個節點出問題,都可能讓整個系統無法運作。	If any node in the network fails, the whole system may stop working.
15892	薪水	我的薪水不高。	My salary isn't high.
15893	薪水	每個月五號發薪水,我一領到就先拿一部分存起來。	Salary is paid on the fifth of every month, and I save part of it as soon as I get paid.
15894	貨車	貨車停在路邊。	The truck is parked by the roadside.
15895	貨車	一輛貨車載著蔬菜,每天清晨四點就開進市場。	A truck loaded with vegetables drives into the market at four every morning.
15896	錦	他送來一面錦旗。	He sent a commemorative banner.
15897	錦	希望你的新事業錦上添花,越來越順利。	I hope your new business gets better and better.
15898	鯊魚	海裡有鯊魚。	There are sharks in the sea.
15899	鯊魚	水族館裡的鯊魚游得很快,小朋友們都貼在玻璃前看。	The sharks in the aquarium swim fast, and the kids press against the glass to watch.
15900	互助	鄰居之間要互助。	Neighbors should help each other.
15901	互助	社區成立了互助會,鄰居們有困難時都會互相幫忙。	The community formed a mutual aid group, and neighbors help each other in times of trouble.
15902	偽裝	他偽裝睡著了。	He pretended to be asleep.
15903	偽裝	變色龍會偽裝成樹葉的顏色,這樣就不容易被敵人發現。	Chameleons disguise themselves in the color of leaves so enemies cannot easily spot them.
15904	加熱	請把湯加熱。	Please heat the soup.
15905	加熱	超商的微波爐可以幫你把便當加熱,三分鐘就好。	The convenience store microwave can heat your lunch box in three minutes.
15906	否決	提案被否決了。	The proposal was rejected.
15907	否決	議會以多數票否決了預算案,政府必須重新提出。	The council voted down the budget by majority, and the government must resubmit it.
15908	填寫	請填寫這張表。	Please fill out this form.
15909	填寫	申請悠遊卡的時候,要填寫個人資料並出示身分證。	When applying for an EasyCard, you fill in personal information and show your ID.
15910	學士	他有學士學位。	He holds a bachelor's degree.
15911	學士	她大學畢業拿到學士學位後,繼續到國外念碩士。	After earning her bachelor's degree, she continued to a master's abroad.
15912	幹活	他在工地幹活。	He works at the construction site.
15913	幹活	大家一起幹活很快就做完了,做完還可以一起去吃飯。	We finished fast working together, and could then go eat.
15914	戀人	他們是一對戀人。	They are a pair of lovers.
15915	戀人	河邊有許多戀人手牽著手散步,夕陽把兩個人的影子拉得很長。	Many couples stroll hand in hand by the river, the sunset stretching their shadows long.
15916	掩護	警察掩護民眾撤離。	Police covered people's evacuation.
15917	掩護	夜色掩護了他們的行動,守衛一直沒有發現有人潛入。	The night covered their movements, and the guards never noticed anyone slipping in.
15918	日漸	天氣日漸變冷。	The weather is getting colder day by day.
15919	日漸	隨著年齡增長,爺爺的記憶力日漸變差,常常忘記東西放在哪裡。	As he ages, Grandpa's memory worsens day by day, often forgetting where things are.
15920	機能	手機有很多機能。	The phone has many functions.
15921	機能	這個社區生活機能很好,走幾步路就有超市和診所。	This neighborhood has convenient amenities, with supermarkets and clinics a few steps away.
15922	混淆	不要混淆這兩個字。	Don't confuse these two characters.
15923	混淆	這兩個詞的發音很像,學生常常混淆,老師得一再提醒。	These two words sound alike and students often mix them up, so the teacher keeps reminding them.
15924	珍珠	我喜歡珍珠奶茶。	I like bubble tea.
15925	珍珠	她戴著一條珍珠項鍊,是外婆送給她的畢業禮物。	She wears a pearl necklace, a graduation gift from her grandma.
15926	神仙	傳說中有神仙。	Legend says there are immortals.
15927	神仙	廟裡供奉的神仙很多,每年都吸引不少信徒來上香祈福。	The temple enshrines many deities, drawing believers to burn incense and pray each year.
15928	編譯	他在編譯新書。	He is translating and editing a new book.
15929	編譯	出版社正在編譯一本國外的童書,預計明年出版。	The publisher is translating and editing a foreign children's book, to be published next year.
15930	茨	我去過日本茨城縣。	I've been to Ibaraki Prefecture in Japan.
15931	證詞	他提供了證詞。	He gave testimony.
15932	證詞	證人的證詞和監視器畫面不一致,法官決定再次調查。	The witness's testimony didn't match the surveillance footage, so the judge decided to investigate again.
15933	逃亡	犯人逃亡了。	The criminal fled.
15934	逃亡	嫌犯逃亡三個月後,終於在南部的一間民宿被警方抓到。	After three months on the run, the suspect was finally caught by police at a guesthouse in the south.
15935	雖說	雖說很累,但很開心。	Though tired, I'm happy.
15936	雖說	雖說今天是假日,他還是一早就起床去公司加班。	Although today is a holiday, he still got up early and went to the office to work overtime.
15937	魏	魏國是三國之一。	Wei was one of the Three Kingdoms.
15938	魏	歷史老師說,魏國的曹操是三國時代最有影響力的人物之一。	The history teacher said Wei's Cao Cao was among the most influential figures of the Three Kingdoms.
15939	學生證	請出示學生證。	Please show your student ID.
15940	學生證	用學生證可以買半價票,別忘了出門前把它放進包包。	You can buy half-price tickets with a student ID, so don't forget to put it in your bag.
15941	滑倒	地板濕濕的,小心滑倒。	The floor is wet, so beware of slipping.
15942	滑倒	下雨天路面很滑,奶奶在樓梯口滑倒,幸好沒有受重傷。	The road is slippery on rainy days; Grandma slipped on the stairs, fortunately without serious injury.
15943	趴	貓趴在窗邊曬太陽。	The cat is lying by the window sunbathing.
15944	趴	午休時間,同學們都趴在桌上睡覺,教室裡靜悄悄的。	During lunch break the students all lay on their desks to nap, and the classroom was quiet.
15945	河濱	我們去河濱公園散步。	We're going for a walk in the riverside park.
15946	河濱	河濱的夜景很美,許多人晚上會來這裡跑步或騎腳踏車。	The riverside night view is lovely, and many come here at night to jog or bike.
15947	他	他今天沒來上課。	He didn't come to class today.
15948	他	我問他要不要一起去，他說好啊。	I asked him if he wanted to come along, and he said sure.
15949	做	我媽正在做晚餐。	My mom is making dinner.
15950	做	週末我想做點運動，順便把家裡做個大掃除。	This weekend I want to get some exercise and give the house a deep clean too.
15951	才	她是個難得的人才。	She is a rare talent.
15952	才	他從小就很有音樂才華，十歲就會作曲。	He's had a gift for music since he was little and was composing at ten.
15953	不同	我們的想法不同。	Our ideas are different.
15954	不同	每個人對這件事的看法都不同，所以要多溝通。	Everyone sees this differently, so we need to communicate more.
15955	單位	你在哪個單位上班？	Which department do you work in?
15956	單位	這個月的預算要先送給各單位主管確認。	This month's budget has to go to each unit's head for confirmation first.
15957	選擇	你想選擇哪一個？	Which one do you want to choose?
15958	選擇	菜單上的選擇太多了，我看了半天還是不知道要點什麼。	There are so many options on the menu; I've looked for ages and still don't know what to order.
15959	比較	這家比較便宜。	This one is cheaper.
15960	比較	我比較喜歡喝無糖的飲料，這樣比較健康。	I prefer unsweetened drinks; they're healthier.
15961	別	我們在車站道別。	We said goodbye at the station.
15962	別	畢業典禮後，同學們互相道別，約好有空再聚。	After graduation, classmates said their goodbyes and promised to get together when free.
15963	每個	每個學生都有一本書。	Every student has a book.
15964	每個	每個週末我媽都會帶我們回外婆家吃飯。	Every weekend my mom takes us to my grandma's for a meal.
15965	全	全家人都到齊了。	The whole family has arrived.
15966	全	這次考試全班都通過了，老師很開心。	The whole class passed the exam, and the teacher is very happy.
15967	版	這本書出了新版。	This book has come out in a new edition.
15968	版	這個遊戲的中文版下個月上市。	The Chinese version of this game comes out next month.
15969	免費	這個停車場今天免費。	This parking lot is free today.
15970	免費	新用戶可以免費試用一個月，之後才開始收費。	New users can try it free for a month before charges begin.
15971	抓	警察抓到小偷了。	The police caught the thief.
15972	抓	我的背好癢，你幫我抓一下好嗎？	My back is so itchy; could you scratch it for me?
15973	結合	咖啡和蛋糕結合得很好。	Coffee and cake go together really well.
15974	結合	這家餐廳把傳統小吃和現代設計結合，吸引很多年輕人。	This restaurant combines traditional snacks with modern design and attracts many young people.
15975	黃	香蕉熟了，變黃了。	The bananas are ripe and have turned yellow.
15976	黃	黃燈亮了，請在路口停下來等一下。	The light turned yellow; please stop at the intersection and wait.
15977	在於	問題的關鍵在於時間。	The key to the problem lies in time.
15978	在於	這家店成功的原因在於食材新鮮，價格又公道。	The reason this shop succeeds is that its ingredients are fresh and its prices fair.
15979	現	我現在有空。	I'm free now.
15980	現	請以現金付款，本店不接受刷卡。	Please pay in cash; this shop doesn't accept cards.
15981	錯	這題我答錯了。	I got this question wrong.
15982	錯	對不起，我記錯時間了，會議是三點不是兩點。	Sorry, I got the time wrong; the meeting is at three, not two.
15983	兼	我在便利商店兼差。	I have a part-time job at a convenience store.
15984	兼	他是校長，同時兼任數學老師。	He's the principal and also serves as a math teacher.
15985	巨大	那棵樹的樹幹非常巨大。	That tree's trunk is enormous.
15986	巨大	這次地震造成了巨大的損失，政府正在統計。	The earthquake caused huge losses, and the government is tallying them up.
15987	格	請填在這個格子裡。	Please fill it in this box.
15988	格	他的個性很特別，跟大家都格格不入。	He has a unique personality and doesn't fit in with anyone.
15989	複雜	這個問題很複雜。	This problem is complicated.
15990	複雜	辦簽證的流程很複雜，要準備很多文件。	The visa process is complicated and needs a lot of documents.
15991	風險	投資有風險。	Investing carries risk.
15992	風險	騎機車一定要戴安全帽，才能降低受傷的風險。	You must wear a helmet when riding a scooter to lower the risk of injury.
15993	培訓	新進員工要先接受培訓。	New employees must go through training first.
15994	培訓	公司每年都會安排培訓課程，讓同事學習新技能。	The company arranges training courses every year so colleagues can learn new skills.
15995	愛情	她很相信愛情。	She really believes in love.
15996	愛情	這部電影講的是一段跨越二十年的愛情故事。	This movie tells a love story spanning twenty years.
15997	產	芒果產於台南。	These mangoes are grown in Tainan.
15998	產	這座農場一年可以產出兩百公斤的茶葉。	This farm can produce two hundred kilos of tea leaves a year.
15999	足夠	我們有足夠的時間。	We have enough time.
16000	足夠	你的存款足夠付房租嗎？	Is your savings enough to pay the rent?
16001	信仰	每個人都有信仰自由。	Everyone has freedom of belief.
16002	信仰	我阿嬤的信仰很虔誠，每天早上都去廟裡拜拜。	My grandma is devout and goes to the temple to pray every morning.
16003	多久	你等了多久？	How long have you been waiting?
16004	多久	從台北搭高鐵到高雄，大概要多久？	About how long does it take from Taipei to Kaohsiung by high-speed rail?
16005	成果	這是我們的成果。	This is our result.
16006	成果	經過一年的努力，大家的成果終於得到肯定。	After a year of effort, everyone's achievements finally got recognition.
16007	滿	杯子裝滿了水。	The cup is filled with water.
16008	滿	公車上擠得滿滿的，我只好站著回家。	The bus was packed full, so I had to stand all the way home.
16009	聲明	公司發表了聲明。	The company issued a statement.
16010	聲明	他在聲明中表示，會對這件事負起全部責任。	In his statement he said he would take full responsibility for this matter.
16011	進來	請進來坐。	Please come in and sit.
16012	進來	外面在下雨，快進來把濕衣服換掉。	It's raining outside; come in quick and change out of your wet clothes.
16013	供應	這家店供應早餐。	This shop serves breakfast.
16014	供應	颱風過後，水電供應很快就恢復了。	After the typhoon, the water and power supply was restored quickly.
16015	圖書館	我常去圖書館。	I often go to the library.
16016	圖書館	圖書館星期一休館，要借書的話請星期二再來。	The library is closed on Mondays; to borrow books please come on Tuesday.
16017	慾	我最近沒什麼食慾。	I haven't had much appetite lately.
16018	慾	人的慾望是無窮的，所以要學會知足。	Human desires are endless, so one must learn to be content.
16019	海洋	海洋裡有很多魚。	There are many fish in the ocean.
16020	海洋	海洋汙染越來越嚴重，所以我們要少用一次性塑膠。	Ocean pollution is getting worse, so we should use less single-use plastic.
16021	聖	聖誕節快到了。	Christmas is coming.
16022	聖	他對聖經很有研究，常常在教會分享心得。	He knows the Bible well and often shares his thoughts at church.
16023	那時	那時我還在念小學。	I was still in elementary school then.
16024	那時	那時候沒有智慧型手機，我們都用公共電話聯絡。	There were no smartphones then; we kept in touch by public phone.
16025	代碼	請輸入簡訊的代碼。	Please enter the code from the text message.
16026	代碼	每個商品都有自己的代碼，掃一下就能查到庫存。	Each product has its own code; scan it to check the stock.
16027	北方	風從北方吹來。	The wind blows from the north.
16028	北方	每年冬天，北方的冷氣團一來，台灣就會變冷。	Every winter when cold air masses arrive from the north, Taiwan gets cold.
16029	夫	他們夫妻感情很好。	The couple are very close.
16030	夫	隔壁的夫婦每天傍晚都會一起去公園散步。	The couple next door go for a walk in the park together every evening.
16031	忽視	不要忽視健康。	Don't neglect your health.
16032	忽視	他一直忽視身體發出的警訊，結果病倒了。	He kept ignoring his body's warning signs and ended up falling ill.
16033	斷	繩子斷了。	The rope snapped.
16034	斷	昨晚停電，網路也斷了，我只好早早睡覺。	Last night the power went out and the internet was cut, so I went to bed early.
16035	物理	他的物理成績很好。	His physics grades are good.
16036	物理	水在零度會結冰，這是基本的物理現象。	Water freezes at zero degrees; it's a basic physical phenomenon.
16037	義務	納稅是公民的義務。	Paying taxes is a citizen's duty.
16038	義務	他在社區當義務導覽員，週末帶遊客認識老街。	He volunteers as a guide in the community and shows visitors the old street on weekends.
16039	趕	快一點，我們要趕時間。	Hurry, we're rushing for time.
16040	趕	我趕在關門前衝進超商，買到最後一個便當。	I dashed into the convenience store before it closed and got the last lunch box.
16041	離婚	他們去年離婚了。	They got divorced last year.
16042	離婚	離婚後她一個人帶著孩子，日子過得不容易。	After the divorce she raised her child alone, and life wasn't easy.
16043	入口	入口在左邊。	The entrance is on the left.
16044	入口	地下停車場的入口很窄，開大車要小心。	The entrance to the underground parking is narrow, so be careful in a big car.
16045	嚴肅	老師的表情很嚴肅。	The teacher's expression is stern.
16046	嚴肅	別人在說嚴肅的事情時，不要一直開玩笑。	Don't keep joking when others are talking about serious matters.
16047	幾次	我去過幾次。	I've been a few times.
16048	幾次	這部電影我看了好幾次，每次都有新的感受。	I've seen this movie several times, and each time I feel something new.
16049	施工	前面在施工。	There's construction ahead.
16050	施工	道路施工期間，請駕駛人改走其他路線。	While the road is under construction, drivers please take other routes.
16051	灣	這個海灣風景很漂亮。	The scenery of this bay is beautiful.
16052	灣	我們在海灣邊露營，晚上聽著海浪聲入睡。	We camped by the bay and fell asleep to the sound of the waves.
16053	第二次	這是第二次來台灣。	This is my second time in Taiwan.
16054	第二次	第二次面試的時候，我比上次冷靜多了。	At the second interview, I was much calmer than last time.
16055	要麼	要麼走路，要麼搭公車。	Either walk or take the bus.
16056	要麼	要麼你自己來，要麼就找人幫你，總之今天一定要完成。	Either do it yourself or find someone to help; anyway it must be finished today.
16057	阻礙	大雨阻礙了交通。	Heavy rain obstructed traffic.
16058	阻礙	語言不通是他融入新環境的最大阻礙。	The language barrier was the biggest obstacle to fitting in to his new environment.
16059	任意	不可任意更改。	Do not change it arbitrarily.
16060	任意	請勿任意丟棄垃圾，違者將依法處罰。	Do not dump trash at will; violators will be penalized by law.
16061	半年	我學中文半年了。	I've studied Chinese for half a year.
16062	半年	這家店才開半年，客人就越來越多。	The shop has been open only half a year, and customers keep increasing.
16063	外圍	車站外圍很熱鬧。	The area around the station is lively.
16064	外圍	球場外圍有很多小攤販，賣飲料和零食。	There are many vendors around the ballpark selling drinks and snacks.
16065	希	我希望明天不要下雨。	I hope it doesn't rain tomorrow.
16066	希	他對孩子寄予厚望，希望他將來能當醫生。	He has high hopes for his child and hopes he becomes a doctor.
16067	招生	大學開始招生了。	The university has begun admitting students.
16068	招生	這所學校今年擴大招生，名額比去年多了一百個。	This school is expanding enrollment this year with a hundred more places than last year.
16069	村莊	山腳下有個村莊。	There's a village at the foot of the mountain.
16070	村莊	這座村莊很安靜，居民大多以種茶維生。	This village is quiet, and most residents make a living growing tea.
16071	激情	他的演講充滿激情。	His speech is full of passion.
16072	激情	年輕時的激情，是他寫出這部小說的動力。	The passion of his youth drove him to write this novel.
16073	百年	這家店有百年歷史。	This shop has a hundred years of history.
16074	百年	這間百年老店還保留著傳統做法，每天都有人排隊。	This century-old shop keeps its traditional methods, and there's a line every day.
16075	練	我每天練習彈吉他。	I practice playing guitar every day.
16076	練	為了參加比賽，他每天放學都留在球場練投籃。	To prepare for the competition, he stays at the court after school every day practicing shots.
16077	課題	這是個重要課題。	This is an important issue.
16078	課題	少子化是台灣社會目前面臨的重要課題。	A declining birth rate is an important issue facing Taiwan's society today.
16079	配套	這套家具有配套的椅子。	This furniture set comes with matching chairs.
16080	配套	政府除了推出新政策，也要有完整的配套，才能真正幫到民眾。	Besides launching new policies, the government needs complete supporting measures to truly help people.
16081	驚訝	我很驚訝。	I'm surprised.
16082	驚訝	看到老同學突然出現在門口，我驚訝得說不出話。	Seeing my old classmate suddenly at the door, I was too astonished to speak.
16083	例外	這次是例外。	This time is an exception.
16084	例外	規定每人限買兩個，但今天是例外，可以多買。	The rule limits two per person, but today is an exception and you can buy more.
16085	十二	現在十二點了。	It's twelve o'clock now.
16086	十二	一年有十二個月，每個月都有不同的節日。	A year has twelve months, each with different festivals.
16087	夜晚	夜晚的海邊很安靜。	The seaside is quiet at night.
16088	夜晚	夜晚的街道亮著路燈，騎車回家時要特別小心。	Streetlights are on at night, so be extra careful riding home.
16089	市政府	市政府在前面。	City Hall is up ahead.
16090	市政府	市政府宣布下週開始施工，附近道路會有些壅塞。	The city government announced construction starts next week, so nearby roads will be congested.
16091	挑選	我在挑選禮物。	I'm picking out a gift.
16092	挑選	在市場挑選水果時，我習慣先聞一下味道。	When choosing fruit at the market, I like to smell it first.
16093	朱	大門漆成了朱紅色。	The gate is painted vermilion.
16094	朱	廟門塗著朱紅的油漆，看起來既莊嚴又喜氣。	The temple door is painted vermilion, looking both solemn and festive.
16095	火車站	火車站在前面。	The train station is up ahead.
16096	火車站	台北火車站每天都有很多旅客進出，轉車很方便。	Taipei Main Station sees many travelers daily, and transfers are convenient.
16097	稍微	請稍微等一下。	Please wait just a moment.
16098	稍微	天氣稍微涼了一點，我出門前加了一件外套。	It got a little cooler, so I put on a jacket before heading out.
16099	脖子	我的脖子很痠。	My neck is sore.
16100	脖子	冬天出門要圍圍巾，不然脖子會很冷。	Wear a scarf in winter, or your neck will get cold.
16101	軟體	這個軟體很好用。	This software is very handy.
16102	軟體	我的電腦需要更新軟體，不然會變得很慢。	My computer needs a software update, or it'll get slow.
16103	養老	他打算回鄉養老。	He plans to retire to his hometown.
16104	養老	很多人從年輕時就開始存錢，為了以後養老用。	Many people start saving when young to support their old age.
16105	人次	展覽有十萬人次參觀。	The exhibition had a hundred thousand visits.
16106	人次	博物館上個月接待了超過五萬人次，創下新紀錄。	The museum received over fifty thousand visits last month, a new record.
16107	凍結	水在零度凍結。	Water freezes at zero degrees.
16108	凍結	公司宣布凍結招聘，直到明年才會重新開放。	The company announced a hiring freeze that won't lift until next year.
16109	受害	許多民眾受害。	Many people were harmed.
16110	受害	詐騙集團手法越來越多，不少老人家受害，損失了不少錢。	Scam rings use more and more tricks, and many elderly people fell victim and lost money.
16111	多樣	產品種類多樣。	The product types are diverse.
16112	多樣	夜市的小吃多樣，一次根本吃不完。	The night market has such diverse snacks that you can't finish them in one go.
16113	尤	我愛吃水果，尤其是芒果。	I love fruit, especially mangoes.
16114	尤	台灣的夏天很悶熱，尤其是下午，不開冷氣根本待不住。	Taiwan summers are muggy, especially in the afternoon; you can't stay without the AC.
16115	懷念	我很懷念小時候。	I really miss my childhood.
16116	懷念	我很懷念大學時代，那時候大家一起熬夜寫報告。	I miss my college days, when we all stayed up late writing reports together.
16117	收拾	請收拾房間。	Please tidy your room.
16118	收拾	聚會結束後，大家一起幫忙收拾桌子，洗杯子。	After the party, everyone helped clear the table and wash the cups.
16119	業餘	他是業餘攝影師。	He's an amateur photographer.
16120	業餘	我業餘時間喜歡爬山，也喜歡拍風景。	In my spare time I like hiking and photographing scenery.
16121	深受	她深受學生喜愛。	She is deeply loved by her students.
16122	深受	這部作品深受年輕人喜歡，在網路上討論度很高。	This work is much loved by young people and widely discussed online.
16123	生育	生育是人生大事。	Having a child is a major life event.
16124	生育	少子化讓政府推出更多補助，鼓勵年輕夫妻生育。	With the falling birth rate, the government offers more subsidies to encourage young couples to have children.
16125	美金	我換了一百美金。	I exchanged a hundred US dollars.
16126	美金	這個包包要兩百美金，換成台幣差不多六千多塊。	This bag is two hundred US dollars, around six thousand NT dollars.
16127	角落	房間的角落有個書架。	There's a bookshelf in the corner of the room.
16128	角落	每個角落都要打掃乾淨，連床底下也不能漏掉。	Every corner must be cleaned, even under the bed.
16129	迷	他是個影迷。	He's a movie fan.
16130	迷	我弟迷上了籃球，每天放學都在球場打到天黑。	My brother got hooked on basketball and plays on the court every day after school until dark.
16131	陌生	這裡我很陌生。	I'm unfamiliar with this place.
16132	陌生	剛到新公司，大家對我都很陌生，我有點緊張。	I just joined the new company and everyone is a stranger, so I'm a bit nervous.
16133	一下子	他一下子就吃完了。	He finished eating in a flash.
16134	一下子	雨一下子變得好大，我們只好躲進騎樓。	The rain suddenly got heavy, so we ducked under the arcade.
16135	偏見	別有偏見。	Don't be prejudiced.
16136	偏見	我們要放下偏見，多了解不同文化的人。	We should drop prejudice and get to know people of different cultures.
16137	動搖	他的決心動搖了。	His resolve wavered.
16138	動搖	不管別人怎麼說，她的信念都沒有動搖。	No matter what others say, her belief hasn't wavered.
16139	執	我們要執行這個計畫。	We'll carry out this plan.
16140	執	他很固執，認定的事就不會輕易改變。	He's stubborn and doesn't easily change his mind once he's decided.
16141	審美	她的審美很好。	She has good taste.
16142	審美	每個人的審美不同，所以沒有絕對的好看或難看。	Everyone's taste differs, so nothing is absolutely pretty or ugly.
16143	彩虹	雨後出現彩虹。	A rainbow appears after the rain.
16144	彩虹	雨停之後，天空出現一道彩虹，路人都停下來拍照。	After the rain stopped a rainbow appeared and passersby stopped to take photos.
16145	推送	手機每天推送新聞。	The phone pushes news every day.
16146	推送	這個軟體會依你的喜好，推送適合你的影片和文章。	This software pushes videos and articles that suit your tastes.
16147	服務業	她在服務業工作。	She works in the service industry.
16148	服務業	台灣的服務業相當發達，很多人在餐廳或商店工作。	Taiwan's service industry is quite developed, and many people work in restaurants or shops.
16149	泛	他的興趣很廣泛。	His interests are wide-ranging.
16150	泛	「車輛」泛指各種交通工具。	"Vehicle" refers broadly to all means of transport.
16151	用以	他拿出照片，用以證明自己的說法。	He took out a photo to prove his account.
16152	用以	公司設立基金，用以幫助家境困難的學生。	The company set up a fund to help students from struggling families.
16153	粉碎	碎紙機把紙粉碎。	The shredder shreds the paper.
16154	粉碎	碎紙機把機密文件粉碎，確保資料不會外洩。	The shredder destroys confidential documents to make sure information doesn't leak.
16155	處在	他處在很困難的情況。	He's in a very difficult situation.
16156	處在	公司目前處在轉型期，每個人都得學新技能。	The company is in a transition period now, and everyone must learn new skills.
16157	貪婪	他很貪婪。	He is greedy.
16158	貪婪	因為太貪婪，他最後什麼都沒得到。	Because he was too greedy, he ended up with nothing.
16159	錦標賽	他參加錦標賽。	He's entering the championship.
16160	錦標賽	這支隊伍在世界錦標賽中拿下了第三名。	This team took third place at the world championships.
16161	鳥類	台灣有很多鳥類。	Taiwan has many kinds of birds.
16162	鳥類	這座濕地是許多鳥類過冬的地方，每年都有人來賞鳥。	This wetland is where many birds spend winter, and people come to birdwatch every year.
16163	井	院子裡有一口井。	There's a well in the yard.
16164	井	老家的井水很清涼，夏天我們常拿來冰西瓜。	The well water at my old home is cool, and in summer we chill watermelon in it.
16165	償還	他償還了借款。	He repaid the loan.
16166	償還	他每個月償還一部分貸款，希望五年內還清。	He repays part of the loan each month, hoping to clear it within five years.
16167	匹配	這兩個零件不匹配。	These two parts don't match.
16168	匹配	交友軟體會依照興趣匹配適合的對象。	Dating apps match suitable people according to interests.
16169	問候	請替我問候你媽媽。	Please say hello to your mom for me.
16170	問候	過年時我們傳訊息問候親朋好友，祝大家新年快樂。	At New Year we message relatives and friends with greetings and wish everyone a happy new year.
16171	大王	故事裡的猴子自稱是山大王。	In the story the monkey calls himself the mountain king.
16172	大王	戲裡的小兵跪在地上說：「大王饒命！」	In the play the soldier kneels and says, "Spare me, Your Majesty!"
16173	實名	網路要實名登記。	You must register online with your real name.
16174	實名	為了防止黃牛，購買演唱會門票必須實名登記。	To stop scalpers, concert tickets must be bought with real-name registration.
16175	後勤	後勤工作很重要。	Logistics work is important.
16176	後勤	活動順利舉行，要感謝後勤人員在背後的付出。	The event went smoothly thanks to the logistics staff working behind the scenes.
16177	抉擇	這是困難的抉擇。	This is a hard choice.
16178	抉擇	面對升學與就業的抉擇，他想了很久才決定。	Facing the choice between further study and a job, he thought long before deciding.
16179	擴	公司要擴大規模。	The company wants to expand its scale.
16180	擴	店家生意變好後，打算擴大營業面積，多開幾個座位。	After business improved, the shop planned to enlarge its space and add seats.
16181	有的是	時間有的是。	There's plenty of time.
16182	有的是	別擔心，你還年輕，有的是機會可以重來。	Don't worry; you're young and have plenty of chances to start over.
16183	比喻	這個比喻很生動。	This metaphor is vivid.
16184	比喻	他把人生比喻成一場馬拉松，要有耐心才能走到終點。	He likens life to a marathon; you need patience to reach the finish.
16185	災區	災區需要幫助。	The disaster area needs help.
16186	災區	志工們把物資送到災區，幫助受災的居民重建家園。	Volunteers delivered supplies to the disaster area to help residents rebuild their homes.
16187	發揚	我們要發揚傳統。	We should carry forward tradition.
16188	發揚	這位老師一輩子致力於發揚傳統音樂，教了很多學生。	This teacher devoted his life to promoting traditional music and taught many students.
16189	笨	我真笨。	I'm so dumb.
16190	笨	他看起來笨手笨腳的，其實學東西很快。	He looks clumsy but actually learns quickly.
16191	聯網	這台冰箱可以聯網。	This fridge can connect to the internet.
16192	聯網	許多智慧家電都能聯網，用手機就能遙控。	Many smart appliances can go online and be controlled by phone.
16193	襯衫	他穿白襯衫。	He's wearing a white shirt.
16194	襯衫	這件襯衫太皺了，我要先燙過才能穿去面試。	This shirt is too wrinkled; I need to iron it before wearing it to the interview.
16195	軍團	軍團出發了。	The legion set out.
16196	軍團	電影裡有一支龐大的外星軍團，攻擊了地球。	In the movie, a huge alien legion attacks Earth.
16197	開關	電燈的開關壞了。	The light switch is broken.
16198	開關	出門前請檢查瓦斯開關是不是關好了。	Before leaving, check that the gas valve is off.
16199	饅頭	早餐吃饅頭。	Have steamed buns for breakfast.
16200	饅頭	剛蒸好的饅頭又白又軟，配上豆漿最好吃。	Freshly steamed buns are white and soft, best with soy milk.
16201	剪刀	請借我剪刀。	Please lend me the scissors.
16202	剪刀	媽媽用剪刀把包裝剪開，拿出裡面的新衣服。	Mom cut the packaging open with scissors and took out the new clothes.
16203	換錢	我去換錢。	I'm going to change money.
16204	換錢	出國前先到銀行換錢，匯率比機場好一點。	Change money at the bank before going abroad; the rate is better than at the airport.
16205	脫鞋子	進門前請脫鞋子。	Please take off your shoes before entering.
16206	脫鞋子	日式餐廳要先脫鞋子才能進包廂，記得穿乾淨的襪子。	At Japanese restaurants you take off your shoes before entering the room, so wear clean socks.
16207	龜毛	他很龜毛。	He's so fussy.
16208	龜毛	我朋友點餐很龜毛，一定要調整一堆細節。	My friend is fussy when ordering and always changes lots of details.
16209	香水	她噴了香水。	She put on perfume.
16210	香水	這瓶香水的味道很淡，不會太濃，所以上班也能用。	This perfume is light and not overpowering, so it can be worn to work.
16211	但	東西很好吃，但太貴了。	The food is delicious, but too expensive.
16212	但	雖然下著大雨，但球賽還是照常舉行。	Although it was pouring, the game went ahead as usual.
16213	日本	我去年夏天去了日本。	I went to Japan last summer.
16214	日本	日本的拉麵種類很多，我最喜歡豚骨口味。	Japan has many kinds of ramen, and I like tonkotsu best.
16215	情況	現在的情況怎麼樣？	How is the situation now?
16216	情況	醫生說阿公的情況已經穩定下來了。	The doctor said Grandpa's condition has stabilized.
16217	至	週一至週五都有營業。	Open Monday through Friday.
16218	至	本店營業時間為上午十點至晚上九點，全年無休。	Our hours are 10 a.m. to 9 p.m., open all year round.
16219	東西	這條路是東西向的，很好找。	This road runs east to west, so it's easy to find.
16220	東西	台灣島東西窄、南北長，像一片葉子。	Taiwan is narrow east to west and long north to south, like a leaf.
16221	哪裡	廁所在哪裡？	Where is the restroom?
16222	哪裡	你想去哪裡玩？哪裡都可以，我都聽你的。	Where do you want to go? Anywhere is fine, I'll follow your lead.
16223	過程	比賽的過程很精采。	The match was really exciting.
16224	過程	做菜的過程中，要隨時注意火候，才不會燒焦。	While cooking, keep an eye on the heat so nothing burns.
16225	導致	熬夜會導致皮膚變差。	Staying up late can make your skin worse.
16226	導致	大雨導致山區道路坍方，客運只好改道行駛。	Heavy rain caused landslides on the mountain road, so the buses had to detour.
16227	超過	這個箱子超過十公斤。	This box is over ten kilograms.
16228	超過	今天氣溫超過三十八度，是今年夏天最熱的一天。	Today's temperature topped 38 degrees, the hottest day of this summer.
16229	後來	後來我們就沒再聯絡了。	Later on, we lost touch.
16230	後來	一開始他不喜歡喝咖啡，後來卻每天都要喝一杯。	At first he didn't like coffee, but later he needed a cup every day.
16231	那裏	那裏有一家書店。	There's a bookstore over there.
16232	那裏	你先到那裏等我，我十分鐘後就到。	Wait for me over there first. I'll arrive in ten minutes.
16233	子	我兒子今年七歲。	My son is seven this year.
16234	子	桌子上有一碗熱湯，趁熱快喝吧。	There's a bowl of hot soup on the table. Drink it while it's hot.
16235	清楚	我聽不清楚。	I can't hear clearly.
16236	清楚	這張地圖畫得很清楚，連小巷子都找得到。	This map is drawn so clearly that even small alleys can be found.
16237	身體	多運動對身體好。	Exercise is good for your body.
16238	身體	最近身體不太舒服，我想先請假去看醫生。	I haven't been feeling well lately, so I'd like to take leave and see a doctor.
16239	具體	請說得具體一點。	Please be more specific.
16240	具體	你的建議很好，但可以提供具體的做法嗎？	Your suggestion is good, but can you give a concrete way to do it?
16241	放棄	我不會放棄的。	I won't give up.
16242	放棄	他為了照顧家人，放棄了出國工作的機會。	To take care of his family, he gave up the chance to work abroad.
16243	設	公司在南部設了一個分店。	The company set up a branch in the south.
16244	設	這棟大樓的每一層都設有緊急出口。	Every floor of this building has an emergency exit.
16245	久	好久不見！	Long time no see!
16246	久	我在門口等了很久，他才終於出現。	I waited at the door for a long time before he finally showed up.
16247	國民	每位國民都應該繳稅。	Every citizen should pay taxes.
16248	國民	這個節目很受國民喜愛，每個週末都有很多人收看。	This show is much loved by the public, and many people tune in every weekend.
16249	換	我想換一個座位。	I'd like to change my seat.
16250	換	這件衣服太小了，我可以去店裡換大一號嗎？	This shirt is too small. Can I go to the store and exchange it for a bigger size?
16251	發揮	你要發揮自己的優點。	You should make the most of your strengths.
16252	發揮	他在比賽中發揮得很好，最後拿到了冠軍。	He performed very well in the competition and finally won the championship.
16253	距離	家裡離學校的距離不遠。	My home isn't far from school.
16254	距離	從這裡到車站的距離大約五百公尺，走路只要七分鐘。	The distance from here to the station is about 500 meters, a seven-minute walk.
16255	使得	這場大雨使得交通大亂。	The heavy rain threw traffic into chaos.
16256	使得	他的努力使得整個團隊都受到鼓舞。	His hard work inspired the whole team.
16257	尊重	我們要尊重別人。	We should respect others.
16258	尊重	就算意見不同，也要尊重對方說話的權利。	Even when opinions differ, you should respect the other person's right to speak.
16259	收到	我收到你的訊息了。	I got your message.
16260	收到	昨天我收到一個包裹，打開才發現是朋友寄來的禮物。	Yesterday I received a package and found it was a gift from a friend.
16261	立法	立法院正在討論新法律。	The Legislative Yuan is discussing a new law.
16262	立法	政府打算立法禁止在公共場所抽菸。	The government plans to legislate against smoking in public places.
16263	飛	鳥在天空中飛。	Birds are flying in the sky.
16264	飛	我明天要搭飛機飛去高雄，下午就會到。	Tomorrow I'm flying to Kaohsiung and will arrive in the afternoon.
16265	南部	我阿嬤住在南部。	My grandma lives in the south.
16266	南部	南部的冬天比較溫暖，所以很多人去那裡過年。	Winter in the south is warmer, so many people go there for the New Year.
16267	將軍	下棋時，我將軍了。	I put him in check in chess.
16268	將軍	電影裡的將軍帶著軍隊，勇敢地守住了城池。	In the movie, the general led his army and bravely held the city.
16269	方便	搭捷運很方便。	Taking the MRT is convenient.
16270	方便	你什麼時候方便？我們約個時間吃飯吧。	When are you free? Let's set a time for dinner.
16271	發射	火箭今天發射成功。	The rocket launched successfully today.
16272	發射	基地每年都會發射好幾顆氣象衛星，用來預測天氣。	The base launches several weather satellites each year to forecast the weather.
16273	要是	要是下雨就不去了。	If it rains, we won't go.
16274	要是	要是你有空的話，可以幫我去接一下小孩嗎？	If you're free, could you pick up the kids for me?
16275	首	我最愛唱這首歌。	I love singing this song the most.
16276	首	這次演唱會他一口氣唱了二十首歌，聲音還是很穩。	At this concert he sang twenty songs in a row, and his voice stayed steady.
16277	利	這個決定對大家都有利。	This decision benefits everyone.
16278	利	存在銀行的錢會有利息，不過現在利率很低。	Money in the bank earns interest, but rates are very low now.
16279	小心	小心地板很滑。	Careful, the floor is slippery.
16280	小心	過馬路要小心來車，尤其是騎機車的人。	Watch out for cars when crossing, especially scooters.
16281	有限	我的時間有限。	My time is limited.
16282	有限	預算有限，所以我們只能選擇比較便宜的方案。	The budget is limited, so we can only pick the cheaper plan.
16283	直	這條路很直。	This road is very straight.
16284	直	你有什麼話就直說，不用拐彎抹角。	If you have something to say, say it directly. No need to beat around the bush.
16285	評估	我們需要評估風險。	We need to assess the risks.
16286	評估	醫生會先評估病人的情況，再決定要不要開刀。	The doctor will first assess the patient's condition before deciding on surgery.
16287	騙子	那個人是騙子。	That person is a swindler.
16288	騙子	詐騙集團的騙子假冒銀行員，打電話要老人家匯錢。	Scammers posing as bank staff called elderly people asking them to transfer money.
16289	內地	內地的氣候比沿海乾燥。	The climate inland is drier than the coast.
16290	內地	這些漁民離開海邊，搬到內地去種田。	These fishermen left the coast and moved inland to farm.
16291	吹	外面風吹得很大。	The wind is blowing hard outside.
16292	吹	他很會吹口琴，生日派對上吹了一首好聽的曲子。	He's good at the harmonica and played a lovely tune at the birthday party.
16293	尼	她出家當了尼姑。	She left home to become a nun.
16294	尼	這件外套是尼龍做的，防風又好穿。	This jacket is made of nylon. It's windproof and comfortable.
16295	技能	他有很多技能。	He has many skills.
16296	技能	學一項實用的技能，對將來找工作很有幫助。	Learning a practical skill helps a lot with finding a job later.
16297	機器人	那個機器人會打掃。	That robot can clean.
16298	機器人	餐廳用機器人送餐，小朋友看了都覺得很新奇。	The restaurant uses robots to deliver food, and the kids find it amazing.
16299	眼前	眼前是一片大海。	Before my eyes was a vast sea.
16300	眼前	眼前最重要的事，就是先把這個月的帳單繳清。	The most important thing right now is to pay off this month's bills.
16301	蓋	記得把鍋子蓋好。	Remember to put the lid on the pot.
16302	蓋	他們打算在山腳下蓋一棟小木屋，當作週末度假用。	They plan to build a small cabin at the foot of the mountain as a weekend retreat.
16303	週末	這個週末你有空嗎？	Are you free this weekend?
16304	週末	週末我通常睡到十點，然後去市場買菜、煮飯。	On weekends I usually sleep until ten, then go to the market and cook.
16305	不准	這裡不准停車。	No parking here.
16306	不准	媽媽不准我晚上十點以後再玩電腦。	Mom doesn't allow me to use the computer after ten at night.
16307	即可	填好表格後交給櫃檯即可。	Just hand the form to the counter after filling it in.
16308	即可	輸入帳號和密碼後，按下登入鍵即可進入系統。	Once you enter your account and password, press the login button to access the system.
16309	家屬	家屬在醫院外面等。	The family members are waiting outside the hospital.
16310	家屬	手術前，醫生向家屬說明了可能的風險。	Before the surgery, the doctor explained the possible risks to the family.
16311	提議	我有一個提議。	I have a suggestion.
16312	提議	大家都同意他的提議，決定把會議改到下週一。	Everyone agreed to his proposal and decided to move the meeting to next Monday.
16313	沒法	我沒法去。	I can't make it.
16314	沒法	路都被淹了，我們沒法開車回家，只好在朋友家住一晚。	The roads were flooded and we couldn't drive home, so we stayed a night at a friend's.
16315	石	古代官員的俸祿，常以多少石米來計算。	In ancient times, officials' salaries were often counted in dan of rice.
16316	草案	新法規草案出來了。	The draft of the new regulation is out.
16317	草案	這份草案要先交給委員會審查，通過後才會正式公布。	This draft must first go to a committee for review and will only be announced after approval.
16318	這邊	請到這邊來。	Please come over here.
16319	這邊	這邊的天氣比較涼，你出門記得多帶一件外套。	The weather here is cooler, so remember to bring an extra jacket.
16320	上次	上次的比賽很精采。	Last time's game was exciting.
16321	上次	上次你借我的那本書，我已經看完了，下次還你。	I finished the book you lent me last time and will return it next time.
16322	出臺	政府今天出臺了新的補助辦法。	The government rolled out new subsidy measures today.
16323	出臺	新的交通規則即將出臺，駕駛人要特別留意。	New traffic rules are about to be rolled out, so drivers should take note.
16324	回收	請把瓶子拿去回收。	Please take the bottles to be recycled.
16325	回收	垃圾車來的時候，資源回收要分類清楚，才不會被退回。	When the garbage truck comes, recyclables must be sorted properly or they'll be rejected.
16326	寺	我們去寺裡拜拜。	We went to the temple to pray.
16327	寺	這座古寺有三百多年的歷史，假日有很多人來參觀。	This old temple has over three hundred years of history, and many visit on holidays.
16328	手指	我的手指被門夾到了。	My finger got caught in the door.
16329	手指	醫生說他的手指只是輕微扭傷，不需要開刀。	The doctor said his finger was only slightly sprained and didn't need surgery.
16330	會長	他是學生會的會長。	He is the president of the student council.
16331	會長	商會的會長在年會上致詞，感謝所有會員的支持。	The chamber's president gave a speech at the annual meeting, thanking all members for their support.
16332	流傳	這個故事流傳很久了。	This story has circulated for a long time.
16333	流傳	這道菜的做法在家族中流傳了好幾代，一直沒有改變。	This dish's recipe has been handed down in the family for generations unchanged.
16334	畫家	他是有名的畫家。	He's a famous painter.
16335	畫家	那位畫家在公園一角擺起畫架，為路過的人畫肖像。	That painter set up an easel in a corner of the park to draw portraits for passersby.
16336	簽證	我要申請簽證。	I need to apply for a visa.
16337	簽證	去日本旅遊的簽證手續很簡單，台灣人不用事先申請。	Visa procedures for traveling to Japan are simple, and Taiwanese don't need to apply in advance.
16338	蔬菜	我多吃蔬菜。	I eat more vegetables.
16339	蔬菜	醫生建議每天至少吃五份蔬菜水果，對身體比較好。	The doctor recommends at least five servings of vegetables and fruit daily for better health.
16340	辦公	他們在大樓裡辦公。	They work in the office building.
16341	辦公	公司搬到新的辦公大樓後，同事們終於有了比較寬敞的辦公空間。	After the company moved to the new office building, coworkers finally got more spacious workspace.
16342	鞏固	複習能鞏固記憶。	Review strengthens memory.
16343	鞏固	球隊靠著穩定的防守，鞏固了領先的優勢。	The team solidified its lead with steady defense.
16344	主編	她是雜誌的主編。	She is the magazine's editor-in-chief.
16345	主編	主編在會議上決定，下一期的封面要用這張照片。	The editor-in-chief decided in the meeting to use this photo for the next issue's cover.
16346	出賣	他出賣了朋友。	He betrayed his friend.
16347	出賣	我們這家店不出賣客人的個資，請放心。	Our shop doesn't sell customers' personal data, so please rest assured.
16348	國土	這是我們的國土。	This is our national territory.
16349	國土	颱風和地震對台灣的國土保安是很大的考驗。	Typhoons and earthquakes are a big test for Taiwan's land conservation.
16350	審批	這個案子還在審批中。	This case is still under review and approval.
16351	審批	政府審批的流程比想像中複雜，需要多個單位簽核。	The government's approval process is more complex than expected and needs sign-off from multiple units.
16352	愛上	她愛上了畫畫。	She fell in love with painting.
16353	愛上	出國交換一年，他愛上了那座城市的慢生活。	After a year abroad on exchange, he fell in love with that city's slow life.
16354	新年	新年快樂！	Happy New Year!
16355	新年	新年期間，家家戶戶都會貼春聯，街上也掛滿了紅燈籠。	During the New Year, every home puts up couplets, and streets are hung with red lanterns.
16356	海峽	台灣海峽很寬。	The Taiwan Strait is wide.
16357	海峽	漁船冒著風浪穿越海峽，到對岸的港口去補給。	The fishing boat braved wind and waves across the strait to resupply at a port on the other side.
16358	白天	白天很熱，晚上很涼。	Days are hot and nights are cool.
16359	白天	我白天要上班，只有晚上才有時間陪小孩寫功課。	I work during the day and only have time in the evening to help the kids with homework.
16360	續	請續杯。	A refill, please.
16361	續	這家早餐店的紅茶可以續杯，所以我常常坐很久。	Black tea at this breakfast shop has free refills, so I often sit a long time.
16362	訪談	記者訪談了一位老師。	The reporter interviewed a teacher.
16363	訪談	研究生為了論文，訪談了十幾位在地的小農。	For his thesis, the grad student interviewed over ten local small farmers.
16364	開闢	他們開闢了一條新路。	They opened up a new road.
16365	開闢	政府打算在河邊開闢一座公園，讓居民有休閒的空間。	The government plans to create a park by the river, giving residents a space for leisure.
16366	下滑	成績開始下滑了。	His grades have started to slide.
16367	下滑	景氣不好，這幾個月的銷售成績持續下滑。	The economy is poor, and sales have continued to decline in recent months.
16368	元年	今年是新時代的元年。	This year is the first year of a new era.
16369	元年	民國元年，也就是西元一九一二年。	The first year of the Republic is 1912.
16370	午夜	午夜十二點了。	It's midnight.
16371	午夜	午夜的街道特別安靜，只有幾家便利商店還亮著燈。	The midnight streets are especially quiet, with only a few convenience stores still lit.
16372	國家級	這是國家級古蹟。	This is a national-level historic site.
16373	國家級	這項計畫獲得國家級獎項，是對團隊最大的肯定。	The project won a national-level award, the greatest recognition for the team.
16374	宣	政府宣佈新政策。	The government announces a new policy.
16375	宣	活動前一個月就開始宣傳，希望能吸引更多人來參加。	We started promoting the event a month in advance, hoping more people would join.
16376	忍	我忍不住笑了。	I couldn't help laughing.
16377	忍	再忍一下，等這陣子忙完，我們就去旅行。	Hold on a bit longer. When this busy period ends, we'll go traveling.
16378	掠奪	海盜掠奪了商船。	Pirates plundered the merchant ship.
16379	掠奪	殖民者掠奪當地的資源，使原住民的生活越來越困難。	Colonizers plundered local resources, making life harder for the indigenous people.
16380	更改	我想更改時間。	I want to change the time.
16381	更改	訂位後如果需要更改日期，請提前一天打電話通知。	If you need to change the date after booking, please call a day ahead.
16382	沙灘	我們在沙灘上玩。	We played on the beach.
16383	沙灘	退潮的沙灘上有許多小螃蟹，孩子們追著牠們跑。	At low tide the beach has many small crabs, and the kids chase them.
16384	煽動	他煽動大家鬧事。	He incited everyone to make trouble.
16385	煽動	有人在網路上煽動情緒，讓原本單純的小事演變成大爭議。	Some stirred up emotions online, turning a simple matter into a big dispute.
16386	科目	你最喜歡哪個科目？	Which subject do you like best?
16387	科目	大考要考的科目很多，所以我早早就開始安排複習計畫。	The big exam covers many subjects, so I started planning my review early.
16388	船舶	港口停了很多船舶。	Many ships are docked in the harbor.
16389	船舶	颱風期間，所有船舶都必須返回港口，避免發生意外。	During typhoons, all vessels must return to port to avoid accidents.
16390	論證	他的論證很有說服力。	His argument is very convincing.
16391	論證	論文需要有充分的資料來論證自己的觀點，不能只靠感覺。	A paper needs sufficient data to support its arguments, not just feelings.
16392	選項	請選擇一個選項。	Please choose an option.
16393	選項	考試的單選題有四個選項，我常常猶豫不決，選到錯的。	Multiple-choice questions have four options, and I often hesitate and pick the wrong one.
16394	雅	她的舉止很優雅。	Her manners are elegant.
16395	雅	這家咖啡廳的裝潢典雅，是個適合閱讀的地方。	This café's decor is refined and a good place for reading.
16396	不可思議	真是不可思議！	That's incredible!
16397	不可思議	他居然能在一個晚上就學會彈這首曲子，簡直不可思議。	He learned to play this piece in one night, which is simply unbelievable.
16398	兌現	我要去銀行兌現支票。	I'm going to the bank to cash a check.
16399	兌現	選舉時的承諾，大家都在等著看他能不能兌現。	Everyone is waiting to see if he can make good on his campaign promises.
16400	原子	水分子由原子組成。	Water molecules consist of atoms.
16401	原子	物理課上，老師說原子是由原子核和電子組成的。	In physics class the teacher said atoms consist of a nucleus and electrons.
16402	壓抑	這個房間讓人覺得壓抑。	This room feels oppressive.
16403	壓抑	長期壓抑情緒對身體不好，有不開心就說出來吧。	Suppressing emotions long-term is bad for health, so say it when you're unhappy.
16404	對照	把兩張圖對照一下。	Compare the two pictures.
16405	對照	這本書左邊是中文，右邊是英文，可以對照著讀。	This book has Chinese on the left and English on the right so you can read them side by side.
16406	復甦	經濟開始復甦了。	The economy has started to recover.
16407	復甦	春天來臨，沉睡了一個冬天的大地慢慢復甦。	With spring's arrival, the earth, asleep all winter, slowly revives.
16408	損傷	傷口造成了損傷。	The wound caused damage.
16409	損傷	長時間看螢幕會造成視力損傷，所以要定時讓眼睛休息。	Staring at screens for long hours can damage eyesight, so rest your eyes regularly.
16410	東側	大樓東側有出口。	There's an exit on the east side of the building.
16411	東側	車站東側新開了一家書店，每天都有很多學生去看書。	A new bookstore opened on the east side of the station, and many students go to read every day.
16412	海水	海水很鹹。	Seawater is salty.
16413	海水	夏天，海水冰涼涼的，小朋友們玩得全身濕透。	In summer, the seawater is cool, and the kids got soaked playing.
16414	癱瘓	病人半身癱瘓了。	The patient is half-paralyzed.
16415	癱瘓	昨晚大水淹沒馬路，整個市區的交通都被癱瘓。	Last night floodwaters submerged roads and paralyzed traffic across the city.
16416	素材	作家收集生活素材。	The writer collects material from life.
16417	素材	這部電影的素材取自一個真實的故事，所以特別感人。	The film's material comes from a true story, making it especially moving.
16418	蝴蝶	花園裡有一隻蝴蝶。	There's a butterfly in the garden.
16419	蝴蝶	春天的山上，蝴蝶成群飛舞，吸引不少攝影愛好者前來。	On spring mountains, butterflies flutter in swarms and attract many photographers.
16420	跨國	這是跨國公司。	This is a multinational company.
16421	跨國	跨國合作需要考慮時差和語言問題，溝通要特別有耐心。	International cooperation must consider time zones and language, so communication needs extra patience.
16422	閣	這座兩層樓的亭閣很漂亮。	This two-story pavilion is lovely.
16423	閣	新內閣成員名單公布後，各界紛紛表達意見。	After the new cabinet list was announced, people from all sectors voiced opinions.
16424	黑白	這是一張黑白照片。	This is a black-and-white photo.
16425	黑白	阿公家裡還保存著許多黑白老照片，每一張都有故事。	Grandpa's home still keeps many old black-and-white photos, each with a story.
16426	交代	老師交代了功課。	The teacher assigned homework.
16427	交代	出門前，媽媽交代我回家後要先把衣服洗好，再寫作業。	Before leaving, Mom told me to wash clothes first when I got home, then do homework.
16428	傘	出門記得帶傘。	Remember to bring an umbrella.
16429	傘	雨傘忘在公車上了，我只好淋雨走回家，全身都濕透。	I left my umbrella on the bus and had to walk home in the rain, soaked.
16430	勇	他很勇敢。	He is brave.
16431	勇	消防員勇敢衝進火場救人，展現了令人敬佩的勇氣。	The firefighter bravely rushed into the fire to save people, showing admirable courage.
16432	吶	士兵發出吶喊。	The soldiers let out a battle cry.
16433	吶	球迷在看台上大聲吶喊，為球隊加油打氣。	Fans shouted loudly in the stands to cheer on the team.
16434	墜毀	飛機墜毀了。	The plane crashed.
16435	墜毀	一架小型直升機在山區墜毀，救難人員連夜趕往現場。	A small helicopter crashed in the mountains, and rescuers rushed to the scene overnight.
16436	守衛	士兵守衛城門。	Soldiers guard the city gate.
16437	守衛	博物館的守衛每天晚上都會巡邏，以確保文物的安全。	The museum guards patrol every night to ensure the safety of the artifacts.
16438	幼女	一名幼女走失了。	A young girl got lost.
16439	幼女	警方協助尋找走失的幼女，最後在公園裡找到了她。	Police helped search for the lost young girl and finally found her in the park.
16440	戒	他想戒菸。	He wants to quit smoking.
16441	戒	醫生勸爸爸戒菸戒酒，不然身體會越來越差。	The doctor advised Dad to quit smoking and drinking or his health will worsen.
16442	提早	今天提早下班。	Leaving work early today.
16443	提早	明天有颱風，學校決定提早放學，讓學生趕快回家。	A typhoon is coming tomorrow, so school decided to dismiss early so students can head home.
16444	明亮	房間很明亮。	The room is very bright.
16445	明亮	她有一雙明亮的大眼睛，笑起來特別迷人。	She has bright big eyes and is especially charming when she smiles.
16446	機體	飛機的機體很大。	The airframe is large.
16447	機體	機體在強風中劇烈搖晃，但是機長保持冷靜，順利降落。	The airframe shook violently in strong wind, but the captain stayed calm and landed safely.
16448	滋味	這道菜的滋味很特別。	This dish has a special flavor.
16449	滋味	離家在外的孩子，最想念的就是媽媽煮的家鄉滋味。	Children away from home miss most the hometown flavors Mom cooks.
16450	產權	房子的產權是我的。	The property rights belong to me.
16451	產權	買房前一定要確認產權清楚，避免日後出現土地糾紛。	Before buying a house, ensure clear ownership to avoid land disputes later.
16452	科普	我喜歡看科普書。	I like reading popular science books.
16453	科普	這個頻道用有趣的方式做科普，讓複雜的科學知識變得好懂。	This channel popularizes science in fun ways, making complex science easy to understand.
16454	繪製	他在繪製地圖。	He is drawing a map.
16455	繪製	設計師花了兩個月繪製這幅壁畫，把整面牆都畫滿了。	The designer spent two months painting this mural, covering the whole wall.
16456	葬禮	我明天要去參加葬禮。	I'm going to a funeral tomorrow.
16457	葬禮	葬禮上，親友們輪流上前向逝者道別，現場氣氛莊重肅穆。	At the funeral, relatives and friends took turns bidding the deceased farewell in a solemn atmosphere.
16458	讚賞	老師讚賞她的努力。	The teacher praised her effort.
16459	讚賞	他的作品獲得評審一致讚賞，被選為本屆最佳設計。	His work was unanimously praised by the judges and chosen as this year's best design.
16460	過敏	我對花粉過敏。	I'm allergic to pollen.
16461	過敏	春天一到，他就開始鼻子過敏，一直打噴嚏、流鼻水。	When spring comes, his nose acts up with allergies, sneezing and running constantly.
16462	青睞	這款手機很受青睞。	This phone is very popular.
16463	青睞	這家新創公司的產品深受年輕人青睞，銷量快速成長。	This startup's products are favored by young people and sales grew fast.
16464	下課	下課了，我們去吃飯吧。	Class is over. Let's go eat.
16465	下課	下課鐘聲一響，同學們都衝出教室，跑到操場上玩。	When the bell rang, students rushed out of the classroom to play on the field.
16466	弄丟	我弄丟了鑰匙。	I lost my keys.
16467	弄丟	他不小心把悠遊卡弄丟了，只好去客服中心掛失補發。	He accidentally lost his EasyCard and had to go to the service center to report it and get a replacement.
16468	牛排	我想吃牛排。	I want to eat steak.
16469	牛排	朋友生日，我們去一家平價牛排館，每個人都點了五分熟的牛排。	For a friend's birthday we went to an affordable steakhouse and each ordered a medium-rare steak.
16470	跑步	我每天早上跑步。	I jog every morning.
16471	跑步	下班後，他會到河濱公園跑步，一邊聽音樂一邊看夕陽。	After work he jogs at the riverside park, listening to music and watching the sunset.
16472	有幫助	多運動對健康有幫助。	Exercise helps your health.
16473	有幫助	這本書對準備考試很有幫助，裡面整理了許多重點。	This book is very helpful for exam prep, with many key points summarized.
16474	妳	妳今天看起來很開心喔。	You look so happy today.
16475	妳	妳明天有空嗎?我想請妳幫我看一下這份報告。	Are you free tomorrow? I'd like you to take a look at this report for me.
16476	及	他及時趕到了。	He arrived just in time.
16477	及	本店提供咖啡、茶及各式點心。	This shop offers coffee, tea and a variety of desserts.
16478	時間	你現在有時間嗎?	Do you have time right now?
16479	時間	我們約的時間是下午三點,別遲到喔。	We agreed on three in the afternoon, so don't be late.
16480	不過	這家很好吃,不過有點貴。	This place is tasty, but a bit pricey.
16481	不過	我很想去,不過明天一早要開會,只好下次了。	I'd love to go, but I have a meeting early tomorrow, so next time.
16482	國內	這是國內航班。	This is a domestic flight.
16483	國內	這幾年國內旅遊越來越熱門,假日飯店都很難訂。	Domestic travel has gotten popular in recent years, and hotels are hard to book on holidays.
16484	那個	那個很好吃。	That one is delicious.
16485	那個	那個穿藍色外套的人是我們的新同事。	The person in the blue jacket is our new coworker.
16486	法律	我想學法律。	I want to study law.
16487	法律	騎機車不戴安全帽是違反法律的,會被罰錢。	Riding a scooter without a helmet breaks the law and you'll be fined.
16488	制	公司訂了新制度。	The company set up a new system.
16489	制	政府從去年開始限制店家提供免費的塑膠袋。	Since last year, the government has restricted shops from offering free plastic bags.
16490	法國	我想去法國玩。	I want to travel to France.
16491	法國	我同事去年去法國旅行,帶回來很多好吃的巧克力。	My coworker traveled to France last year and brought back lots of tasty chocolate.
16492	公開	這件事還沒公開。	This hasn't been made public yet.
16493	公開	公司預計下週一公開新產品的價格和上市日期。	The company plans to announce the new product's price and release date next Monday.
16494	生	她生了一個女兒。	She gave birth to a daughter.
16495	生	我家的貓昨天晚上生了四隻小貓。	Our cat had four kittens last night.
16496	公民	他是台灣公民。	He is a citizen of Taiwan.
16497	公民	每位公民都有權利在選舉中投下自己的一票。	Every citizen has the right to cast a vote in an election.
16498	拍	請幫我拍張照。	Please take a photo for me.
16499	拍	他拿著手機,在夕陽下拍了好幾張美美的照片。	Holding his phone, he took several beautiful photos in the sunset.
16500	統一	大家的意見統一了。	Everyone's opinions are unified.
16501	統一	為了方便管理,公司要統一購買辦公室的文具。	For easier management, the company will buy office stationery centrally.
16502	不了	不了,我吃飽了。	No thanks, I'm full.
16503	不了	「要不要一起去唱歌?」「不了,我明天要早起。」	"Want to go sing karaoke together?" "I'll pass, I have to get up early tomorrow."
16504	壓力	我最近壓力很大。	I've been under a lot of pressure lately.
16505	壓力	老師說,適度的壓力可以讓人進步,太多就不好了。	The teacher said moderate pressure helps you improve, but too much is bad.
16506	申請	我想申請獎學金。	I want to apply for a scholarship.
16507	申請	申請護照要帶身分證、照片,還有舊的護照。	To apply for a passport, bring your ID, a photo and your old passport.
16508	鐵路	台灣有環島鐵路。	Taiwan has a railway that circles the island.
16509	鐵路	這條鐵路從台北一路通到台東,沿途風景很美。	This railway runs from Taipei all the way to Taitung, with beautiful scenery.
16510	分佈	人口分佈不太平均。	The population isn't evenly distributed.
16511	分佈	台灣的山脈主要分佈在中部和東部,西部則多是平原。	Taiwan's mountains are mostly in the center and east, while the west is mainly plains.
16512	常	我常去那家店。	I often go to that shop.
16513	常	她常在下班後去健身房運動,所以身材一直很好。	She often works out at the gym after work, so she's always in good shape.
16514	案件	這起案件很複雜。	This case is very complicated.
16515	案件	這起詐騙案件已經交給檢察官處理,受害者超過百人。	This fraud case has been handed to prosecutors, with over a hundred victims.
16516	著名	他是著名的作家。	He is a famous writer.
16517	著名	淡水以夕陽和阿給著名,假日總是擠滿遊客。	Tamsui is famous for its sunsets and aigei, and is packed with tourists on holidays.
16518	電視台	我哥在電視台工作。	My older brother works at a TV station.
16519	電視台	新聞記者代表電視台到現場採訪,結果等了三個小時。	The reporter went on site for the TV station and ended up waiting three hours.
16520	哥哥	我有一個哥哥。	I have an older brother.
16521	哥哥	我哥哥每個週末都會開車載我們全家去郊外走走。	My older brother drives our whole family to the countryside every weekend.
16522	忘記	我忘記帶鑰匙了。	I forgot to bring my keys.
16523	忘記	別忘記明天要交作業,不然老師會生氣。	Don't forget the homework is due tomorrow, or the teacher will be angry.
16524	爆發	火山爆發了。	The volcano erupted.
16525	爆發	兩位同學因為小事吵了起來,最後情緒完全爆發。	Two classmates argued over something small, and their emotions finally exploded.
16526	讀者	讀者來信很多。	We receive many letters from readers.
16527	讀者	這本書的讀者大多是想學理財的上班族。	Most readers of this book are office workers who want to learn about personal finance.
16528	俱樂部	我加入了攝影俱樂部。	I joined the photography club.
16529	俱樂部	這家健身俱樂部每個月都有免費的瑜珈體驗課。	This fitness club offers a free yoga trial class every month.
16530	夠	這些錢夠用嗎?	Is this money enough?
16531	夠	你帶的錢夠不夠?不夠的話我先借你。	Do you have enough money? If not, I'll lend you some.
16532	房	我想租一間房。	I'd like to rent a room.
16533	房	這間房子一共有三房兩廳,很適合一家人住。	This house has three bedrooms and two living areas, great for a family.
16534	演員	她是電影演員。	She's a film actress.
16535	演員	這位演員為了演好這個角色,足足減了十公斤。	To play this role well, the actor lost a full ten kilos.
16536	肉	我不吃肉。	I don't eat meat.
16537	肉	這家店的滷肉飯,肉很軟,醬汁也很香。	The braised pork rice here has tender meat and a fragrant sauce.
16538	達成	我們達成共識了。	We've reached a consensus.
16539	達成	經過幾個小時的討論,雙方終於達成了協議。	After hours of discussion, the two sides finally reached an agreement.
16540	俄	俄而下起大雨。	Suddenly it began to pour.
16541	俄	我們才走到半路,俄而烏雲密布,雷聲大作。	We were only halfway when dark clouds suddenly gathered and thunder rumbled.
16542	地鐵	他在倫敦搭地鐵。	He takes the subway in London.
16543	地鐵	我在巴黎搭地鐵時,差點被月台上的人群擠進車廂。	When I took the Paris metro, the crowd on the platform nearly pushed me onto the train.
16544	懷孕	她懷孕了。	She's pregnant.
16545	懷孕	我姐姐懷孕七個月了,最近走路都要慢慢走。	My sister is seven months pregnant and has to walk slowly these days.
16546	深刻	這件事讓我印象深刻。	This left a deep impression on me.
16547	深刻	老師的一番話讓我有很深刻的體會,決定重新開始。	The teacher's words gave me a deep realization, and I decided to start over.
16548	聽見	我聽見你在唱歌。	I heard you singing.
16549	聽見	半夜我聽見外面有貓在叫,打開窗戶卻什麼也沒看到。	At midnight I heard a cat outside, but saw nothing when I opened the window.
16550	逮捕	警察逮捕了小偷。	The police arrested the thief.
16551	逮捕	嫌犯在機場被逮捕,現在已經被送往警局。	The suspect was arrested at the airport and has been taken to the police station.
16552	伊	所謂伊人,在水一方。	The one I long for is somewhere across the water.
16553	升	氣球升上天空。	The balloon rose into the sky.
16554	升	他工作表現很好,今年終於升為部門主管。	He performed well at work and was finally promoted to department head this year.
16555	大樓	這棟大樓很高。	This building is very tall.
16556	大樓	我們公司在大樓的十二樓,搭電梯上去就到了。	Our company is on the twelfth floor of the building; take the elevator up.
16557	待遇	這份工作待遇不錯。	This job has decent pay and benefits.
16558	待遇	這家公司的待遇很好,除了薪水,還有年終獎金和健康檢查。	This company treats staff well; besides salary, there are year-end bonuses and health checkups.
16559	教練	教練叫我們集合。	The coach told us to gather.
16560	教練	我們的游泳教練很嚴格,每天都要求大家多游兩圈。	Our swimming coach is strict and makes everyone swim two extra laps daily.
16561	無限	這裡的飲料無限續杯。	Drinks here have unlimited refills.
16562	無限	只要肯努力,每個人都有無限的可能。	As long as you work hard, everyone has unlimited possibilities.
16563	緻	這個蛋糕很精緻。	This cake is exquisite.
16564	緻	這盒點心做得很細緻,連包裝都很有質感。	This box of sweets is finely made, and even the packaging feels high quality.
16565	貨	貨已經到了。	The goods have arrived.
16566	貨	過年前網購的人特別多,所以很多貨都要等好幾天。	Many people shop online before the New Year, so many orders take days to arrive.
16567	院	院子裡有一棵樹。	There's a tree in the yard.
16568	院	奶奶家的院子很大,春天花開的時候特別好看。	Grandma's yard is big and especially pretty when flowers bloom in spring.
16569	保守	他的想法很保守。	His thinking is very conservative.
16570	保守	我阿公的觀念比較保守,不太能接受新東西。	My grandpa is rather conservative and doesn't take well to new things.
16571	可能性	這個可能性很大。	This possibility is high.
16572	可能性	專家說,明天下雨的可能性不高,可以安心辦活動。	Experts say rain tomorrow is unlikely, so the event can go ahead.
16573	局勢	局勢很緊張。	The situation is tense.
16574	局勢	新聞說那個地區的局勢越來越不穩定,很多人選擇離開。	The news says the situation there is increasingly unstable, and many are choosing to leave.
16575	插	把插頭插上。	Plug it in.
16576	插	他把一朵花插在花瓶裡,房間馬上變得很漂亮。	He put a flower in the vase and the room instantly looked lovely.
16577	河流	這條河流很長。	This river is very long.
16578	河流	台灣的河流大多很短,下大雨時水流得特別快。	Most of Taiwan's rivers are short, and the water rushes especially fast in heavy rain.
16579	石頭	路上有一塊大石頭。	There's a big rock on the road.
16580	石頭	小朋友在河邊撿了很多漂亮的石頭,帶回家當收藏。	The kids picked up many pretty stones by the river to keep as a collection.
16581	莫	莫急,慢慢來。	Don't rush, take your time.
16582	莫	他說了一堆話,我聽得莫名其妙,不知道重點是什麼。	He said a lot and I was totally confused about the point.
16583	通報	請立刻通報警察。	Please notify the police immediately.
16584	通報	發現可疑的包裹,請立刻通報警方,不要自己打開。	If you find a suspicious package, report it to the police at once and don't open it yourself.
16585	不僅僅	不僅僅是錢的問題。	It's not just a matter of money.
16586	不僅僅	讀書不僅僅是為了考試,更是為了培養思考的能力。	Studying isn't just for exams but also for developing the ability to think.
16587	前線	護理師在疫情前線工作。	Nurses work on the front line of the epidemic.
16588	前線	新聞記者冒著危險,到戰爭前線採訪當地的情況。	Reporters risked danger to go to the war's front line and cover the local situation.
16589	埃	埃及有金字塔。	Egypt has pyramids.
16590	埃	他在沙漠裡走了好幾天,衣服上滿是塵埃。	He walked in the desert for days, and his clothes were covered in dust.
16591	小時候	我小時候很皮。	I was naughty as a kid.
16592	小時候	小時候,每到暑假我都會去阿嬤家,幫她餵雞。	As a kid, I went to grandma's every summer break to help feed her chickens.
16593	手續	辦手續要帶證件。	Bring your ID to do the paperwork.
16594	手續	入住飯店的手續很簡單,只要出示護照就可以了。	Hotel check-in is simple; just show your passport.
16595	月底	月底我要出國。	I'm going abroad at the end of the month.
16596	月底	房租要在月底前繳,不然房東會打電話來提醒。	Rent is due before month's end, or the landlord will call to remind me.
16597	浪漫	這裡好浪漫。	It's so romantic here.
16598	浪漫	他在海邊準備了蠟燭和花,想給女朋友一個浪漫的驚喜。	He set up candles and flowers by the sea to give his girlfriend a romantic surprise.
16599	產值	產值逐年增加。	Output value rises year by year.
16600	產值	半導體產業的產值,占了台灣出口總額的很大一部分。	The semiconductor industry's output makes up a large part of Taiwan's total exports.
16601	符號	這是什麼符號?	What's this symbol?
16602	符號	數學課本裡有很多符號,剛開始看會覺得很難記。	Math textbooks have many symbols, hard to remember at first.
16603	花費	這趟旅行花費很大。	This trip costs a lot.
16604	花費	裝潢一間小套房大概要花費三十萬,還要等兩個月。	Renovating a small studio costs roughly 300,000 and takes two months.
16605	身為	身為學生,要認真讀書。	As a student, you should study hard.
16606	身為	身為家中的老大,他從小就學會了照顧弟弟妹妹。	As the eldest at home, he learned to look after his siblings from a young age.
16607	難度	這題難度很高。	This question is very difficult.
16608	難度	這個遊戲的難度可以自己調整,新手也能輕鬆上手。	The game's difficulty is adjustable, so even beginners can pick it up easily.
16609	不易	這件事不易做到。	This is not easy to accomplish.
16610	不易	在大城市買房子很不易,年輕人得存好幾年的錢。	Buying a home in a big city is hard, and young people must save for years.
16611	冬季	冬季天氣很冷。	The weather is cold in winter.
16612	冬季	冬季是火鍋店生意最好的時候,常常要排隊。	Winter is when hot pot restaurants do the best business, often with queues.
16613	噢	噢,原來如此!	Oh, so that's how it is!
16614	噢	噢,我想起來了,你上次說過你住在台中。	Oh, I remember now, you said you live in Taichung.
16615	密	森林裡的樹長得很密。	The trees in the forest grow densely.
16616	密	這份文件很機密,只有少數幾個人能看。	This document is confidential and only a few people can see it.
16617	情人	情人節快到了。	Valentine's Day is coming.
16618	情人	對許多情人來說,一起吃晚餐就是最浪漫的慶祝方式。	For many couples, dinner together is the most romantic way to celebrate.
16619	教室	教室裡有三十個學生。	There are thirty students in the classroom.
16620	教室	下課鐘聲一響,同學們就一起衝出了教室。	As soon as the bell rang, the students rushed out of the classroom together.
16621	水泥	工人在鋪水泥。	Workers are laying cement.
16622	水泥	這條路原本是泥土路,現在已經鋪上水泥了。	This road used to be dirt, but it's now paved with cement.
16623	番	請幫我切一顆番茄。	Please cut a tomato for me.
16624	番	他把整道菜翻炒了一番,才加進調味料。	He stir-fried the whole dish for a while before adding the seasoning.
16625	線索	警方找到新線索。	The police found a new clue.
16626	線索	偵探從地上的一根頭髮,找出了破案的重要線索。	The detective found an important clue from a single hair on the floor.
16627	親人	他想念遠方的親人。	He misses his relatives far away.
16628	親人	在這個艱難的時刻,親人的支持給了她很大的力量。	In this hard time, the support of her family gave her great strength.
16629	錢包	我的錢包不見了。	My wallet is missing.
16630	錢包	他把錢包放在口袋裡,卻在擁擠的人群中被扒走了。	He kept his wallet in his pocket but it was pickpocketed in the crowd.
16631	下班	我六點下班。	I get off work at six.
16632	下班	下班後,我通常會去健身房運動一個小時再回家。	After work I usually work out at the gym for an hour before going home.
16633	傳送	檔案傳送中。	The file is being transmitted.
16634	傳送	這張照片太大,傳送了很久才成功。	This photo is too large and took a long time to send.
16635	動漫	他很喜歡動漫。	He loves anime and manga.
16636	動漫	每年夏天,台北都會舉辦動漫展,很多人還會打扮成角色。	Every summer Taipei holds an anime convention, and many people dress up as characters.
16637	嚴峻	情勢十分嚴峻。	The situation is very grim.
16638	嚴峻	疫情期間,醫護人員面臨很嚴峻的挑戰。	During the epidemic, medical staff faced very severe challenges.
16639	家園	我們要保護自己的家園。	We must protect our homeland.
16640	家園	颱風過後,大家一起清理街道,努力恢復美麗的家園。	After the typhoon, everyone cleaned the streets together to restore their beautiful home.
16641	忍受	我再也不能忍受了。	I can't stand it anymore.
16642	忍受	夏天沒有冷氣的房間實在太熱,讓人難以忍受。	A room without AC in summer is unbearably hot.
16643	採集	我們到山上採集植物。	We go up the mountain to collect plants.
16644	採集	研究人員採集了河水樣本,帶回實驗室檢驗。	Researchers collected river water samples and took them to the lab for testing.
16645	服飾	她在服飾店工作。	She works at a clothing store.
16646	服飾	夏天快到了,各大服飾品牌都開始推出新款。	Summer is coming, and major apparel brands are launching new styles.
16647	注射	護理師幫我注射疫苗。	The nurse gave me a vaccine injection.
16648	注射	醫生說這種藥必須用針筒注射,不能直接吞下去。	The doctor said this medicine must be injected and can't be swallowed.
16649	猶如	這裡猶如天堂。	This place is like paradise.
16650	猶如	夕陽映在湖面上,猶如一幅畫。	The sunset reflected on the lake looks like a painting.
16651	精選	這是精選商品。	These are selected products.
16652	精選	書店推出了本月精選書單,每一本都有店員的推薦語。	The bookstore released this month's selected reading list, each with a staff recommendation.
16653	虧	這家店虧錢了。	This shop is losing money.
16654	虧	多虧你幫忙,我才能準時交出報告。	Thanks to your help, I could hand in the report on time.
16655	走私	他被抓到走私。	He was caught smuggling.
16656	走私	海巡人員在海上攔截了一艘走私香菸的船。	Coast guard officers intercepted a boat smuggling cigarettes at sea.
16657	鎖定	警方鎖定了幾名嫌犯。	Police have zeroed in on a few suspects.
16658	鎖定	請先鎖定手機螢幕,再把手機放進包包。	Please lock your phone screen before putting it into your bag.
16659	首要	安全是首要條件。	Safety is the top requirement.
16660	首要	對新手來說,首要的任務就是熟悉工作流程。	For a newcomer, the first priority is to get familiar with the workflow.
16661	伴	謝謝你一直陪伴我。	Thanks for always keeping me company.
16662	伴	旅行時有好旅伴一起走,路程再遠也不覺得累。	With a good travel companion, no distance feels tiring.
16663	出境	出境要過海關。	You pass customs when leaving the country.
16664	出境	出境前,請先確認護照的有效期限還有六個月以上。	Before departing, confirm your passport is valid for over six months.
16665	吵	外面很吵。	It's noisy outside.
16666	吵	隔壁小孩一直吵鬧,害我沒辦法專心看書。	The kid next door keeps making noise, so I can't focus on reading.
16667	奪冠	球隊成功奪冠。	The team won the championship.
16668	奪冠	這支棒球隊努力了好幾年,今年終於奪冠,球迷都哭了。	This baseball team worked for years and finally won the title this year; the fans cried.
16669	師生	全校師生都來了。	All teachers and students came.
16670	師生	全校師生一起參加了這場淨灘活動,撿了很多垃圾。	The whole school took part in the beach cleanup and picked up lots of trash.
16671	戰線	前方戰線的情況很緊張。	The situation on the front line is tense.
16672	戰線	這場戰爭的戰線很長,雙方都消耗了大量的人力。	This war has a long front, and both sides have used up huge manpower.
16673	數值	這個數值很高。	This value is high.
16674	數值	醫生看了檢查報告,說我的血糖數值有點偏高。	The doctor read the test report and said my blood sugar level is a bit high.
16675	步槍	他背著步槍站崗。	He stands guard carrying a rifle.
16676	步槍	阿兵哥背著步槍,在營區門口站崗。	The soldier stands guard at the camp gate with a rifle on his back.
16677	無情	時間是無情的。	Time is merciless.
16678	無情	他說話冷冰冰的,讓人覺得他很無情。	He speaks coldly, which makes him seem heartless.
16679	破解	他破解了密碼。	He cracked the password.
16680	破解	專家花了好幾個月,才終於破解這個神秘的古代文字。	Experts spent months before finally deciphering this mysterious ancient script.
16681	聘請	公司聘請了新經理。	The company hired a new manager.
16682	聘請	因為案子很複雜,他聘請了一位有經驗的律師來幫忙。	Because the case is complex, he hired an experienced lawyer.
16683	解體	公司解體了。	The company broke up.
16684	解體	因為成員意見不合,樂團最後宣布解體。	Because the members disagreed, the band finally announced its breakup.
16685	運營商	電信運營商宣布調降資費。	The telecom operator announced a price cut.
16686	電器	客廳有很多電器。	There are many appliances in the living room.
16687	電器	搬家前,我們把不用的電器都賣給了二手店。	Before moving, we sold unused appliances to a secondhand shop.
16688	下半年	下半年我要換工作。	I'll change jobs in the second half of the year.
16689	下半年	公司預計下半年推出新產品,所以大家都要提早準備。	The company plans to launch a new product in the second half, so everyone should prepare early.
16690	何況	大人都抬不動,何況小孩。	Adults can't lift it, let alone kids.
16691	何況	這個問題連專家都解不開,何況是剛入門的新手。	Even experts can't solve this, let alone a newcomer.
16692	全能	他是全能的運動員。	He is an all-around athlete.
16693	全能	這款手機號稱全能,拍照、遊戲、工作都能勝任。	This phone claims to do it all: photos, games and work.
16694	原型	這是機器人的原型。	This is the robot's prototype.
16695	原型	這個角色的原型是作者的外婆,所以每個細節都很真實。	This character is based on the author's grandmother, so every detail feels real.
16696	噪音	施工的噪音很吵。	The construction noise is loud.
16697	噪音	長期暴露在噪音裡,會影響睡眠品質和健康。	Long exposure to noise affects sleep quality and health.
16698	太過	別太過擔心。	Don't worry too much.
16699	太過	不要對自己太過嚴格,偶爾也要讓自己休息一下。	Don't be too strict with yourself; rest once in a while.
16700	寧靜	這裡很寧靜。	It's very tranquil here.
16701	寧靜	清晨的湖邊特別寧靜,只聽得見鳥叫和水聲。	The lakeside at dawn is especially peaceful, with only birdsong and water to hear.
16702	後裔	他是客家人的後裔。	He is a descendant of Hakka people.
16703	後裔	這個村子裡住的大多是客家人的後裔,仍保有傳統的習俗。	Most villagers here descend from Hakka people and keep their traditional customs.
16704	投資人	他是投資人。	He is an investor.
16705	投資人	投資人最關心的,是公司未來有沒有賺錢的機會。	What investors care about most is whether the company can make money in the future.
16706	擾亂	別擾亂秩序。	Don't disrupt order.
16707	擾亂	有人在電影院大聲講電話,擾亂了其他觀眾看電影。	Someone talked loudly on the phone in the cinema, disturbing other viewers.
16708	朕	朕知道了,退下吧。	I understand; you may withdraw.
16709	朕	戲裡的皇帝大聲說:「朕今天心情好,就饒了你吧!」	The emperor in the play declared, "I'm in a good mood today, so I'll spare you!"
16710	民事	這是民事案件。	This is a civil case.
16711	民事	兩家人因為土地的問題打民事官司,法院還在審理。	The two families are in a civil lawsuit over land, and the court is still hearing it.
16712	烈士	烈士為國家犧牲了生命。	The martyrs gave their lives for the country.
16713	烈士	清明節時,許多人到烈士紀念館獻花,緬懷他們的貢獻。	On Tomb Sweeping Day, many lay flowers at the martyrs' memorial to honor their contributions.
16714	發財	祝你發財!	May you get rich!
16715	發財	過年時,大家見面都互相說「恭喜發財」,討個吉利。	At New Year, everyone says "wishing you prosperity" to each other for good luck.
16716	筆記本	我買了一本筆記本。	I bought a notebook.
16717	筆記本	他總是隨身帶著一本小筆記本,隨時記下想到的點子。	He always carries a small notebook to jot down ideas at any time.
16718	考量	這是我的考量。	This is my consideration.
16719	考量	做決定時,除了價錢,我們也要考量品質和售後服務。	When deciding, besides price we must consider quality and after-sales service.
16720	補給	登山隊在山屋補給。	The hiking team resupplies at the mountain hut.
16721	補給	登山途中,隊員在山屋補給食物和飲用水後才繼續出發。	On the climb, members restocked food and water at the hut before setting off again.
16722	贏家	他是最後的贏家。	He is the final winner.
16723	贏家	比賽結束時,誰是贏家要等評審算完分數才知道。	At the end, we won't know who the winner is until the judges tally the scores.
16724	重重	這件事困難重重。	This matter is full of difficulties.
16725	重重	山裡雲霧重重,走了半天才找到出口。	The mountains were wrapped in layers of mist, and it took ages to find the exit.
16726	顧	請幫我照顧一下貓。	Please look after my cat.
16727	顧	他忙到連吃飯都顧不上,更別說睡覺了。	He was too busy even to eat, let alone sleep.
16728	位子	請坐這個位子。	Please take this seat.
16729	位子	他提早一個小時到餐廳,終於搶到靠窗的位子。	He arrived an hour early at the restaurant and finally got a window seat.
16730	成就感	做完很有成就感。	Finishing it gives a great sense of achievement.
16731	成就感	看到學生一天天進步,老師心裡充滿了成就感。	Seeing her students improve day by day, the teacher feels full of accomplishment.
16732	痠痛	我全身痠痛。	My whole body aches.
16733	痠痛	昨天爬了一整天的山,今天腿痠痛得連樓梯都不想爬。	I climbed all day yesterday, and today my legs ache so much I don't want to climb stairs.
16734	郵局	郵局在銀行旁邊。	The post office is next to the bank.
16735	郵局	我去郵局寄一個包裹給在高雄的阿姨,順便買了幾張郵票。	I went to the post office to send a parcel to my aunt in Kaohsiung and bought some stamps.
16736	厲	他的中文很厲害。	His Chinese is impressive.
16737	厲	爸爸對我很嚴厲,但是我知道他是為了我好。	Dad is strict with me, but I know it's for my own good.
16738	被	我的手機被偷了。	My phone got stolen.
16739	被	他昨天又被老闆叫去開會了。	He got called into a meeting by the boss again yesterday.
16740	它	這台冰箱很吵，我想換掉它。	This fridge is noisy; I want to replace it.
16741	它	這個舊背包我用了十年，捨不得丟它。	I've used this old backpack for ten years and can't bear to throw it away.
16742	同時	我們同時到了。	We arrived at the same time.
16743	同時	他一邊讀研究所，同時在餐廳打工。	He's in grad school and working at a restaurant at the same time.
16744	看到	我看到他了。	I saw him.
16745	看到	我剛剛在新聞上看到那起車禍，真的嚇了一跳。	I just saw that car accident on the news and got quite a shock.
16746	曾	我曾去過花蓮。	I've been to Hualien before.
16747	曾	她曾在日本住過三年，所以日文很流利。	She once lived in Japan for three years, so her Japanese is fluent.
16748	受	他受傷了。	He got hurt.
16749	受	這部紀錄片很受年輕人歡迎，討論度很高。	This documentary is popular with young people and widely discussed.
16750	記者	記者在現場報導。	The reporter is reporting from the scene.
16751	記者	記者問市長明年會不會再參選，他笑而不答。	A reporter asked the mayor if he'd run again next year, and he just smiled.
16752	媒體	媒體都來報導了。	The media all came to cover it.
16753	媒體	這件事被媒體報導後，很多網友都在討論。	After the media reported this, many netizens started discussing it.
16754	製	這是台灣製的。	This is made in Taiwan.
16755	製	這批口罩由國內工廠製造，品質很穩定。	These masks are made by a local factory, and the quality is very consistent.
16756	專家	他是電腦專家。	He's a computer expert.
16757	專家	專家提醒，天氣轉涼時要特別注意心血管的健康。	Experts remind people to take extra care of heart health when the weather turns cool.
16758	證明	請出示學生證明。	Please show your proof of student status.
16759	證明	事實證明他的做法是對的，大家都不得不佩服他。	The facts proved his approach right, and everyone had to admire him.
16760	大陸	非洲是一塊大陸。	Africa is a continent.
16761	大陸	他下個月要去大陸出差，順便拜訪客戶。	He's going to the mainland on a business trip next month and will visit clients too.
16762	段	這一段很難懂。	This paragraph is hard to understand.
16763	段	你可以把第二段的文字再改短一點嗎？	Could you shorten the text in the second paragraph a bit?
16764	變成	水變成冰了。	The water turned into ice.
16765	變成	小時候很怕狗的他，長大後竟然變成了愛狗人士。	He was scared of dogs as a kid, but grew up to become a dog lover.
16766	兒童	兒童票半價。	Children's tickets are half price.
16767	兒童	這間圖書館有專門給兒童的閱讀區和說故事時間。	This library has a reading area and story time just for children.
16768	憲法	這是國家的憲法。	This is the country's constitution.
16769	憲法	憲法保障人民有言論自由，政府不能隨便限制。	The constitution guarantees freedom of speech, and the government can't restrict it arbitrarily.
16770	製造	這家工廠製造腳踏車。	This factory makes bicycles.
16771	製造	他在工廠負責製造零件，每天都要檢查很多次。	He makes parts at the factory and checks them many times each day.
16772	不夠	錢不夠用。	The money isn't enough.
16773	不夠	冰箱裡的菜不夠三個人吃，我們再去市場買一點吧。	The food in the fridge isn't enough for three, so let's buy more at the market.
16774	哪個	你要哪個？	Which one do you want?
16775	哪個	你覺得哪個顏色比較適合我？	Which color do you think suits me better?
16776	挑戰	我想挑戰自己。	I want to challenge myself.
16777	挑戰	第一次參加馬拉松對我來說是很大的挑戰。	Joining a marathon for the first time is a big challenge for me.
16778	生物	生物課很有趣。	Biology class is interesting.
16779	生物	海裡有各式各樣的生物，有些我們到現在還沒見過。	The sea has all kinds of living creatures, some of which we've never seen.
16780	貢獻	他對公司貢獻很大。	He has contributed a lot to the company.
16781	貢獻	這位老師一輩子貢獻給教育，很多學生都記得她。	This teacher devoted her whole life to education, and many students remember her.
16782	之中	他在人群之中找朋友。	He's looking for his friend in the crowd.
16783	之中	在這些照片之中，我最喜歡這一張。	Of all these photos, I like this one best.
16784	家族	我們是大家族。	We're a big family.
16785	家族	每年過年，整個家族都會回老家團聚。	Every Lunar New Year, the whole clan returns to the old family home for a reunion.
16786	提升	我想提升英文能力。	I want to improve my English.
16787	提升	公司提供課程，幫助員工提升專業能力。	The company offers courses to help employees raise their professional skills.
16788	確認	請再確認一次。	Please confirm once more.
16789	確認	出發前請先確認護照有沒有帶。	Before leaving, please check that you have your passport.
16790	預算	我們的預算有限。	Our budget is limited.
16791	預算	裝潢預算只有三十萬，所以我們得選便宜一點的材料。	The renovation budget is only three hundred thousand, so we have to pick cheaper materials.
16792	剛才	剛才有人找你。	Someone was looking for you a moment ago.
16793	剛才	剛才的會議我沒聽清楚，可以再說一次嗎？	I didn't catch what was said in the meeting just now; could you repeat it?
16794	定義	你怎麼定義幸福？	How do you define happiness?
16795	定義	每個人對成功的定義都不一樣。	Everyone defines success differently.
16796	收購	大公司收購了這家小店。	A big company acquired this little shop.
16797	收購	這家連鎖企業宣布收購一家本土手搖飲品牌。	This chain announced it will acquire a local bubble-tea brand.
16798	皇帝	皇帝住在皇宮裡。	The emperor lived in the palace.
16799	皇帝	故宮展出了清朝皇帝用過的龍袍和玉璽。	The National Palace Museum is showing robes and seals used by Qing emperors.
16800	角度	換個角度想想看。	Try thinking from a different angle.
16801	角度	這張照片的角度很特別，看起來像從空中拍的。	The angle of this photo is unusual; it looks like it was shot from the air.
16802	馬上	我馬上到。	I'll be there right away.
16803	馬上	你先坐一下，餐點馬上就來。	Have a seat; your food will be right out.
16804	到達	我們已經到達機場。	We've already reached the airport.
16805	到達	請在九點以前到達會場，以免耽誤開幕式。	Please arrive at the venue before nine so you don't delay the opening ceremony.
16806	專	這家店專賣舊書。	This shop sells only second-hand books.
16807	專	這本書是專為小朋友設計的，字大圖多。	This book is designed specially for kids, with big print and lots of pictures.
16808	早就	我早就知道了。	I knew that long ago.
16809	早就	這間店早就倒了，你怎麼還以為它在營業？	That shop closed ages ago; how could you think it's still open?
16810	當天	活動當天我有空。	I'm free on the day of the event.
16811	當天	請在考試當天帶身分證和准考證。	Please bring your ID and exam admission slip on exam day.
16812	觀	外國遊客來台灣觀光。	Foreign tourists come to Taiwan for sightseeing.
16813	觀	每年春天，很多人到陽明山觀賞花季。	Every spring many people go to Yangmingshan to enjoy the flower season.
16814	題	這題我不會。	I can't do this question.
16815	題	考試最後一題很難，大家都寫不出來。	The last exam question was hard and nobody could answer it.
16816	個性	他的個性很開朗。	He has a cheerful personality.
16817	個性	我們個性完全不同，不過還是成了好朋友。	Our personalities are totally different, but we still became good friends.
16818	合併	兩家公司要合併。	The two companies will merge.
16819	合併	學校學生太少，兩間小學決定合併。	With too few students, the two elementary schools decided to merge.
16820	宣言	他們發表了共同宣言。	They issued a joint declaration.
16821	宣言	這份宣言表達了學生們對校園生活的期望。	This declaration expresses students' hopes for campus life.
16822	意味著	這意味著什麼？	What does this mean?
16823	意味著	氣溫持續下降，意味著冬天快到了。	The temperature keeps dropping, which means winter is near.
16824	楊	路旁種著一排楊樹。	A row of poplars is planted along the road.
16825	楊	秋天的楊樹葉子變黃，風一吹就沙沙作響。	In autumn the poplar leaves turn yellow and rustle in the wind.
16826	發言	請舉手發言。	Please raise your hand to speak.
16827	發言	會議上每個人都有機會發言，不要打斷別人。	Everyone gets a chance to speak at the meeting, so don't interrupt.
16828	色彩	這幅畫色彩很豐富。	This painting is rich in color.
16829	色彩	這個節慶充滿了濃厚的地方色彩。	This festival is full of strong local flavor.
16830	進程	工作進程很順利。	The work is progressing smoothly.
16831	進程	專案的進程比預期慢，所以我們得加快速度。	The project is progressing slower than expected, so we need to speed up.
16832	丁	他們家人丁興旺。	Their family is large and thriving.
16833	丁	老師把成績分成甲、乙、丙、丁四個等級。	The teacher divided the grades into four levels: A, B, C and D.
16834	初步	初步結果出來了。	The preliminary results are out.
16835	初步	初步調查顯示，這起火災是電線走火引起的。	A preliminary investigation shows the fire was caused by a short circuit.
16836	大臣	大臣向國王報告。	The minister reports to the king.
16837	大臣	古代大臣每天早上都要上朝，向皇帝報告國家大事。	In ancient times ministers went to court each morning to report state affairs to the emperor.
16838	情節	這部電影的情節很感人。	This movie's plot is very touching.
16839	情節	小說的情節很曲折，讀到最後才知道兇手是誰。	The novel's plot is twisty, and you only learn the culprit at the end.
16840	條款	請看合約條款。	Please read the contract clauses.
16841	條款	簽約前請仔細閱讀每一項條款，以免日後有爭議。	Read every clause carefully before signing, to avoid disputes later.
16842	男生	他是個男生。	He's a boy.
16843	男生	我們班男生比女生多，籃球隊很容易湊滿人。	Our class has more boys than girls, so the basketball team easily fills up.
16844	編製	公司正在編製明年的預算。	The company is drawing up next year's budget.
16845	編製	這本字典由一群專家花了十年編製而成。	This dictionary was compiled by a group of experts over ten years.
16846	資本主義	他研究資本主義。	He studies capitalism.
16847	資本主義	他在大學修了一門討論資本主義的課。	He took a university class on capitalism.
16848	飲食	他的飲食很清淡。	His diet is very light.
16849	飲食	醫生建議他改變飲食習慣，少吃油炸和甜食。	The doctor advised him to change his eating habits and eat less fried food and sweets.
16850	偶像	他是我的偶像。	He's my idol.
16851	偶像	她從高中就迷上這位偶像歌手，每場演唱會都去。	She's been a fan of this idol singer since high school and goes to every concert.
16852	同情	我很同情他。	I really feel for him.
16853	同情	大家同情這個孩子的遭遇，紛紛伸出援手。	Everyone sympathized with the child's plight and lent a hand.
16854	姐妹	她們是姐妹。	They are sisters.
16855	姐妹	她們姐妹感情很好，常常一起去逛街。	The sisters are close and often go shopping together.
16856	強度	運動強度太高了。	The exercise intensity is too high.
16857	強度	這種鋼的強度很高，常用來蓋大樓。	This kind of steel is very strong and often used to build skyscrapers.
16858	擴散	病毒擴散得很快。	The virus is spreading fast.
16859	擴散	這則假消息在網路上迅速擴散，警方呼籲大家不要轉傳。	This false news spread rapidly online, and the police urged people not to forward it.
16860	歡樂	派對上充滿歡樂。	The party was full of joy.
16861	歡樂	聖誕節時，街上到處都是歡樂的音樂。	At Christmas, joyful music is everywhere on the streets.
16862	無辜	他是無辜的。	He's innocent.
16863	無辜	為了一點小事牽連無辜的人，真的很不應該。	Dragging innocent people in over a small matter is really wrong.
16864	真理	真理越辯越明。	Truth becomes clearer through debate.
16865	真理	他一輩子都在追求真理。	He spent his whole life seeking truth.
16866	罰款	亂丟垃圾會被罰款。	You'll be fined for littering.
16867	罰款	騎機車不戴安全帽，罰款一千五到兩千元。	Riding a scooter without a helmet carries a fine of 1,500 to 2,000 dollars.
16868	諷刺	他的話帶著諷刺。	His words carry sarcasm.
16869	諷刺	這部喜劇用幽默的方式，諷刺了社會上的怪現象。	This comedy humorously satirizes strange phenomena in society.
16870	醫師	他是一位醫師。	He is a physician.
16871	醫師	這位醫師看診很仔細，所以病人都要等很久。	This doctor is very thorough, so patients wait a long time.
16872	麴	這瓶紅麴醬是阿嬤做的。	This jar of red yeast sauce was made by Grandma.
16873	麴	釀酒要先用酒麴讓米發酵。	To brew liquor, you first use yeast starter to ferment the rice.
16874	偽	這張鈔票是偽鈔。	This banknote is counterfeit.
16875	偽	警方查獲一批偽造的名牌包。	The police seized a batch of counterfeit designer bags.
16876	反動	那個時代的統治者，把批評他們的人稱為反動分子。	Rulers of that era called those who criticized them reactionaries.
16877	好不好	你幫我看一下，好不好？	Could you take a look for me, okay?
16878	好不好	我們去吃火鍋，好不好？今天好冷喔。	Let's go eat hot pot, okay? It's so cold today.
16879	座位	這個座位有人嗎？	Is this seat taken?
16880	座位	電影院的座位很舒服，我們坐在第五排中間。	The cinema seats are comfortable; we sat in the middle of row five.
16881	提案	他的提案通過了。	His proposal passed.
16882	提案	這項提案經過三次討論，終於獲得全體同意。	This proposal was discussed three times and finally won everyone's approval.
16883	極限	這已經是我的極限了。	This is already my limit.
16884	極限	跑到最後三公里，我的體力幾乎到了極限。	In the last three kilometers, my stamina nearly hit its limit.
16885	爭奪	兩隊爭奪冠軍。	The two teams are fighting for the championship.
16886	爭奪	孩子們為了爭奪最後一塊蛋糕，在餐桌上吵了起來。	The kids started arguing at the table over the last piece of cake.
16887	管道	這條管道漏水了。	This pipe is leaking.
16888	管道	想找工作，除了網路徵才，還可以透過朋友介紹等管道。	To find a job, besides online listings, you can use channels like friends' referrals.
16889	萊	我想點萊姆汁。	I'd like to order lime juice.
16890	萊	為了萊豬的進口問題，大家討論得很熱烈。	People debated the issue of importing ractopamine pork heatedly.
16891	週刊	這是一本週刊。	This is a weekly magazine.
16892	週刊	這份週刊每週三出刊，內容多半是政治八卦。	This weekly comes out every Wednesday, mostly with political gossip.
16893	騷擾	不要騷擾別人。	Don't harass others.
16894	騷擾	一直打電話騷擾他人是違法的，可能會被警察處理。	Harassing others by constantly calling is illegal and could get you dealt with by the police.
16895	仇恨	仇恨不能解決問題。	Hatred can't solve problems.
16896	仇恨	不要把仇恨傳給下一代，大家應該學著放下。	Don't pass hatred on to the next generation; we should learn to let go.
16897	出場	歌手出場了。	The singer came on stage.
16898	出場	球員一出場，全場觀眾都歡呼起來。	The moment the player came out, the whole crowd cheered.
16899	口徑	這個鏡頭的口徑很大。	This lens has a large aperture.
16900	口徑	兩位發言人的口徑不一致，讓記者覺得很困惑。	The two spokespeople's lines didn't match, leaving reporters confused.
16901	大夫	春秋時代的大夫，常常要輔佐國君處理國事。	Grand officers in the Spring and Autumn period often assisted the ruler with state affairs.
16902	屏幕	手機屏幕摔裂了。	The phone screen cracked from a fall.
16903	成員國	他們是成員國。	They are member countries.
16904	成員國	這個組織共有二十個成員國，每年輪流舉辦會議。	This organization has twenty member countries that take turns hosting the annual meeting.
16905	攻	他在大學攻讀資訊工程。	He's majoring in information engineering at university.
16906	攻	這支球隊攻守兼備，今年很有機會奪冠。	This team is strong in both attack and defense and has a good shot at the title this year.
16907	槽	水槽裡有很多碗盤。	There are many dishes in the sink.
16908	槽	水槽堵住了，水流不下去。	The sink is clogged and the water won't drain.
16909	清晨	清晨的空氣很新鮮。	The early morning air is fresh.
16910	清晨	他每天清晨五點起床，先去河邊慢跑。	He gets up at five every morning and jogs by the river first.
16911	申訴	他向學校申訴。	He filed an appeal with the school.
16912	申訴	如果你對成績有疑問，可以在三天內提出申訴。	If you doubt your grade, you can file an appeal within three days.
16913	經濟學家	他是一位經濟學家。	He is an economist.
16914	經濟學家	經濟學家預測，明年的景氣會慢慢好轉。	Economists predict the economy will slowly improve next year.
16915	行駛	車子在行駛。	The car is moving.
16916	行駛	高鐵列車在高架軌道上行駛，速度非常快。	The high-speed train runs on elevated tracks at great speed.
16917	趕到	我趕到車站了。	I've rushed to the station.
16918	趕到	他一接到電話就立刻趕到醫院。	He rushed to the hospital as soon as he got the call.
16919	鏡子	我在照鏡子。	I'm looking in the mirror.
16920	鏡子	她每天出門前都會在鏡子前檢查一下穿著。	Every day before going out she checks her outfit in the mirror.
16921	首長	縣市首長在活動上致詞。	County and city heads spoke at the event.
16922	首長	各部會首長今天一起開會，討論明年的預算。	Heads of ministries met together today to discuss next year's budget.
16923	來講	對我來講，這很重要。	To me, this is important.
16924	來講	以我來講，我比較喜歡簡單一點的生活。	As for me, I prefer a simpler life.
16925	判定	裁判判定犯規。	The referee ruled it a foul.
16926	判定	醫生判定他需要立刻動手術。	The doctor determined he needs surgery immediately.
16927	商量	我們來商量一下。	Let's talk it over.
16928	商量	這件事很重要，我想先跟家人商量再決定。	This matter is important; I want to discuss with my family before deciding.
16929	姊妹	姊妹倆感情很好。	The two sisters are close.
16930	姊妹	姊妹倆長得很像，常常被誤認成雙胞胎。	The two sisters look alike and are often mistaken for twins.
16931	平日	平日我很少看電視。	On weekdays I rarely watch TV.
16932	平日	這家餐廳平日中午有商業午餐，週末則沒有。	This restaurant has a set lunch at noon on weekdays, but not on weekends.
16933	打斷	請不要打斷我說話。	Please don't interrupt me.
16934	打斷	不好意思打斷一下，會議室要換人使用了。	Sorry to interrupt, but the meeting room is changing users now.
16935	昂貴	這家店的東西很昂貴。	Things in this shop are costly.
16936	昂貴	為了買下這支昂貴的手錶，他存了整整兩年的錢。	To buy this expensive watch, he saved money for two whole years.
16937	比重	房租佔我收入的比重很高。	Rent takes up a large share of my income.
16938	比重	電動車在新車銷售中的比重逐年增加。	The share of electric cars in new car sales rises every year.
16939	燈光	舞台燈光很漂亮。	The stage lighting is beautiful.
16940	燈光	夜晚的燈光照在河面上，閃閃發亮。	The night lights shine on the river, sparkling.
16941	秋	秋天到了，樹葉變黃了。	Autumn has come, and the leaves are turning yellow.
16942	秋	到了秋天，山上的芒草開花，一片銀白色。	In autumn the silvergrass on the mountains blooms in a silvery white expanse.
16943	自家	這些菜是自家種的。	These vegetables are homegrown.
16944	自家	這些蔬菜是自家種的，沒有噴農藥，歡迎帶一些回去。	These vegetables are homegrown without pesticides; feel free to take some home.
16945	誠	他說話很誠懇。	He speaks sincerely.
16946	誠	我們誠心邀請各位參加下週的音樂會。	We sincerely invite everyone to next week's concert.
16947	避開	他故意避開我的眼神。	He deliberately avoided my gaze.
16948	避開	我們特地選平日去，避開週末的人潮。	We deliberately went on a weekday to avoid the weekend crowds.
16949	鞋子	這雙鞋子很舒服。	These shoes are comfortable.
16950	鞋子	這雙鞋子穿了三年，鞋底都磨平了，該換新的了。	I've worn these shoes for three years and the soles are worn flat; time for new ones.
16951	不合理	這個價格不合理。	This price is unreasonable.
16952	不合理	工作量這麼大，薪水卻這麼低，真的很不合理。	The workload is heavy yet the pay is low; it's really unreasonable.
16953	係數	這個係數要怎麼算？	How do I calculate this coefficient?
16954	係數	數學課上，老師教我們怎麼計算方程式的係數。	In math class, the teacher showed us how to calculate an equation's coefficients.
16955	典	我查了字典。	I looked it up in the dictionary.
16956	典	這部電影被認為是經典之作，很多人看了好幾遍。	This movie is regarded as a classic, and many people have watched it several times.
16957	反省	你該反省一下。	You should reflect on yourself.
16958	反省	他犯錯之後深深反省，並向大家道歉。	After his mistake, he reflected deeply and apologized to everyone.
16959	國防部長	國防部長今天在立法院報告。	The defense minister gave a report at the Legislative Yuan today.
16960	國防部長	國防部長表示，軍隊將持續加強演訓。	The defense minister said the military will keep strengthening its drills.
16961	套餐	我點了套餐。	I ordered the set meal.
16962	套餐	這間餐廳的午間套餐包含主餐、沙拉和飲料，才兩百元。	This restaurant's lunch set includes a main, salad and drink for just two hundred dollars.
16963	小偷	小偷被抓到了。	The thief was caught.
16964	小偷	擁擠的公車上要小心小偷，包包最好背在前面。	Beware of thieves on crowded buses; carry your bag in front.
16965	心目	在我心目中，他是最好的老師。	In my mind, he is the best teacher.
16966	心目	這家店在許多人心目中是全台最好吃的牛肉麵。	In many people's minds, this shop serves the best beef noodles in Taiwan.
16967	拖延	別再拖延了。	Stop procrastinating.
16968	拖延	他有拖延的習慣，每次報告都在最後一天才開始寫。	He has a habit of procrastinating, always starting reports on the last day.
16969	攻勢	球隊發動攻勢。	The team launched an offensive.
16970	攻勢	對手在下半場展開猛烈攻勢，我們只好全力防守。	The opponent mounted a fierce offensive in the second half, so we had to defend with everything.
16971	查處	警方查處了一間非法賭場。	The police cracked down on an illegal gambling den.
16972	查處	食藥署查處了一批過期食品，並依法罰款。	The food and drug agency investigated a batch of expired food and fined the seller by law.
16973	污水	工廠不能直接排放污水。	Factories can't discharge sewage directly.
16974	污水	污水處理廠把髒水處理乾淨之後，才放回河裡。	The sewage treatment plant cleans dirty water before releasing it back to the river.
16975	熟練	他的動作很熟練。	His movements are skilled.
16976	熟練	師傅熟練地把麵團揉成圓形，再拉成細麵條。	The chef skillfully kneaded the dough round and pulled it into thin noodles.
16977	盟友	他們是盟友。	They are allies.
16978	盟友	兩國是長期的盟友，在國防上互相合作。	The two countries are long-term allies and cooperate on defense.
16979	粒子	灰塵是很小的粒子。	Dust is made of tiny particles.
16980	粒子	空氣中的細小粒子會影響呼吸道，所以空氣差的時候要戴口罩。	Fine particles in the air affect the respiratory tract, so wear a mask when air is bad.
16981	肖	你屬什麼生肖？	What's your zodiac sign?
16982	肖	這幅畫畫得惟妙惟肖，簡直跟本人一模一樣。	This portrait is lifelike, exactly like the person.
16983	親友	親友都來祝賀。	Relatives and friends came to congratulate.
16984	親友	婚禮上，雙方的親友都來祝福新人。	At the wedding, relatives and friends from both sides came to bless the couple.
16985	蹲	小孩蹲在地上看螞蟻。	The kid is squatting on the ground watching ants.
16986	蹲	你蹲太久了，起來的時候腳會麻喔。	If you squat too long, your legs go numb when you get up.
16987	開戰	兩國開戰了。	The two countries went to war.
16988	開戰	隨著談判破裂，兩國終於開戰。	With negotiations broken down, the two countries finally went to war.
16989	飲	這裡禁止飲食。	Eating and drinking are prohibited here.
16990	飲	酒後不開車，開車不飲酒。	Don't drive after drinking, and don't drink when driving.
16991	再接再厲	大家再接再厲，下次一定會更好。	Let's keep at it; next time will surely be better.
16992	再接再厲	雖然輸了比賽，教練還是鼓勵大家再接再厲，爭取下次的勝利。	Although we lost the game, the coach encouraged us to keep pushing for next time's win.
16993	按喇叭	別在巷子裡亂按喇叭。	Don't honk randomly in the alley.
16994	按喇叭	後面的車一直按喇叭，讓我很緊張。	The car behind kept honking, which made me nervous.
16995	糗	我今天出了好大的糗。	I embarrassed myself badly today.
16996	糗	他不小心在會議上叫錯老闆的名字，當場糗到不行。	He accidentally called the boss by the wrong name in the meeting and was mortified on the spot.
16997	關上	請關上門。	Please close the door.
16998	關上	睡覺前記得關上窗戶和電燈。	Remember to close the windows and turn off the lights before bed.
16999	姓名	請填寫姓名。	Please fill in your name.
17000	姓名	請在表格上寫下你的姓名和電話。	Please write your name and phone number on the form.
