12752	后	她在戲裡演皇后。	She plays the queen in the play.
12753	后	這部電影講的是一位皇后和國王的故事。	This movie tells the story of a queen and a king.
12754	發展	這個城市發展得很快。	This city is developing fast.
12755	發展	政府計畫在東部發展觀光，帶動地方經濟。	The government plans to develop tourism in the east to boost the local economy.
12756	所有	所有人都到了。	Everyone has arrived.
12757	所有	搬家的時候，我把所有舊衣服都捐給了慈善機構。	When I moved, I donated all my old clothes to a charity.
12758	關係	我們是好朋友的關係。	We have a good friendship.
12759	關係	沒關係，你慢慢來，這件事跟你沒有關係。	It's okay, take your time. This has nothing to do with you.
12760	目前	目前一切順利。	Everything is going well at the moment.
12761	目前	目前這個月的業績還不錯，希望下個月也能維持。	Sales this month are currently pretty good. I hope we can keep it up next month.
12762	成功	他成功了！	He made it!
12763	成功	經過三個月的努力，她終於成功減了五公斤。	After three months of effort, she finally succeeded in losing five kilos.
12764	之前	吃飯之前先洗手。	Wash your hands before eating.
12765	之前	我之前在台南住過一年，所以對那邊的小吃很熟。	I lived in Tainan for a year before, so I know the local snacks well there.
12766	成立	這家公司成立於二○一○年。	This company was founded in 2010.
12767	成立	我們幾個同學打算成立一個讀書會，每個月聚一次。	A few classmates and I plan to set up a book club that meets once a month.
12768	除了	除了我，大家都去了。	Everyone went except me.
12769	除了	除了週末以外，我平常下班後還要去上英文課。	Besides weekends, I also go to English class after work on weekdays.
12770	提高	請提高音量。	Please raise the volume.
12771	提高	多練習聽力，才能提高考試的分數。	Practice listening more so you can raise your exam score.
12772	且	這個手機小且輕。	This phone is small and light.
12773	且	這家民宿乾淨且安靜，價格也很合理。	This guesthouse is clean and quiet, and the price is reasonable too.
12774	居民	居民都很友善。	The residents are all friendly.
12775	居民	社區居民對新蓋的公園很滿意，晚上都會去運動。	Neighborhood residents are happy with the new park and go exercise there in the evening.
12776	男	他是男生。	He is a boy.
12777	男	我們班有二十個男生，十八個女生，男女比例差不多。	Our class has twenty boys and eighteen girls, so the ratio is about even.
12778	部	我看了一部電影。	I watched a movie.
12779	部	她在公司的業務部工作，常常要出差去見客戶。	She works in the company's sales department and often travels to meet clients.
12780	協議	他們簽了協議。	They signed an agreement.
12781	協議	房東和房客協議好，租約到期後再延長一年。	The landlord and tenant agreed to extend the lease by one year after it expires.
12782	明天	明天見！	See you tomorrow!
12783	明天	明天早上有雨，記得帶傘，也別忘了把窗戶關好。	It'll rain tomorrow morning. Remember your umbrella and don't forget to close the windows.
12784	身上	我身上沒有錢。	I have no money on me.
12785	身上	他身上帶著一把小雨傘，所以雨一下就不怕了。	He carries a small umbrella on him, so he isn't afraid when it rains.
12786	依據	依據規定辦理。	Handle it according to the rules.
12787	依據	依據氣象局的資料，這個週末將有冷氣團來襲。	According to the weather bureau's data, a cold front will hit this weekend.
12788	官	他想當官。	He wants to be an official.
12789	官	小時候他想當大官，現在卻只想當個自由自在的畫家。	As a kid he wanted to be a high official, but now he just wants to be a free-spirited painter.
12790	書記	他是班上的書記。	He is the class secretary.
12791	書記	這次會議由書記負責記錄，會後會把紀錄寄給大家。	The secretary is taking notes at this meeting and will email everyone the minutes afterward.
12792	缺乏	他缺乏經驗。	He lacks experience.
12793	缺乏	長期缺乏運動，加上飲食不正常，讓他的體力越來越差。	A long lack of exercise plus an irregular diet made his stamina worse and worse.
12794	開心	我今天很開心。	I'm very happy today.
12795	開心	看到弟弟考上理想的學校，全家人都開心得不得了。	Seeing my brother get into his dream school, the whole family was overjoyed.
12796	區別	這兩個字有區別。	There's a difference between these two characters.
12797	區別	我很難區別這兩種茶，味道對我來說都差不多。	I find it hard to tell these two teas apart. They taste about the same to me.
12798	廠	他在工廠上班。	He works at a factory.
12799	廠	這間廠每天生產上萬個零件，再運到全球各地。	This plant makes tens of thousands of parts a day and ships them around the world.
12800	機器	這台機器壞了。	This machine is broken.
12801	機器	工廠買了新機器，生產速度快了一倍，品質也更穩定。	The factory bought a new machine, doubling production speed and making quality more stable.
12802	處於	他處於危險中。	He is in danger.
12803	處於	公司目前處於轉型期，每個部門都在調整工作方式。	The company is currently in a transition period, and every department is adjusting how it works.
12804	之下	在老師的指導之下，他進步很多。	Under the teacher's guidance, he improved a lot.
12805	之下	在大家的幫忙之下，我們終於在天黑前把帳篷搭好了。	With everyone's help, we finally got the tent up before dark.
12806	在線	朋友都在線上。	My friends are all online.
12807	在線	客服人員目前都在線為您服務，請稍等一下。	Our service staff are online to help you now. Please wait a moment.
12808	忘	我忘了帶鑰匙。	I forgot my keys.
12809	忘	別忘了明天要交報告，我已經提醒你好幾次了。	Don't forget the report is due tomorrow. I've reminded you several times.
12810	氣	我很生氣。	I'm very angry.
12811	氣	今天天氣很悶，連呼吸都覺得空氣不太流通，真想趕快下雨。	The weather is stuffy today, and the air feels so still that I wish it would rain soon.
12812	結論	我們得出結論了。	We've reached a conclusion.
12813	結論	討論了一個下午，大家還是沒有結論，只好改天再談。	After a whole afternoon of discussion, there was still no conclusion, so we'll talk another day.
12814	跳	小狗會跳。	The puppy can jump.
12815	跳	我們每個週末都會到公園跳繩，有時候還跟鄰居比賽。	We jump rope at the park every weekend, sometimes racing the neighbors.
12816	不論	不論晴雨都去。	Rain or shine, we'll go.
12817	不論	不論你是新手還是老手，都歡迎來參加我們的烘焙課。	Whether you're a beginner or a veteran, you're welcome to join our baking class.
12818	哈	哈哈，好好笑！	Haha, so funny!
12819	哈	他講了一個笑話，大家聽了都哈哈大笑起來。	He told a joke, and everyone burst into laughter.
12820	心情	我今天心情好。	I'm in a good mood today.
12821	心情	下雨天心情總是特別低落，只想窩在家裡喝熱可可。	Rainy days always bring my mood down, and I just want to stay home with hot cocoa.
12822	歸	這本書歸你了。	This book is yours now.
12823	歸	出差回來後，他歸還了公司借給他的筆電。	After returning from the business trip, he gave back the laptop the company lent him.
12824	紛紛	大家紛紛離開。	People left one after another.
12825	紛紛	下課鐘一響，同學們紛紛衝出教室，跑向福利社。	When the bell rang, students rushed out of the classroom toward the school store one after another.
12826	起訴	他被起訴了。	He was prosecuted.
12827	起訴	檢察官今天以詐欺罪起訴一名男子，法院預計下個月開庭。	The prosecutor charged a man with fraud today, and the court is expected to open the trial next month.
12828	世	這是新世代。	This is a new generation.
12829	世	他一生中最難忘的事，就是在世界盃現場看比賽。	The most memorable thing in his life was watching a World Cup match in person.
12830	分離	他們分離了很久。	They were apart for a long time.
12831	分離	分離多年的兄弟在機場重逢，兩人忍不住抱頭痛哭。	Brothers separated for years met again at the airport and couldn't help crying in each other's arms.
12832	地上	地上有水。	There's water on the floor.
12833	地上	小朋友把玩具丟在地上，我媽一邊撿一邊念他，叫他要收好。	The kid threw toys on the floor, and my mom picked them up while scolding him to put them away.
12834	市區	我住在市區。	I live downtown.
12835	市區	市區的交通很擁擠，所以我通常搭捷運，比開車快很多。	Traffic downtown is crowded, so I usually take the MRT, which is much faster than driving.
12836	據說	據說他很有錢。	They say he's very rich.
12837	據說	據說這間咖啡店的老闆以前是廚師，所以甜點特別好吃。	Reportedly the owner of this cafe used to be a chef, so the desserts are especially good.
12838	激動	他很激動。	He is very excited.
12839	激動	聽到自己得獎的消息，她激動得說不出話來，眼眶都紅了。	Hearing she'd won the award, she was too moved to speak, her eyes turning red.
12840	細胞	細胞很小。	Cells are tiny.
12841	細胞	人體的細胞每天都在更新，所以睡眠對修復身體很重要。	The body's cells renew every day, so sleep is important for repair.
12842	謝	謝謝你！	Thank you!
12843	謝	她只是笑著謝過大家的祝福，沒有多說什麼。	She just thanked everyone for their wishes with a smile and said nothing more.
12844	鐘	鐘響了。	The bell rang.
12845	鐘	牆上的鐘慢了五分鐘，難怪我今天早上差點遲到。	The wall clock was five minutes slow, no wonder I almost was late this morning.
12846	任職	他任職於銀行。	He works at a bank.
12847	任職	她在這家公司任職十年，從基層做到部門主管。	She has worked at this company for ten years, rising from entry level to department head.
12848	參數	請設定參數。	Please set the parameters.
12849	參數	工程師調整了幾個參數後，程式的執行速度快了一倍。	After the engineer adjusted a few parameters, the program ran twice as fast.
12850	審議	委員會正在審議。	The committee is deliberating.
12851	審議	立法院今天審議新的預算案，各黨團代表都提出了意見。	The Legislative Yuan reviewed the new budget bill today, with party caucus representatives offering views.
12852	採購	我去採購食材。	I'm going to buy ingredients.
12853	採購	公司採購了一批新電腦，下週會陸續發給各部門的同事。	The company purchased a batch of new computers, to be distributed to departments next week.
12854	水果	我愛吃水果。	I love eating fruit.
12855	水果	市場裡的水果又新鮮又便宜，我每次都會買一大袋回家。	The fruit at the market is fresh and cheap, and I buy a big bag every time.
12856	目錄	請看目錄。	Please look at the table of contents.
12857	目錄	翻開目錄就能找到各章的標題和頁碼，非常方便。	Flip to the table of contents to find each chapter's title and page number, very handy.
12858	舔	小狗在舔我的手。	The puppy is licking my hand.
12859	舔	小朋友邊走邊舔冰淇淋，結果滴得整件衣服都是。	The kid licked an ice cream while walking and dripped it all over his shirt.
12860	迫使	壓力迫使他改變。	Pressure forced him to change.
12861	迫使	物價上漲迫使很多家庭減少外食，改成自己煮飯。	Rising prices forced many families to eat out less and cook at home.
12862	一遍	請再說一遍。	Please say it once more.
12863	一遍	這首歌我已經聽了十遍，歌詞還是記不住。	I've listened to this song ten times and still can't remember the lyrics.
12864	切	請切蛋糕。	Please cut the cake.
12865	切	我把西瓜切成小塊放進冰箱，這樣大家想吃的時候就可以拿。	I cut the watermelon into pieces and put it in the fridge so everyone can grab some.
12866	國產	這是國產車。	This is a locally made car.
12867	國產	我比較喜歡買國產的牛奶，因為比較新鮮，價格也合理。	I prefer buying domestic milk because it's fresher and reasonably priced.
12868	射擊	他在練習射擊。	He's practicing shooting.
12869	射擊	在奧運射擊項目中，選手要保持冷靜，才能打出好成績。	In Olympic shooting events, athletes must stay calm to score well.
12870	截止	報名已截止。	Registration has closed.
12871	截止	這次比賽的報名截止日期是下個月五號，請大家把握時間。	Registration for this contest closes on the fifth of next month, so please be quick.
12872	曬	衣服在曬太陽。	The clothes are drying in the sun.
12873	曬	今天天氣很好，我把棉被拿到陽台曬一曬，晚上睡起來會更香。	The weather's great today, so I air the quilt on the balcony, and it'll smell fresher tonight.
12874	泡	我來泡茶。	I'll make some tea.
12875	泡	我每天晚上睡前都會泡腳，水溫不能太燙，大約四十度剛好。	Every night before bed I soak my feet, and the water shouldn't be too hot, about forty degrees is right.
12876	王朝	這是一個古老的王朝。	This is an ancient dynasty.
12877	王朝	這個王朝統治了三百多年，留下了許多壯觀的建築。	This dynasty ruled for over three hundred years and left many magnificent buildings.
12878	稱呼	我該怎麼稱呼你？	What should I call you?
12879	稱呼	在台灣，對長輩要用適當的稱呼，直接叫名字會不太禮貌。	In Taiwan you should use proper forms of address for elders, and calling them by name is impolite.
12880	航班	這個航班延誤了。	This flight is delayed.
12881	航班	由於濃霧，今天上午有十幾個航班取消，旅客只能改搭下午的班機。	Due to heavy fog, a dozen flights were cancelled this morning, and passengers had to take afternoon ones.
12882	足以	這些足以證明。	This is enough to prove it.
12883	足以	他現在的存款足以支付三個月的生活費，所以不用太擔心。	His savings are enough to cover three months of living costs, so he needn't worry too much.
12884	階層	社會有不同階層。	Society has different classes.
12885	階層	不同階層的家庭，孩子能得到的教育資源常常差別很大。	Children from families of different social classes often get very different educational resources.
12886	上訴	他決定上訴。	He decided to appeal.
12887	上訴	法院判他有罪，律師說他們打算向高等法院上訴。	The court found him guilty, and the lawyer said they plan to appeal to the High Court.
12888	公益	他很熱心公益。	He's keen on charity work.
12889	公益	很多大學生利用寒假參加公益活動，到偏鄉教小朋友讀書。	Many college students take part in charity events during winter break, teaching children in remote villages.
12890	啟發	這本書啟發了我。	This book inspired me.
12891	啟發	老師的一番話啟發了我，讓我重新思考自己想走的路。	A few words from my teacher inspired me to rethink the path I want to take.
12892	完畢	準備完畢。	Preparation complete.
12893	完畢	所有資料檢查完畢後，請把檔案存好，再傳給主管確認。	After all data has been checked, save the file and send it to your supervisor.
12894	忍不住	我忍不住笑了。	I couldn't help laughing.
12895	忍不住	看到蛋糕店櫥窗裡的草莓蛋糕，我忍不住走進去買了一塊。	Seeing the strawberry cake in the bakery window, I couldn't help going in to buy a slice.
12896	改名	我想改名。	I want to change my name.
12897	改名	這家餐廳換了老闆之後改名了，但是招牌菜還是一樣好吃。	This restaurant changed its name after changing owners, but the signature dishes are just as good.
12898	死去	那隻鳥死去了。	That bird died.
12899	死去	小時候養的小狗死去那天，我哭了一整個晚上。	The day my childhood puppy died, I cried all night.
12900	生涯	這是他的職業生涯。	This is his professional career.
12901	生涯	他的教書生涯長達三十年，退休時有很多學生來送花。	His teaching career lasted thirty years, and many students came to give flowers when he retired.
12902	約會	我今晚有約會。	I have a date tonight.
12903	約會	他們約會了三個月，今天終於決定要正式在一起。	They dated for three months and finally decided to be officially together today.
12904	複製	請複製這段文字。	Please copy this text.
12905	複製	我把網址複製起來貼到訊息裡，這樣你點一下就可以進去了。	I copied the URL and pasted it into the message so you can click and open it.
12906	重要性	這件事有重要性。	This matter is of importance.
12907	重要性	老師一直強調複習的重要性，因為不複習就會很快忘記。	The teacher keeps stressing the importance of review, since you forget quickly without it.
12908	一流	這是一流的餐廳。	This is a first-class restaurant.
12909	一流	這家飯店的服務一流，房間乾淨舒適，早餐也很豐盛。	This hotel's service is first-rate, with clean comfortable rooms and a hearty breakfast.
12910	修建	他們在修建橋。	They're building a bridge.
12911	修建	政府計畫在河邊修建一條自行車道，讓民眾可以安心騎車。	The government plans to build a bike path by the river so people can ride safely.
12912	制止	請制止他。	Please stop him.
12913	制止	路人看到有人在欺負小孩，立刻上前制止，並報警處理。	A passer-by saw someone bullying a child, stepped in to stop it, and called the police.
12914	唯	這是唯一的方法。	This is the only way.
12915	唯	唯有每天練習，才能把字寫得漂亮，沒有捷徑可走。	Only by practicing daily can you write beautiful characters. There's no shortcut.
12916	妹子	那個妹子笑起來很甜。	That girl has a sweet smile.
12917	年級	我讀三年級。	I'm in third grade.
12918	年級	我弟弟剛升上六年級，開始準備國中的入學考試。	My little brother just moved up to sixth grade and has started preparing for junior high entrance exams.
12919	抹	請抹一下桌子。	Please wipe the table.
12920	抹	吃完飯後，我習慣拿抹布把餐桌抹乾淨，再把碗盤洗好。	After dinner I wipe the table clean with a rag and wash the dishes.
12921	族群	這是不同族群。	These are different ethnic groups.
12922	族群	台灣有許多不同的族群，大家一起生活，也互相尊重彼此的文化。	Taiwan has many ethnic groups who live together and respect each other's cultures.
12923	歲月	歲月過得真快。	Time flies.
12924	歲月	我們在這條老街上度過了很多快樂的歲月，現在想起來還是很懷念。	We spent many happy years on this old street, and I still miss them.
12925	濃度	酒精濃度很高。	The alcohol concentration is high.
12926	濃度	消毒水的濃度太高會傷皮膚，使用前要按照說明書稀釋。	Disinfectant that's too concentrated hurts skin, so dilute it per the instructions before use.
12927	真誠	他很真誠。	He is sincere.
12928	真誠	我真誠地向你道歉，那天不該對你發脾氣。	I sincerely apologize. I shouldn't have lost my temper with you that day.
12929	聚焦	請聚焦在重點。	Please focus on the key points.
12930	聚焦	這次的報導聚焦在偏鄉的醫療問題，希望引起社會的重視。	This report focuses on rural healthcare problems, hoping to draw society's attention.
12931	訪	我去拜訪朋友。	I'm visiting a friend.
12932	訪	記者前往災區採訪，訪問了好幾位受災的居民。	The reporter went to the disaster area and interviewed several affected residents.
12933	轟	遠處傳來轟的一聲。	A boom sounded in the distance.
12934	轟	天空突然轟隆隆地響起雷聲，大家趕快跑去收衣服。	Thunder suddenly rumbled in the sky, and everyone rushed to bring in the laundry.
12935	防範	要防範詐騙。	Guard against scams.
12936	防範	警方呼籲民眾提高警覺，防範假冒客服的詐騙電話。	Police urge the public to be alert and guard against fake customer-service scam calls.
12937	麥克	請把麥克拿給他。	Please give him the mic.
12938	麥克	演講前，工作人員先測試麥克，確定每個人都聽得到聲音。	Before the speech, staff tested the mic to ensure everyone could hear.
12939	倒閉	那家店倒閉了。	That shop closed down.
12940	倒閉	疫情期間，很多小餐廳撐不下去，只好倒閉。	During the pandemic, many small restaurants couldn't hold on and had to close.
12941	力氣	我沒有力氣。	I have no strength.
12942	力氣	他力氣很大，一個人就能把冰箱搬上三樓。	He's very strong and can carry a fridge to the third floor alone.
12943	固然	這樣做固然好。	Doing it this way is indeed good.
12944	固然	這份工作固然薪水高，但是常常加班，也沒什麼時間陪家人。	The job does pay well, but there's lots of overtime and little time for family.
12945	宅	我週末都宅在家。	I stay home on weekends.
12946	宅	下雨天我就宅在家裡看影集，連外送都懶得點。	On rainy days I stay home watching shows, too lazy even to order delivery.
12947	康復	他快康復了。	He's almost recovered.
12948	康復	爺爺手術後在家休養了兩個月，終於康復，可以自己散步了。	After surgery Grandpa rested at home for two months, finally recovered and able to walk himself.
12949	拿走	請不要拿走。	Please don't take it away.
12950	拿走	這些舊書如果沒人要，就讓路人隨便拿走吧。	If no one wants these old books, let passers-by take them.
12951	景象	那是美麗的景象。	That was a beautiful sight.
12952	景象	日落時，整片海面變成金黃色，是我見過最美的景象。	At sunset, the whole sea turned golden, the most beautiful sight I've seen.
12953	水晶	這是水晶。	This is crystal.
12954	水晶	她手上戴著一條水晶手鍊，在燈光下閃閃發亮。	She wears a crystal bracelet that sparkles under the lights.
12955	猴子	猴子在樹上。	The monkey is in the tree.
12956	猴子	動物園的猴子很調皮，一直搶遊客手上的零食。	The zoo's monkeys are naughty and keep grabbing snacks from visitors.
12957	窗戶	請關窗戶。	Please close the window.
12958	窗戶	房間的窗戶一打開，涼風就吹進來，夏天不用開冷氣也很舒服。	When you open the room's window, a cool breeze comes in, comfortable even without AC in summer.
12959	良心	他有良心。	He has a conscience.
12960	良心	這家店用料實在，價格也公道，老闆真的很有良心。	This shop uses honest ingredients at fair prices, and the owner really has a conscience.
12961	警報	警報響了。	The alarm rang.
12962	警報	地震警報突然響起，大家馬上躲到桌子底下保護自己。	The earthquake alert suddenly sounded, and everyone dove under their desks.
12963	醬	請加醬。	Please add sauce.
12964	醬	媽媽做的辣椒醬又香又辣，配飯或拌麵都好吃。	Mom's chili sauce is fragrant and spicy, good with rice or tossed with noodles.
12965	飾	這個頭飾很漂亮。	This headpiece is pretty.
12966	飾	她在聖誕樹上掛滿了各式裝飾，晚上再開燈，閃閃發亮。	She hung decorations all over the Christmas tree, and at night with the lights on, it sparkles.
12967	中藥	我喝中藥。	I drink Chinese herbal medicine.
12968	中藥	奶奶習慣用中藥調養身體，每天早上都要煮一碗苦苦的藥湯。	Grandma uses Chinese herbs to nourish her body, brewing a bitter bowl of medicine every morning.
12969	倒霉	我今天真倒霉。	I'm so unlucky today.
12970	倒霉	出門忘記帶傘，結果下大雨，還被路過的車子濺了一身水，真倒霉。	I forgot my umbrella, then it poured, and a passing car splashed me. So unlucky.
12971	刪	請刪掉這個。	Please delete this.
12972	刪	手機儲存空間不夠，我只好把一些舊照片和不用的app刪掉。	My phone storage ran out, so I deleted some old photos and unused apps.
12973	司令部	這是司令部。	This is headquarters.
12974	司令部	新聞畫面裡，軍方司令部正在召開緊急會議，討論最新局勢。	In the news footage, the military command was holding an emergency meeting on the latest situation.
12975	坐牢	他坐牢了。	He went to jail.
12976	坐牢	他因為酒駕撞傷人而被判處坐牢兩年，家人都很難過。	He was sentenced to two years in prison for injuring someone while drunk driving, and the family was devastated.
12977	婆婆	我婆婆人很好。	My mother-in-law is very nice.
12978	婆婆	她的婆婆很會煮菜，每次回婆家，一桌子的菜都吃不完。	Her mother-in-law cooks well, and each time she visits there's a table full she can't finish.
12979	左手	我用左手寫字。	I write with my left hand.
12980	左手	我是左撇子，所以吃飯、寫字都用左手，用剪刀就比較不方便。	I'm left-handed so I eat and write with my left hand, though scissors are less convenient.
12981	悲哀	我感到悲哀。	I feel sorrowful.
12982	悲哀	看著老房子被拆掉，爺爺露出悲哀的神情，什麼話也沒說。	Watching the old house demolished, Grandpa looked sorrowful and said nothing.
12983	捲入	他被捲入麻煩。	He got dragged into trouble.
12984	捲入	他不小心被捲入公司的人事鬥爭，每天都過得提心吊膽。	He was accidentally drawn into the company's office politics and lives on edge daily.
12985	數額	數額很大。	The amount is large.
12986	數額	轉帳的數額超過一定金額時，銀行會再多一道確認的步驟。	When a transfer amount exceeds a limit, the bank adds an extra confirmation step.
12987	構想	我有個構想。	I have an idea.
12988	構想	這個構想很有趣，不過要實際做出來，還需要更多資金與人手。	This idea is interesting, but it takes more funds and people to actually build.
12989	流浪	他在流浪。	He's wandering.
12990	流浪	公園裡有很多流浪貓，附近的居民常常會帶飼料來餵牠們。	There are many stray cats in the park, and nearby residents often bring food to feed them.
12991	狂歡	大家一起狂歡。	Everyone partied together.
12992	狂歡	跨年夜，信義區聚集了上萬人，大家一起狂歡倒數迎接新年。	On New Year's Eve, tens of thousands gathered in Xinyi District to celebrate and count down.
12993	硬幣	我有硬幣。	I have coins.
12994	硬幣	投幣式洗衣機只收十元硬幣，所以我出門前先去超商換零錢。	The coin-operated washer only takes ten-dollar coins, so I swap for change at the convenience store first.
12995	結盟	兩國結盟了。	The two countries allied.
12996	結盟	幾個小國為了對抗大國的壓力而結盟，並互相支援。	Several small nations allied against pressure from a large one and supported each other.
12997	致敬	向英雄致敬。	Salute to the heroes.
12998	致敬	電影最後的畫面向已故的導演致敬，現場觀眾都鼓掌許久。	The film's final scene paid tribute to the late director, and the audience applauded for a long time.
12999	詞典	我查詞典。	I'm looking it up in a dictionary.
13000	詞典	這本詞典收錄了三萬多個詞語，每個詞都附有例句，非常好用。	This dictionary includes over thirty thousand words, each with example sentences, very handy.
13001	辭	我要辭職。	I want to resign.
13002	辭	他向公司提出辭呈，打算回老家照顧生病的父母。	He submitted his resignation, planning to go home to care for his sick parents.
13003	除外	週日除外。	Except Sundays.
13004	除外	本店每天營業，農曆新年除外，歡迎大家來品嚐我們的手作甜點。	We're open daily except Lunar New Year. Come try our handmade desserts.
13005	髒	手好髒。	My hands are so dirty.
13006	髒	你的鞋子都是泥巴，把地板弄髒了，快去擦乾淨。	Your shoes are muddy and dirtied the floor, so go clean it up.
13007	吃掉	我把它吃掉了。	I ate it up.
13008	吃掉	冰箱裡的蛋糕被我弟偷偷吃掉了，我氣得想去跟媽媽告狀。	My brother secretly ate the cake in the fridge, and I was mad enough to tell Mom.
13009	有一點	我有一點累。	I'm a little tired.
13010	有一點	這杯咖啡有一點苦，你要不要加一些糖或牛奶？	This coffee is a bit bitter. Do you want some sugar or milk?
13011	行李箱	我的行李箱很重。	My suitcase is heavy.
13012	行李箱	出國前我把行李箱整理好，放進充電器和轉接頭，還有幾包零食。	Before going abroad I packed my suitcase with chargers, adapters, and some snacks.
13013	這是	這是我的朋友。	This is my friend.
13014	這是	這是我第一次來台灣，所以看到什麼都覺得很新鮮。	This is my first time in Taiwan, so everything feels new.
13015	內用	請問內用還是外帶？	Eat in or takeout?
13016	內用	我們在這裡內用，所以請給我們兩副餐具和一壺水。	We're eating in, so please give us two sets of utensils and a pitcher of water.
13017	將	明天將有大雨，請小心。	It will rain heavily tomorrow, so be careful.
13018	將	公司將於下個月搬到新的辦公室。	The company will move to a new office next month.
13019	知道	你知道他住哪裡嗎？	Do you know where he lives?
13020	知道	我也是昨天才知道這件事，沒有人事先告訴我。	I only found out about this yesterday too. Nobody told me beforehand.
13021	發生	昨天發生了什麼事？	What happened yesterday?
13022	發生	附近發生車禍，所以路上塞了快一個小時。	There was a car accident nearby, so the road was jammed for almost an hour.
13023	雖然	雖然很累，我還是去了。	Although I was tired, I went anyway.
13024	雖然	雖然今天天氣不太好，但是公園裡還是有很多人在運動。	Although the weather isn't great today, there are still a lot of people exercising in the park.
13025	相關	請附上相關資料。	Please attach the relevant documents.
13026	相關	如果你有任何相關的問題，歡迎隨時來問我。	If you have any related questions, feel free to ask me anytime.
13027	或者	喝茶或者咖啡都可以。	Tea or coffee, either is fine.
13028	或者	你可以今天寄過去，或者明天親自拿給他。	You can mail it today, or hand it to him in person tomorrow.
13029	了解	我不太了解這件事。	I don't really understand this matter.
13030	了解	買房子之前，最好先了解一下附近的交通和生活機能。	Before buying a house, you'd better look into the nearby transportation and amenities.
13031	我國	我國的少子化問題越來越嚴重。	The declining birth rate in our country is getting more and more serious.
13032	我國	我國政府宣布，下個月起將放寬外國遊客的入境規定。	Our government announced that starting next month it will relax entry rules for foreign visitors.
13033	離開	他剛剛離開了。	He just left.
13034	離開	我離開家鄉去外地念書已經五年了，真的很想念我媽煮的菜。	It has been five years since I left my hometown to study elsewhere, and I really miss my mom's cooking.
13035	搞	你在搞什麼？	What are you up to?
13036	搞	我搞了半天，還是搞不懂這台印表機要怎麼用。	I fiddled with it for ages and still can't figure out how to use this printer.
13037	主	這家店的主人是一位老先生。	The owner of this shop is an old gentleman.
13038	主	房東是這間公寓的主，租客不能隨便改裝牆壁。	The landlord is the master of this apartment, so tenants can't just alter the walls.
13039	屆	今年是第十屆校慶。	This year is the tenth school anniversary.
13040	屆	這一屆的新生人數比去年多了一成。	This year's incoming class is ten percent larger than last year's.
13041	目的	你這樣做是什麼目的？	What's your purpose in doing this?
13042	目的	這次出國的目的是參加朋友的婚禮，順便也看看家人。	The purpose of this trip abroad is to attend a friend's wedding and also see family.
13043	重新	請重新輸入密碼。	Please enter your password again.
13044	重新	房子漏水了，所以我們決定把整個浴室重新裝修。	The house was leaking, so we decided to renovate the whole bathroom.
13045	南	高雄在台灣的南部。	Kaohsiung is in the south of Taiwan.
13046	南	從這裡往南走，過了橋就是我們學校。	Walk south from here, and our school is just past the bridge.
13047	晚上	晚上你有空嗎？	Are you free tonight?
13048	晚上	晚上我習慣先洗澡，再泡一杯熱牛奶，然後看書到十一點。	In the evening I like to shower first, make a cup of hot milk, and then read until eleven.
13049	遠	我家離學校很遠。	My home is far from school.
13050	遠	這間診所離我家遠一點，但是醫生很有耐心，所以我都去那裡。	This clinic is a bit far from my house, but the doctor is patient, so I always go there.
13051	傷害	不要傷害小動物。	Don't hurt small animals.
13052	傷害	長時間看手機會傷害眼睛，建議每半小時休息一下。	Looking at your phone for a long time harms your eyes, so take a break every half hour.
13053	定	我們定了下週的行程。	We set the itinerary for next week.
13054	定	下個月的聚會，時間地點還沒有定下來。	The time and place for next month's get-together haven't been fixed yet.
13055	最佳	這是最佳選擇。	This is the best choice.
13056	最佳	這部電影拿下了今年金馬獎的最佳導演獎。	This film won Best Director at this year's Golden Horse Awards.
13057	美麗	花蓮的海邊很美麗。	The seaside in Hualien is beautiful.
13058	美麗	台灣有許多美麗的風景，值得外國朋友好好欣賞。	Taiwan has many beautiful sights that are well worth enjoying for foreign friends.
13059	關鍵	這是最關鍵的一步。	This is the most crucial step.
13060	關鍵	能不能拿到這份工作，關鍵就在面試時的表現。	Whether you get this job depends on how you do in the interview.
13061	升級	我的手機要升級了。	My phone needs to be updated.
13062	升級	這款遊戲升級以後多了很多新功能，玩起來更有趣了。	After this game was upgraded, it gained many new features and became more fun to play.
13063	從來	我從來沒去過那裡。	I've never been there.
13064	從來	我媽從來不吃宵夜，所以她的身體一直很健康。	My mom never eats late-night snacks, so she has always been healthy.
13065	海	海很藍。	The sea is very blue.
13066	海	暑假我們全家去墾丁看海，孩子在沙灘上玩得很開心。	In summer vacation our whole family went to Kenting to see the sea, and the kids had a great time on the beach.
13067	註	表格下面有一行小註。	There's a line of small notes under the table.
13068	註	請在欄位旁邊加註說明，這樣同事才看得懂。	Please add a note next to the field so colleagues can understand.
13069	人大	人大是中國的立法機關。	The NPC is China's legislative body.
13070	人大	中國人大今天通過了新的法案，國際媒體都在關注。	China's National People's Congress passed a new bill today, and the international media are watching closely.
13071	地圖	我需要一張地圖。	I need a map.
13072	地圖	我用手機的地圖找路，但是在山上訊號不太好。	I use the map on my phone to find the way, but the signal in the mountains is poor.
13073	思考	你要多思考。	You should think more.
13074	思考	面對選擇的時候，我會先停下來好好思考，不要急著決定。	When facing a choice, I stop to think carefully first and don't rush to decide.
13075	涉及	這件事涉及很多人。	This matter involves many people.
13076	涉及	這個案子涉及金額龐大，警方已經成立專案小組調查。	This case involves a huge sum, and the police have set up a task force to investigate.
13077	美女	那個美女是誰？	Who is that beautiful woman?
13078	美女	這家店的老闆娘是個大美女，客人都很喜歡來這裡聊天。	The shop's owner is a real beauty, and customers love coming here to chat.
13079	適用	這張優惠券適用於全店商品。	This coupon applies to all items in the store.
13080	適用	這項規定只適用於新進員工，舊員工不受影響。	This rule applies only to new employees, and existing staff are not affected.
13081	信任	我很信任他。	I trust him a lot.
13082	信任	朋友之間最重要的就是互相信任，一旦失去就很難回來。	What matters most between friends is mutual trust, and once it's lost it's hard to get back.
13083	堅決	我堅決反對。	I firmly object.
13084	堅決	爸爸堅決不讓我騎機車去上學，因為他擔心我的安全。	Dad firmly refuses to let me ride a scooter to school because he worries about my safety.
13085	戶	這棟樓有三十戶。	This building has thirty households.
13086	戶	我們家是這個社區最早搬進來的住戶之一。	Ours is one of the earliest households to move into this community.
13087	準	我的手錶很準。	My watch is very accurate.
13088	準	明天早上八點準時集合，不要遲到喔。	We meet at eight sharp tomorrow morning, so don't be late.
13089	腐敗	牛奶放太久腐敗了。	The milk has gone bad from being left too long.
13090	腐敗	新聞指出，政府部門的腐敗問題讓民眾非常失望。	The news said corruption in government departments disappointed the public greatly.
13091	運作	公司運作得很順利。	The company is running smoothly.
13092	運作	這個系統運作得很穩定，已經連續三個月沒有出過問題了。	This system has been running stably, with no problems for three months in a row.
13093	仔細	請仔細看。	Please look carefully.
13094	仔細	簽約之前，一定要仔細閱讀每一條條款，不要被騙了。	Before signing, be sure to read every clause carefully so you don't get cheated.
13095	加快	請加快速度。	Please speed up.
13096	加快	為了趕上時間，工人們加快了施工的進度。	To make the deadline, the workers sped up construction.
13097	天堂	那裡像天堂一樣。	It's like paradise there.
13098	天堂	對愛吃的人來說，台灣的小吃簡直就是天堂。	For food lovers, Taiwan's street snacks are simply paradise.
13099	從此	從此他不再抽菸了。	From then on he never smoked again.
13100	從此	搬到台中以後，我從此愛上了這座城市悠閒的生活步調。	After moving to Taichung, I fell for this city's relaxed pace of life from then on.
13101	文物	博物館展出很多文物。	The museum exhibits many cultural relics.
13102	文物	故宮收藏了數十萬件珍貴的文物，每年吸引大批遊客。	The National Palace Museum holds hundreds of thousands of precious artifacts and attracts large crowds each year.
13103	現金	我只帶了現金。	I only brought cash.
13104	現金	這家路邊攤只收現金，不接受行動支付，記得先去提款。	This roadside stall accepts only cash and no mobile payments, so remember to withdraw some beforehand.
13105	聰明	這隻狗很聰明。	This dog is very smart.
13106	聰明	他很聰明，一看就懂，老師們都很喜歡他。	He is very clever and gets things at a glance, and all the teachers like him.
13107	躺	我想躺一下。	I want to lie down for a bit.
13108	躺	累了一天，我一躺在沙發上就睡著了，連晚飯都沒吃。	After a tiring day I fell asleep the moment I lay on the sofa, and I didn't even eat dinner.
13109	電視劇	我在追一部電視劇。	I'm following a TV drama.
13110	電視劇	這部電視劇在台灣很受歡迎，每集播出後網路上都有很多討論。	This TV drama is very popular in Taiwan, and after every episode there's a lot of online discussion.
13111	優化	公司想優化工作流程。	The company wants to optimize its workflow.
13112	優化	新版的手機程式優化了搜尋功能，找東西快多了。	The new version of the phone app has optimized search, so finding things is much faster.
13113	喪失	他喪失了信心。	He lost confidence.
13114	喪失	長期熬夜會讓人喪失專注力，工作效率也會下降。	Staying up late for a long time causes you to lose focus, and work efficiency drops.
13115	帶動	他帶動了氣氛。	He livened up the atmosphere.
13116	帶動	新的觀光政策帶動了當地的經濟，小吃店的生意也變好了。	The new tourism policy boosted the local economy and made snack shops busier.
13117	文藝	她喜歡文藝活動。	She likes arts events.
13118	文藝	這間咖啡廳的老闆很文藝，牆上全是手繪的插畫和詩句。	The owner of this café is quite artsy, and the walls are covered in hand-drawn illustrations and poems.
13119	燒	水燒開了。	The water has boiled.
13120	燒	廚房的鍋子忘了關火，把整鍋湯都燒乾了。	I forgot to turn off the heat on the pot in the kitchen, and the whole pot of soup boiled dry.
13121	節日	今天是什麼節日？	What festival is it today?
13122	節日	中秋節是我最喜歡的節日，全家人會在院子裡烤肉賞月。	The Mid-Autumn Festival is my favorite holiday, when the whole family barbecues and enjoys the moon in the yard.
13123	設有	這棟大樓設有停車場。	This building has a parking lot.
13124	設有	本校設有輔導室，同學如果有煩惱，可以隨時來找老師聊聊。	Our school has a counseling office, and if students are troubled, they can come talk to the teachers any time.
13125	青	青菜要多吃。	Eat more leafy greens.
13126	青	山上的青草在雨後特別翠綠，空氣裡有淡淡的泥土味。	The green grass on the mountain is especially lush after rain, and the air has a faint smell of earth.
13127	使命	這是我的使命。	This is my mission.
13128	使命	醫生的使命就是救人，所以他們常常忙到忘記吃飯。	A doctor's mission is to save lives, so they're often too busy to remember to eat.
13129	原創	這是原創作品。	This is an original work.
13130	原創	這家店賣的飾品全是設計師的原創作品，所以價格比較高。	The accessories this shop sells are all original designs, so the prices are a bit higher.
13131	大腦	大腦需要休息。	The brain needs rest.
13132	大腦	睡眠不足會影響大腦的反應，所以考前一定要睡飽。	Lack of sleep affects the brain's reactions, so you must get enough sleep before exams.
13133	常用	這是常用的詞。	This is a commonly used word.
13134	常用	這份清單列出了日文中最常用的一千個單字，很適合初學者。	This list gives the thousand most commonly used Japanese words, perfect for beginners.
13135	挖	他在挖洞。	He's digging a hole.
13136	挖	我們在海邊挖沙子，結果挖到了一個很漂亮的貝殼。	We dug sand at the beach and dug up a lovely shell.
13137	樹立	他樹立了好榜樣。	He set a good example.
13138	樹立	老師應該為學生樹立良好的榜樣，而不是只會說教。	Teachers should set a good example for students rather than just lecture.
13139	為此	為此我很抱歉。	I'm sorry for this.
13140	為此	公司為此召開記者會，向大家說明事件的經過。	The company held a press conference over this to explain what happened.
13141	監視	有監視器在拍。	A camera is recording.
13142	監視	警方調閱路口的監視畫面，終於找到了肇事的車輛。	Police pulled up the surveillance footage from the intersection and finally found the hit-and-run vehicle.
13143	繪畫	她喜歡繪畫。	She likes painting.
13144	繪畫	這個週末的繪畫課程適合初學者，不需要任何基礎。	This weekend's painting class suits beginners and needs no background.
13145	評	大家都給這家店好評。	Everyone gives this shop good reviews.
13146	評	這部電影的評價兩極，有人覺得很感動，有人覺得很無聊。	Reviews of this movie are split: some find it moving, others find it boring.
13147	郵件	我收到一封郵件。	I received an email.
13148	郵件	請查看您的電子郵件，我們已經把確認資料寄過去了。	Please check your email. We've sent the confirmation details.
13149	騙局	這是一個騙局。	This is a scam.
13150	騙局	詐騙集團設下精心的騙局，許多老人家就這樣被騙走了積蓄。	Fraud rings set up elaborate scams, and many elderly people lost their savings that way.
13151	作物	農夫在田裡種作物。	Farmers grow crops in the fields.
13152	作物	連日大雨讓農作物受到嚴重損害，菜價因此上漲了不少。	Days of heavy rain seriously damaged the crops, so vegetable prices rose quite a bit.
13153	匯	我要去銀行匯款。	I'm going to the bank to wire money.
13154	匯	河水在這裡匯入大海，每天都有很多人來看日落。	The river flows into the sea here, and many people come to see the sunset every day.
13155	大都	大都是學生。	Most of them are students.
13156	大都	這間民宿的客人大都是年輕人，因為價格不貴又靠近海邊。	Most guests at this B&B are young people, because it's cheap and near the sea.
13157	幕後	他在幕後工作。	He works behind the scenes.
13158	幕後	這部紀錄片介紹了電影幕後的工作人員，他們很少被觀眾看見。	This documentary introduces the behind-the-scenes crew of films, who are rarely seen by audiences.
13159	掩蓋	雪掩蓋了整個山頭。	Snow covered the whole mountaintop.
13160	掩蓋	他想掩蓋錯誤，結果事情反而越來越嚴重。	He tried to cover up his mistake, and the matter only got worse.
13161	格局	這間房子的格局很好。	This house has a nice layout.
13162	格局	這間公寓格局方正，採光也不錯，所以租金比較貴。	This apartment has a regular layout and good natural light, so the rent is higher.
13163	無線	我家有無線網路。	My home has wireless internet.
13164	無線	這副無線耳機的電池很耐用，充一次電可以用一整天。	These wireless earphones have durable batteries and one charge lasts all day.
13165	窩	貓窩在沙發上睡覺。	The cat is curled up asleep on the sofa.
13166	窩	下雨天最舒服的就是窩在被窩裡看書，一整天都不想出門。	On a rainy day, the best thing is to curl up in bed reading and not wanting to go out all day.
13167	致命	這個傷口不致命。	This wound isn't fatal.
13168	致命	這種蛇的毒液是致命的，被咬到要立刻送醫。	This snake's venom is deadly, and anyone bitten must be taken to hospital immediately.
13169	追蹤	警方正在追蹤嫌犯。	Police are tracking the suspect.
13170	追蹤	我可以用手機追蹤快遞的位置，看包裹什麼時候會到。	I can track the courier's location on my phone to see when the package will arrive.
13171	驅逐	他被驅逐出境了。	He was deported.
13172	驅逐	政府決定驅逐非法入境的外籍人士，並加強邊境檢查。	The government decided to deport illegal entrants and strengthen border checks.
13173	付費	這個服務要付費。	This service requires payment.
13174	付費	這個學習軟體免費版功能有限，想看完整內容要付費訂閱。	The free version of this learning app has limited features, and to see the full content you need a paid subscription.
13175	出租	這間房子要出租。	This house is for rent.
13176	出租	我在網路上看到一間出租的套房，離公司只要走路十分鐘。	I saw a studio for rent online, only a ten-minute walk from the office.
13177	另類	他的穿著很另類。	His outfit is quite unconventional.
13178	另類	這間另類的書店只賣獨立出版品，吸引了不少文青。	This offbeat bookstore only sells independent publications and attracts quite a few hipsters.
13179	大火	大火燒了一整夜。	The big fire burned all night.
13180	大火	昨晚工廠發生大火，消防員花了六個小時才把火勢撲滅。	A big fire broke out at a factory last night, and firefighters took six hours to put it out.
13181	峰	這是最高峰。	This is the highest peak.
13182	峰	假日的高峰時段，高速公路上的車子幾乎動不了。	During the weekend peak, cars on the freeway barely move.
13183	戰機	空軍的戰機起飛了。	The air force's fighter jets took off.
13184	戰機	幾架戰機飛過總統府上空，在國慶典禮上吸引了許多民眾拍照。	A few fighter jets flew over the Presidential Office at the National Day ceremony and attracted many people taking photos.
13185	政務	他負責政務。	He's in charge of government affairs.
13186	政務	新上任的市長每天都忙著處理各種政務，連吃飯的時間都不多。	The new mayor is busy with all kinds of government affairs every day and has little time even to eat.
13187	樂園	這裡是孩子的樂園。	This is a paradise for children.
13188	樂園	暑假的遊樂園擠滿了人，孩子們玩得開心，大人卻累壞了。	In summer vacation the amusement park is packed, and the kids have fun while the adults are exhausted.
13189	湖泊	這裡有很多湖泊。	There are many lakes here.
13190	湖泊	台灣的高山湖泊很美，尤其是在清晨，湖面常常有一層薄霧。	Taiwan's alpine lakes are beautiful, especially in the early morning when a thin mist often lies over the surface.
13191	當做	你別把我當做外人。	Don't treat me like an outsider.
13192	當做	有些人把工作當做生活的全部，反而忘了陪家人。	Some people treat work as their whole life and forget to spend time with family.
13193	縣委	縣委書記今天視察農村。	The county Party secretary inspected rural areas today.
13194	衣	我要洗衣服。	I need to wash clothes.
13195	衣	天氣變冷了，我把夏天的衣服收進衣櫃，換上厚外套。	The weather turned cold, so I put the summer clothes in the wardrobe and changed to thick coats.
13196	跡象	天上有下雨的跡象。	There are signs of rain in the sky.
13197	跡象	醫生說他已經有好轉的跡象，過幾天就可以出院了。	The doctor said he is already showing signs of improvement and can leave hospital in a few days.
13198	鑰匙	我找不到鑰匙。	I can't find my keys.
13199	鑰匙	我出門前明明把鑰匙放在桌上，回來卻怎麼找都找不到。	I clearly put the key on the table before going out, but after returning I couldn't find it anywhere.
13200	香蕉	我喜歡吃香蕉。	I like eating bananas.
13201	香蕉	香蕉放在冰箱裡會變黑，所以最好放在室溫下，吃的時候再剝皮。	Bananas turn black in the fridge, so keep them at room temperature and peel when ready to eat.
13202	何必	何必這麼生氣呢？	Why get so angry?
13203	何必	只是小事而已，你何必為了這個跟朋友吵架呢？	It's only a small thing. Why fight with a friend over it?
13204	出面	老闆出面解決了問題。	The boss stepped in and solved the problem.
13205	出面	兩個鄰居吵得很兇，最後是管理員出面調解的。	Two neighbors fought fiercely and in the end the building manager stepped in to mediate.
13206	咱	咱們一起走吧。	Let's go together.
13207	咱	咱們這麼多年的朋友了，有什麼話就直說吧。	We've been friends for so many years, so just say what's on your mind.
13208	女郎	她是泳裝女郎。	She's a swimsuit model.
13209	女郎	這家酒吧請了幾位歌唱女郎，每晚都有現場演出。	This bar hired several singing girls, with live shows every night.
13210	帶回	我帶回了禮物。	I brought back gifts.
13211	帶回	他出差回來，從日本帶回了好幾盒點心送給同事。	He came back from a business trip and brought several boxes of snacks from Japan for colleagues.
13212	批發	這裡是批發市場。	This is a wholesale market.
13213	批發	老闆每天凌晨去批發市場進貨，所以賣的水果特別新鮮。	The owner goes to the wholesale market every dawn to stock up, so the fruit he sells is especially fresh.
13214	星星	天上的星星很亮。	The stars in the sky are bright.
13215	星星	晚上沒有雲的時候，在山上可以看到滿天的星星。	On a cloudless night in the mountains, you can see a sky full of stars.
13216	毫不	他毫不在意。	He doesn't care at all.
13217	毫不	她毫不猶豫地跳進水裡，把掉下去的小孩救了上來。	She jumped into the water without hesitation and rescued the child who fell in.
13218	父子	他們父子倆長得很像。	Father and son look very alike.
13219	父子	週末的時候，父子倆常常一起去河邊釣魚，也會打棒球。	On weekends the father and son often go fishing by the river and play baseball.
13220	移植	醫生要做移植手術。	The doctor is going to do a transplant operation.
13221	移植	春天是移植樹苗的好時機，因為天氣不冷也不熱。	Spring is a good time to transplant saplings because it's neither cold nor hot.
13222	自私	他很自私。	He is selfish.
13223	自私	只想著自己的人很自私，常常忽略別人的感受而不自知。	People who think only of themselves are selfish and often ignore others' feelings without realizing.
13224	誤	不好意思，我誤會你了。	Sorry, I misunderstood you.
13225	誤	因為不小心按錯鍵，這份文件被誤刪了，只好請工程師幫忙救回來。	Because I pressed the wrong key the file was deleted by mistake, so I had to ask the engineer to recover it.
13226	郎	新郎來了。	The groom has arrived.
13227	郎	婚禮上，新郎看到新娘走進來，感動得流下了眼淚。	At the wedding the groom was moved to tears when he saw the bride walk in.
13228	音樂家	他是音樂家。	He is a musician.
13229	音樂家	這位音樂家從小學鋼琴，二十歲就在國家音樂廳開了獨奏會。	This musician learned piano from childhood and gave a solo recital at the National Concert Hall at twenty.
13230	不妨	你不妨試試看。	You might as well give it a try.
13231	不妨	如果你覺得壓力很大，不妨出去走走，換個心情。	If you feel a lot of pressure, you might as well go out for a walk and change your mood.
13232	促銷	百貨公司正在促銷。	The department store is running a promotion.
13233	促銷	週年慶期間，各品牌紛紛推出促銷活動，吸引民眾上門消費。	During the anniversary sale, brands launch promotions one after another to draw shoppers in.
13234	冒犯	對不起，我不是故意冒犯你。	Sorry, I didn't mean to offend you.
13235	冒犯	他說話太直，常常不小心冒犯別人，自己卻不知道。	He talks too bluntly and often offends others without realizing it.
13236	反響	演講引起很大反響。	The speech drew a big response.
13237	反響	這部紀錄片上映後在網路上引起熱烈反響，許多人分享了心得。	After the documentary premiered it drew a strong response online, and many people shared their thoughts.
13238	國際法	他研究國際法。	He studies international law.
13239	國際法	根據國際法，各國的船隻有權在公海自由航行。	Under international law, ships of all countries have the right to sail freely on the high seas.
13240	女婿	他是我的女婿。	He is my son-in-law.
13241	女婿	我爸最喜歡的就是他的女婿，因為他很會陪老人家聊天。	My dad likes his son-in-law the most because he's good at chatting with older folks.
13242	山寨	故事裡有土匪的山寨。	The story has a bandits' mountain stronghold.
13243	山寨	夜市有人賣山寨的名牌包，雖然很便宜，但品質差很多。	Some people at the night market sell knock-off brand bags, which are cheap but much lower in quality.
13244	恆星	太陽是一顆恆星。	The sun is a star.
13245	恆星	夜空中的恆星距離我們非常遙遠，光要走好幾年才能到達地球。	The stars in the night sky are very far away, and their light takes years to reach Earth.
13246	挫折	人生難免有挫折。	Setbacks are inevitable in life.
13247	挫折	遇到挫折不要輕易放棄，從失敗中學習才是最重要的。	Don't give up easily when facing setbacks. Learning from failure matters most.
13248	散佈	不要散佈謠言。	Don't spread rumors.
13249	散佈	有人在網路上散佈不實的消息，警方呼籲民眾不要轉傳。	Someone spread false information online, and police urge the public not to forward it.
13250	棺材	棺材是木頭做的。	The coffin is made of wood.
13251	棺材	殯儀館裡擺著幾口新棺材，空氣中有一種莊重的氣氛。	A few new coffins stood in the funeral home, with a solemn atmosphere.
13252	注明	請注明日期。	Please indicate the date.
13253	注明	報名表上要注明姓名、電話，不然我們沒辦法聯絡你。	The sign-up form must indicate your name and phone number or we can't contact you.
13254	牆壁	牆壁是白色的。	The walls are white.
13255	牆壁	舊房子的牆壁有裂縫，下雨天就會滲水，房東說會找人來修。	The old house's walls have cracks that leak in the rain, and the landlord said he'd find someone to fix them.
13256	看成	他把我看成好人。	He regards me as a good person.
13257	看成	我常常把數字8看成3，所以每次算帳都要特別小心。	I often mistake an 8 for a 3, so I have to be extra careful with accounts.
13258	紐	他去了紐約。	He went to New York.
13259	紐	去年夏天我們全家到紐約旅行，每天走路走到腳痠。	Last summer our whole family traveled to New York and walked every day until our feet ached.
13260	臥室	我的臥室很小。	My bedroom is small.
13261	臥室	臥室的窗戶朝東，所以每天早上都會被陽光叫醒。	The bedroom window faces east, so I wake up to the sun each morning.
13262	訂閱	我訂閱了這個頻道。	I subscribed to this channel.
13263	訂閱	她每個月花兩百元訂閱電子報，想及時知道最新的科技新聞。	She spends two hundred dollars monthly on a newsletter subscription to get the latest tech news.
13264	輕輕	她輕輕地敲門。	She knocked on the door lightly.
13265	輕輕	嬰兒睡著了，大家走路都輕輕的，不敢發出聲音。	The baby fell asleep, and everyone walked softly, not daring to make noise.
13266	阻力	推行新制度有阻力。	There's resistance to implementing the new system.
13267	阻力	改革遇到的最大阻力，往往來自習慣舊方法的人。	The biggest resistance to reform often comes from people used to the old methods.
13268	體積	這個箱子體積很大。	This box is large in volume.
13269	體積	這台冰箱體積太大，放不進廚房，只好退貨換小一點的。	This fridge is too bulky to fit in the kitchen, so I had to return it for a smaller one.
13270	唸書	我晚上要唸書。	I have to study tonight.
13271	唸書	他每天都在圖書館唸書到關門，準備下個月的考試。	He studies at the library until closing every day to prepare for next month's exam.
13272	有夠	今天有夠熱的。	It's seriously hot today.
13273	有夠	這家店的排隊人潮有夠誇張，我們等了快兩個小時。	The line at this shop is seriously crazy. We waited almost two hours.
13274	英語	他會說英語。	He can speak English.
13275	英語	我的英語不太好，所以看外國影集的時候都要開字幕。	My English isn't good, so I always turn on subtitles when watching foreign series.
13276	溼熱	夏天的台灣很溼熱。	Taiwan is humid and hot in summer.
13277	溼熱	梅雨季過後，天氣變得溼熱難耐，晚上沒開冷氣根本睡不著。	After the plum rain season the weather became unbearably hot and humid, and without air conditioning at night I can't sleep.
13278	點頭	他點頭同意了。	He nodded in agreement.
13279	點頭	老師問大家有沒有問題，全班都點頭表示聽懂了。	The teacher asked if there were any questions, and the whole class nodded to show they understood.
13280	很	今天很熱。	It's very hot today.
13281	很	這家店的蛋糕很好吃，我朋友每次都會買。	The cakes at this shop are very good, and my friend buys some every time.
13282	社會	社會在改變。	Society is changing.
13283	社會	少子化已經成為台灣社會必須面對的問題。	The declining birthrate has become a problem Taiwanese society must face.
13284	歷史	我喜歡歷史課。	I like history class.
13285	歷史	這間老廟已經有兩百多年的歷史了。	This old temple has a history of over two hundred years.
13286	起來	他站起來了。	He stood up.
13287	起來	鬧鐘響了好幾次，我還是爬不起來。	The alarm rang several times and I still couldn't get up.
13288	特別	今天特別冷。	It's especially cold today.
13289	特別	我媽特別為我做了一道我最愛吃的菜。	My mom specially made a dish that I love the most.
13290	完成	功課完成了。	The homework is finished.
13291	完成	報告要在週五以前完成，請大家不要拖到最後一天。	The report must be completed by Friday, so please don't leave it to the last day.
13292	領導	他領導這個團隊。	He leads this team.
13293	領導	新來的主管很會領導，大家都願意聽他的意見。	The new supervisor is good at leading, and everyone is willing to listen to his opinion.
13294	幾個	你要幾個？	How many do you want?
13295	幾個	冰箱裡還剩幾個蘋果，你想吃的話自己拿。	There are a few apples left in the fridge, take one if you want.
13296	送	我送你回家。	I'll take you home.
13297	送	朋友結婚那天，我們幾個同學合送了一台咖啡機。	On the day our friend got married, a few of us classmates gave a coffee machine together.
13298	意見	你有什麼意見？	Do you have any opinions?
13299	意見	如果你對菜單有意見，可以直接跟店員說。	If you have any complaints about the menu, you can tell the staff directly.
13300	關注	大家都很關注這件事。	Everyone is paying close attention to this matter.
13301	關注	我最近開始關注一位烘焙老師的粉絲專頁。	I've recently started following a baking teacher's fan page.
13302	容易	這題很容易。	This question is easy.
13303	容易	下雨天地板很容易滑，走路要小心一點。	The floor gets slippery easily on rainy days, so walk carefully.
13304	現代	這是現代藝術。	This is modern art.
13305	現代	現代人的生活節奏很快，常常沒時間好好吃飯。	Modern people live at a fast pace and often have no time for a proper meal.
13306	農村	他在農村長大。	He grew up in a rural village.
13307	農村	暑假的時候，我常回農村的外婆家幫忙收稻子。	During summer vacation I often go back to my grandma's village to help harvest rice.
13308	前往	我們前往機場。	We're heading to the airport.
13309	前往	請各位旅客前往三號登機門，準備登機。	Passengers, please proceed to gate 3 to prepare for boarding.
13310	數字	這個數字不對。	This number is wrong.
13311	數字	電話號碼是一串很長的數字，我怎麼記都記不起來。	A phone number is a long string of digits, and I can never remember it.
13312	論壇	他常逛網路論壇。	He often browses online forums.
13313	論壇	我在一個親子論壇上，找到了很多育兒經驗分享。	On a parenting forum I found lots of shared experiences about raising kids.
13314	人才	公司需要人才。	The company needs talented people.
13315	人才	現在很多科技公司都在搶有經驗的工程人才。	Many tech companies are now competing for experienced engineering talent.
13316	基地	這裡是軍事基地。	This is a military base.
13317	基地	這個研究基地位在山上，只有研究人員可以進去。	This research base is in the mountains, and only researchers can go in.
13318	改善	我想改善生活。	I want to improve my life.
13319	改善	搬到新家後，我的睡眠品質改善了很多。	After moving into the new place, my sleep quality improved a lot.
13320	睡	我想睡了。	I want to go to sleep.
13321	睡	昨晚我睡得很不好，今天一直打哈欠。	I slept badly last night and have been yawning all day.
13322	這位	這位是我的同事。	This is my coworker.
13323	這位	這位先生，請問您需要幫忙嗎？	Sir, may I ask if you need any help?
13324	充滿	房間充滿笑聲。	The room is filled with laughter.
13325	充滿	剛出爐的麵包店裡充滿了奶油香味，路過的人都忍不住停下來。	The bakery was filled with the smell of butter from fresh bread, and passers-by couldn't help stopping.
13326	少女	她是一位少女。	She is a young girl.
13327	少女	漫畫裡的少女有一雙很大的眼睛，是我最喜歡的角色。	The girl in the comic has big eyes and is my favourite character.
13328	早上	早上好！	Good morning!
13329	早上	我每天早上都會先喝一杯溫水，再去運動。	Every morning I drink a glass of warm water first, then go exercise.
13330	紀念	這是紀念品。	This is a souvenir.
13331	紀念	我們結婚十週年，特地去當初求婚的地方拍照紀念。	For our tenth wedding anniversary, we went to where I proposed to take photos to commemorate it.
13332	一半	我吃了一半。	I ate half of it.
13333	一半	錢只存了一半，剩下的一半還要再努力賺。	I've only saved half of the money, and I still need to earn the other half.
13334	參考	請參考這張表。	Please refer to this table.
13335	參考	做報告的時候，要記得註明參考的資料來源。	When writing a report, remember to note the sources of your references.
13336	居住	他居住在台北。	He lives in Taipei.
13337	居住	在都市裡，居住成本越來越高，年輕人很難買房子。	In cities, living costs keep rising and young people find it hard to buy a home.
13338	星期	今天是星期幾？	What day of the week is it today?
13339	星期	下星期三我要請假，帶我媽去醫院做檢查。	Next Wednesday I'm taking leave to take my mom to the hospital for a check-up.
13340	看法	你有什麼看法？	What's your view?
13341	看法	對於這件事，我跟我爸媽的看法不太一樣。	On this matter, my view differs a bit from my parents'.
13342	討厭	我討厭下雨。	I hate rain.
13343	討厭	隔壁的狗一直叫，真的很討厭，吵得我睡不著。	The neighbour's dog keeps barking, it's really annoying and keeps me awake.
13344	鬼	你怕鬼嗎？	Are you afraid of ghosts?
13345	鬼	小孩子最喜歡在萬聖節穿上鬼的衣服，去討糖果。	Kids love dressing up as ghosts on Halloween to ask for candy.
13346	創建	他創建了一家公司。	He founded a company.
13347	創建	她在大學時創建了一個學習社團，現在已經有上百位成員。	She founded a study club at university, and it now has over a hundred members.
13348	對外	圖書館對外開放。	The library is open to the public.
13349	對外	公司的對外窗口是行銷部，有問題請直接聯絡他們。	The company's external contact is the marketing department, so please contact them directly with questions.
13350	晚	今晚很冷。	Tonight is cold.
13351	晚	你怎麼這麼晚才回家？我們都擔心死了。	Why did you come home so late? We were worried sick.
13352	發達	這個城市很發達。	This city is highly developed.
13353	發達	台灣的便利商店非常發達，二十四小時都買得到東西。	Convenience stores in Taiwan are very well developed, and you can buy things any time of day.
13354	計	我們來計算一下。	Let's work it out.
13355	計	這次旅行的費用，我們每個人要先計算好預算。	For this trip's expenses, each of us should first work out a budget.
13356	飯	我想吃飯。	I want to eat.
13357	飯	阿嬤煮的白飯特別香，我每次都會多添一碗。	Grandma's plain rice is especially fragrant, and I always take an extra bowl.
13358	儘量	請儘量早點到。	Please arrive as early as you can.
13359	儘量	菜我已經儘量做得清淡了，如果還是太鹹就跟我說。	I've made the dishes as light as I could, and if they're still too salty, tell me.
13360	名義	這房子在我爸的名義下。	The house is in my dad's name.
13361	名義	他以公司的名義捐了一筆錢給育幼院。	He donated a sum of money to the orphanage in the company's name.
13362	實體	我比較喜歡實體書。	I prefer physical books.
13363	實體	疫情之後，不少實體商店轉到網路上做生意。	After the pandemic, quite a few physical stores moved their business online.
13364	懂得	他很懂得照顧人。	He knows how to take care of people.
13365	懂得	懂得感恩的人，通常都比較容易感到快樂。	People who know how to be grateful are usually happier.
13366	服裝	這家店賣服裝。	This shop sells clothing.
13367	服裝	舞蹈比賽有服裝規定，每一組都要穿統一的顏色。	The dance competition has a dress code, and every group has to wear a matching colour.
13368	當代	這是當代藝術展。	This is a contemporary art exhibition.
13369	當代	美術館最近舉辦了一場當代攝影展，吸引了很多年輕人。	The art museum recently held a contemporary photography exhibition that attracted many young people.
13370	與其	與其等，不如自己去。	Rather than wait, you might as well go yourself.
13371	與其	與其一直抱怨，不如想辦法解決問題。	Rather than keep complaining, try to find a way to solve the problem.
13372	轉型	公司正在轉型。	The company is transforming.
13373	轉型	許多傳統產業正在轉型，開始用網路賣東西。	Many traditional industries are transitioning and starting to sell things online.
13374	駕駛	駕駛開得很慢。	The driver drives slowly.
13375	駕駛	酒後不能駕駛，這是每個人都應該遵守的規定。	You must not drive after drinking, which is a rule everyone should follow.
13376	公安	公安來了。	The public security officers have arrived.
13377	公安	新聞說，大陸公安已經展開調查，目前還沒有公布結果。	The news says the mainland's public security officers have begun investigating, and no results have been released yet.
13378	地質	這裡的地質很特別。	The geology here is special.
13379	地質	地質學家說，這個山區的地質不穩定，下大雨時要特別小心。	Geologists say the geology in this mountain area is unstable, so take extra care during heavy rain.
13380	建築物	這棟建築物很舊。	This building is old.
13381	建築物	這一帶的建築物都不能超過六層樓，以免擋住山景。	Buildings in this area can't exceed six floors, so as not to block the mountain view.
13382	日記	我每天寫日記。	I write a diary every day.
13383	日記	翻到小時候的日記，我才發現自己以前有那麼多煩惱。	Flipping through my childhood diary, I realized I had so many worries back then.
13384	營業	商店九點開始營業。	The shop opens for business at nine.
13385	營業	這家早餐店營業到下午兩點，賣完就提早打烊。	This breakfast shop is open until two in the afternoon and closes early when it sells out.
13386	累	我今天很累。	I'm very tired today.
13387	累	這些小錢每個月累積起來，一年就是一筆不小的數目。	These small amounts add up each month, and in a year it's quite a sum.
13388	諸多	諸多不便，敬請見諒。	We apologize for the many inconveniences.
13389	諸多	施工期間為各位帶來諸多不便，還請大家多多包涵。	The construction causes many inconveniences, and we ask everyone for their understanding.
13390	青少年	青少年需要睡眠。	Teenagers need sleep.
13391	青少年	很多青少年放學後喜歡聚在速食店寫功課、聊天。	Many teenagers like to gather at fast-food restaurants after school to do homework and chat.
13392	供給	電力供給不足。	The power supply is insufficient.
13393	供給	颱風造成蔬菜供給減少，價格因此一直上漲。	The typhoon reduced the vegetable supply, so prices kept rising.
13394	原料	這些是食品原料。	These are food raw materials.
13395	原料	這家工廠進口的原料品質很好，所以做出來的成品也很穩定。	The raw materials this factory imports are high quality, so the finished products are consistent.
13396	大致	大致上沒問題。	Generally there's no problem.
13397	大致	報告我大致看過了，格式沒問題，只有幾個字需要修改。	I've looked at the report roughly, and the format is fine, with only a few words to correct.
13398	干擾	請不要干擾我。	Please don't disturb me.
13399	干擾	外面的施工聲干擾了我們開會，只好把窗戶關起來。	The construction noise outside interfered with our meeting, so we had to close the windows.
13400	排列	請照順序排列。	Please arrange them in order.
13401	排列	書架上的書按照高矮排列得很整齊，看起來很舒服。	The books on the shelf are arranged neatly by height and look comfortable to the eye.
13402	榮耀	這是你的榮耀。	This is your glory.
13403	榮耀	球隊奪冠的那一刻，全城都為這份榮耀歡呼。	The moment the team won the championship, the whole city cheered for the glory.
13404	潛在	這是潛在的問題。	This is a potential problem.
13405	潛在	這家公司找到了很多潛在客戶，業績有望大幅成長。	The company has found many potential customers and its performance is expected to grow greatly.
13406	發送	系統自動發送簡訊。	The system sends text messages automatically.
13407	發送	郵件已經發送給所有人，請大家查看信箱。	The email has been sent to everyone, so please check your inbox.
13408	編號	請寫上編號。	Please write down the number.
13409	編號	每一份文件都有編號，方便之後查詢。	Each document has a serial number to make later lookup easier.
13410	補助	政府有補助。	The government provides subsidies.
13411	補助	申請補助要附上身分證影本和銀行存摺封面。	To apply for the subsidy you must attach a copy of your ID and the cover of your bank passbook.
13412	遊	我們去遊公園。	We're going to tour the park.
13413	遊	暑假時我們全家去花東遊玩，沿路看到很多漂亮的風景。	In the summer vacation our whole family traveled in Hualien and Taitung and saw many beautiful views along the way.
13414	食	民以食為天。	Food is the first necessity of the people.
13415	食	我最近減少外食，自己煮飯，看到蔬菜就想多吃一點。	Lately I've been cutting down on eating out and cooking myself, and I want to eat more whenever I see vegetables.
13416	人選	你覺得誰是合適的人選？	Who do you think is the right candidate?
13417	人選	班級幹部的人選還沒決定，老師希望大家多提名。	The class officers haven't been decided, and the teacher hopes everyone nominates more people.
13418	加大	請加大音量。	Please turn up the volume.
13419	加大	為了趕上進度，公司決定加大投入，增加更多人力。	To catch up with the schedule, the company decided to increase investment and add more staff.
13420	城堡	這是一座城堡。	This is a castle.
13421	城堡	去歐洲旅行時，我們參觀了一座山頂上的古老城堡。	On our trip to Europe we visited an ancient castle on a hilltop.
13422	局部	這是局部圖。	This is a partial diagram.
13423	局部	午後局部地區有雷陣雨，出門請記得帶傘。	There will be thunderstorms in some areas in the afternoon, so remember to bring an umbrella.
13424	折	這生意折了本。	This business lost money.
13425	折	他做生意半年多，不但沒賺錢，還折了不少本。	He ran his business for over half a year and not only made no money but lost a lot of capital.
13426	暗殺	有人想暗殺他。	Someone wanted to assassinate him.
13427	暗殺	歷史上許多重要的領袖都曾經遭到暗殺。	Many important leaders in history were assassinated.
13428	溫柔	她很溫柔。	She is very gentle.
13429	溫柔	媽媽用溫柔的聲音唱歌哄小寶寶睡覺。	Mom sings in a gentle voice to lull the baby to sleep.
13430	短暫	假期很短暫。	The holiday is brief.
13431	短暫	這次相聚雖然短暫，但我們都留下了美好的回憶。	Though this gathering was brief, we all left with fond memories.
13432	耳朵	我的耳朵痛。	My ear hurts.
13433	耳朵	兔子的耳朵很長，一聽到聲音就會豎起來。	A rabbit's ears are long and stand up as soon as they hear a sound.
13434	財	他發了一筆財。	He struck it rich.
13435	財	阿公常說，人不要貪財，平安健康才是最重要的。	Grandpa often says people shouldn't be greedy for money, and safety and health are the most important.
13436	雞蛋	我煎了一顆雞蛋。	I fried an egg.
13437	雞蛋	早餐店的蛋餅裡有雞蛋跟起司，我每次都會加一份。	The egg crepe at the breakfast shop has egg and cheese, and I add one more portion every time.
13438	中外	這是中外聞名的景點。	This is a famous attraction at home and abroad.
13439	中外	故宮博物院每年都吸引許多中外遊客前來參觀。	The National Palace Museum draws many visitors from Taiwan and abroad every year.
13440	免疫	我對花粉免疫。	I'm immune to pollen.
13441	免疫	睡眠不足會降低免疫力，讓人比較容易感冒。	Lack of sleep lowers immunity and makes people catch colds more easily.
13442	卡拉	我們去唱卡拉OK。	Let's go sing karaoke.
13443	卡拉	朋友生日那天，我們整班人包了一間卡拉OK，唱到半夜。	On my friend's birthday our whole group rented a karaoke room and sang until midnight.
13444	埋	狗把骨頭埋起來。	The dog buried the bone.
13445	埋	我們把種子埋進土裡，每天澆水，希望它快點發芽。	We buried the seeds in the soil and water them every day, hoping they sprout soon.
13446	富裕	他們的生活很富裕。	They live a well-off life.
13447	富裕	她出生在一個富裕的家庭，卻從來不浪費。	She was born into a well-off family but never wastes anything.
13448	怎麼回事	這是怎麼回事？	What's going on here?
13449	怎麼回事	電腦怎麼突然關機了？到底是怎麼回事啊？	Why did the computer shut down suddenly? What on earth is going on?
13450	推測	我推測他不會來。	I guess he won't come.
13451	推測	根據現場的痕跡，警方推測小偷是從後門進來的。	Based on traces at the scene, the police conjecture that the thief came in from the back door.
13452	有助於	運動有助於睡眠。	Exercise helps sleep.
13453	有助於	多讀書有助於提升表達能力，也能增加知識。	Reading more helps improve expressive ability and also adds knowledge.
13454	法學	他念法學院。	He studies at law school.
13455	法學	她大學主修法學，畢業後打算參加律師考試。	She majored in law in university and plans to take the bar exam after graduation.
13456	特務	他是個特務。	He is a spy.
13457	特務	這部老電影講的是一名特務潛入敵國的故事。	This old film is about a spy infiltrating an enemy country.
13458	稿	我在寫稿。	I'm writing a draft.
13459	稿	記者正在趕稿，必須在下午五點之前交給編輯。	The reporter is rushing a story and must hand it to the editor before five p.m.
13460	苦難	他經歷了許多苦難。	He has been through great suffering.
13461	苦難	她經歷過戰爭的苦難，因此特別珍惜現在的和平生活。	She went through the suffering of war, so she especially treasures her peaceful life now.
13462	變形	鐵門變形了。	The iron gate is deformed.
13463	變形	這個塑膠杯用熱水泡過以後就變形了，不能再用了。	This plastic cup warped after soaking in hot water and can't be used anymore.
13464	還給	我把書還給你。	I'll return the book to you.
13465	還給	借了朋友的傘，記得下次見面還給他，免得他沒傘用。	Remember to give back the umbrella you borrowed from your friend next time so he won't be without one.
13466	雷達	機場有雷達。	The airport has radar.
13467	雷達	氣象局的雷達顯示，雨雲正從海上向台灣移動。	The weather bureau's radar shows rain clouds moving from the sea toward Taiwan.
13468	中學生	他是中學生。	He is a middle school student.
13469	中學生	許多中學生放學後都要去補習班，到晚上九點才回家。	Many middle schoolers go to cram school after class and only come home at nine p.m.
13470	全書	請看全書。	Please read the whole book.
13471	全書	這本小說全書共有二十章，我花了兩個禮拜才看完。	This novel has twenty chapters in total, and it took me two weeks to read.
13472	反對派	反對派提出質疑。	The opposition raised questions.
13473	反對派	反對派在議會上發言，要求政府重新考慮這項計畫。	The opposition faction spoke in parliament, asking the government to reconsider this plan.
13474	外語	我在學外語。	I'm learning a foreign language.
13475	外語	會說多國外語的人，在旅遊或工作上都會比較有優勢。	People who speak several foreign languages have an advantage in travel and work.
13476	小夥子	這個小夥子很有禮貌。	This young fellow is very polite.
13477	小夥子	那個小夥子每天一大早就幫忙擺攤，賣早餐給上班族。	That young man helps set up the stall every morning, selling breakfast to office workers.
13478	必需	水是必需品。	Water is a necessity.
13479	必需	旅行時，護照是必需的證件，千萬不要忘記帶。	When travelling, a passport is an essential document, so never forget to take it.
13480	摩托車	他騎摩托車。	He rides a motorbike.
13481	摩托車	在歐洲旅行時，我們租了一台摩托車，沿著海岸慢慢騎。	When travelling in Europe we rented a motorcycle and rode slowly along the coast.
13482	校對	請幫我校對。	Please proofread this for me.
13483	校對	文章寄出之前，我請朋友幫忙校對，確認沒有錯字。	Before sending off the article, I asked a friend to proofread it and make sure there were no typos.
13484	混凝土	牆壁是混凝土做的。	The walls are made of concrete.
13485	混凝土	工人在馬路上灌混凝土，要等一天才會乾。	Workers are pouring concrete on the road, which takes a day to dry.
13486	發電廠	這裡有發電廠。	There's a power plant here.
13487	發電廠	新建的發電廠使用風力，不會產生污染，附近居民也比較放心。	The newly built power plant uses wind power and produces no pollution, so nearby residents feel safer.
13488	經由	你可以經由這條路過去。	You can go there via this road.
13489	經由	經由朋友的介紹，我找到了現在這份工作。	Through a friend's introduction, I found my current job.
13490	行情	現在的行情如何？	How is the market now?
13491	行情	最近蔬菜的行情很好，農民今年賺了不少錢。	Vegetable prices have been good lately, and farmers earned quite a bit this year.
13492	輔導	老師輔導學生。	The teacher counsels students.
13493	輔導	學校請了心理師來輔導壓力大的同學，讓他們有人可以聊聊。	The school invited a counselor to guide students under great pressure so they have someone to talk to.
13494	防衛	國防是為了防衛國家。	National defence is to defend the country.
13495	防衛	球隊的防衛很穩，對手一整場比賽都沒有得分。	The team's defence is solid, and the opponent didn't score the whole game.
13496	一口氣	他一口氣喝完。	He drank it all in one breath.
13497	一口氣	我一口氣爬了五層樓，到了教室氣喘吁吁。	I climbed five floors in one go and reached the classroom panting.
13498	亭	公園裡有一座涼亭。	There is a pavilion in the park.
13499	亭	爬山累了，我們在涼亭裡休息，順便吃了帶來的水果。	Tired from climbing, we rested in a pavilion and ate the fruit we'd brought.
13500	傾	她把水傾倒出來。	She poured out the water.
13501	傾	這座塔因為地基不穩，慢慢傾斜了，所以需要整修。	The tower gradually leaned because the foundation was unstable and needs renovation.
13502	勝過	他勝過所有人。	He outdoes everyone.
13503	勝過	這家店的蛋糕比別家好吃，品質遠遠勝過其他店。	This shop's cakes taste better than other places, with quality far surpassing other shops.
13504	呦	呦，你來啦！	Oh, you're here!
13505	呦	呦，這不是好久不見的老同學嗎？你變了好多喔。	Oh, isn't this my old classmate I haven't seen in ages? You've changed so much.
13506	外交部長	外交部長來了。	The foreign minister has arrived.
13507	外交部長	外交部長今天在記者會上說明了台灣與友邦的合作計畫。	The foreign minister explained at a press conference today Taiwan's cooperation plans with its allies.
13508	定價	定價是多少？	What is the listed price?
13509	定價	這本書的定價是三百五十元，網路書店有打八折。	This book's list price is 350 dollars, and the online bookstore gives a 20% discount.
13510	座談會	明天有座談會。	There's a symposium tomorrow.
13511	座談會	圖書館舉辦了一場座談會，邀請作家與讀者面對面交流。	The library held a symposium inviting authors to exchange with readers face to face.
13512	戳	不要戳我。	Don't poke me.
13513	戳	他用手指戳了戳氣球，結果它啪的一聲破了。	He poked the balloon with his finger and it burst with a pop.
13514	揮	他向我揮手。	He waved to me.
13515	揮	看到火車開動，她站在月台上不斷揮手，直到看不見為止。	When the train started moving, she kept waving on the platform until it was out of sight.
13516	晉	他晉升了。	He was promoted.
13517	晉	球隊一路晉級到決賽，球迷在場外興奮地唱歌。	The team advanced all the way to the final, and fans sang excitedly outside the venue.
13518	檢討	我要檢討自己。	I need to reflect on myself.
13519	檢討	比賽輸了之後，教練召集大家一起檢討哪裡出了問題。	After losing the match, the coach called everyone together to review what went wrong.
13520	游擊隊	游擊隊躲在山裡。	The guerrillas hide in the mountains.
13521	游擊隊	歷史課本提到，游擊隊常常在晚上攻擊補給線，讓敵人很頭痛。	The history textbook mentions that guerrillas often attacked supply lines at night, which gave the enemy a headache.
13522	生前	他生前很善良。	He was kind in life.
13523	生前	阿公生前最愛種花，現在院子裡還開著他種的玫瑰。	Grandpa loved growing flowers while alive, and the roses he planted still bloom in the yard.
13524	禱告	他每天禱告。	He prays every day.
13525	禱告	在教堂裡，大家低頭禱告，為生病的朋友祈福。	In church everyone bowed their heads in prayer, praying for friends who were ill.
13526	總有	總有一天會成功。	One day you will succeed.
13527	總有	人生總有低潮，總有一天，你會看到雨後的彩虹。	Life always has low points, and some day you will see the rainbow after rain.
13528	落地	飛機安全落地了。	The plane landed safely.
13529	落地	廣告牌被強風吹落地面，路人都被嚇了一跳。	The billboard was blown to the ground by the strong wind, startling passers-by.
13530	議長	議長宣布開會。	The speaker declared the meeting open.
13531	議長	議長敲下木槌，宣布本次議案通過，議員們紛紛鼓掌。	The speaker struck the gavel and declared the motion passed, and the legislators applauded.
13532	遍布	朋友遍布各地。	Friends are spread everywhere.
13533	遍布	這家連鎖咖啡店遍布全台，連小鎮上也看得到。	This coffee chain is found all over Taiwan, even in small towns.
13534	電子書	我在讀電子書。	I'm reading an e-book.
13535	電子書	出遠門時，我會帶電子書閱讀器，一台就能裝好幾百本書。	When going far, I bring an e-reader that holds hundreds of books.
13536	黎明	黎明時天空很美。	The sky is beautiful at dawn.
13537	黎明	我們在黎明前出發，要趕在日出時抵達山頂。	We set off before dawn to reach the summit by sunrise.
13538	存錢	我想存錢。	I want to save money.
13539	存錢	為了明年的旅行，我每個月固定存錢三千塊。	For next year's trip, I save three thousand dollars regularly each month.
13540	準時	請準時到。	Please arrive on time.
13541	準時	火車準時到站，大家都很開心沒有遲到。	The train arrived on time and everyone was glad not to be late.
13542	課本	把課本拿出來。	Take out your textbook.
13543	課本	新學期的課本一發下來，我就先把名字寫在封面上。	As soon as the new semester's textbooks were handed out, I wrote my name on the cover.
13544	小聲	請小聲一點。	Please keep your voice down.
13545	小聲	圖書館裡大家都小聲說話，免得吵到別人看書。	In the library everyone speaks softly so as not to disturb others reading.
13546	了	我吃了早餐才出門。	I left home after eating breakfast.
13547	了	天氣變冷了,記得多穿一件外套喔。	It's gotten cold, so remember to wear an extra jacket.
13548	了	我昨天買了一台新手機。	I bought a new phone yesterday.
13549	了	天氣變冷了，出門記得多穿一件外套喔。	It's gotten cold, so remember to wear a jacket when you go out.
13550	把	請把門關上。	Please close the door.
13551	把	我把手機放在桌上,結果就找不到了。	I put my phone on the table, and then I couldn't find it.
13552	把	請把門關上。	Please close the door.
13553	把	我把手機放在桌上，結果找了半天都找不到。	I put my phone on the table, but then searched for ages and couldn't find it.
13554	啊	哇,好漂亮啊!	Wow, how pretty!
13555	啊	啊,我忘了帶鑰匙,現在怎麼辦?	Ah, I forgot my keys. What do I do now?
13556	啊	啊！我忘了帶錢包！	Ah! I forgot my wallet!
13557	啊	啊，原來你也住在這附近，真巧耶！	Oh, so you live around here too. What a coincidence!
13558	一起	我們一起吃飯吧。	Let's eat together.
13559	一起	週末我想跟朋友一起去爬山,你要不要也來?	This weekend I want to go hiking with friends. Do you want to come too?
13560	一起	我們一起吃午餐吧。	Let's have lunch together.
13561	一起	下班後要不要跟同事一起去吃火鍋？	Want to go eat hot pot with your coworkers after work?
13562	問	我想問一個問題。	I'd like to ask a question.
13563	問	你可以幫我問一下老師,明天的考試考哪些範圍嗎?	Could you ask the teacher for me what the exam covers tomorrow?
13564	問	我想問一個問題。	I'd like to ask a question.
13565	問	不知道路的話，可以問一下路邊的店員。	If you don't know the way, you can ask a clerk at a nearby shop.
13566	道	這條道路很窄。	This road is very narrow.
13567	道	他向我道歉,我也不好意思再生氣了。	He apologized to me, so I felt bad about staying angry.
13568	每	我每天都喝水。	I drink water every day.
13569	每	每次下大雨,巷口的馬路都會淹水,大家都很頭痛。	Every time it rains heavily, the road at the end of the alley floods, and everyone hates it.
13570	分析	我來分析一下原因。	Let me analyze the cause.
13571	分析	老師要我們分析這篇新聞的內容,並寫出自己的看法。	The teacher wants us to analyze the content of this news article and write down our own opinions.
13572	殺	廚師正在殺魚。	The chef is gutting a fish.
13573	殺	夏天蚊子很多,我們在房間裡噴了殺蟲劑。	There are lots of mosquitoes in summer, so we sprayed insecticide in the room.
13574	兒子	我有一個兒子。	I have a son.
13575	兒子	我兒子每天放學都先去補習班,晚上八點才回家。	My son goes to cram school after school every day and doesn't get home until eight.
13576	父親	我父親是工程師。	My father is an engineer.
13577	父親	父親節那天,我們全家一起去餐廳幫父親慶祝。	On Father's Day, our whole family went to a restaurant to celebrate with my father.
13578	儘管	儘管下雨,他還是去跑步。	Even though it was raining, he still went running.
13579	儘管	儘管工作很忙,她每週還是會抽時間陪孩子。	Despite her busy work, she still makes time every week for her kids.
13580	承認	我承認是我的錯。	I admit it was my fault.
13581	承認	他很快就承認自己遲到了,還主動請大家吃飲料。	He quickly admitted he was late and even treated everyone to drinks.
13582	終於	我終於做完了。	I finally finished.
13583	終於	等了三個月,新手機終於到貨了,我馬上拆開來用。	After waiting three months, the new phone finally arrived, and I opened it right away.
13584	體育	我最喜歡上體育課。	I like PE class best.
13585	體育	學校下週要舉辦體育課的測驗,內容是跑步和跳遠。	The school will hold a PE test next week, consisting of running and long jump.
13586	團體	我們是一個志工團體。	We are a volunteer group.
13587	團體	參加團體旅遊的話,導遊會幫你安排好所有行程。	If you join a group tour, the guide arranges the whole itinerary for you.
13588	王	獅子是森林之王。	The lion is the king of the forest.
13589	王	這個國家的國王很受人民愛戴。	The king of this country is much loved by his people.
13590	銷售	這款手機銷售得很好。	This phone model is selling very well.
13591	銷售	她在電子公司做銷售,每個月都要拜訪不少客戶。	She works in sales at an electronics company and visits quite a few clients each month.
13592	六	我有六本書。	I have six books.
13593	六	我們約在六點半,地點在公司對面的餐廳。	We're meeting at six thirty at the restaurant across from the office.
13594	工人	工人正在蓋房子。	The workers are building a house.
13595	工人	這些工人從早上六點開始工作,中午才休息一下。	These workers start at six in the morning and only take a break at noon.
13596	核心	這是問題的核心。	This is the core of the problem.
13597	核心	這個小組是公司的核心團隊,負責研發新產品。	This group is the company's core team and is responsible for developing new products.
13598	興趣	我對音樂有興趣。	I'm interested in music.
13599	興趣	我的興趣是烤蛋糕,週末常常在家試新的食譜。	My hobby is baking cakes, and I often try new recipes at home on weekends.
13600	難以	這件事難以相信。	This is hard to believe.
13601	難以	她突然辭職的原因,實在讓人難以理解。	The reason for her sudden resignation is truly hard to understand.
13602	城鎮	這是個安靜的城鎮。	This is a quiet town.
13603	城鎮	沿著海岸開車,可以經過好幾個小城鎮。	Driving along the coast, you pass through several small towns.
13604	想法	你有什麼想法?	What do you think?
13605	想法	我對這份工作的想法跟你不一樣,所以還要再考慮。	My thoughts on this job differ from yours, so I need to think more.
13606	生態	這裡的生態很豐富。	The ecology here is very rich.
13607	生態	政府為了保護濕地的生態,禁止遊客餵食野生動物。	To protect the wetland ecology, the government bans visitors from feeding wild animals.
13608	趨勢	這是新趨勢。	This is a new trend.
13609	趨勢	年輕人晚婚的趨勢越來越明顯,讓不少家長很著急。	The trend of young people marrying late is increasingly clear, worrying many parents.
13610	保險	我買了旅遊保險。	I bought travel insurance.
13611	保險	每個月的保險費很貴,所以我正在比較幾家公司的方案。	The monthly insurance premium is expensive, so I'm comparing plans from several companies.
13612	外交	他在外交部工作。	He works at the Ministry of Foreign Affairs.
13613	外交	外交官的工作,是在國外代表國家與別的國家交流。	A diplomat's job is to represent the country abroad and engage with other countries.
13614	成就	他很有成就。	He has accomplished a lot.
13615	成就	看到孩子考上理想的學校,是她最大的成就感。	Seeing her child get into the school of his dreams is her greatest sense of achievement.
13616	溝通	我們要多溝通。	We need to communicate more.
13617	溝通	很多誤會都是因為沒有好好溝通,說清楚就沒事了。	Many misunderstandings come from not communicating well; once it's explained, it's fine.
13618	聲	外面有聲音。	There's a sound outside.
13619	聲	她聲音很好聽,我聽了一聲就知道是她打來的。	Her voice is lovely; I knew it was her calling as soon as I heard a word.
13620	週年	今天是結婚週年。	Today is our wedding anniversary.
13621	週年	為了慶祝開店三週年,本店全面八折,歡迎大家來逛逛。	To celebrate our shop's third anniversary, everything is 20 percent off. Come take a look.
13622	你好	你好,請問怎麼稱呼?	Hello, may I ask your name?
13623	你好	你好,我想問一下這附近哪裡有郵局?	Hello, I'd like to ask where the post office is around here.
13624	圈	把小雞圈在籬笆裡。	Pen the chicks inside the fence.
13625	圈	農夫每天晚上都把羊圈起來,以免被野狗咬傷。	Every night the farmer pens the sheep so wild dogs won't hurt them.
13626	慶祝	我們去慶祝吧!	Let's go celebrate!
13627	慶祝	同學們幫老師準備了蛋糕,慶祝他的生日。	The students prepared a cake for the teacher to celebrate his birthday.
13628	浪費	不要浪費水。	Don't waste water.
13629	浪費	為了避免浪費食物,餐廳讓客人自己選擇飯量。	To avoid wasting food, the restaurant lets customers choose their own portion of rice.
13630	而言	對我而言,家人最重要。	To me, family is the most important thing.
13631	而言	就台灣的夏天而言,這樣的溫度已經算很普通了。	As far as Taiwan's summer goes, this temperature is already quite ordinary.
13632	途徑	有很多途徑。	There are many ways.
13633	途徑	透過網路是找到工作的途徑之一,不少人都這麼做。	Going online is one way to find a job, and many people do it.
13634	互動	老師常和學生互動。	The teacher often interacts with students.
13635	互動	這個遊戲的互動性很高,小朋友玩起來一點也不無聊。	This game is highly interactive, so kids never get bored playing it.
13636	劃分	請劃分工作範圍。	Please divide up the scope of work.
13637	劃分	公司把工作劃分成三個部分,由三位同事分別負責。	The company divided the work into three parts, each handled by a different coworker.
13638	夏天	夏天很熱。	Summer is hot.
13639	夏天	台灣的夏天又濕又熱,所以大家都喜歡吃剉冰。	Taiwan's summers are humid and hot, so everyone loves shaved ice.
13640	廢除	這條規定要廢除。	This rule should be abolished.
13641	廢除	議會討論了很久,最後決定廢除這項過時的法律。	After long discussion, the council finally decided to abolish this outdated law.
13642	效應	這是一種新效應。	This is a new effect.
13643	效應	溫室效應讓全球氣溫上升,對環境造成很大的影響。	The greenhouse effect is raising global temperatures and greatly affecting the environment.
13644	無數	天上有無數星星。	There are countless stars in the sky.
13645	無數	無數的遊客每年來到這座老街,品嘗各種道地的小吃。	Countless visitors come to this old street each year to sample all kinds of authentic snacks.
13646	維	請維持安靜。	Please keep quiet.
13647	維	這台機車需要定期維修,不然很容易在路上出問題。	This scooter needs regular maintenance or it easily breaks down on the road.
13648	譴責	大家都譴責這種行為。	Everyone condemns this behavior.
13649	譴責	多個團體發表聲明,譴責對動物的暴力行為。	Several groups issued statements condemning violence against animals.
13650	闆	老闆在嗎?	Is the boss in?
13651	闆	這家店的老闆娘很親切,每次都會多送我一點小菜。	The owner's wife at this shop is warm and gives me an extra side dish each time.
13652	依照	請依照說明書做。	Please follow the instructions.
13653	依照	依照醫生的建議,他每天早上都散步半小時。	Following the doctor's advice, he takes a half-hour walk every morning.
13654	友誼	我們的友誼很深。	Our friendship runs deep.
13655	友誼	十幾年的友誼,不是一次吵架就能破壞的。	A friendship of more than ten years can't be ruined by a single quarrel.
13656	尊嚴	每個人都有尊嚴。	Everyone has dignity.
13657	尊嚴	他寧願辛苦一點,也不想放棄自己的尊嚴去求人。	He would rather work harder than give up his dignity to beg others.
13658	推翻	新證據推翻了他的說法。	The new evidence overturned his account.
13659	推翻	居民們推翻了原本的決議,決定重新投票。	The residents overturned the original resolution and decided to vote again.
13660	沉默	他一直保持沉默。	He kept silent.
13661	沉默	大家都沉默了一會兒,沒有人知道該怎麼回答這個問題。	Everyone fell silent for a moment, and no one knew how to answer the question.
13662	瞧	你瞧,下雪了!	Look, it's snowing!
13663	瞧	讓我瞧瞧你的作業寫得怎麼樣,有沒有寫錯的地方。	Let me take a look at your homework and see if there are any mistakes.
13664	花園	我家有一個小花園。	My home has a small garden.
13665	花園	奶奶在後院的花園種了玫瑰,春天一到就開滿了花。	Grandma planted roses in the back garden, and they bloom all over when spring comes.
13666	透明	杯子是透明的。	The cup is transparent.
13667	透明	預算公開透明,大家才會放心把錢交給這個團體。	With open and transparent budgets, people will feel safe entrusting money to this group.
13668	三次	我去過三次。	I've been three times.
13669	三次	這個月我已經遲到三次了,再遲到就要被扣薪水了。	I've been late three times this month, and one more time my pay will be docked.
13670	冷靜	請你冷靜一點。	Please calm down.
13671	冷靜	遇到緊急狀況時,冷靜思考比慌張亂跑更有用。	In an emergency, calm thinking is more useful than panicking and running about.
13672	喝酒	爸爸不喝酒。	Dad doesn't drink alcohol.
13673	喝酒	喝酒之後不能開車,這是大家都應該知道的規定。	You must not drive after drinking, a rule everyone should know.
13674	實質	這是實質幫助。	This is real help.
13675	實質	新政策看起來很好,但對民眾沒有實質的幫助。	The new policy looks good but brings no real help to the public.
13676	應付	我應付得來。	I can cope.
13677	應付	期末考快到了,我得想辦法應付這麼多報告。	Finals are coming, so I need a way to cope with so many reports.
13678	時機	現在不是好時機。	Now is not a good time.
13679	時機	做生意要把握時機,太早或太晚進場都不容易成功。	In business you must seize the right moment, since entering too early or too late is hard to succeed.
13680	沙漠	沙漠裡很乾。	It's very dry in the desert.
13681	沙漠	駱駝在沙漠裡可以很多天不喝水,真是不可思議。	Camels can go many days without water in the desert, which is amazing.
13682	獨	他一個人獨自在家。	He's home alone.
13683	獨	她獨自一人旅行,卻交了很多朋友,玩得很開心。	She traveled alone but made lots of friends and had a great time.
13684	移	請把椅子移一下。	Please move the chair a bit.
13685	移	我要把這個檔案移到另一個資料夾,這樣比較好找。	I'm going to move this file to another folder so it's easier to find.
13686	自行車	他騎自行車上班。	He bikes to work.
13687	自行車	週末的河濱公園有很多人騎自行車,還有人帶著狗一起運動。	On weekends there are many cyclists in the riverside park, and some exercise with their dogs.
13688	走出	他走出了房間。	He walked out of the room.
13689	走出	走出捷運站,迎面而來的是一陣熱氣,大家都忍不住皺眉。	Stepping out of the MRT station, a wave of heat hit us and we all frowned.
13690	院校	他在院校任教。	He teaches at a college.
13691	院校	各院校今年都增加了獎學金名額,鼓勵學生努力念書。	Colleges have added scholarship places this year to encourage students to study hard.
13692	一點點	我只要一點點。	I only want a little bit.
13693	一點點	湯裡可以再加一點點鹽,味道會更好。	You can add just a little more salt to the soup to make it taste better.
13694	內外	房子內外都很乾淨。	The house is clean inside and out.
13695	內外	春節前夕,車站內外擠滿了回鄉的人,非常熱鬧。	On the eve of Lunar New Year, the inside and outside of the station were packed with people heading home.
13696	哈哈	哈哈,太好笑了!	Haha, that's so funny!
13697	哈哈	他說了一個笑話,大家哈哈大笑,氣氛一下子輕鬆起來。	He told a joke, everyone burst out laughing, and the mood instantly lightened.
13698	存儲	手機的存儲空間不夠了。	My phone's storage space is running out.
13699	存儲	資料都存儲在雲端,所以換手機之後也不會不見。	The data is all stored in the cloud, so it won't be lost when you change phones.
13700	從中	我從中學到很多。	I learned a lot from it.
13701	從中	這次旅行很辛苦,但我從中學會了如何與人合作。	The trip was tough, but I learned from it how to cooperate with others.
13702	攜帶	請攜帶身分證。	Please carry your ID.
13703	攜帶	搭飛機時,不得攜帶超過一百毫升的液體上機。	When flying, you may not carry on liquids exceeding 100 milliliters.
13704	此刻	此刻我很開心。	At this moment, I'm very happy.
13705	此刻	此刻外面下著大雨,我們只好留在咖啡店裡等雨停。	Right now it's pouring outside, so we have to stay in the cafe until the rain stops.
13706	玉米	我喜歡吃玉米。	I like eating corn.
13707	玉米	夜市裡有人在烤玉米,香味讓路過的人都忍不住停下來。	Someone's grilling corn at the night market, and the smell makes passersby stop.
13708	糧	家裡有糧食。	There's food at home.
13709	糧	颱風前,大家都到超市買糧食和飲用水,貨架一下就空了。	Before the typhoon, everyone went to the supermarket to buy food and drinking water, and the shelves emptied quickly.
13710	行程	明天的行程很滿。	Tomorrow's schedule is full.
13711	行程	這趟旅行的行程是我們一起規劃的,第一天先去海邊。	We planned this trip's itinerary together, starting at the beach on day one.
13712	野蠻	他很野蠻。	He is barbaric.
13713	野蠻	用暴力解決問題是野蠻的行為,我們應該好好溝通。	Solving problems with violence is barbaric; we should communicate properly.
13714	一陣	突然吹來一陣風。	A gust of wind suddenly blew.
13715	一陣	我們聊天時,窗外傳來一陣笑聲,原來是鄰居的小孩在玩。	While we were chatting, a burst of laughter came from outside; it was the neighbor's kids playing.
13716	倡議	他們倡議減塑。	They advocate reducing plastic.
13717	倡議	環保團體倡議全民節約用水,並在各縣市舉辦宣導活動。	Environmental groups called on everyone to save water and held awareness campaigns in many counties.
13718	削弱	這會削弱他的力量。	This will weaken his power.
13719	削弱	長期缺乏睡眠會削弱人的免疫力,讓人容易生病。	Long-term lack of sleep weakens immunity and makes people sick more easily.
13720	商標	這個商標很好看。	This logo looks nice.
13721	商標	公司花了很多錢註冊商標,避免別人用相似的名字賣東西。	The company spent a lot to register a trademark to prevent others from selling things under a similar name.
13722	威力	這顆炸彈威力很大。	This bomb is very powerful.
13723	威力	颱風的威力很驚人,風一吹就把路邊的招牌吹倒了。	The typhoon's force was astonishing; the wind knocked over the roadside signs.
13724	庇護	他得到了庇護。	He was given shelter.
13725	庇護	教會提供庇護所,讓無家可歸的人在寒冷的夜晚有地方住。	The church provides a shelter so the homeless have a place to stay on cold nights.
13726	拘留	他被警察拘留了。	He was detained by the police.
13727	拘留	嫌犯被拘留了二十四小時,警方還在繼續調查。	The suspect was held for twenty-four hours while police continue investigating.
13728	旨在	這項計畫旨在幫助年輕人。	This project aims to help young people.
13729	旨在	這場活動旨在讓民眾了解環保的重要,現場有許多互動遊戲。	This event aims to help the public understand the importance of environmental protection, with many interactive games on site.
13730	歷經	他歷經許多困難。	He went through many hardships.
13731	歷經	這座老廟歷經百年風雨,依然保存得很完整。	Having gone through a hundred years of weather, this old temple remains well preserved.
13732	濟	他想經濟獨立。	He wants to be financially independent.
13733	濟	大水過後,政府發放物資救濟受災的民眾。	After the flood, the government distributed supplies to relieve affected residents.
13734	睡眠	睡眠很重要。	Sleep is important.
13735	睡眠	長期睡眠不足會影響記憶力和心情,所以我晚上十一點就關燈。	Long-term lack of sleep affects memory and mood, so I turn the lights off at eleven.
13736	肥	這隻貓好肥。	This cat is so fat.
13737	肥	農夫替田裡的菜施肥,希望今年的收成能更好。	The farmer fertilizes the vegetables in the field, hoping for a better harvest this year.
13738	訴求	他們提出了訴求。	They made their demands.
13739	訴求	抗議的民眾訴求很簡單,就是希望政府重視老人的照顧問題。	The protesters' demand is simple: they hope the government pays attention to elder care.
13740	迪	老師啟迪我們思考。	The teacher inspired us to think.
13741	迪	這個週末我們想帶孩子去迪士尼玩,他一直吵著要去。	This weekend we want to take the kids to Disney, as they've been begging to go.
13742	附屬	這是附屬醫院。	This is an affiliated hospital.
13743	附屬	這所國小是師範大學的附屬學校,常有實習老師來上課。	This elementary school is affiliated with the normal university, and student teachers often come to teach.
13744	鼻子	我的鼻子很癢。	My nose itches.
13745	鼻子	感冒的時候鼻子一直塞住,晚上都睡不好。	When I have a cold my nose stays blocked and I can't sleep well at night.
13746	倫	這是倫理問題。	This is an ethics issue.
13747	倫	週末全家人聚在一起吃飯聊天,就是我最喜歡的天倫之樂。	Having the whole family gather for dinner and chat on weekends is my favorite family happiness.
13748	動亂	國家陷入動亂。	The country fell into turmoil.
13749	動亂	動亂結束之後,人們慢慢重建家園,生活才逐漸恢復正常。	After the unrest ended, people slowly rebuilt their homes and life gradually returned to normal.
13750	國度	這是一個美麗的國度。	This is a beautiful country.
13751	國度	故事裡的國度有高高的城堡,居民們過著和平的生活。	In the story the kingdom has tall castles and its residents live in peace.
13752	官兵	官兵們正在訓練。	The officers and soldiers are training.
13753	官兵	颱風過後,官兵們協助居民清理街道,獲得大家的感謝。	After the typhoon, officers and soldiers helped residents clear the streets and won everyone's thanks.
13754	建制	這是政府的建制。	This is the government's organizational structure.
13755	建制	公司剛成立的時候,建制還不完整,很多工作都由老闆自己做。	When the company was founded, the structure was incomplete and the boss did much of the work himself.
13756	按鈕	請按這個按鈕。	Please press this button.
13757	按鈕	電梯裡的按鈕壞了,管理員正在處理,請先走樓梯。	The buttons in the elevator are broken and the manager is dealing with it, so please use the stairs.
13758	曉得	我不曉得他在哪裡。	I don't know where he is.
13759	曉得	你曉得這附近哪裡有賣好吃的豆花嗎?我朋友特地問我。	Do you know where around here sells good tofu pudding? My friend asked specially.
13760	永不	我永不放棄。	I will never give up.
13761	永不	他在婚禮上承諾永不分離,兩個人的眼睛都紅了。	At the wedding he vowed never to part, and both of them teared up.
13762	獲利	公司今年獲利很好。	The company made good profits this year.
13763	獲利	這家店獲利不多,但是老闆說只要客人開心就值得了。	This shop doesn't earn much, but the boss says it's worth it as long as customers are happy.
13764	童	孩童在玩耍。	Children are playing.
13765	童	她的童年是在鄉下度過的,每天都和朋友在田裡玩。	She spent her childhood in the countryside, playing in the fields with friends every day.
13766	英尺	他身高六英尺。	He is six feet tall.
13767	英尺	這架飛機正在三萬英尺的高空飛行,機長提醒乘客繫好安全帶。	This plane is cruising at thirty thousand feet, and the captain reminds passengers to fasten their seat belts.
13768	議案	議案已經通過。	The motion has passed.
13769	議案	這項議案在議會討論了三次,最後以多數贊成通過。	This motion was discussed three times in the council and finally passed by majority.
13770	重返	她想重返校園。	She wants to return to school.
13771	重返	受傷休息了半年後,他終於重返球場,讓球迷們非常期待。	After half a year's rest from injury, he finally returned to the court, which fans eagerly awaited.
13772	骨	魚骨很多刺。	Fish bones have many spines.
13773	骨	他跌倒的時候摔傷了骨頭,醫生說要休息六個星期。	He fell and hurt his bone, and the doctor said to rest for six weeks.
13774	乎	他在乎你。	He cares about you.
13775	乎	事情的結果似乎不太理想,不過我們也已經盡力了。	The outcome seems not so ideal, but we've done our best.
13776	借貸	他向銀行借貸。	He borrowed from the bank.
13777	借貸	年輕人買房子常常要向銀行借貸,每個月都要還一筆錢。	Young people buying houses often borrow from banks and repay a sum every month.
13778	刻意	他刻意不說話。	He deliberately kept quiet.
13779	刻意	她刻意早一點出門,避開上班時間的人潮。	She deliberately left home earlier to avoid the rush-hour crowds.
13780	合力	大家合力搬桌子。	Everyone worked together to move the table.
13781	合力	鄰居們合力把倒下的樹搬開,讓救護車順利通過。	The neighbors joined forces to move the fallen tree so the ambulance could pass.
13782	執導	他執導了這部電影。	He directed this film.
13783	執導	這位導演第一次執導電視劇,就獲得了不少好評。	The director got plenty of praise for directing a TV drama for the first time.
13784	嫌疑人	警察抓到了嫌疑人。	The police caught the suspect.
13785	嫌疑人	警方公布了嫌疑人的畫像,呼籲民眾提供線索。	Police released a sketch of the suspect and urged the public to provide leads.
13786	已知	這是已知的事。	This is a known fact.
13787	已知	根據已知的資料,這種病毒主要透過空氣傳播。	According to known data, this virus mainly spreads through the air.
13788	感嘆	他感嘆時間過得真快。	He sighed at how quickly time passes.
13789	感嘆	看到老家變成一棟棟大樓,爺爺感嘆地說:「變化真大啊。」	Seeing his hometown turned into tall buildings, Grandpa sighed, "So much has changed."
13790	排行	他在家排行老二。	He is the second child in the family.
13791	排行	這首歌在排行榜上連續三週拿到第一名,大街小巷都在放。	This song has stayed at number one on the chart for three weeks and plays everywhere.
13792	文集	他出版了一本文集。	He published a collection of writings.
13793	文集	這本文集收錄了作者三十年來寫的文章,從年輕寫到老。	This anthology collects the author's writings over thirty years, from youth to old age.
13794	樂意	我很樂意幫忙。	I'm happy to help.
13795	樂意	只要你需要,我隨時樂意陪你去醫院做檢查。	As long as you need me, I'm glad to accompany you to the hospital for checkups.
13796	消極	他態度很消極。	His attitude is very passive.
13797	消極	遇到困難不要消極,試著找朋友聊聊,也許會有新的想法。	Don't be negative when you meet difficulties; try talking to friends, who may offer new ideas.
13798	猛烈	風雨很猛烈。	The wind and rain are fierce.
13799	猛烈	颱風帶來猛烈的風雨,不少樹木被連根拔起。	The typhoon brought fierce wind and rain, uprooting many trees.
13800	確診	他確診了。	He was confirmed positive.
13801	確診	醫院昨天確診了三個病例,所有接觸者都要居家隔離。	The hospital confirmed three cases yesterday, and all contacts must self-isolate at home.
13802	經貿	兩國經貿關係很密切。	The two countries' economic and trade ties are close.
13803	經貿	這場經貿論壇邀請了多位企業代表,討論未來合作的機會。	The economic and trade forum invited many business representatives to discuss future cooperation.
13804	舊址	這是學校舊址。	This is the school's old site.
13805	舊址	這間咖啡廳在老郵局的舊址,保留了一些古老的磚牆。	This cafe is on the old post office site and kept some of its ancient brick walls.
13806	誇	大家都誇他聰明。	Everyone praises him as smart.
13807	誇	你別誇我了,我只是運氣好而已,真的沒有那麼厲害啦。	Stop praising me. I was just lucky, really not that good.
13808	農田	農田裡種著稻米。	Rice is planted in the farmland.
13809	農田	雨季過後,農田一片綠油油,吸引了不少攝影愛好者。	After the rainy season, the farmland is lush green, attracting many photography lovers.
13810	陸地	船終於靠近陸地。	The ship finally approached land.
13811	陸地	經過三天的海上航行,看到遠處的陸地時,大家都歡呼起來。	After three days at sea, everyone cheered on seeing land in the distance.
13812	體質	我體質比較弱。	My constitution is rather weak.
13813	體質	有些人體質容易過敏,春天一到就一直打噴嚏。	Some people are prone to allergies and keep sneezing once spring comes.
13814	大有	這次旅行大有收穫。	This trip was very rewarding.
13815	大有	他這次的表現大有進步,老師特別在班上稱讚他。	His performance improved greatly this time, and the teacher praised him in class.
13816	水壺	我帶了一個水壺。	I brought a water bottle.
13817	水壺	爬山的時候一定要帶水壺,而且要多帶一點,以免脫水。	Always bring a water bottle when hiking, and extra, to avoid dehydration.
13818	請假	我明天要請假。	I'm taking leave tomorrow.
13819	請假	他感冒發燒,今天請假一天,醫生要他在家休息。	He has a cold and fever, took today off, and the doctor told him to rest at home.
13820	很多	這裡很多人。	There are many people here.
13821	很多	夜市裡有很多好吃的東西,我每次都不知道該先吃哪一個。	The night market has so much good food that I never know which to eat first.
13822	瞭	我還不太瞭解這個規定。	I don't quite understand this rule yet.
13823	瞭	老師畫了一張圖之後，大家就一目瞭然了。	After the teacher drew a diagram, it was all clear at a glance.
13824	時	下課時我都去操場走走。	I go for a walk on the field at break time.
13825	時	出門時記得帶鑰匙，不然進不了家門喔。	Remember your keys when you head out, or you won't be able to get back in.
13826	噹	鐘聲「噹」地響了一下。	The bell went "dong" once.
13827	噹	門鈴噹噹地響，是外送員來了。	The doorbell went ding-dong; the delivery guy was here.
13828	通過	她通過了駕照考試。	She passed her driving test.
13829	通過	這項新法案昨天在立法院三讀通過，下個月開始實施。	The new bill passed its third reading in the Legislative Yuan yesterday and takes effect next month.
13830	內容	這本書的內容很有趣。	The content of this book is interesting.
13831	內容	請先看完簡報內容，再告訴我你有什麼意見。	Please go through the slides first, then tell me what you think.
13832	許多	許多人喜歡週末睡晚一點。	Many people like to sleep in on weekends.
13833	許多	這座公園裡有許多老樹，夏天特別涼快。	This park has many old trees, so it's especially cool in summer.
13834	有些	有些菜我不敢吃。	There are some dishes I don't dare eat.
13835	有些	我有些累了，想先回家休息，你們繼續逛吧。	I'm a bit tired and want to head home to rest; you guys keep shopping.
13836	來自	她來自台南。	She comes from Tainan.
13837	來自	這道菜的靈感來自我阿嬤的家常味。	The idea for this dish comes from my grandma's home cooking.
13838	書	我在圖書館借了三本書。	I borrowed three books from the library.
13839	書	週末我喜歡窩在家裡看書，順便喝杯熱茶。	On weekends I like to stay home reading with a cup of hot tea.
13840	今年	今年夏天特別熱。	This summer is especially hot.
13841	今年	今年我打算帶爸媽去花蓮玩幾天。	This year I plan to take my parents to Hualien for a few days.
13842	權利	你有選擇的權利。	You have the right to choose.
13843	權利	租客的權利受到法律保護，房東不能隨便漲租。	Tenants' rights are protected by law; landlords can't just raise the rent.
13844	來源	這個消息的來源是什麼？	What's the source of this news?
13845	來源	這條新聞沒有說明資料來源，所以我不太敢相信。	This story doesn't state where its information came from, so I'm hesitant to believe it.
13846	形式	這次考試是筆試的形式。	This exam is in written format.
13847	形式	婚禮的形式可以簡單一點，重點是大家都開心。	The wedding format can be simpler; what matters is that everyone's happy.
13848	空間	這間套房空間太小了。	This studio is too small.
13849	空間	我們把雜物收起來，客廳就多出不少活動空間。	When we put the clutter away, the living room gained a lot of room to move.
13850	電視	我在看電視。	I'm watching TV.
13851	電視	晚上我媽喜歡看電視劇，我爸則喜歡看新聞。	In the evening my mom likes TV dramas, while my dad likes the news.
13852	商業	這條街是商業區。	This street is a commercial district.
13853	商業	新的商業大樓下個月開幕，一樓有很多餐廳。	The new commercial building opens next month, with lots of restaurants on the first floor.
13854	治療	醫生正在治療他的腳傷。	The doctor is treating his foot injury.
13855	治療	牙齒的治療要分好幾次，每次大概一個小時。	The dental treatment takes several visits, about an hour each.
13856	鄉	我住在鄉下。	I live in the countryside.
13857	鄉	鄉公所下個月辦理健康檢查，歡迎民眾報名。	The township office is holding health checkups next month; residents are welcome to sign up.
13858	優秀	他是個優秀的學生。	He's an outstanding student.
13859	優秀	公司表揚了幾位優秀員工，每人拿到一份獎金。	The company honored several outstanding employees, each receiving a bonus.
13860	專門	這家店專門賣茶葉。	This shop specializes in tea leaves.
13861	專門	他專門負責處理客人的投訴，經驗很豐富。	He deals specifically with customer complaints and has lots of experience.
13862	有限公司	他在一家有限公司上班。	He works at a limited company.
13863	有限公司	這家有限公司成立十年了，主要做網路行銷。	This limited company has been around for ten years, mainly doing online marketing.
13864	舊	這雙鞋太舊了。	These shoes are too old.
13865	舊	我想把舊手機賣掉，再換一支新的。	I want to sell my old phone and get a new one.
13866	雲	天上有很多雲。	There are lots of clouds in the sky.
13867	雲	烏雲慢慢飄過來，看起來快下雨了。	Dark clouds are drifting over; it looks like rain is coming.
13868	吸引	音樂吸引了他的注意。	The music caught his attention.
13869	吸引	新開的咖啡廳靠著特別的裝潢，吸引了不少年輕客人。	The new cafe draws many young customers with its distinctive decor.
13870	心理	他的心理壓力很大。	He's under a lot of psychological pressure.
13871	心理	做這個選擇之前，先做好心理準備喔。	Before making this choice, prepare yourself mentally.
13872	清	這條河的水很清。	The water in this river is clear.
13873	清	週末我把房間徹底清了一遍，丟掉很多舊東西。	On the weekend I thoroughly cleaned my room and threw out a lot of old things.
13874	論	大家一起討論吧。	Let's discuss it together.
13875	論	他寫了一篇論文，討論網路對年輕人的影響。	He wrote a paper discussing the influence of the internet on young people.
13876	他人	請尊重他人。	Please respect others.
13877	他人	不要隨便打聽他人的私事，這樣很不禮貌。	Don't pry into other people's private affairs; it's rude.
13878	地震	昨晚有地震。	There was an earthquake last night.
13879	地震	地震的時候，要先躲到桌子底下保護頭部。	During an earthquake, first hide under a table and protect your head.
13880	想起	我想起一件事。	I just thought of something.
13881	想起	看到這張老照片，我想起了小時候的暑假。	Seeing this old photo reminded me of summers from my childhood.
13882	沖	我想沖杯熱可可。	I'd like to make a cup of hot cocoa.
13883	沖	洗完澡之後，記得把地板的泡沫沖乾淨。	After you shower, remember to rinse the foam off the floor.
13884	總結	請總結一下重點。	Please sum up the key points.
13885	總結	會議結束前，主席總結了今天討論的幾項決議。	Before the meeting ended, the chair summed up the resolutions discussed today.
13886	輸	我們隊輸了。	Our team lost.
13887	輸	這場比賽輸得很可惜，我們只差一分。	We lost this game and it's a pity; we were only one point short.
13888	享有	公民享有言論自由。	Citizens enjoy freedom of speech.
13889	享有	會員可享有九折優惠，還能累積點數。	Members get a ten percent discount and can earn points too.
13890	器	冰箱是家用電器。	A fridge is a household appliance.
13891	器	這個機器的零件壞了，要請師傅來修理。	A part of this machine is broken, so we need a technician to repair it.
13892	怪	這個味道好奇怪。	This smell is so odd.
13893	怪	最近機器常發出怪聲，我怕是哪裡壞了。	The machine has been making odd noises lately; I'm afraid something's broken.
13894	氣候	台灣的氣候很潮濕。	Taiwan's climate is very humid.
13895	氣候	全球氣候變遷讓夏天越來越熱，也讓颱風更強。	Global climate change makes summers hotter and typhoons stronger.
13896	經理	經理在開會。	The manager is in a meeting.
13897	經理	新來的經理很好溝通，大家有問題都敢直接找他。	The new manager is easy to talk to, and everyone dares to approach him directly.
13898	通訊	他用通訊軟體傳訊息。	He sends messages with a messaging app.
13899	通訊	山區的通訊不太穩定，有時候手機完全沒有訊號。	Communications in the mountains are unstable, and sometimes the phone has no signal at all.
13900	人工	這是人工做的。	This is handmade.
13901	人工	這家店的麵包都是人工製作，不加防腐劑。	The bread at this shop is all made by hand, with no preservatives.
13902	劇	我喜歡看韓劇。	I like watching Korean dramas.
13903	劇	這齣劇最近很紅，每個人都在討論最後一集。	This show is hot lately, and everyone's discussing the last episode.
13904	大戰	老師講到第一次世界大戰。	The teacher talked about the First World War.
13905	大戰	兩隊在決賽中展開一場大戰，最後比數是九比八。	The two teams fought a big battle in the finals, ending nine to eight.
13906	形	這個盤子是圓形的。	This plate is round.
13907	形	這個蛋糕做成星星的形狀，小朋友們都很喜歡。	This cake is shaped like a star, and the kids love it.
13908	效率	他做事很有效率。	He works very efficiently.
13909	效率	用了新系統之後，我們的工作效率提高了三成。	After using the new system, our work efficiency rose by thirty percent.
13910	無疑	這無疑是個好消息。	This is undoubtedly good news.
13911	無疑	無疑地，這次比賽的冠軍屬於他們。	Without a doubt, the champion of this match belongs to them.
13912	緊	把門關緊一點。	Close the door tight.
13913	緊	這雙鞋太緊了，走久了腳會痛。	These shoes are too tight; my feet hurt after walking a while.
13914	讀書	我在房間讀書。	I'm studying in my room.
13915	讀書	弟弟明年要考高中，每天讀書到很晚。	My younger brother takes the high school exam next year and studies late every day.
13916	降	氣溫降了好幾度。	The temperature dropped by several degrees.
13917	降	明天會有冷氣團，氣溫將降到十度以下。	A cold air mass arrives tomorrow and temperatures will drop below ten degrees.
13918	備	出門前，我先備好雨傘。	Before heading out, I got my umbrella ready.
13919	備	考試前一天，他把文具和證件都備齊了。	The day before the exam, he got his stationery and ID all ready.
13920	周邊	學校周邊有很多小吃。	There are many snacks around the school.
13921	周邊	這家書店也賣電影周邊商品，像是海報和明信片。	This bookstore also sells movie merchandise, like posters and postcards.
13922	工	他在工地做工。	He works at a construction site.
13923	工	這張桌子做工很細，連邊角都磨得很圓。	This table is finely crafted; even the corners are sanded round.
13924	支撐	柱子支撐著屋頂。	The pillars support the roof.
13925	支撐	這幾根鋼樑支撐著整個屋頂，所以不能隨便拆。	These steel beams support the whole roof, so they can't be removed casually.
13926	混合	把兩種顏料混合。	Mix the two paints.
13927	混合	把牛奶和咖啡混合在一起，就是拿鐵。	Mix milk and coffee together and you get a latte.
13928	神話	希臘神話很有趣。	Greek mythology is fascinating.
13929	神話	很多民族都有創世神話，用來解釋世界的起源。	Many peoples have creation myths that explain the origin of the world.
13930	融資	公司正在融資。	The company is raising financing.
13931	融資	新創公司完成了一輪融資，準備擴大團隊。	The startup completed a round of financing and plans to expand its team.
13932	金錢	金錢不是一切。	Money isn't everything.
13933	金錢	比起金錢，我更重視家人和健康。	Compared with money, I value family and health more.
13934	之際	畢業之際，我想謝謝老師。	At graduation, I'd like to thank my teacher.
13935	之際	在新舊年交替之際，大家一起倒數，迎接新年。	As the old year turns to the new, everyone counts down together to welcome the New Year.
13936	劇本	這個劇本很有意思。	This script is interesting.
13937	劇本	導演花了半年才把劇本修改完成，所以拍起來很順利。	The director took half a year to finish revising the script, so filming went smoothly.
13938	報復	他想報復對方。	He wants to take revenge on the other side.
13939	報復	被欺負的人不一定要報復，也可以請老師幫忙處理。	Someone who's bullied needn't retaliate; they can ask a teacher for help.
13940	展	我們去看畫展吧。	Let's go see the art exhibition.
13941	展	新展覽下週開幕，展出的都是本地藝術家的作品。	The new exhibition opens next week, showing works by local artists.
13942	抗爭	居民上街抗爭。	Residents took to the streets in protest.
13943	抗爭	他們為了爭取合理的待遇，長期和公司抗爭。	To win fair treatment, they have long fought the company.
13944	有錢	他家很有錢。	His family is very rich.
13945	有錢	就算很有錢，也不能亂花，要學會存錢。	Even if you're rich you shouldn't spend recklessly; learn to save.
13946	游	夏天我常去游泳。	I often go swimming in summer.
13947	游	他每天早上都到泳池游一千公尺。	Every morning he swims a thousand meters at the pool.
13948	疼	我的頭好疼。	My head hurts so much.
13949	疼	阿嬤最疼我，每次回去都會煮我愛吃的菜。	Grandma dotes on me most and cooks my favorite dishes whenever I visit.
13950	終止	合約提前終止了。	The contract ended early.
13951	終止	因為颱風來襲，活動被迫終止，主辦單位會退費。	Because of the typhoon the event was forced to end, and the organizers will refund fees.
13952	要說	要說好吃，我推薦這家。	When it comes to tasty, I recommend this place.
13953	要說	要說最值得去的地方，我覺得是花蓮的海邊。	As for the most worthwhile place to go, I think it's the Hualien seaside.
13954	過渡	現在是過渡時期。	This is a transition period.
13955	過渡	新舊系統過渡期間，請大家暫時先用紙本表單。	During the switch between old and new systems, please use paper forms for now.
13956	養殖	這裡養殖魚類。	Fish are farmed here.
13957	養殖	屏東沿海很多人從事養殖，主要養蝦和魚。	Many people along the Pingtung coast do aquaculture, mainly raising shrimp and fish.
13958	代表團	代表團明天抵達。	The delegation arrives tomorrow.
13959	代表團	學生代表團下個月要去日本參訪，交流兩週。	The student delegation will visit Japan next month for a two-week exchange.
13960	助手	他是我的助手。	He is my assistant.
13961	助手	教授的助手負責整理資料，也要幫忙帶實驗課。	The professor's assistant organizes materials and also helps run lab classes.
13962	培育	學校培育人才。	Schools nurture talent.
13963	培育	這家農場專門培育新品種的蘭花，每年外銷到國外。	This farm specializes in breeding new orchid varieties and exports them abroad each year.
13964	崇拜	她很崇拜那個歌手。	She idolizes that singer.
13965	崇拜	我從小就崇拜我哥，覺得他什麼都會。	I've looked up to my brother since I was little and thought he could do anything.
13966	拆除	違建被拆除了。	The illegal structure was demolished.
13967	拆除	老舊的大樓下個月就要拆除，居民必須先搬走。	The old building will be torn down next month, so residents must move out first.
13968	書寫	他的書寫工整漂亮。	His handwriting is neat and beautiful.
13969	書寫	在台灣，學生從小學開始練習用繁體字書寫。	In Taiwan, students start practicing writing in traditional characters in elementary school.
13970	滅亡	恐龍已經滅亡了。	Dinosaurs went extinct.
13971	滅亡	很多王朝都是因為內部腐敗而滅亡。	Many dynasties fell because of internal corruption.
13972	研究員	她是研究院的研究員。	She is a researcher at the research institute.
13973	研究員	這位研究員花了十年時間，研究台灣的原生植物。	This researcher spent ten years studying Taiwan's native plants.
13974	聯想	我聯想到小時候。	It reminds me of my childhood.
13975	聯想	每次聞到桂花的香味，我就會聯想到外婆家的院子。	Whenever I smell osmanthus, I think of my grandma's yard.
13976	資本家	他是個大資本家。	He's a big capitalist.
13977	資本家	歷史課本討論了工業革命時期資本家和工人之間的矛盾。	The history book discusses the conflict between capitalists and workers during the Industrial Revolution.
13978	預備	請預備好證件。	Please have your ID ready.
13979	預備	比賽快開始了，各位選手請預備。	The game is about to start; players, get ready.
13980	事務所	他在律師事務所上班。	He works at a law firm.
13981	事務所	這間會計事務所專門替小公司處理稅務。	This accounting firm handles taxes for small companies.
13982	公元前	這座古城建於公元前三世紀。	This ancient city was built in the third century BCE.
13983	公元前	孔子大約出生在公元前五五一年。	Confucius was born around 551 BCE.
13984	又名	番荔枝又名釋迦。	The sugar apple is also called 釋迦.
13985	又名	這種植物又名含羞草，一碰葉子就會合起來。	This plant is also called the mimosa, and its leaves fold up at a touch.
13986	壓制	不要壓制孩子的想法。	Don't suppress children's ideas.
13987	壓制	警察壓制住了鬧事的人，現場很快恢復平靜。	Police subdued the troublemaker, and the scene quickly calmed.
13988	小孩子	小孩子在玩。	The children are playing.
13989	小孩子	小孩子不能喝咖啡，晚上會睡不著。	Children shouldn't drink coffee or they won't sleep at night.
13990	愛人	他和愛人約好去看電影。	He made a date with his lover to see a movie.
13991	愛人	她把愛人的照片放在皮夾裡，每天都帶著。	She keeps her lover's photo in her wallet and carries it daily.
13992	擊	他揮棒擊出一支全壘打。	He swung and hit a home run.
13993	擊	這部電影的票房大受打擊，讓製作公司很失望。	The movie's box office took a heavy hit, disappointing the production company.
13994	村落	山上有小村落。	There's a small hamlet on the mountain.
13995	村落	山谷裡的村落還保留著傳統的建築和生活方式。	The hamlets in the valley still keep traditional architecture and ways of life.
13996	浴室	浴室在二樓。	The bathroom is on the second floor.
13997	浴室	浴室地板很滑，洗澡時要小心。	The bathroom floor is slippery, so be careful showering.
13998	現存	這是現存最老的建築。	This is the oldest surviving building.
13999	現存	現存的古蹟不多，所以我們更要好好保護。	Not many historic sites remain, so we must protect them well.
14000	結算	月底要結算薪水。	Salaries are settled at month's end.
14001	結算	店員在打烊後結算當天的營業額，再把錢存進銀行。	After closing, the clerk tallies the day's sales and then deposits the money.
14002	裝甲	這輛車有裝甲。	This vehicle has armor.
14003	裝甲	軍方展示了新型裝甲車，防護能力比以前更強。	The military showed off a new armored vehicle with stronger protection than before.
14004	轄區	這是警察的轄區。	This is the police's jurisdiction.
14005	轄區	轄區派出所的警察每天都會到社區巡邏。	Officers from the local police station patrol the neighborhood every day.
14006	開採	礦工開採煤礦。	Miners mine coal.
14007	開採	過度開採地下水，會造成地層下陷。	Over-extracting groundwater causes land subsidence.
14008	鮮花	桌上有一束鮮花。	There's a bouquet of fresh flowers on the table.
14009	鮮花	母親節那天，我買了一束鮮花送給媽媽。	On Mother's Day I bought a bunch of fresh flowers for Mom.
14010	俗稱	這道菜俗稱「佛跳牆」。	This dish is commonly called "Buddha jumps over the wall".
14011	俗稱	柏油路面俗稱瀝青路，夏天太陽一曬就變得很燙。	Asphalt pavement is commonly called tar road and gets very hot under the summer sun.
14012	前任	前任主管已經退休了。	The former supervisor has retired.
14013	前任	新店長一上任就改了前任的做法，有人喜歡，也有人不習慣。	The new store manager changed the predecessor's methods right away; some like it and some aren't used to it.
14014	團長	團長帶領大家出發。	The group leader led everyone off.
14015	團長	旅行團的團長會幫大家確認行程，也會注意大家的安全。	The tour leader confirms the itinerary and watches everyone's safety.
14016	客戶端	這是客戶端軟體。	This is client software.
14017	客戶端	客戶端和伺服器連不上，所以網站打不開。	The client can't connect to the server, so the site won't open.
14018	弔	大家到靈堂弔唁。	Everyone went to the funeral hall to pay respects.
14019	弔	他的老師過世了，許多學生都趕來弔唁。	His teacher passed away, and many students hurried over to pay their respects.
14020	捉	貓在捉老鼠。	The cat is catching a mouse.
14021	捉	警察花了三天時間，才捉到那名逃跑的嫌犯。	The police took three days to catch the suspect on the run.
14022	更名	公司將更名。	The company will be renamed.
14023	更名	這家老字號店面更名之後，生意反而更好了。	After this long-established shop changed its name, business got even better.
14024	求助	他向朋友求助。	He asked a friend for help.
14025	求助	遇到緊急狀況時，不要害怕，要馬上向警察求助。	In an emergency, don't be afraid; ask the police for help immediately.
14026	玉	這塊玉很漂亮。	This piece of jade is beautiful.
14027	玉	阿嬤手上戴著一只玉鐲子，說是媽媽留給她的。	Grandma wears a jade bracelet on her wrist, saying her mother left it to her.
14028	童話	我愛讀童話。	I love reading fairy tales.
14029	童話	睡前媽媽總會念一則童話故事，直到我睡著為止。	Before bed Mom always reads a fairy tale until I fall asleep.
14030	英里	這條路長五英里。	This road is five miles long.
14031	英里	在美國，路標上的距離常用英里，不是公里。	In the US, road signs often show distance in miles, not kilometers.
14032	議論	大家都在議論這件事。	Everyone is talking about this.
14033	議論	新店剛開幕，街坊鄰居都議論紛紛，不知道好不好吃。	The new shop just opened and the neighbors are all talking, wondering if it's good.
14034	野	田野裡有很多野花。	There are lots of wildflowers in the fields.
14035	野	他的個性很野，一刻都坐不住，總想往外面跑。	He's wild by nature, can't sit still for a moment, and always wants to run outside.
14036	骨頭	狗在啃骨頭。	The dog is gnawing a bone.
14037	骨頭	他不小心摔倒，骨頭裂了，要打石膏好幾個星期。	He fell and cracked a bone, and will be in a cast for weeks.
14038	乖乖	小孩乖乖坐著。	The child sits obediently.
14039	乖乖	你乖乖待在這裡，媽媽很快就回來。	Be good and stay here; Mom will be right back.
14040	傍晚	傍晚下了一場雨。	It rained in the evening.
14041	傍晚	傍晚的時候，公園裡有很多人在散步和運動。	In the evening, lots of people walk and exercise in the park.
14042	募集	他們在募集捐款。	They are raising donations.
14043	募集	學校發起募集二手書，送給偏鄉的孩子們。	The school started a drive to collect used books for children in remote areas.
14044	呵呵	他呵呵地笑。	He chuckles.
14045	呵呵	阿公看到孫子畫的畫，呵呵地笑個不停。	Grandpa chuckled nonstop at the picture his grandson drew.
14046	多媒體	這是多媒體教室。	This is a multimedia classroom.
14047	多媒體	老師用多媒體資料上課，有影片、聲音和圖片。	The teacher uses multimedia materials in class, with video, audio and pictures.
14048	宮殿	這是一座宮殿。	This is a palace.
14049	宮殿	歐洲的宮殿裡有華麗的吊燈和壁畫，吸引許多遊客參觀。	European palaces have gorgeous chandeliers and murals that attract many visitors.
14050	弱勢	要幫助弱勢族群。	We should help disadvantaged groups.
14051	弱勢	政府定期補助弱勢家庭，讓孩子都有機會上學。	The government regularly subsidizes disadvantaged families so every child can attend school.
14052	打包	請幫我打包。	Please pack it up for me.
14053	打包	吃不完的菜可以請店員打包，帶回家當明天的午餐。	Leftovers can be boxed by the staff to take home for tomorrow's lunch.
14054	摩	冬天手冷時，我會用力摩擦雙手取暖。	When my hands are cold in winter, I rub them hard to warm up.
14055	摩	他幫我按摩肩膀，痠痛的地方終於放鬆了。	He massaged my shoulders and the sore spots finally relaxed.
14056	最高法院	這個案子送到最高法院。	This case went to the Supreme Court.
14057	最高法院	最高法院駁回了被告的上訴，判決確定。	The Supreme Court rejected the defendant's appeal, making the verdict final.
14058	歷史性	這是歷史性的一刻。	This is a historic moment.
14059	歷史性	這座橋是歷史性的建築，政府決定好好保存。	This bridge is a historic structure, and the government decided to preserve it.
14060	漲幅	今年房價的漲幅很驚人。	The rise in home prices this year is astonishing.
14061	漲幅	油價這個月漲幅達到百分之五，騎機車的人都覺得負擔變重了。	Fuel prices rose five percent this month, and scooter riders feel the burden growing.
14062	界面	這個App的界面很簡單。	This app's interface is simple.
14063	界面	新版系統的操作界面更直覺，老人家也能很快上手。	The new system's interface is more intuitive, and even seniors pick it up quickly.
14064	突擊	警察突擊檢查。	Police made a surprise inspection.
14065	突擊	老師今天突擊考試，大家都措手不及。	The teacher gave a surprise test today and everyone was caught off guard.
14066	老是	他老是遲到。	He's always late.
14067	老是	你老是忘記帶鑰匙，不如多配一副放在朋友那裡吧。	You keep forgetting your keys; why not make a spare and leave it with a friend?
14068	袋	我提了兩袋水果。	I carried two bags of fruit.
14069	袋	超商現在要自備購物袋，不然要另外加錢。	Convenience stores now want you to bring your own bag or pay extra.
14070	趨	天氣漸漸趨於穩定。	The weather is gradually stabilizing.
14071	趨	年輕人的消費習慣有趨向線上購物的趨勢。	Young people's spending habits tend toward online shopping.
14072	長征	歷史課講到紅軍的長征。	History class covered the Red Army's Long March.
14073	長征	這次登山像是一場長征，我們走了整整八小時。	This climb was like a long trek; we walked a full eight hours.
14074	飛彈	飛彈發射了。	The missile was launched.
14075	飛彈	新聞報導，軍方今天進行了飛彈試射，附近海域暫時禁航。	News reports that the military test-fired missiles today and nearby waters were closed to navigation.
14076	健身房	我去健身房。	I'm going to the gym.
14077	健身房	健身房晚上很多人，要等器材，所以我改成早上去。	The gym is crowded at night with waits for equipment, so I switched to mornings.
14078	抽血	護士要幫我抽血。	The nurse is going to draw my blood.
14079	抽血	早上抽血前不能吃東西，所以我一早就餓了。	You can't eat before the morning blood draw, so I was hungry early.
14080	結帳	請問在哪裡結帳？	Where do I pay?
14081	結帳	吃完飯後，我們各自結帳，不用算來算去。	After eating we each pay separately, with no need to calculate.
14082	雨衣	下雨要穿雨衣。	Wear a raincoat when it rains.
14083	雨衣	騎機車遇到大雨，我都會穿兩件式雨衣，才不會濕透。	On a scooter in heavy rain I wear a two-piece raincoat so I won't get soaked.
14084	西瓜	西瓜很甜。	The watermelon is sweet.
14085	西瓜	夏天吃冰西瓜最消暑，我們全家一次吃了半顆。	Chilled watermelon is the best summer cooler; our family ate half of one at once.
14086	沒有	我沒有帶傘。	I didn't bring an umbrella.
14087	沒有	這附近沒有藥局，買藥很不方便。	There's no pharmacy nearby, so it's inconvenient to buy medicine.
14088	吧	昨晚我們去了一間酒吧。	Last night we went to a bar.
14089	吧	他放學後常常去網吧打電動。	After school he often goes to an internet café to play games.
14090	出現	天空出現了一道彩虹。	A rainbow appeared in the sky.
14091	出現	他一出現，全班同學都安靜下來了。	The moment he showed up, the whole class went quiet.
14092	根據	根據天氣預報，明天會下雨。	According to the forecast, it'll rain tomorrow.
14093	根據	根據新聞報導，這條道路下週開始施工。	According to news reports, construction on this road starts next week.
14094	新聞	你看了今天的新聞嗎？	Did you watch the news today?
14095	新聞	這則新聞一出來，網路上立刻引起熱烈討論。	As soon as this news came out, it sparked heated discussion online.
14096	信息	他的話裡藏著一個重要的信息。	There was an important message hidden in his words.
14097	信息	這幅畫傳達的信息很清楚。	The message this painting conveys is very clear.
14098	處	我跟室友處得不錯。	I get along fine with my roommate.
14099	處	他個性很好，跟誰都處得來。	He has a great personality and gets along with everyone.
14100	女人	那個女人在公車站等車。	That woman is waiting for the bus at the stop.
14101	女人	我阿姨是個很獨立的女人，一個人把兩個孩子養大。	My aunt is a very independent woman who raised two kids on her own.
14102	行為	這種行為很不禮貌。	This kind of behavior is very rude.
14103	行為	孩子的行為常常是模仿大人，所以爸媽要以身作則。	Kids often imitate adults' behavior, so parents should set an example.
14104	宣布	老師宣布明天放假。	The teacher announced that tomorrow is a day off.
14105	宣布	公司宣布下個月起調整上班時間，大家都很驚訝。	The company announced working hours will change next month, and everyone was surprised.
14106	語言	你會說幾種語言？	How many languages do you speak?
14107	語言	學習一種新的語言，最好的方法就是多開口。	The best way to learn a new language is to speak up a lot.
14108	場	昨天下了一場大雨。	There was a heavy rain yesterday.
14109	場	這場演唱會的票一開賣就被搶光了。	Tickets for this concert sold out as soon as they went on sale.
14110	此外	此外，還有一件事要提醒大家。	In addition, there's one more thing to remind everyone.
14111	此外	本店提供外送服務，此外也歡迎電話預訂座位。	We offer delivery. In addition, phone reservations are welcome.
14112	談	我們到咖啡廳談一談。	Let's go to a café and have a talk.
14113	談	他們談了一整晚，最後終於決定一起創業。	They talked all night and finally decided to start a business together.
14114	允許	這裡不允許拍照。	Photography isn't allowed here.
14115	允許	爸媽不允許我太晚回家，所以我十點前一定要到。	My parents don't allow me to come home too late, so I must be back by ten.
14116	感謝	感謝你的幫忙。	Thank you for your help.
14117	感謝	感謝各位今天抽空參加，我們下次再見。	Thank you all for making time to come today. See you next time.
14118	舉辦	學校將舉辦運動會。	The school will hold a sports day.
14119	舉辦	社區每年中秋節都會舉辦烤肉活動，大家都會參加。	The neighborhood holds a barbecue every Mid-Autumn Festival, and everyone takes part.
14120	下載	我正在下載新的App。	I'm downloading a new app.
14121	下載	你可以到官網下載表格，填好之後再寄回來。	You can download the form from the official site, fill it in, and send it back.
14122	命令	這是上司的命令。	This is an order from my superior.
14123	命令	爸爸用嚴肅的口氣命令我，不准再玩手機。	Dad ordered me in a stern tone not to play with my phone anymore.
14124	指導	老師指導我寫論文。	The teacher guides me in writing my thesis.
14125	指導	在教練的指導下，他的游泳成績進步很多。	Under the coach's guidance, his swimming improved a lot.
14126	犯罪	犯罪是違法的。	Committing a crime is illegal.
14127	犯罪	警察加強巡邏後，這一區的犯罪率明顯下降了。	After police stepped up patrols, the crime rate in this area dropped noticeably.
14128	豐富	這裡的食物很豐富。	The food here is plentiful.
14129	豐富	他的工作經驗很豐富，所以公司決定請他當主管。	He has rich work experience, so the company decided to make him a manager.
14130	不足	今天睡眠不足。	I didn't get enough sleep today.
14131	不足	因為經費不足，這個計畫只好暫時停止。	Because of insufficient funding, the project had to be put on hold.
14132	客戶	客戶打電話來了。	A client called.
14133	客戶	這位客戶對我們的服務很滿意，還介紹朋友來。	This client was very pleased with our service and even referred friends.
14134	推廣	政府在推廣節能減碳。	The government is promoting energy saving and carbon reduction.
14135	推廣	為了推廣新產品，我們在各個社群平臺投放廣告。	To promote the new product, we run ads on every social platform.
14136	石油	石油價格又漲了。	Oil prices have gone up again.
14137	石油	台灣的石油幾乎都要從國外進口。	Almost all of Taiwan's petroleum has to be imported.
14138	面前	他站在大家面前。	He stood in front of everyone.
14139	面前	在老師面前，她一句話都不敢多說。	In front of the teacher, she didn't dare say a word more.
14140	刺激	辣椒會刺激胃。	Chili peppers irritate the stomach.
14141	刺激	搭雲霄飛車很刺激，但我嚇到腿都軟了。	Riding a roller coaster is thrilling, but I was so scared my legs went weak.
14142	安裝	工人來安裝冷氣。	The workers came to install the air conditioner.
14143	安裝	你可以自己安裝這個軟體，步驟很簡單。	You can install this software yourself. The steps are simple.
14144	攝影	我喜歡攝影。	I like photography.
14145	攝影	他是專業的攝影師，常常到山上拍日出和雲海。	He's a professional photographer who often goes up the mountains to shoot sunrises and seas of clouds.
14146	理想	你的理想是什麼？	What is your dream?
14147	理想	這間公寓離學校近、租金也便宜，是理想的住處。	This apartment is close to school and cheap, an ideal place to live.
14148	血	他的手流血了。	His hand is bleeding.
14149	血	我每年都去捐血，希望能幫助需要的人。	I donate blood every year, hoping to help those in need.
14150	集體	大家集體討論後才決定。	It was decided only after a group discussion.
14151	集體	全班集體出遊，大家都玩得很開心。	The whole class went on an outing together, and everyone had a great time.
14152	八	現在八點了。	It's eight o'clock now.
14153	八	這間教室裡有八張桌子，每張桌子坐四個人。	This classroom has eight tables, with four people at each.
14154	射	他用弓射箭。	He shoots arrows with a bow.
14155	射	小孩子很愛玩水槍，互相射得全身都濕了。	Kids love water guns and shoot each other until they're soaked.
14156	族	他是上班族。	He's an office worker.
14157	族	這個山區住著不同的原住民族，各有自己的語言和文化。	Various indigenous peoples live in this mountain area, each with its own language and culture.
14158	男孩	那個男孩在踢球。	That boy is kicking a ball.
14159	男孩	隔壁的男孩每天放學後都在巷子裡騎腳踏車。	The boy next door rides his bike in the alley every day after school.
14160	視為	大家把他視為老師。	Everyone regards him as a teacher.
14161	視為	逾期不繳費，將視為自動放棄資格。	Failure to pay by the deadline will be deemed a waiver of eligibility.
14162	領土	這是我國的領土。	This is our country's territory.
14163	領土	兩國為了領土問題爭論多年，至今仍然沒有結論。	The two countries have disputed territory for years without a conclusion.
14164	倆	我們倆是同學。	We two are classmates.
14165	倆	他們倆從小一起長大，感情好得像親兄弟。	The two of them grew up together and are as close as brothers.
14166	司	他在一家貿易公司工作。	He works at a trading company.
14167	司	這件事如果鬧上法院，打官司會花很多時間和金錢。	If this goes to court, the lawsuit will cost a lot of time and money.
14168	寶貝	寶貝，該睡覺了。	Sweetie, it's time for bed.
14169	寶貝	阿嬤把這串玉珠當寶貝，每天都會小心地擦乾淨。	Grandma treasures this jade bead string and carefully wipes it clean every day.
14170	截至	截至今天，報名人數已滿。	As of today, registrations are full.
14171	截至	截至上個月底，這個計畫已經完成了百分之八十。	As of the end of last month, the project is 80% complete.
14172	某種	他有某種特別的習慣。	He has some special habit.
14173	某種	這份工作讓我感到某種壓力，但我也學到很多。	This job puts me under a certain pressure, but I'm also learning a lot.
14174	瘋	你瘋了嗎？	Are you crazy?
14175	瘋	那個消息讓大家都瘋了，社群上一直在轉貼。	That news made everyone go wild, and it kept getting reposted on social media.
14176	舒服	這張沙發好舒服。	This sofa is so comfortable.
14177	舒服	我今天頭有點痛，身體不太舒服，想早點回家休息。	I have a headache and don't feel well today, so I want to go home early to rest.
14178	農場	爺爺有一個農場。	Grandpa has a farm.
14179	農場	週末我們全家去農場採草莓，順便學怎麼種菜。	On the weekend our family went to a farm to pick strawberries and learn how to grow vegetables.
14180	一輩子	我愛你一輩子。	I'll love you for a lifetime.
14181	一輩子	阿公一輩子都很節儉，從來不亂花錢。	Grandpa has been thrifty all his life and never spent money recklessly.
14182	勞動力	這裡勞動力不足。	There is a shortage of labor here.
14183	勞動力	人口老化使勞動力逐年減少，企業不得不引進自動化設備。	An aging population shrinks the labor force every year, so companies have to adopt automation.
14184	婚禮	下週六我要參加婚禮。	Next Saturday I'm going to a wedding.
14185	婚禮	婚禮上新娘穿著白紗，新郎緊張得連話都說不好。	At the wedding the bride wore a white gown and the groom was too nervous to speak properly.
14186	指責	不要隨便指責別人。	Don't blame others casually.
14187	指責	他受到許多網友的指責，只好公開道歉。	He was criticized by many netizens and had to apologize publicly.
14188	殘酷	現實很殘酷。	Reality is harsh.
14189	殘酷	這部紀錄片揭露了戰爭殘酷的一面，看得讓人心情沉重。	This documentary reveals the cruel side of war and leaves viewers heavy-hearted.
14190	皮	這個蘋果的皮很薄。	This apple has thin skin.
14191	皮	這雙皮鞋是真皮做的，保養得好可以穿很多年。	These leather shoes are made of genuine leather and can last for years if cared for.
14192	腦袋	我的腦袋一片空白。	My mind went blank.
14193	腦袋	他腦袋很靈光，再難的數學題都能很快解出來。	He's quick-witted and can solve even hard math problems fast.
14194	辦事	爸爸去市公所辦事。	Dad went to the city hall to take care of some business.
14195	辦事	她辦事很有效率，交給她我們都很放心。	She's very efficient at getting things done, so we feel at ease leaving it to her.
14196	一線	這是最後的一線希望。	This is the last glimmer of hope.
14197	一線	醫護人員站在抗疫的一線，每天都辛苦地工作。	Medical staff stand on the front line of the fight against the epidemic, working hard every day.
14198	全年	這家店全年無休。	This shop is open all year with no days off.
14199	全年	這座山全年都有遊客，不過冬天最容易看到雲海。	This mountain has visitors all year, but winter is the best time to see the sea of clouds.
14200	唉	唉，又下雨了。	Sigh, it's raining again.
14201	唉	唉，考試考不好，真不知道怎麼跟爸媽交代。	Sigh, I did badly on the exam and don't know how to explain it to my parents.
14202	家伙	那個家伙又遲到了。	That guy is late again.
14203	家伙	他是個很有趣的家伙，大家都喜歡跟他聊天。	He's a fun guy, and everyone likes chatting with him.
14204	戀愛	他們正在談戀愛。	They are in love.
14205	戀愛	她從大學時代開始談戀愛，到現在已經八年了。	She started dating in university, and it's been eight years now.
14206	暗	天暗了，快開燈。	It's getting dark. Turn on the light.
14207	暗	房間太暗了，看書會傷眼睛，把燈再調亮一點吧。	The room is too dark and reading will strain your eyes. Turn the light up a bit.
14208	沿海	沿海的風很大。	The wind along the coast is strong.
14209	沿海	沿海地區夏天常有颱風，居民都會提前把窗戶加固。	Coastal areas often face typhoons in summer, and residents reinforce their windows in advance.
14210	生效	新法律明天生效。	The new law takes effect tomorrow.
14211	生效	合約簽署後即生效，雙方都必須遵守裡面的條款。	The contract takes effect upon signing, and both sides must follow its terms.
14212	笑話	他講了一個笑話。	He told a joke.
14213	笑話	你別說笑話了，那麼遠的路怎麼可能一天走完？	Stop joking. How could anyone walk such a long road in a day?
14214	艾	端午節的時候，大門會掛艾草。	At Dragon Boat Festival, mugwort is hung on the front door.
14215	艾	阿嬤用艾草泡腳，說可以去濕氣、驅蚊蟲。	Grandma soaks her feet in mugwort, saying it removes dampness and repels bugs.
14216	身份證	請出示你的身份證。	Please show your ID card.
14217	身份證	辦手機門號需要帶身份證和第二證件，記得先準備好。	Getting a phone number requires your ID card and a second document, so prepare them first.
14218	雙手	請用雙手接過名片。	Please receive the business card with both hands.
14219	雙手	他雙手提著大包小包，好不容易才擠上公車。	With both hands full of bags, he barely squeezed onto the bus.
14220	不怕	我不怕黑。	I'm not afraid of the dark.
14221	不怕	不怕辛苦，只怕沒機會，他就是靠這個信念成功的。	Not fearing hardship, only fearing no chance. That belief is how he succeeded.
14222	冬天	冬天很冷。	Winter is cold.
14223	冬天	冬天的早上最難起床，我總是賴在被窩裡不想出門。	Winter mornings are the hardest to get up, and I always linger in bed.
14224	喲	喲，你今天好早啊！	Oh, you're early today!
14225	喲	喲，這件衣服不錯喔，在哪裡買的？	Oh, nice outfit! Where did you buy it?
14226	宿舍	我住學校宿舍。	I live in the school dormitory.
14227	宿舍	宿舍十一點後會關門，晚歸的同學要事先跟舍監說。	The dorm locks after eleven, so students returning late must tell the supervisor in advance.
14228	悲傷	她看起來很悲傷。	She looks very sad.
14229	悲傷	聽到好友過世的消息，他悲傷得好幾天吃不下飯。	On hearing his good friend had died, he was too sad to eat for several days.
14230	效益	這項政策的效益很高。	This policy has high benefits.
14231	效益	公司評估了新設備的效益後，才決定要不要購買。	The company assessed the new equipment's benefits before deciding whether to buy.
14232	氣溫	今天氣溫很高。	The temperature is high today.
14233	氣溫	入冬後氣溫驟降，早晚溫差大，出門要記得帶外套。	Temperatures dropped sharply with winter and there's a big day-night gap, so bring a jacket.
14234	畝	這塊地有三畝大。	This plot of land is three mu.
14235	畝	爺爺在老家有幾畝稻田，每年秋天都要回去幫忙收割。	Grandpa has a few mu of rice paddies in his hometown, and goes back every autumn to help harvest.
14236	絕大多數	絕大多數人都同意。	The vast majority of people agree.
14237	絕大多數	台灣絕大多數的家庭都有至少一台機車。	The vast majority of Taiwanese households have at least one scooter.
14238	規格	這個螺絲規格不對。	This screw has the wrong specifications.
14239	規格	不同品牌的充電線規格不一樣，買之前要先確認。	Charging cables from different brands have different specs, so check before buying.
14240	金沙	我最愛吃金沙豆腐。	I love eating salted egg yolk tofu.
14241	金沙	這家餐廳的金沙蝦又香又酥，鹹蛋黃的味道很濃。	This restaurant's golden-sand shrimp is fragrant and crispy, with a strong salted egg yolk taste.
14242	三分	他有三分緊張。	He was somewhat nervous.
14243	三分	我對這件事有三分懷疑，所以還想再查一查。	I'm somewhat doubtful about this, so I want to check some more.
14244	傳聞	這只是傳聞。	It's just hearsay.
14245	傳聞	傳聞這家餐廳的老闆將要退休，不少老客人都很捨不得。	There's talk that the restaurant's owner will retire, and many regulars are reluctant.
14246	勉強	我勉強吃完了。	I barely finished eating.
14247	勉強	不想去就別勉強，我們下次再約也沒關係。	If you don't want to go, don't force yourself. We can meet another time.
14248	噴	水管噴出水來了。	The pipe is spraying water.
14249	噴	出門前我在身上噴了一點防蚊液，結果還是被叮了好幾個包。	I sprayed some mosquito repellent before going out and still got several bites.
14250	學費	大學的學費很貴。	University tuition is expensive.
14251	學費	為了籌學費，他暑假去打工，一天工作十個小時。	To raise tuition, he worked part-time in the summer for ten hours a day.
14252	強勢	這位主管作風很強勢。	This supervisor has a forceful style.
14253	強勢	新款手機以強勢的姿態進軍市場，上市第一週就賣出十萬支。	The new phone entered the market with force, selling a hundred thousand units in its first week.
14254	捍衛	他們捍衛自己的權利。	They defend their own rights.
14255	捍衛	球迷們穿著球隊的球衣，大聲喊著口號，捍衛主場的榮譽。	Fans in team jerseys shouted slogans loudly to defend their home ground's honor.
14256	晚會	學校舉辦聖誕晚會。	The school is hosting a Christmas party.
14257	晚會	畢業晚會上，同學們表演了節目，也互相交換了祝福。	At the graduation party, classmates performed and exchanged blessings.
14258	氣質	她很有氣質。	She has an elegant air.
14259	氣質	這位老師氣質溫和，講話輕聲細語，學生都很喜歡她。	This teacher has a gentle demeanor and speaks softly, and students like her.
14260	無知	他對這件事很無知。	He's ignorant of this matter.
14261	無知	有些人因為無知而相信謠言，反而被騙走了錢。	Some people believe rumors out of ignorance and get cheated of their money.
14262	碳	碳是一種元素。	Carbon is an element.
14263	碳	為了減少碳排放，政府鼓勵大家多搭乘大眾運輸工具。	To reduce carbon emissions, the government encourages more use of public transportation.
14264	自拍	她喜歡自拍。	She likes taking selfies.
14265	自拍	旅行時，我們在海邊自拍了好多張，每張都笑得很開心。	On the trip, we took many selfies at the beach, all with big smiles.
14266	誠信	做生意要講誠信。	Doing business requires integrity.
14267	誠信	這家老店靠著誠信經營了五十年，客人都很放心。	This old shop has run on integrity for fifty years and customers feel at ease.
14268	進球	他進球了！	He scored!
14269	進球	下半場最後一分鐘，球員踢進關鍵的一球，這個進球讓全場歡呼。	In the last minute of the second half, a player scored the key goal, and the stadium cheered.
14270	陽	陽光很溫暖。	The sunshine is warm.
14271	陽	春天一到，陽台上的花在陽光照耀下全開了。	When spring comes, the flowers on the balcony bloom in the sunshine.
14272	上游	河的上游很乾淨。	The upper stream of the river is very clean.
14273	上游	溪流上游的水質清澈，吸引很多人來這裡玩水。	The upstream water is clear, drawing many to play in the water here.
14274	元首	國家元首出席了典禮。	The head of state attended the ceremony.
14275	元首	兩國元首今天會面，討論貿易與安全合作。	The two countries' heads of state met today to discuss trade and security cooperation.
14276	千米	賽跑的距離是十千米。	The race distance is ten kilometers.
14277	千米	光每秒大約前進三十萬千米，是宇宙中最快的速度。	Light travels about three hundred thousand kilometers per second, the fastest speed in the universe.
14278	執照	你有駕駛執照嗎？	Do you have a driver's license?
14279	執照	開餐廳需要先向衛生局申請營業執照，才能合法營業。	To open a restaurant, you must first apply for a business license from the health bureau.
14280	審訊	警察正在審訊嫌犯。	The police are interrogating the suspect.
14281	審訊	審訊過程全程錄音錄影，以確保嫌犯的權益不被侵犯。	The interrogation is fully recorded on audio and video to protect the suspect's rights.
14282	影子	地上有我的影子。	My shadow is on the ground.
14283	影子	傍晚的陽光把樹的影子拉得好長，走在路上很舒服。	The evening sun stretches the tree's shadow long, and walking is pleasant.
14284	推遲	會議推遲到下週。	The meeting was postponed to next week.
14285	推遲	因為颱風來襲，運動會只好推遲，等天氣好轉再舉行。	Because of the typhoon, the sports day was postponed until the weather improves.
14286	服用	飯後服用這種藥。	Take this medicine after meals.
14287	服用	服用藥物前請先閱讀說明書，如有不適請立即就醫。	Read the instructions before taking medication and see a doctor right away if you feel unwell.
14288	波音	鋼琴老師說這裡要加一個波音。	The piano teacher said to add a mordent here.
14289	波音	我們這次搭的是波音七八七客機，座位比以前寬敞。	We flew on a Boeing 787 this time, with roomier seats than before.
14290	留學生	他是留學生。	He is an international student.
14291	留學生	我們學校有很多留學生，大家在一起學中文，交流文化。	Our school has many international students who study Chinese and share cultures.
14292	精品	這家店賣精品包包。	This store sells boutique bags.
14293	精品	百貨公司一樓有許多國際精品專櫃，逛街的人總是很多。	The department store's ground floor has many luxury brand counters and is always busy.
14294	處女	這是她的處女作。	This is her debut work.
14295	處女	這艘新船即將展開處女航，吸引了很多人來碼頭觀看。	The new ship is about to make its maiden voyage, drawing many to the pier.
14296	責	這是我的責任。	This is my responsibility.
14297	責	做錯事不要急著責怪別人，先檢討自己有沒有疏忽。	When you've made a mistake, don't rush to blame others. First consider whether you were careless.
14298	鍵盤	我的鍵盤壞了。	My keyboard is broken.
14299	鍵盤	這個鍵盤用起來很舒服，打字的聲音也很小，很適合在辦公室用。	This keyboard is comfortable and quiet to type on, suitable for the office.
14300	骯髒	這條河很骯髒。	This river is filthy.
14301	骯髒	廁所被弄得很骯髒，清潔員花了一個小時才打掃乾淨。	The restroom was filthy, and the cleaner took an hour to get it clean.
14302	乘坐	請乘坐電梯上樓。	Please take the elevator up.
14303	乘坐	乘坐高鐵從台北到高雄，只要一個半小時左右就能到達。	Riding the high-speed rail from Taipei to Kaohsiung takes about an hour and a half.
14304	假定	假定你是老闆，你會怎麼做？	Assuming you're the boss, what would you do?
14305	假定	這個計畫是假定天氣良好為前提，如果下雨就要改期。	This plan assumes good weather, and if it rains it'll be rescheduled.
14306	前方	前方路口右轉。	Turn right at the intersection ahead.
14307	前方	前方道路施工，請駕駛人減速慢行，並注意指示牌。	Roadwork ahead; drivers please slow down and follow the signs.
14308	合計	一共合計多少錢？	What does it add up to in total?
14309	合計	這個月的開支合計約三萬元，其中房租就佔了一半。	This month's expenses total around thirty thousand, half of which is rent.
14310	基礎設施	基礎設施需要升級。	Infrastructure needs upgrading.
14311	基礎設施	偏鄉的基礎設施不足，居民看病和上學都很不方便。	Remote areas lack infrastructure, making medical care and school inconvenient for residents.
14312	子孫	祝你子孫滿堂。	May you be blessed with many descendants.
14313	子孫	家族的祖先留下了這片土地，希望子孫世世代代好好珍惜。	Ancestors left this land, and we hope descendants cherish it for generations.
14314	帝國主義	歷史課討論帝國主義。	History class discusses imperialism.
14315	帝國主義	十九世紀的帝國主義讓許多國家淪為殖民地，影響至今。	Nineteenth-century imperialism turned many countries into colonies, with effects lasting today.
14316	慶	大家一起慶祝生日。	We all celebrate the birthday together.
14317	慶	國慶日那天，總統府前有盛大的慶典，吸引許多人前往。	On National Day there's a grand celebration at the Presidential Office, drawing crowds.
14318	採納	老闆採納了我的建議。	The boss adopted my suggestion.
14319	採納	委員會經過討論後，決定採納居民提出的意見，改善公園設施。	After discussion, the committee decided to adopt residents' ideas to improve the park.
14320	新高	股價創下新高。	Stock prices hit a new high.
14321	新高	今年夏天的氣溫創下歷史新高，電力需求也達到紀錄。	This summer's temperature hit a record high, and power demand also set a record.
14322	樞紐	台中是交通樞紐。	Taichung is a transportation hub.
14323	樞紐	桃園機場是亞洲的轉機樞紐，每天有數百個航班起降。	Taoyuan Airport is an Asian transfer hub with hundreds of daily flights.
14324	清水	請給我一杯清水。	Please give me a glass of clear water.
14325	清水	小狗口渴了，不要給牠喝飲料，只能喝清水。	The puppy is thirsty. Don't give it drinks, just clean water.
14326	理財	年輕人要學理財。	Young people should learn to manage money.
14327	理財	媽媽教我理財的第一課，就是每個月先存一筆錢，再來規劃花費。	Mom's first lesson on money management was to save first each month before planning spending.
14328	票房	這部電影票房很高。	This movie has a high box office.
14329	票房	去年的賣座電影票房突破十億，成為年度最大贏家。	Last year's hit grossed over a billion, becoming the biggest winner of the year.
14330	縣長	縣長今天到鄉下視察。	The county magistrate inspected the countryside today.
14331	縣長	縣長在記者會上宣布，明年將增建三座公園和兩條自行車道。	The county magistrate announced at the press conference that three parks and two bike lanes will be added next year.
14332	莊園	他們在莊園裡舉行婚禮。	They held their wedding at the estate.
14333	莊園	歐洲的葡萄莊園常常提供遊客品嚐葡萄酒的活動。	European vineyard estates often offer wine-tasting activities to visitors.
14334	警員	一名警員走了過來。	A police officer walked over.
14335	警員	兩名警員在路口指揮交通，讓車輛有秩序地通過。	Two police officers directed traffic at the intersection so vehicles passed in order.
14336	通話	電話通話中。	The line is busy.
14337	通話	通話品質不好的時候，我會改用視訊，這樣比較清楚。	When call quality is poor, I switch to video calls, which are clearer.
14338	離去	客人們陸續離去。	The guests left one after another.
14339	離去	她默默地轉身離去，沒有留下任何一句話。	She turned and left silently without leaving a word.
14340	魔術	他會變魔術。	He can do magic tricks.
14341	魔術	生日派對上，叔叔表演了魔術，把硬幣變不見，逗得小朋友哈哈大笑。	At the birthday party, Uncle did a magic trick making a coin vanish, and the kids laughed.
14342	室友	我的室友很愛乾淨。	My roommate is very clean.
14343	室友	室友今天煮了一大鍋咖哩，還分了一碗給我吃。	My roommate cooked a big pot of curry today and shared a bowl with me.
14344	滿座	今天餐廳滿座了。	The restaurant is fully booked today.
14345	滿座	週末晚上這家火鍋店常常滿座，不訂位的話得等一個小時。	This hotpot place is often full on weekend nights, and without reservations you wait an hour.
14346	護理師	護理師幫我量體溫。	The nurse took my temperature.
14347	護理師	護理師耐心地替老人家換藥，還陪他聊天，讓他不那麼緊張。	The nurse patiently changed the elderly man's dressing and chatted to ease his nerves.
14348	站起來	請大家站起來。	Everyone please stand up.
14349	站起來	他慢慢站起來，扶著牆壁走向門口，身體還是有點虛弱。	He slowly stood up and walked to the door along the wall, still a bit weak.
14350	和	我和朋友去看電影。	I'm going to see a movie with a friend.
14351	和	我和我媽每個週末都會一起去市場買菜。	My mom and I go to the market together every weekend to buy groceries.
14352	給	我給你一杯水。	I'll get you a glass of water.
14353	給	老闆給了我們每人一個紅包。	The boss gave each of us a red envelope.
14354	國際	這是國際機場。	This is an international airport.
14355	國際	這間公司在國際市場上很有名。	This company is well known in the international market.
14356	還有	桌上還有一塊蛋糕。	There's still a piece of cake on the table.
14357	還有	還有三天就放假了,大家再加油一下。	Only three days until the holiday, so hang in there a little longer.
14358	區	你住哪一區?	Which district do you live in?
14359	區	這一區的房租比隔壁區便宜很多。	The rent in this district is much cheaper than the next one.
14360	買	我想買一杯咖啡。	I want to buy a cup of coffee.
14361	買	我媽今天在市場買了很多新鮮的水果。	My mom bought a lot of fresh fruit at the market today.
14362	本	這本書很好看。	This book is really good.
14363	本	本月起,圖書館的開放時間改為早上九點。	Starting this month, the library opens at nine in the morning.
14364	價值	這幅畫很有價值。	This painting is very valuable.
14365	價值	對我來說,健康的價值比賺大錢更重要。	To me, health is worth more than making a lot of money.
14366	未來	我很期待未來。	I'm looking forward to the future.
14367	未來	未來幾天各地都會有大雨,請民眾注意安全。	Heavy rain is expected everywhere in the coming days, so please stay safe.
14368	以前	我以前住在台南。	I used to live in Tainan.
14369	以前	以前放學後,我們都會一起去巷口的柑仔店。	We used to go to the corner grocery together after school.
14370	母親	母親節快到了。	Mother's Day is coming up.
14371	母親	我的母親每天早上都會為全家人準備早餐。	My mother makes breakfast for the whole family every morning.
14372	保持	請保持安靜。	Please keep quiet.
14373	保持	為了保持健康,我每天早上都會慢跑半小時。	To stay healthy, I jog for half an hour every morning.
14374	想要	我想要一杯奶茶。	I'd like a milk tea.
14375	想要	你想要什麼生日禮物?我可以先幫你留意一下。	What birthday gift do you want? I can keep an eye out for it.
14376	笑	他笑得很開心。	He laughed happily.
14377	笑	我弟一講笑話,全家人都被他逗得笑了起來。	As soon as my little brother told a joke, the whole family burst out laughing.
14378	靠	他靠在牆上休息。	He's resting against the wall.
14379	靠	我不想靠家人幫忙,想靠自己的力量買房子。	I don't want to rely on my family; I want to buy a house on my own.
14380	回到	我剛回到家。	I just got home.
14381	回到	出國玩了一個星期,終於回到熟悉的床上,真舒服。	After a week abroad, being back in my own bed is so comfortable.
14382	父母	我的父母住在高雄。	My parents live in Kaohsiung.
14383	父母	週末我會回老家陪父母吃飯,聊聊最近的生活。	On weekends I go home to have meals with my parents and chat about recent life.
14384	醫療	這裡醫療很方便。	Medical care is convenient here.
14385	醫療	台灣的健保讓大家都能負擔得起基本醫療費用。	Taiwan's national health insurance makes basic medical costs affordable for everyone.
14386	光	窗外有光。	There's light outside the window.
14387	光	光是排隊就花了一個小時,我們最後還是回家吃泡麵。	Just the queuing took an hour, so we went home and had instant noodles.
14388	對方	對方沒有回應。	The other party didn't respond.
14389	對方	吵架的時候,先聽聽對方怎麼說,再決定要不要生氣。	When arguing, first hear what the other person says, then decide whether to be angry.
14390	本身	手機本身沒問題。	The phone itself is fine.
14391	本身	問題不在天氣,而在計畫本身,排得太趕了。	The problem isn't the weather but the plan itself, which was too tight.
14392	聽到	我聽到有人在叫。	I heard someone shouting.
14393	聽到	我剛剛聽到樓下鄰居在吵架,聲音很大。	I just heard the neighbors downstairs arguing, very loudly.
14394	隨著	隨著天氣變冷,我多穿了一件。	As the weather got colder, I put on another layer.
14395	隨著	隨著科技進步,手機已經成為生活中不可缺少的工具。	With technological progress, the phone has become an indispensable tool in daily life.
14396	口	我家有四口人。	There are four people in my family.
14397	口	他喝了一口熱茶,才慢慢開始說話。	He took a sip of hot tea before he slowly began to speak.
14398	往往	他往往最晚到。	He's usually the last to arrive.
14399	往往	週末的時候,我往往睡到中午才起床。	On weekends I usually sleep until noon.
14400	毛	小狗的毛很軟。	The puppy's fur is very soft.
14401	毛	我家貓咪到了換季就會掉很多毛,沙發上都是。	Our cat sheds a lot when the seasons change, and it's all over the sofa.
14402	規範	這些規範要遵守。	These standards must be followed.
14403	規範	學校訂了一套手機使用規範,上課時不能滑手機。	The school set phone-use rules, so you can't scroll your phone in class.
14404	以外	除了他以外,大家都到了。	Everyone has arrived except him.
14405	以外	除了這件以外,其他衣服都在打折,要不要看看?	Everything except this piece is on sale; want to take a look?
14406	基	打好基礎很重要。	Building a solid foundation is important.
14407	基	這棟大樓的地基很深,所以不怕地震。	This building has deep foundations, so it's safe against earthquakes.
14408	意外	真是個意外的驚喜。	What an unexpected surprise.
14409	意外	他不小心摔了一跤,幸好只是個小意外。	He accidentally took a fall, but luckily it was only a minor mishap.
14410	法庭	他今天要上法庭。	He has to go to court today.
14411	法庭	法庭上,法官仔細聽完雙方律師的說法,才宣布判決。	In court, the judge carefully heard both lawyers before announcing the verdict.
14412	罪	他犯了罪。	He committed a crime.
14413	罪	這個人被控詐欺罪,下週要出庭受審。	This man is charged with fraud and will stand trial next week.
14414	辦理	請到櫃台辦理。	Please handle it at the counter.
14415	辦理	辦理退貨請攜帶發票和商品,並在七天內到店。	To return an item, bring the receipt and product to the store within seven days.
14416	什麼樣	你喜歡什麼樣的音樂?	What kind of music do you like?
14417	什麼樣	你想找什麼樣的工作?薪水和時間哪個比較重要?	What kind of job do you want? Which matters more, pay or hours?
14418	嚇	你嚇到我了!	You scared me!
14419	嚇	半夜突然聽到敲門聲,我嚇得不敢出聲。	I suddenly heard knocking at midnight and was too scared to make a sound.
14420	情報	他在收集情報。	He's gathering intelligence.
14421	情報	記者靠著線民提供的情報,找到了那間非法工廠。	Relying on a tipster's information, the reporter found the illegal factory.
14422	河	河水很清。	The river water is clear.
14423	河	我們沿著河邊騎腳踏車,看見很多人在釣魚。	We cycled along the river and saw many people fishing.
14424	緊急	這是緊急事件。	This is an emergency.
14425	緊急	遇到緊急狀況,請立刻撥一一九求救。	In an emergency, please dial 119 for help right away.
14426	輕鬆	今天過得很輕鬆。	Today was relaxed.
14427	輕鬆	工作做完了,我輕鬆地坐在沙發上看了一部電影。	With work done, I relaxed on the sofa and watched a movie.
14428	人群	人群慢慢散開了。	The crowd slowly dispersed.
14429	人群	廣場上聚集了大批人群,大家都在等跨年煙火。	A large crowd gathered in the square, all waiting for the New Year's Eve fireworks.
14430	劍	他拿著一把劍。	He is holding a sword.
14431	劍	這部武俠電影裡,主角的劍法快得讓人看不清楚。	In this martial arts movie, the hero's swordplay is too fast to follow.
14432	多種	這裡有多種口味。	There are many flavors here.
14433	多種	這款手機有多種顏色可以選擇,我最喜歡藍色的。	This phone comes in multiple colors, and I like the blue one best.
14434	引	這首歌引起了我的回憶。	This song brought back memories.
14435	引	老師引用了一句名言,讓全班同學都很有感觸。	The teacher quoted a famous saying, which moved the whole class.
14436	支援	我們需要人力支援。	We need manpower support.
14437	支援	其他縣市派出消防隊前來支援,一起撲滅山上的大火。	Fire crews from other counties came to help put out the mountain fire.
14438	演	她在戲裡演媽媽。	She plays the mother in the play.
14439	演	他們社團明天要在校慶上演一齣短劇,大家都很期待。	Their club will perform a short play at the school anniversary tomorrow, and everyone's looking forward to it.
14440	納入	這項費用已納入預算。	This expense is included in the budget.
14441	納入	政府決定把這項新藥納入健保給付範圍。	The government decided to include this new drug in national health insurance coverage.
14442	論文	我在寫論文。	I'm writing my thesis.
14443	論文	我的論文已經交給教授,現在只能等他的意見。	I've handed my thesis to the professor and can only wait for his comments.
14444	鍾	他對咖啡情有獨鍾。	He has a special fondness for coffee.
14445	鍾	我從小就鍾愛這首歌,現在還是常常聽。	I've loved this song since childhood and still listen to it often.
14446	任命	公司剛任命她為業務部經理。	The company just appointed her sales department manager.
14447	任命	總統今天任命了新的部長,明天將正式就職。	The president appointed a new minister today, who takes office tomorrow.
14448	原理	我不懂這個原理。	I don't understand this principle.
14449	原理	老師用一個簡單的實驗,解釋了飛機能飛起來的原理。	The teacher used a simple experiment to explain how airplanes fly.
14450	密切	他們關係很密切。	They have a close relationship.
14451	密切	氣象局正在密切觀察颱風的動向。	The weather bureau is closely monitoring the typhoon's movement.
14452	授予	大學授予她博士學位。	The university conferred a doctorate on her.
14453	授予	市長今天授予這位醫師一枚獎章,感謝他多年來的貢獻。	The mayor awarded this doctor a medal today for his years of contribution.
14454	殺死	我用拍子殺死了一隻蚊子。	I killed a mosquito with a swatter.
14455	殺死	噴這種藥可以殺死家裡的蟑螂和螞蟻。	Spraying this kills the cockroaches and ants at home.
14456	監	老師在教室裡監考。	The teacher is proctoring the exam in the classroom.
14457	監	那名嫌犯因為詐欺被判刑,現在關在監獄裡。	The suspect was sentenced for fraud and is now in prison.
14458	自稱	他自稱是醫生。	He claims to be a doctor.
14459	自稱	有個陌生人自稱是銀行員,打電話來要我的密碼,我直接掛掉。	A stranger claiming to be a bank clerk called asking for my password, so I just hung up.
14460	近年來	近年來夏天越來越熱。	Summers have been getting hotter in recent years.
14461	近年來	近年來,越來越多台灣人選擇到日本和韓國旅遊。	In recent years, more and more Taiwanese choose to travel to Japan and Korea.
14462	一聲	「媽」是一聲。	"Ma" (mother) is the first tone.
14463	一聲	這個字要念一聲,不是二聲,你再念一次。	This character is first tone, not second; say it again.
14464	出身	他出身貧窮。	He comes from a poor background.
14465	出身	她雖然出身普通家庭,但靠自己的努力考上了醫學院。	Although she's from an ordinary family, she got into medical school by her own effort.
14466	回頭	他回頭看了一下。	He glanced back.
14467	回頭	我現在在忙,回頭再打給你好嗎?	I'm busy right now; can I call you back later?
14468	封建	那是封建社會。	That was a feudal society.
14469	封建	古代的封建制度,讓人民的身分差別很大。	The ancient feudal system made status differences among people very large.
14470	成年	他已經成年了。	He is already an adult.
14471	成年	在台灣,年滿十八歲就算成年,可以自己簽契約。	In Taiwan, you're an adult at eighteen and can sign contracts yourself.
14472	暨	校慶暨園遊會下週舉行。	The anniversary and fair will be held next week.
14473	暨	本校將舉行五十週年校慶暨校友返校日,歡迎校友回來參加。	Our school will hold its fiftieth anniversary and alumni homecoming day; alumni are welcome.
14474	法令	新法令已經公布。	The new decree has been published.
14475	法令	根據新法令,餐廳內全面禁止吸菸。	Under the new regulation, smoking is completely banned inside restaurants.
14476	獲獎	他獲獎了!	He won an award!
14477	獲獎	這部紀錄片在國際影展上獲獎,讓更多人認識了台灣的故事。	This documentary won an award at an international film festival, letting more people know Taiwan's stories.
14478	稍	請稍等一下。	Please wait a moment.
14479	稍	這件外套稍微有點大,可以換小一號的嗎?	This jacket is slightly big; can I swap for one size smaller?
14480	與此同時	與此同時,雨也停了。	Meanwhile, the rain stopped too.
14481	與此同時	老闆在前面開會,與此同時,同事們在後面偷偷準備生日蛋糕。	While the boss was in a meeting up front, coworkers were secretly preparing a birthday cake in back.
14482	起點	這是新的起點。	This is a new starting point.
14483	起點	這條單車道的起點在河邊公園,終點是海邊。	This bike path starts at the riverside park and ends at the sea.
14484	陸軍	他在陸軍服役。	He serves in the army.
14485	陸軍	我爸年輕時在陸軍服役,現在還保持早起運動的習慣。	My dad served in the army when young and still keeps the habit of exercising early.
14486	上演	這部電影下週上演。	This movie opens next week.
14487	上演	劇團明晚將在文化中心上演一齣舞台劇,票價很便宜。	The troupe will stage a play at the cultural center tomorrow night, with cheap tickets.
14488	公交	我在北京每天搭公交上班。	In Beijing I take the public bus to work every day.
14489	公交	那座城市的公交很方便,一張卡就可以通行。	That city's public transit is convenient; one card gets you everywhere.
14490	商場	我們去商場吧。	Let's go to the mall.
14491	商場	週末的商場總是人山人海,停車也要等很久。	The mall is always packed on weekends, and parking takes a long wait.
14492	孫子	他有三個孫子。	He has three grandsons.
14493	孫子	阿公每次看到孫子放學回來,都會笑得很開心。	Grandpa smiles broadly every time his grandson comes home from school.
14494	復興	他們想復興傳統手藝。	They want to revive the traditional craft.
14495	復興	政府推動計畫,希望讓逐漸消失的客語重新復興。	The government is promoting a plan to revive the fading Hakka language.
14496	收回	我收回剛剛的話。	I take back what I just said.
14497	收回	市政府決定收回這塊土地,準備蓋新的公園。	The city government decided to take back this land to build a new park.
14498	武力	不能用武力解決問題。	Problems can't be solved by force.
14499	武力	兩國決定不使用武力,而是透過談判解決爭端。	The two countries decided not to use force but to resolve the dispute by negotiation.
14500	球迷	他是棒球球迷。	He is a baseball fan.
14501	球迷	球迷們穿著隊服,在球場外大聲為自己支持的球隊加油。	Fans in team jerseys cheered loudly outside the stadium for their team.
14502	紀律	學校很重視紀律。	The school values discipline.
14503	紀律	軍隊最重視紀律,每個人都必須遵守規定。	The military values discipline most, and everyone must follow the rules.
14504	裁決	法院作出了裁決。	The court made its ruling.
14505	裁決	比賽結束後,裁判的裁決讓兩隊球員都感到不滿。	After the game, the referee's ruling left players on both teams unhappy.
14506	鄉鎮	我家住在偏遠的鄉鎮。	My home is in a remote township.
14507	鄉鎮	政府計畫在各鄉鎮增設圖書館,讓偏鄉孩子也有書可以看。	The government plans to add libraries in townships so rural kids have books to read.
14508	上任	新局長下週上任。	The new bureau chief takes office next week.
14509	上任	新市長上任後的第一件事,就是檢討大眾運輸的班次。	The new mayor's first act upon taking office was reviewing public transport schedules.
14510	健身	我每天去健身。	I work out every day.
14511	健身	他下班後都去健身房健身,所以體力特別好。	He works out at the gym after work, so his stamina is great.
14512	剩餘	剩餘的錢我先收起來。	I'll put away the remaining money.
14513	剩餘	剩餘的食物請打包帶回家,不要浪費。	Please take leftover food home and don't waste it.
14514	善良	她是個善良的人。	She is a kind person.
14515	善良	善良的鄰居常常把多出來的菜分給大家。	Kind neighbors often share their extra vegetables with everyone.
14516	守護	他守護著這個家。	He protects this home.
14517	守護	志工們每天晚上巡邏社區,守護大家的安全。	Volunteers patrol the neighborhood every night to keep everyone safe.
14518	強行	他強行打開門。	He forced the door open.
14519	強行	警方強行進入屋內,才發現裡面已經沒有人了。	Police forced their way in, only to find nobody inside.
14520	捐款	我想捐款給育幼院。	I want to donate to the orphanage.
14521	捐款	地震發生後,許多民眾主動捐款,幫助受災的家庭。	After the earthquake, many people donated on their own to help affected families.
14522	書店	我去書店買書。	I'm going to the bookstore to buy books.
14523	書店	這家獨立書店很有氣質,老闆還會推薦好書給客人。	This independent bookstore has real character, and the owner recommends good books.
14524	沙發	我家有一張沙發。	We have a sofa at home.
14525	沙發	他一回到家就癱在沙發上,連衣服也懶得換。	As soon as he got home he flopped on the sofa without bothering to change.
14526	爸	我爸在看報紙。	My dad is reading the newspaper.
14527	爸	我爸每天下班都會繞去市場,買我們愛吃的水果。	My dad stops by the market after work every day to buy our favorite fruit.
14528	笑容	她的笑容很甜。	Her smile is sweet.
14529	笑容	看到孩子臉上的笑容,所有的辛苦好像都值得了。	Seeing the smile on my child's face makes all the hardship feel worthwhile.
14530	莊	我們去山莊住一晚。	Let's stay a night at a mountain lodge.
14531	莊	他在鄉下經營一座觀光農莊,每到假日都有許多遊客。	He runs a tourist farm in the countryside, with many visitors on holidays.
14532	販賣	這裡販賣水果。	Fruit is sold here.
14533	販賣	那間商店不得向未滿十八歲的人販賣菸酒。	That store must not sell tobacco or alcohol to anyone under eighteen.
14534	鉤	魚上鉤了。	A fish took the hook.
14535	鉤	他在魚鉤上掛了餌,耐心地等魚來咬。	He baited the fishhook and patiently waited for a bite.
14536	領導者	他是好的領導者。	He is a good leader.
14537	領導者	一個好的領導者,應該願意傾聽團隊成員的意見。	A good leader should be willing to listen to team members' opinions.
14538	仔	牛仔褲很耐穿。	Jeans are very durable.
14539	仔	請仔細檢查一遍,不要漏掉任何地方。	Please check carefully, and don't miss any spot.
14540	再現	舊時光再現。	Old times come back.
14541	再現	這部紀錄片用動畫再現了一百年前的城市生活。	This documentary uses animation to recreate city life a hundred years ago.
14542	右邊	郵局在右邊。	The post office is on the right.
14543	右邊	你出了車站往右邊走,看到紅綠燈就過馬路。	Leave the station, head right, and cross at the traffic light.
14544	大麻	吸大麻是違法的。	Smoking cannabis is illegal.
14545	大麻	在台灣,持有大麻是違法的行為,會受到法律處罰。	In Taiwan, possessing cannabis is illegal and punished by law.
14546	岩石	山上有很多岩石。	There are many rocks on the mountain.
14547	岩石	海邊的岩石被海浪沖刷了好幾百年,表面變得很光滑。	Seaside rocks, washed by waves for centuries, have become smooth.
14548	感冒	我感冒了。	I caught a cold.
14549	感冒	天氣變冷,同學們一個接一個感冒,教室裡都是咳嗽聲。	As it got colder, classmates caught colds one after another, and the classroom was full of coughing.
14550	改裝	他改裝了機車。	He modified his scooter.
14551	改裝	這間舊倉庫被改裝成咖啡廳,保留了原本的紅磚牆。	This old warehouse was converted into a café, keeping the original red brick walls.
14552	標準化	流程要標準化。	The process must be standardized.
14553	標準化	這家連鎖餐廳把製作流程標準化,不管在哪一間分店,口味都一樣。	This chain standardizes its cooking process, so it tastes the same at every branch.
14554	澄清	他出來澄清。	He came forward to clarify.
14555	澄清	有網友誤會這件事,公司趕緊發聲明澄清事實。	Some netizens misunderstood, so the company quickly issued a statement to clarify.
14556	相遇	我們在路上相遇。	We met on the road.
14557	相遇	兩個陌生人在旅途中相遇,後來成了最好的朋友。	Two strangers met on a trip and later became best friends.
14558	纖維	蔬菜裡有很多纖維。	Vegetables have lots of fiber.
14559	纖維	這件運動衫用特殊纖維做成,流汗後很快就乾了。	This sports top is made of special fibers and dries fast after sweating.
14560	親切	店員很親切。	The clerk is friendly.
14561	親切	住在這個社區的人都很親切,見面時都會打招呼。	People in this neighborhood are friendly and greet each other when they meet.
14562	通車	新橋明天通車。	The new bridge opens to traffic tomorrow.
14563	通車	捷運新路線預計明年年初通車,到時候通勤會更方便。	The new MRT line is expected to open early next year, making commuting easier.
14564	雇主	他的雇主很好。	His employer is good.
14565	雇主	雇主必須按時發薪水,並為員工投保勞健保。	Employers must pay on time and enroll employees in labor and health insurance.
14566	上將	他是海軍上將。	He is a navy admiral.
14567	上將	這位上將在軍中服務了四十年,受到許多人的尊敬。	This general served forty years in the military and is respected by many.
14568	低估	不要低估他。	Don't underestimate him.
14569	低估	別低估這個遊戲的難度,我試了十次都沒過關。	Don't underestimate this game's difficulty; I tried ten times without clearing it.
14570	入選	他入選國家隊了。	He made the national team.
14571	入選	這張照片入選了攝影比賽的前十名,我開心得不得了。	This photo made the top ten in the photography contest, and I'm overjoyed.
14572	十足	他自信十足。	He's full of confidence.
14573	十足	這位歌手舞台魅力十足,一上台全場觀眾都跟著嗨起來。	This singer has great stage presence, and the whole audience got hyped the moment she appeared.
14574	啟蒙	她是我的啟蒙老師。	She is my first teacher.
14575	啟蒙	這本書是我對天文的啟蒙,從此我愛上了看星星。	This book introduced me to astronomy, and I've loved stargazing ever since.
14576	大米	他在超市買了一袋大米。	He bought a bag of rice at the supermarket.
14577	容納	這個會議室可以容納五十人。	This meeting room can hold fifty people.
14578	容納	這座體育館最多能容納一萬名觀眾,一票難求。	This stadium holds up to ten thousand spectators, and tickets are hard to get.
14579	強勁	風力很強勁。	The wind is strong.
14580	強勁	這款電動車的馬力強勁,爬坡也不會喘。	This electric vehicle is powerful and climbs slopes without strain.
14581	打壓	政府打壓異議。	The government suppresses dissent.
14582	打壓	這家小店被大公司聯合打壓,最後不得不關門。	This small shop was suppressed by big companies and finally had to close.
14583	撒謊	小孩不可以撒謊。	Kids must not lie.
14584	撒謊	他撒謊說自己生病了,其實是想睡懶覺。	He lied that he was sick when he really wanted to sleep in.
14585	會場	會場在二樓。	The venue is on the second floor.
14586	會場	活動前一小時,工作人員就已經把會場布置好了。	An hour before the event, the staff had already set up the venue.
14587	死傷	事故造成死傷。	The accident caused casualties.
14588	死傷	這場意外造成多人死傷,消防隊和救護車很快就趕到現場。	The accident left many dead or injured, and fire crews and ambulances quickly arrived.
14589	潤	我擦護手霜來滋潤雙手。	I apply hand cream to moisturize my hands.
14590	潤	冬天空氣乾燥,嘴唇容易乾裂,要塗護唇膏來滋潤。	Winter air is dry and lips crack easily, so use lip balm to moisturize.
14591	疑	他的話讓我心生懷疑。	His words made me suspicious.
14592	疑	我對這個說法感到疑惑,想再查一下資料。	I'm doubtful about this claim and want to check more.
14593	立案	警方已經立案。	The police have opened a case.
14594	立案	受害者向警局報案後,警方已立案調查這起詐騙事件。	After the victim reported it, police opened a case to investigate the fraud.
14595	翅膀	小鳥拍動翅膀。	The little bird flaps its wings.
14596	翅膀	小鳥的翅膀受了傷,飛不起來,我們把牠帶去獸醫那裡。	The bird's wing was hurt and it couldn't fly, so we took it to the vet.
14597	行星	地球是一顆行星。	Earth is a planet.
14598	行星	夜晚天氣好的時候,用望遠鏡就能看到木星這顆行星。	On clear nights you can see the planet Jupiter through a telescope.
14599	貸	他向銀行貸了一筆錢。	He took a loan from the bank.
14600	貸	房貸的利息每個月都要繳,所以他打算提前還清貸款。	Mortgage interest must be paid monthly, so he plans to repay the loan early.
14601	邁	他邁開大步向前走。	He strode forward.
14602	邁	我的外婆年邁了,走路需要有人扶著。	My grandma is elderly now and needs support when walking.
14603	頓時	他頓時笑了。	He suddenly smiled.
14604	頓時	聽到好消息,大家頓時鬆了一口氣,臉上也有了笑容。	Hearing the good news, everyone instantly relaxed and smiled.
14605	下雪	明天會下雪。	It will snow tomorrow.
14606	下雪	山上昨晚下雪了,很多人一大早就開車去賞雪。	It snowed on the mountain last night, and many drove up early to see the snow.
14607	弄傷	我不小心弄傷了手。	I accidentally hurt my hand.
14608	弄傷	他搬重物時弄傷了腰,醫生要他休息一個星期。	He hurt his back moving heavy things, and the doctor told him to rest a week.
14609	牛筋	我愛吃牛筋。	I love beef tendon.
14610	牛筋	這家牛肉麵店的牛筋燉得很軟,入口即化,是我的最愛。	This beef noodle shop stews the tendon until it melts in your mouth, my favorite.
14611	跟不上	我跟不上他的速度。	I can't keep up with his pace.
14612	跟不上	老師講得太快,有些同學跟不上進度,只好課後再問。	The teacher spoke too fast, so some students couldn't keep up and asked after class.
14613	非常感謝	非常感謝你的幫忙。	Thank you very much for your help.
14614	非常感謝	非常感謝大家今天撥空前來,希望你們玩得開心。	Thank you all very much for making time today; I hope you enjoy yourselves.
14615	要	我媽要我早點回家。	My mom wants me to come home early.
14616	要	老師要我們在週五前交作業。	The teacher requires us to hand in the homework by Friday.
14617	三	我家有三隻貓。	My family has three cats.
14618	三	這家店的珍珠奶茶一天要賣三百多杯。	This shop sells over three hundred bubble teas a day.
14619	企業	這家企業很大。	This company is very large.
14620	企業	越來越多企業開始讓員工在家上班。	More and more companies are letting employees work from home.
14621	帶	出門記得帶雨傘。	Remember to bring an umbrella when you go out.
14622	帶	我媽每次回來，都會帶一大袋水果給我們。	Whenever my mom comes back, she brings us a big bag of fruit.
14623	建設	政府正在建設新公園。	The government is building a new park.
14624	建設	市政府計畫在河邊建設一條腳踏車道，預計明年完工。	The city government plans to build a bike path by the river, due to finish next year.
14625	人員	工作人員在門口。	The staff are at the entrance.
14626	人員	現場有很多醫護人員在幫忙，請大家依序排隊。	Many medical personnel are helping on site; please line up in order.
14627	網絡	他的人際網絡很廣。	He has a wide social network.
14628	網絡	這家公司的銷售網絡遍布全台，從北到南都有分店。	The company's sales network covers all of Taiwan, with branches from north to south.
14629	圖片	這張圖片很美。	This picture is beautiful.
14630	圖片	你可以把圖片傳到群組嗎？大家都想看看。	Can you send the pictures to the group? Everyone wants to see.
14631	臺	歌手走上了舞臺。	The singer stepped onto the stage.
14632	臺	他在國立臺灣大學念了四年書，現在在臺北工作。	He studied at National Taiwan University for four years and now works in Taipei.
14633	執行	計畫已經開始執行。	The plan has started to be carried out.
14634	執行	這項新規定將於下個月一日起執行，請各位同仁配合。	This new rule takes effect on the first of next month; colleagues, please comply.
14635	聯繫	有事請和我聯繫。	Please contact me if anything comes up.
14636	聯繫	我們好幾年沒聯繫了，前陣子才在同學會上重新見面。	We hadn't been in touch for years until we met again at a class reunion.
14637	唯一	這是我唯一的願望。	This is my one and only wish.
14638	唯一	她是我們班唯一一個沒有遲到過的人。	She's the only one in our class who has never been late.
14639	有沒有	你有沒有帶傘？	Did you bring an umbrella?
14640	有沒有	這附近有沒有賣早餐的店？我好餓。	Is there a breakfast place around here? I'm starving.
14641	行業	每個行業都有辛苦的地方。	Every line of work has its hardships.
14642	行業	餐飲這個行業很辛苦，常常要站一整天。	The food service trade is tough, and you're often on your feet all day.
14643	似乎	他似乎不太開心。	He doesn't seem very happy.
14644	似乎	外面的雨似乎越下越大，我們還是等一下再走吧。	The rain outside seems to be getting heavier; let's wait a bit before leaving.
14645	廣場	廣場上有很多人。	There are many people in the square.
14646	廣場	每到週末，廣場上就有小朋友騎滑板車，大人坐在旁邊聊天。	Every weekend kids ride scooters on the plaza while adults sit around chatting.
14647	維護	我們要維護環境。	We should protect the environment.
14648	維護	網站今晚會進行系統維護，大約兩小時後恢復服務。	The website will undergo system maintenance tonight and resume service in about two hours.
14649	體系	這是一個完整的體系。	This is a complete system.
14650	體系	台灣的健保體系讓看病變得很方便，也不用花太多錢。	Taiwan's health insurance system makes seeing a doctor convenient and not too costly.
14651	受傷	他腳受傷了。	His foot got injured.
14652	受傷	昨天打球時不小心受傷，現在走路還有點痛。	I got hurt playing ball yesterday, and walking still hurts a bit.
14653	成長	孩子成長得很快。	Children grow up fast.
14654	成長	這份工作讓我成長了不少，也學會了怎麼和人溝通。	This job helped me grow a lot and learn how to communicate with people.
14655	爾	他偶爾也會自己下廚。	He occasionally cooks for himself too.
14656	語	我正在學日語。	I'm learning Japanese.
14657	語	他的母語是台語，所以跟阿嬤聊天都用台語。	His mother tongue is Taiwanese, so he speaks it when chatting with his grandma.
14658	一旦	一旦下雨，比賽就取消。	Once it rains, the game is cancelled.
14659	一旦	一旦養成早睡的習慣，隔天的精神就會好很多。	Once you form the habit of sleeping early, you'll feel much more energetic the next day.
14660	如今	如今大家都用手機。	Nowadays everyone uses a phone.
14661	如今	這裡以前是一片稻田，如今蓋滿了大樓。	This used to be rice paddies, but now it's full of tall buildings.
14662	拍攝	他在拍攝短片。	He's shooting a short film.
14663	拍攝	這部紀錄片花了三年才拍攝完成。	This documentary took three years to shoot.
14664	白	這件襯衫是白的。	This shirt is white.
14665	白	我白跑了一趟，店今天公休。	I made the trip for nothing; the shop is closed today.
14666	錶	我的錶壞了。	My watch is broken.
14667	錶	他戴著一支舊錶，是爺爺留給他的。	He wears an old watch his grandfather left him.
14668	具備	他具備豐富經驗。	He has plenty of experience.
14669	具備	應徵這份工作，必須具備基本的英文能力。	To apply for this job, you must have basic English skills.
14670	奇怪	這味道很奇怪。	This smell is strange.
14671	奇怪	奇怪，我明明把鑰匙放在桌上，怎麼不見了？	Weird, I clearly put my keys on the table; where did they go?
14672	採訪	記者在採訪市民。	The reporter is interviewing citizens.
14673	採訪	記者到現場採訪，請民眾分享災後的心情。	Reporters went to the scene to interview people about how they feel after the disaster.
14674	留	請留一個位子給我。	Please save me a seat.
14675	留	我媽每次煮飯都會多留一碗給晚回家的爸爸。	Whenever my mom cooks, she saves an extra bowl for dad when he gets home late.
14676	衝	小朋友衝進教室。	The kids rushed into the classroom.
14677	衝	快遲到了，他一路衝向公車站。	He was running late and dashed all the way to the bus stop.
14678	順利	一切都很順利。	Everything went smoothly.
14679	順利	面試進行得很順利，主管說下週就會通知結果。	The interview went smoothly, and the manager said they'll notify me next week.
14680	公主	她是一位公主。	She is a princess.
14681	公主	小女孩最愛看公主的故事，還要媽媽幫她買公主裙。	The little girl loves princess stories and asks her mom to buy her a princess dress.
14682	學術	這是學術研究。	This is academic research.
14683	學術	他一直在大學裡做學術研究，很少參加社交活動。	He's always done academic research at the university and rarely goes to social events.
14684	搭	我搭公車上班。	I take the bus to work.
14685	搭	明天要早起搭高鐵去高雄開會。	Tomorrow I have to get up early to take the high-speed rail to Kaohsiung for a meeting.
14686	理	你說得有道理。	What you say makes sense.
14687	理	他脾氣很大，說什麼都不講理，大家都不想跟他吵。	He has a bad temper and won't listen to reason, so nobody wants to argue with him.
14688	蘇	紫蘇梅的味道酸酸甜甜的。	Pickled perilla plums taste sweet and sour.
14689	蘇	紫蘇葉可以拿來包烤肉，味道很清香。	Perilla leaves can be used to wrap grilled meat and have a fresh fragrance.
14690	雖	雖然下雨，我還是出門了。	Although it was raining, I went out anyway.
14691	雖	雖然價錢不便宜，但是品質真的很好。	Although it's not cheap, the quality really is good.
14692	依賴	不要太依賴別人。	Don't depend on others too much.
14693	依賴	現在很多人太依賴手機，連路都不看。	Many people nowadays depend on their phones so much they don't even look at the road.
14694	口號	這個口號很響亮。	This slogan is catchy.
14695	口號	球迷在場邊喊口號，為球隊加油。	Fans chanted slogans at the sideline to cheer on the team.
14696	奇	七是奇數，八是偶數。	Seven is odd, eight is even.
14697	奇	這個號碼是奇數，所以你要從左邊的門進場。	This number is odd, so you enter through the left door.
14698	性感	這件洋裝很性感。	This dress is very sexy.
14699	性感	這位歌手以性感的舞蹈聞名。	This singer is known for her sexy dancing.
14700	月份	你是幾月份出生的？	What month were you born?
14701	月份	台灣的颱風大多集中在七月到九月這幾個月份。	Typhoons in Taiwan are mostly concentrated in the months from July to September.
14702	界	她是演藝界的人。	She works in the entertainment industry.
14703	界	這兩個國家以一條河為界，兩岸風景很不一樣。	The two countries are divided by a river, and the scenery on each bank is very different.
14704	自主	她從小就很自主。	She has been independent since childhood.
14705	自主	學校鼓勵學生自主學習，不要只靠老師教。	The school encourages students to learn independently rather than rely only on teachers.
14706	近期	近期天氣不穩定。	The weather has been unstable recently.
14707	近期	近期內我沒有出國的計畫，打算先把錢存起來。	I have no plans to go abroad soon; I'll save money first.
14708	一代	一代比一代好。	Each generation is better than the last.
14709	一代	我們這一代人小時候沒有手機，下課都在外面玩。	Our generation had no phones as kids and played outside after class.
14710	再見	再見，明天見！	Goodbye, see you tomorrow!
14711	再見	她揮揮手說再見，然後轉身走進車站。	She waved goodbye, then turned and walked into the station.
14712	外國人	他是外國人。	He's a foreigner.
14713	外國人	很多外國人來台灣，是因為喜歡這裡的美食和人情味。	Many foreigners come to Taiwan because they love the food and friendliness.
14714	後者	前者便宜，後者好用。	The former is cheap, the latter is useful.
14715	後者	這兩種方案，我比較喜歡後者，因為比較省時間。	Of the two plans I prefer the latter, since it saves time.
14716	智能	這是一款智能手錶。	This is a smart watch.
14717	智能	這間房子裝了智能家電，用手機就能控制。	The house has smart appliances you can control with your phone.
14718	現任	他是現任市長。	He is the current mayor.
14719	現任	現任老闆比前任年輕很多，做事風格也不一樣。	The current boss is much younger than the previous one and works differently.
14720	絲	我想要一碗肉絲麵。	I'd like a bowl of shredded pork noodles.
14721	絲	把馬鈴薯切成絲，再用小火慢慢炒。	Shred the potatoes and stir-fry them slowly over low heat.
14722	變革	教育制度需要變革。	The education system needs reform.
14723	變革	數位科技帶來了社會的巨大變革。	Digital technology has brought great change to society.
14724	頒布	政府頒布新法令。	The government issued a new decree.
14725	頒布	教育部頒布了新的課綱，明年開始實施。	The Ministry of Education issued a new curriculum, effective next year.
14726	修復	這座老廟正在修復。	This old temple is being restored.
14727	修復	工人花了半年，才把這幅受損的壁畫修復好。	Workers spent half a year restoring this damaged mural.
14728	古老	這是古老的廟。	This is an ancient temple.
14729	古老	這座古老的城市保存著許多傳統建築和習俗。	This ancient city preserves many traditional buildings and customs.
14730	失	我昨晚失眠了。	I couldn't sleep last night.
14731	失	這次失敗沒關係，從失敗中學到經驗最重要。	It's fine to fail this time; learning from the failure matters most.
14732	幹什麼	你在幹什麼？	What are you doing?
14733	幹什麼	你這麼晚還不睡，到底在幹什麼啊？	It's so late and you're still up; what on earth are you doing?
14734	描寫	作者描寫海邊的日出。	The author describes a sunrise at the seaside.
14735	描寫	這本小說細膩地描寫了一個家庭的變化。	This novel delicately portrays a family's changes.
14736	標	老師在課本上標出重點。	The teacher marks the key points in the textbook.
14737	標	這件衣服標著特價，可是價錢還是不便宜。	This item is marked as on sale, but the price still isn't cheap.
14738	災害	災害過後要清理。	After a disaster, cleanup is needed.
14739	災害	颱風和地震是台灣常見的自然災害。	Typhoons and earthquakes are common natural disasters in Taiwan.
14740	盡力	我會盡力。	I'll do my best.
14741	盡力	比賽輸了沒關係，只要你已經盡力就好。	It's fine to lose the game as long as you did your best.
14742	總書記	總書記發表了談話。	The general secretary delivered a speech.
14743	總書記	新聞報導說，總書記昨天會見了外國訪客。	The news reported that the general secretary met foreign visitors yesterday.
14744	角	桌角很尖，小心喔。	The corner of the table is sharp; careful.
14745	角	公園的一角有個小攤子，賣冰淇淋。	There's a small stall in one corner of the park selling ice cream.
14746	選票	選票投進箱子。	The ballots go into the box.
14747	選票	開票時，每張選票都要當眾唸出來。	During counting, every ballot is read out publicly.
14748	高峰	現在是上班的高峰時間。	It's the morning rush hour now.
14749	高峰	登上這座山的高峰，可以看到整片雲海。	From the peak of this mountain you can see a whole sea of clouds.
14750	保安	大樓有保安。	The building has security guards.
14751	保安	保安在大廳巡邏，讓住戶覺得很放心。	The guard patrols the lobby, putting residents at ease.
14752	千年	這是千年古樹。	This is a thousand-year-old tree.
14753	千年	這座千年古剎，每年吸引許多人來參拜。	This thousand-year-old temple draws many worshippers every year.
14754	大地	春天大地恢復生機。	In spring the earth comes back to life.
14755	大地	下過雨之後，大地都是泥土的味道。	After it rains, the land smells of soil.
14756	帳	請把帳單給我。	Please give me the bill.
14757	帳	朋友之間算帳算得太清楚，感覺有點生疏。	Settling accounts too precisely among friends feels a bit distant.
14758	掙扎	他在水中掙扎。	He struggled in the water.
14759	掙扎	她掙扎了很久，最後還是決定辭掉工作去讀書。	She agonized for a long time, but finally decided to quit her job and study.
14760	查詢	我想查詢包裹。	I'd like to look up my parcel.
14761	查詢	你可以在網站上查詢考試成績，不用打電話問。	You can check exam results on the website without calling.
14762	為期	活動為期三天。	The event lasts three days.
14763	為期	這個為期兩週的課程，從下週一開始報名。	Registration for this two-week course opens next Monday.
14764	穿過	穿過這條巷子。	Go through this alley.
14765	穿過	穿過這條小巷，就可以看到那家老麵店了。	Walk through this lane and you'll see that old noodle shop.
14766	自動化	工廠已經自動化。	The factory is already automated.
14767	自動化	這家餐廳導入點餐自動化，客人用手機就能點餐。	This restaurant automated ordering, so customers order with their phones.
14768	辦學	他一生辦學。	He ran schools all his life.
14769	辦學	他拿出退休金來辦學，希望偏鄉的孩子也有書可讀。	He used his retirement savings to run a school so rural children can get an education too.
14770	頭上	她頭上戴著一朵花。	She wears a flower on her head.
14771	頭上	頭上有一大片烏雲，看來等一下會下大雨。	There's a huge dark cloud overhead; it looks like heavy rain is coming.
14772	互	同學之間要互相幫忙。	Classmates should help one another.
14773	互	兩家公司簽約後，互惠互利，合作愉快。	After the contract, the two companies benefit each other and work together happily.
14774	公頃	這塊地有五公頃。	This land is five hectares.
14775	公頃	這座公園佔地約十公頃，裡面有湖、有樹林。	This park covers about ten hectares, with a lake and woods.
14776	反彈	球反彈回來了。	The ball bounced back.
14777	反彈	物價上漲後，民眾的反彈聲浪越來越大。	After prices rose, public backlash grew louder.
14778	壞人	他不是壞人。	He's not a bad person.
14779	壞人	小朋友要學會分辨壞人，不要跟陌生人走。	Kids should learn to tell bad people apart and not follow strangers.
14780	小米	我早餐吃小米粥。	I eat millet porridge for breakfast.
14781	小米	小米是一種很小的穀物，煮成粥很營養。	Millet is a tiny grain, and cooked into porridge it's nutritious.
14782	慘	他輸得好慘。	He lost miserably.
14783	慘	昨天的颱風讓南部淹水，很多店家損失慘重。	Yesterday's typhoon flooded the south, and many shops suffered heavy losses.
14784	擠	公車上好擠。	The bus is so crowded.
14785	擠	下班時間，車廂擠得連轉身都很難。	At rush hour, the car is so crowded that turning around is hard.
14786	枚	我撿到一枚硬幣。	I picked up a coin.
14787	枚	這位選手在比賽中拿到兩枚金牌。	This athlete won two gold medals in the competition.
14788	海灣	這是一個海灣。	This is a bay.
14789	海灣	夕陽照在海灣上，海面閃著金色的光。	The sunset shines on the bay, and the sea glitters gold.
14790	瓶	我買了一瓶水。	I bought a bottle of water.
14791	瓶	他一口氣喝掉了兩瓶運動飲料。	He downed two bottles of sports drink in one go.
14792	紋	她臉上有幾條皺紋。	She has a few wrinkles on her face.
14793	紋	手機可以用指紋解鎖，不用打密碼。	The phone can be unlocked by fingerprint without typing a passcode.
14794	虧損	公司這季虧損。	The company lost money this quarter.
14795	虧損	這家店連續三個月虧損，老闆打算先暫停營業。	This shop has lost money for three months in a row, so the owner plans to pause business.
14796	走路	我走路去上班。	I walk to work.
14797	走路	從我家走路到捷運站只要五分鐘。	It's only a five-minute walk from my home to the MRT station.
14798	銷量	銷量大增。	Sales rose sharply.
14799	銷量	新款手機上市第一週，銷量就突破了十萬台。	In the first week of its launch, the new phone sold over a hundred thousand units.
14800	題目	這個題目很難。	This question is hard.
14801	題目	作文的題目是「我最難忘的一天」，大家都很有話寫。	The essay topic was "My Most Memorable Day," and everyone had plenty to write.
14802	伴侶	他是我的伴侶。	He is my partner.
14803	伴侶	狗是人類最忠實的伴侶，也是很多家庭的一分子。	Dogs are humans' most loyal companions and part of many families.
14804	出資	他出資開店。	He funded the shop.
14805	出資	這間圖書館是由一位企業家出資興建的。	This library was built with funding from an entrepreneur.
14806	吸引力	這個地方很有吸引力。	This place is very attractive.
14807	吸引力	這份工作薪水不高，對年輕人沒有什麼吸引力。	This job pays little and isn't appealing to young people.
14808	奪得	我們隊奪得了冠軍。	Our team won the championship.
14809	奪得	台灣選手在亞洲賽中奪得兩面金牌。	Taiwanese athletes captured two gold medals at the Asian competition.
14810	帳篷	我們搭了帳篷。	We put up a tent.
14811	帳篷	露營時，大家合力把帳篷搭在樹下，晚上睡得很舒服。	When camping, everyone pitched the tent under a tree together and slept comfortably.
14812	戲曲	他愛聽戲曲。	He loves listening to opera.
14813	戲曲	歌仔戲是台灣很有名的戲曲，在廟口常常能看到演出。	Taiwanese opera is a famous form of opera, often performed at temple squares.
14814	斬	師傅一刀把魚頭斬下來。	The chef chopped off the fish head in one stroke.
14815	斬	他說得斬釘截鐵，絕對不會改變主意。	He spoke decisively and will absolutely not change his mind.
14816	步行	我步行上學。	I walk to school.
14817	步行	從車站步行到博物館大約十分鐘。	It's about ten minutes on foot from the station to the museum.
14818	無敵	這個遊戲角色無敵。	This game character is invincible.
14819	無敵	小孩子總覺得爸爸是無敵的，什麼都辦得到。	Kids always feel their dad is invincible and can do anything.
14820	碎片	地上有玻璃碎片。	There are glass fragments on the floor.
14821	碎片	杯子摔在地上，碎片飛得到處都是，要小心別踩到。	The cup shattered and pieces flew everywhere; be careful not to step on them.
14822	聚	大家聚在客廳聊天。	Everyone gathered in the living room to chat.
14823	聚	過年的時候，親戚都會聚在老家吃團圓飯。	At Lunar New Year, relatives all gather at the old family home for the reunion dinner.
14824	言論自由	言論自由很重要。	Freedom of speech is important.
14825	言論自由	台灣重視言論自由，但也要注意不能散播假消息。	Taiwan values freedom of speech, but spreading false news is not allowed.
14826	過年	快過年了。	Lunar New Year is near.
14827	過年	每年過年，我們全家都會回台南阿嬤家。	Every Lunar New Year, our whole family goes to Grandma's in Tainan.
14828	電壓	台灣的電壓是一百一十伏特。	Taiwan's voltage is 110 volts.
14829	電壓	出國旅遊時，要先確認當地電壓，不然電器可能會壞掉。	When traveling abroad, check the local voltage first, or your appliances may break.
14830	下場	球員受傷下場。	The player left the field injured.
14831	下場	他在第二局才下場投球，表現得很穩定。	He only took the mound in the second inning and pitched steadily.
14832	作法	這是我的作法。	This is my approach.
14833	作法	這種作法雖然省錢，卻可能影響品質。	This approach saves money but may affect quality.
14834	兩面	這張紙兩面都可以寫。	You can write on both sides of this paper.
14835	兩面	任何事情都有好壞兩面，要看你怎麼想。	Everything has a good and bad side; it depends how you look at it.
14836	參與者	每位參與者都有禮物。	Every participant gets a gift.
14837	參與者	這場活動的參與者來自不同國家，大家玩得很開心。	Participants in this event came from different countries, and everyone had fun.
14838	嚮往	我嚮往自由。	I long for freedom.
14839	嚮往	他從小就嚮往住在海邊的生活。	Since childhood he has yearned to live by the sea.
14840	央行	央行宣布升息。	The central bank announced a rate hike.
14841	央行	央行宣布調高利率，貸款族的壓力可能會增加。	The central bank raised interest rates, which may add pressure on borrowers.
14842	寨	這支手機是山寨版的。	This phone is a knock-off.
14843	寨	那個村寨在山裡，要走兩個小時才到。	That stockaded village is in the mountains, two hours' walk away.
14844	徒刑	他被判徒刑。	He was sentenced to prison.
14845	徒刑	法官判他兩年徒刑，緩刑三年。	The judge sentenced him to two years in prison, suspended for three.
14846	抗拒	他抗拒改變。	He resists change.
14847	抗拒	小孩剛開始很抗拒上學，過了一個月就習慣了。	The child resisted going to school at first but got used to it after a month.
14848	攜	請攜帶身分證。	Please bring your ID.
14849	攜	他攜家帶眷搬到台中，展開新生活。	He moved to Taichung with his family to start a new life.
14850	望遠鏡	爸爸買了一個望遠鏡。	Dad bought a telescope.
14851	望遠鏡	我們用望遠鏡觀察山上的小鳥，還拍了不少照片。	We used binoculars to watch birds on the mountain and took lots of photos.
14852	民俗	台灣的民俗活動很多。	Taiwan has many folk customs and events.
14853	民俗	元宵節放天燈是很有名的民俗活動。	Releasing sky lanterns at the Lantern Festival is a well-known folk custom.
14854	烹飪	他喜歡烹飪。	He likes cooking.
14855	烹飪	她週末報名了烹飪課，想學做義大利麵。	She signed up for a cooking class on weekends to learn making pasta.
14856	發達國家	他來自發達國家。	He comes from a developed country.
14857	發達國家	發達國家的人均所得比較高，醫療和教育也比較完善。	Developed countries have higher per capita income and more complete healthcare and education.
14858	等候	請在此等候。	Please wait here.
14859	等候	病人在診間外等候了一個小時，才輪到看診。	The patient waited outside the consultation room for an hour before it was his turn.
14860	耍	你別耍賴。	Don't be a sore loser.
14861	耍	他在朋友面前耍帥，結果不小心摔了一跤。	He tried to look cool in front of friends and accidentally fell.
14862	裡頭	盒子裡頭有什麼？	What's inside the box?
14863	裡頭	這個包包裡頭有很多小口袋，很方便收納。	This bag has many small pockets inside, convenient for organizing.
14864	赫	手機螢幕的更新率有一百二十赫茲。	The phone screen's refresh rate is 120 hertz.
14865	赫	這台機器的運作頻率是五十赫茲。	This machine operates at fifty hertz.
14866	野心	他很有野心。	He is very ambitious.
14867	野心	這位年輕老闆很有野心，想把小店開成連鎖企業。	This young owner is ambitious and wants to turn a small shop into a chain.
14868	顯現	他的才華漸漸顯現。	His talent gradually showed.
14869	顯現	霧散了之後，遠處的山形慢慢顯現出來。	After the fog cleared, the shape of the distant mountains gradually appeared.
14870	你這麼一說	你這麼一說，我也覺得有道理。	Now that you put it that way, I think it makes sense too.
14871	你這麼一說	你這麼一說，我才想起來今天還要交作業。	Now that you mention it, I remember I have homework due today.
14872	房東	房東人很好。	The landlord is very nice.
14873	房東	我跟房東約好了週六簽新的租約。	I arranged with the landlord to sign a new lease on Saturday.
14874	發熱衣	冬天我都穿發熱衣。	I wear thermal underwear in winter.
14875	發熱衣	寒流來了，我在外套裡面穿了一件發熱衣，就不那麼冷了。	A cold wave arrived, and wearing thermal underwear under my coat made it less cold.
14876	郵票	我在集郵票。	I collect stamps.
14877	郵票	寄信要貼郵票，你知道要貼多少錢嗎？	A letter needs a stamp; do you know how much postage to put on?
14878	弟	我弟今天要考試。	My brother has an exam today.
14879	弟	我哥帶著我弟去公園玩，我留在家裡寫功課。	My older brother took my younger brother to the park while I stayed home doing homework.
