1	的	這是我的書包。	This is my backpack.
2	的	昨天買的蛋糕，今天早上就被我弟吃光了。	The cake I bought yesterday was all eaten by my little brother this morning.
3	她	她是我的同學。	She is my classmate.
4	她	我朋友說她下個月要搬到台中，所以想先請大家吃飯。	My friend said she's moving to Taichung next month, so she wants to treat everyone to a meal first.
5	卻	他很累，卻睡不著。	He was tired but couldn't sleep.
6	卻	我明明提醒過他了，他卻還是忘記帶雨傘。	I clearly reminded him, yet he still forgot to bring an umbrella.
7	誰	誰在敲門？	Who's knocking at the door?
8	誰	這把傘是誰的？下雨天可別讓人家淋濕了。	Whose umbrella is this? Don't let them get soaked in the rain.
9	參加	我想參加比賽。	I want to join the competition.
10	參加	這個週末公司有健行活動，你要不要一起參加？	The company has a hiking event this weekend. Do you want to join?
11	較	這件比較便宜。	This one is cheaper.
12	較	相較於去年，今年夏天的雨量較少，水庫水位偏低。	Compared with last year, there's less rain this summer, and reservoir levels are low.
13	次	我去過兩次。	I've been twice.
14	次	這個月我已經去了三次醫院，希望下次檢查結果會好一點。	I've already been to the hospital three times this month. I hope the next check-up turns out better.
15	全球	全球都在變暖。	The whole world is warming.
16	全球	這款遊戲在全球有上千萬名玩家，連我阿姨也在玩。	This game has tens of millions of players worldwide, and even my aunt plays it.
17	條	我買了一條褲子。	I bought a pair of pants.
18	條	這條巷子很窄，開車的時候要小心對面來的機車。	This alley is narrow, so be careful of scooters coming from the other side when driving.
19	例如	我喜歡水果，例如芒果。	I like fruit, such as mango.
20	例如	夏天可以做很多活動，例如游泳、衝浪或是露營。	In summer you can do lots of activities, such as swimming, surfing, or camping.
21	水	我想喝水。	I want to drink water.
22	水	水燒開了嗎？先幫我倒一杯，我要泡茶。	Has the water boiled? Pour me a cup first. I want to make tea.
23	健康	健康最重要。	Health is the most important thing.
24	健康	我爺爺每天散步、早睡早起，身體一直很健康。	My grandpa walks every day and keeps early hours, so he has always been healthy.
25	感到	我感到很累。	I feel very tired.
26	感到	聽到朋友要出國留學，我既替她高興，又感到有點捨不得。	Hearing my friend is going abroad to study, I'm happy for her but feel a bit sad to see her go.
27	節目	這個節目很好看。	This show is great.
28	節目	晚上八點有一個旅遊節目，介紹台灣各地的小鎮。	At eight tonight there's a travel show introducing small towns across Taiwan.
29	領域	他是這個領域的專家。	He's an expert in this field.
30	領域	近年來，電動車在汽車領域裡越來越受歡迎。	In recent years, electric cars have become increasingly popular in the auto industry.
31	困難	這個問題很困難。	This problem is very difficult.
32	困難	創業初期遇到不少困難，但是家人一直支持我。	I ran into quite a few difficulties when starting my business, but my family always supported me.
33	狀況	我的狀況還好。	I'm doing okay.
34	狀況	路上發生狀況，所以公車比平常晚了二十分鐘。	Something happened on the road, so the bus was twenty minutes later than usual.
35	重大	這是重大消息。	This is major news.
36	重大	這次地震沒有造成重大傷亡，不過有些老房子受損。	The earthquake didn't cause major casualties, though some old houses were damaged.
37	公共	這是公共場所。	This is a public place.
38	公共	請維護公共環境整潔，垃圾不要亂丟。	Please keep public spaces clean and don't litter.
39	幾天	我只去幾天。	I'm only going for a few days.
40	幾天	這幾天一直下雨，衣服晾了幾天都還沒乾。	It has rained these past few days, and the laundry still isn't dry after hanging for several days.
41	樣子	他的樣子很累。	He looks tired.
42	樣子	你看他那個樣子，應該是昨晚又熬夜打電動了。	Look at him, he probably stayed up gaming again last night.
43	街	街上人很多。	The street is crowded.
44	街	週末我們常去老街逛逛，順便吃些小吃。	On weekends we often stroll around the old street and have some snacks.
45	頁	請翻到第十頁。	Please turn to page ten.
46	頁	這份報告一共有二十頁，請在明天之前看完。	This report is twenty pages in total. Please finish reading it by tomorrow.
47	嚴格	老師很嚴格。	The teacher is strict.
48	嚴格	我媽對作息管得很嚴格，晚上十一點一定要關燈睡覺。	My mom is strict about routines. Lights must be out by eleven.
49	性質	這份工作性質特別。	This job is unusual in nature.
50	性質	兩份工作的性質不同，一個要常出差，另一個大多在辦公室。	The two jobs differ in nature. One involves lots of travel, the other mostly office work.
51	片	我吃了一片餅乾。	I ate a cookie.
52	片	我買了一片光碟，裡面有五十首老歌，開車時最適合聽。	I bought a disc with fifty old songs, perfect for listening to while driving.
53	貼	請貼郵票。	Please put on a stamp.
54	貼	我把今天的行程貼在冰箱上，這樣大家都看得到。	I stuck today's schedule on the fridge so everyone can see it.
55	作戰	士兵出外作戰。	The soldiers went out to fight.
56	作戰	這部電影描寫士兵在山區作戰的過程，場面非常震撼。	This film depicts soldiers fighting in the mountains, and the scenes are very powerful.
57	大多數	大多數人喜歡甜點。	Most people like dessert.
58	大多數	大多數學生放學後都會去補習班，只有少數人直接回家。	Most students go to cram school after class, and only a few go straight home.
59	所有人	所有人請坐好。	Everyone, please sit down.
60	所有人	老師提醒所有人，下課前一定要把桌面整理乾淨。	The teacher reminded everyone to tidy their desks before class ends.
61	照	請照這個做。	Please do it like this.
62	照	太陽照在身上很暖，我們坐在草地上拍了好多照片。	The sun felt warm on us, and we sat on the grass taking lots of photos.
63	股份	他有公司的股份。	He holds shares in the company.
64	股份	爸爸把一部分股份轉給了哥哥，讓他可以參與公司的決策。	Dad transferred some of his shares to my brother so he can take part in company decisions.
65	適應	我很快就適應了。	I adapted quickly.
66	適應	剛搬到新城市，需要一點時間適應當地的氣候和生活步調。	After moving to a new city, you need some time to adapt to the local climate and pace.
67	保留	請保留收據。	Please keep the receipt.
68	保留	這間老房子的外觀被完整保留下來，內部改成了咖啡廳。	The exterior of this old house was fully preserved, and the inside became a cafe.
69	執政	他們執政三年了。	They have been in power for three years.
70	執政	新的執政團隊承諾，將在年底前公布完整的改革計畫。	The new governing team promised to announce a full reform plan by the end of the year.
71	戴	他戴著眼鏡。	He's wearing glasses.
72	戴	出門騎車一定要戴安全帽，冬天還要戴手套才不會冷。	Always wear a helmet when riding, and in winter wear gloves so your hands don't get cold.
73	港	船停在港口。	The boat is docked at the harbor.
74	港	高雄港每天進出的貨櫃船很多，是全台灣最大的港口。	Many container ships pass through Kaohsiung Port daily, Taiwan's largest.
75	能量	我需要能量。	I need energy.
76	能量	早上喝一杯豆漿、吃顆蛋，讓我一整天都充滿能量。	A cup of soy milk and an egg in the morning keeps me full of energy all day.
77	遊客	遊客很多。	There are many tourists.
78	遊客	假日的老街擠滿了外國遊客，小吃攤前都排著長長的隊伍。	On holidays the old street is packed with foreign tourists, with long lines at the snack stalls.
79	今後	今後請多指教。	I look forward to your guidance from now on.
80	今後	今後公司會更重視員工的健康，每週一天可以在家工作。	From now on the company will focus more on employee health, with one work-from-home day a week.
81	加工	這是加工食品。	This is processed food.
82	加工	這家工廠專門替國外品牌加工，每天要處理上千件產品。	This factory specializes in processing for foreign brands, handling thousands of products daily.
83	夥伴	他是我的夥伴。	He's my partner.
84	夥伴	我們是一起長大的夥伴，不管有什麼事都會互相幫忙。	We grew up together as buddies and help each other no matter what.
85	從未	我從未去過。	I've never been there.
86	從未	他從未遲到過，所以這次沒來，大家都很擔心。	He had never been late, so when he didn't come this time, everyone was worried.
87	整合	我們要整合資料。	We need to integrate the data.
88	整合	這個app整合了訂位、點餐和付款功能，用起來很方便。	This app integrates reservations, ordering and payment, making it very convenient.
89	玩家	他是遊戲玩家。	He's a gamer.
90	玩家	這款新遊戲上線第一天，就吸引了上萬名玩家同時登入。	On its first day, this new game attracted tens of thousands of players logging in at once.
91	聯絡	我會再聯絡你。	I'll contact you again.
92	聯絡	搬家後請盡快聯絡水電公司，更新你的住址和聯絡電話。	After moving, contact the utility companies soon to update your address and phone number.
93	跨	他跨過水溝。	He stepped over the ditch.
94	跨	這條河很窄，一步就能跨過去，不需要走橋。	The river is narrow enough to step across in one stride without taking the bridge.
95	電信	這是電信公司。	This is a telecom company.
96	電信	我換了電信公司之後，每個月的手機費省了兩百多塊。	After switching telecom companies, I save over two hundred dollars a month on my phone bill.
97	價	價錢是多少？	What's the price?
98	價	水果的價格每天都不一樣，要貨比三家才買得到便宜的。	Fruit prices change daily, so you have to compare shops to find a bargain.
99	喜愛	我喜愛音樂。	I love music.
100	喜愛	這部卡通深受小朋友喜愛，週末的重播收視率特別高。	This cartoon is loved by kids, and its weekend reruns draw especially high ratings.
101	巴士	我搭巴士去。	I'm going by bus.
102	巴士	遊覽巴士載著我們上山，沿路的風景美得讓大家不停拍照。	The tour bus took us up the mountain, and the scenery was so beautiful we kept taking photos.
103	敘述	他敘述了經過。	He told what happened.
104	敘述	請簡單敘述一下事情發生的經過，我再通知相關的同事。	Please briefly describe what happened and I'll notify the relevant colleagues.
105	源	水源很乾淨。	The water source is clean.
106	源	這條河是附近農田的水源，所以政府很重視它的水質。	This river is the water source for nearby farmland, so the government values its water quality.
107	穀	這是穀物。	This is grain.
108	穀	早餐吃穀物片加牛奶，營養均衡，又不用花時間準備。	Cereal with milk for breakfast is balanced and takes no time to prepare.
109	被告	被告不在場。	The defendant isn't present.
110	被告	法庭上，被告的律師提出新的證據，希望法官重新考慮。	In court, the defendant's lawyer presented new evidence, hoping the judge would reconsider.
111	邊緣	走在懸崖邊緣。	Walking on the cliff's edge.
112	邊緣	他站在懸崖邊緣往下看，腿不由自主地發抖。	He stood on the cliff's edge looking down, his legs trembling uncontrollably.
113	中斷	電話中斷了。	The call was cut off.
114	中斷	颱風造成山區供電中斷，居民點蠟燭度過了一整晚。	The typhoon cut off power in the mountains, and residents spent the night by candlelight.
115	勒	他被勒索了。	He was extorted.
116	勒	詐騙集團以裸照勒索被害人，警方呼籲民眾提高警覺。	A scam ring extorted victims with nude photos, and police urge the public to be vigilant.
117	增	最近體重增加了。	I gained weight recently.
118	增	為了增加收入，他下班後還去超商打工，常常忙到半夜。	To earn more, he also works part-time at a convenience store after work, often busy till midnight.
119	崩潰	我快崩潰了。	I'm about to crack.
120	崩潰	連續加班一個月，他終於崩潰，在辦公室裡大哭了一場。	After a month of overtime, he finally broke down and cried in the office.
121	抵抗	要抵抗誘惑。	You must resist temptation.
122	抵抗	多運動、多睡覺，可以增加身體的抵抗力，不容易感冒。	Exercising and sleeping more boost your body's resistance so you catch colds less.
123	木	這張桌子是木頭做的。	This table is made of wood.
124	木	木製的玩具摸起來很溫暖，小朋友玩久了也不容易受傷。	Wooden toys feel warm to the touch, and kids are less likely to get hurt playing with them.
125	減輕	請減輕負擔。	Please lighten the burden.
126	減輕	幫忙分擔家事可以減輕媽媽的負擔，她才有時間休息。	Sharing the housework lightens Mom's load so she has time to rest.
127	當成	別把我當成外人。	Don't treat me like an outsider.
128	當成	他把這次失敗當成學習的機會，沒有因此灰心。	He treated this failure as a chance to learn and wasn't discouraged.
129	級別	這個級別很高。	This level is high.
130	級別	這場比賽按照年齡分成不同級別，讓每個人都有機會得獎。	The competition is divided into levels by age so everyone has a chance to win.
131	虐待	不要虐待動物。	Don't abuse animals.
132	虐待	新聞報導有人虐待流浪狗，警方已經介入調查。	News reported someone abusing stray dogs, and police have started an investigation.
133	農	我爺爺是農夫。	My grandpa is a farmer.
134	農	雲林有很多農田，農民們在春天忙著插秧，夏天則忙著收成。	Yunlin has lots of farmland, and farmers plant rice in spring and harvest in summer.
135	順序	請按順序排隊。	Please line up in order.
136	順序	這些步驟的順序不能亂，要先洗菜再切菜，最後才下鍋。	The order of these steps can't be mixed up: wash, then cut, then cook.
137	也就是說	也就是說，你不來了。	So, you're not coming.
138	也就是說	這份保單的期限是十年，也就是說到二○三六年才會到期。	This policy runs for ten years, meaning it expires in 2036.
139	分歧	我們有分歧。	We have a disagreement.
140	分歧	兩位股東對公司的未來方向有分歧，會議開了三個小時還沒結論。	The two shareholders disagree on the company's direction, and after three hours there was no conclusion.
141	國籍	你是什麼國籍？	What's your nationality?
142	國籍	填寫表格時，請在國籍欄寫上你護照上的國家。	When filling out the form, write the country on your passport in the nationality box.
143	封面	這本書封面很漂亮。	This book's cover is pretty.
144	封面	雜誌封面是一位年輕的運動員，標題寫著「挑戰極限」。	The magazine cover shows a young athlete, with a headline reading "Challenging Limits."
145	感興趣	我對音樂感興趣。	I'm interested in music.
146	感興趣	如果你對手作課感興趣，可以來參加我們這週六的體驗活動。	If you're interested in handicraft classes, come to our trial event this Saturday.
147	施	政府正在施工。	The government is carrying out construction.
148	施	這條路從上個月開始施工，所以早上通勤都要多花二十分鐘。	Construction on this road started last month, so my morning commute takes an extra twenty minutes.
149	涉嫌	他涉嫌詐騙。	He's suspected of fraud.
150	涉嫌	一名男子涉嫌酒駕撞傷路人，警方已將他送辦。	A man is suspected of drunk driving and injuring a pedestrian, and police have referred him to prosecutors.
151	目光	大家看他的目光很溫暖。	Everyone looks at him warmly.
152	目光	她一出現，現場所有人的目光都被她吸引了過去。	When she appeared, everyone's gaze was drawn to her.
153	罪名	罪名成立。	The charge was established.
154	罪名	他被控詐欺的罪名，最後因為證據不足而獲判無罪。	He was charged with fraud but found not guilty for lack of evidence.
155	認知	你的認知有誤。	Your understanding is mistaken.
156	認知	每個人對健康的認知不一樣，有人覺得多吃蔬菜，有人覺得多運動。	Everyone sees health differently: some think more vegetables, others more exercise.
157	關稅	關稅提高了。	Tariffs went up.
158	關稅	政府宣布調降部分進口水果的關稅，希望讓消費者買得更便宜。	The government announced lower tariffs on some imported fruit, hoping to make it cheaper for consumers.
159	不及	我不及他。	I'm not as good as him.
160	不及	他跑得太慢，來不及搭上最後一班車，只好叫計程車回家。	He ran too slowly to catch the last bus and had to take a taxi home.
161	傾斜	樹向左傾斜。	The tree leans to the left.
162	傾斜	地震之後，這棟老房子有點傾斜，居民都先搬到親戚家住。	After the earthquake, this old house tilted a little, and residents moved to relatives' homes.
163	動蕩	局勢動蕩不安。	The situation is turbulent.
164	動蕩	經過動蕩的年代，老一輩的人特別珍惜現在安穩的生活。	Having lived through turbulent times, older folks cherish today's stable life.
165	四周	四周很安靜。	It's quiet all around.
166	四周	颱風過後，四周的樹都倒了，街上滿是樹枝和落葉。	After the typhoon, the trees all around had fallen, and the street was full of branches and leaves.
167	安慰	我來安慰你。	Let me comfort you.
168	安慰	她考試考不好很難過，朋友陪著她散步，說了很多安慰的話。	She was sad about doing poorly on the exam, and her friend walked with her, saying many comforting words.
169	彩	天空出現彩虹。	A rainbow appeared in the sky.
170	彩	這場演唱會非常精彩，台下的觀眾不斷鼓掌喝彩。	The concert was fantastic, and the audience kept applauding and cheering.
171	掀起	風掀起了他的帽子。	The wind lifted his hat.
172	掀起	這部影集一播出就掀起熱烈討論，每個人都在猜結局。	This series sparked heated discussion as soon as it aired, with everyone guessing the ending.
173	景觀	這裡景觀很好。	The landscape here is nice.
174	景觀	這間咖啡店的窗戶面向山谷，景觀開闊，常有人來這裡看日落。	This cafe's windows face a valley with a wide view, and people come to watch sunsets.
175	永恆	愛情是永恆的。	Love is eternal.
176	永恆	照片可以讓美好的瞬間變成永恆，所以我總是隨身帶著相機。	Photos make wonderful moments eternal, so I always carry my camera.
177	焦慮	我覺得焦慮。	I feel anxious.
178	焦慮	快到考試日期，他每天都焦慮得睡不著，只好看醫生。	With exams near, he was so anxious he couldn't sleep daily and saw a doctor.
179	祖先	我們的祖先來自福建。	Our ancestors came from Fujian.
180	祖先	每年過年前，家人會準備豐盛的菜餚祭拜祖先。	Every year before New Year the family prepares a feast to honor the ancestors.
181	致力於	他致力於教育。	He devotes himself to education.
182	致力於	這個團體致力於保護海洋生態，每個月都舉辦淨灘活動。	This group is devoted to protecting marine ecology and holds a beach cleanup every month.
183	說不定	說不定會下雨。	It might rain.
184	說不定	別擔心，說不定他只是忘了看手機，等一下就會回你訊息了。	Don't worry. Maybe he just forgot to check his phone and will reply soon.
185	違規	這樣違規了。	That's against the rules.
186	違規	在紅線停車是違規的，被拍到就會收到罰單。	Parking on a red line is a violation, and if photographed you'll get a ticket.
187	隔壁	隔壁在吵。	It's noisy next door.
188	隔壁	隔壁的阿姨常常送我們自己種的青菜，我媽也會回送水果。	The aunt next door often gives us vegetables she grew, and my mom returns the favor with fruit.
189	下級	下級要服從上級。	Subordinates must obey superiors.
190	下級	主管對下級很親切，所以員工都願意跟他說心裡話。	The manager is kind to subordinates, so employees open up to him.
191	先行	你先行一步。	You go ahead first.
192	先行	我們先行離開，你們慢慢吃，不用急著趕過來。	We'll leave first. Take your time and no need to rush.
193	卓越	他表現卓越。	He performed outstandingly.
194	卓越	她在研究領域有卓越的貢獻，因此獲得了國際大獎。	She made outstanding contributions in research and won an international award.
195	塗	請塗防曬乳。	Please apply sunscreen.
196	塗	他把牆壁塗成淡藍色，房間看起來像天空一樣清爽。	He painted the walls light blue, and the room feels airy like the sky.
197	寮	山上有一間小寮。	There's a small hut on the mountain.
198	寮	漁民在海邊搭了一間簡單的寮，下雨時可以躲雨和休息。	Fishermen built a simple shack by the sea to shelter from rain and rest.
199	徐	風徐徐吹來。	A breeze blows gently.
200	徐	微風徐徐地吹過田野，稻穗跟著輕輕搖動。	A gentle breeze drifted over the fields, and rice ears swayed softly.
201	插入	請插入隨身碟。	Please insert the flash drive.
202	插入	把充電線插入插座之前，要先確認手是乾的，比較安全。	Before plugging the cable into the outlet, make sure your hands are dry to be safe.
203	本事	他很有本事。	He is very capable.
204	本事	你有本事就自己去考考看，別光說別人的壞話。	If you're so capable, take the exam yourself rather than just badmouthing others.
205	流入	河水流入大海。	The river flows into the sea.
206	流入	大雨後，雨水流入低窪的街道，造成部分地區淹水。	After heavy rain, water flowed into low-lying streets and flooded some areas.
207	異議	我沒有異議。	I have no objection.
208	異議	如果大家對這個方案沒有異議，我們就照這樣進行了。	If no one objects to this plan, we'll proceed this way.
209	糟	真糟糕！	How terrible!
210	糟	今天運氣真糟，趕公車卻被關在門外，還下起大雨。	Terrible luck today: I got shut out of the bus I rushed for, and then it poured.
211	虛偽	他很虛偽。	He is hypocritical.
212	虛偽	我討厭虛偽的人，嘴上說關心你，其實根本不在乎。	I dislike hypocritical people who claim to care but don't.
213	賽車	他愛看賽車。	He loves watching car races.
214	賽車	這款賽車遊戲的畫面非常逼真，玩起來像真的在賽道上飆速度。	The graphics of this racing game are so realistic it feels like speeding on a real track.
215	門票	門票多少錢？	How much is the ticket?
216	門票	這個景點的門票是兩百元，學生買半價，六十五歲以上免費。	Admission is two hundred dollars, half price for students and free for those over sixty-five.
217	高中生	他是高中生。	He's a high school student.
218	高中生	很多高中生放學後會留在學校自習室，準備大學入學考試。	Many high school students stay in school study rooms after class to prepare for college entrance exams.
219	享用	請慢慢享用。	Please take your time and enjoy.
220	享用	點餐完畢後，請在座位上稍等，餐點好了會請您享用。	After ordering, please wait at your seat, and we'll serve it when it's ready for you to enjoy.
221	傳言	這只是傳言。	It's just a rumor.
222	傳言	有傳言說公司下個月要裁員，所以大家都有點緊張。	There's a rumor the company will lay off staff next month, so everyone is a little tense.
223	務實	他很務實。	He's pragmatic.
224	務實	比起空談夢想，她更務實，每天都按計畫存錢、學技能。	Instead of dreaming aloud, she's practical, saving and learning skills daily as planned.
225	呂	這首曲子氣勢磅礡，有黃鐘大呂之聲。	This piece is majestic, with the grandeur of grand ceremonial music.
226	壁畫	牆上有壁畫。	There's a mural on the wall.
227	壁畫	老街的牆上畫了一幅壁畫，描繪以前市場熱鬧的景象。	A mural on the old street's wall depicts the lively market of the past.
228	完工	工程完工了。	The construction is completed.
229	完工	新大樓預計明年三月完工，到時候公司就可以搬進去了。	The new building is expected to be completed next March, when the company can move in.
230	底部	杯子底部有水。	There's water at the cup's bottom.
231	底部	箱子的底部有一個小洞，所以裡面的東西都漏出來了。	There's a small hole at the bottom of the box, so everything inside fell out.
232	戰車	這是一輛戰車。	This is a tank.
233	戰車	博物館展出了一輛二戰時期的戰車，很多小朋友圍著拍照。	The museum exhibits a WWII tank, and many kids gather to take photos.
234	揭發	他揭發了真相。	He exposed the truth.
235	揭發	那位員工勇敢揭發公司違法排放廢水的事，後來受到社會讚揚。	The employee bravely exposed the company's illegal wastewater discharge and was later praised.
236	星座	你是什麼星座？	What's your zodiac sign?
237	星座	我是天蠍座，朋友都說這個星座的人愛記仇，我覺得有點被冤枉。	I'm a Scorpio, and friends say the sign holds grudges, which I find a bit unfair.
238	檢	醫生來檢查。	The doctor came to examine.
239	檢	出國前要先到醫院做健康檢查，確認沒有傳染病。	Before going abroad, get a medical check-up at the hospital to confirm no contagious disease.
240	減弱	風勢減弱了。	The wind weakened.
241	減弱	颱風登陸後威力減弱，變成熱帶性低氣壓，雨勢也逐漸變小。	After landfall the typhoon weakened into a tropical depression, and the rain gradually eased.
242	甘	他心甘情願。	He is perfectly willing.
243	甘	這道湯喝起來甘甜，是用白蘿蔔和排骨慢慢燉出來的。	This soup tastes sweet, slowly stewed from white radish and pork ribs.
244	福音	這是個福音。	This is good news.
245	福音	新藥的問世對病人來說是個福音，大家都看到了康復的希望。	The new drug is good news for patients, giving everyone hope of recovery.
246	縱然	縱然困難也要做。	We'll do it even if it's difficult.
247	縱然	縱然下大雨，我們還是照原定計畫出發，不想讓期待落空。	Even if it rains hard, we'll set off as planned and not let expectations go to waste.
248	落下	雨滴落下來了。	Raindrops are falling.
249	落下	夕陽慢慢落下，海面被染成一片橘紅色，大家都停下腳步看。	The sun slowly set, painting the sea orange-red, and everyone stopped to watch.
250	譬如	譬如說，蘋果。	For example, apples.
251	譬如	我想學一些有用的技能，譬如烹飪、攝影或是寫程式。	I want to learn useful skills, like cooking, photography or coding.
252	逼近	颱風正在逼近。	The typhoon is approaching.
253	逼近	截止日期逼近，全辦公室的人都在拚命趕工。	The deadline is closing in, and the whole office is rushing to finish.
254	難看	這件衣服很難看。	This outfit is ugly.
255	難看	他被老闆當眾罵了一頓，臉色變得很難看，一句話也沒說。	The boss scolded him in public, his face fell, and he said nothing.
256	鴻	他志向鴻大。	His ambition is grand.
257	鴻	這間書店門口掛著「鴻圖大展」的匾額，希望生意興隆。	A plaque reading "great plans unfold" hangs at the bookstore's entrance, hoping for thriving business.
258	奶茶	我想喝奶茶。	I want milk tea.
259	奶茶	下午三點，辦公室的同事一起訂了奶茶，我選了半糖少冰。	At three in the afternoon, the office ordered milk tea together, and I chose half sugar, less ice.
260	混熟	我們混熟了。	We got familiar with each other.
261	混熟	剛進公司時有點緊張，後來跟同事混熟以後，就覺得輕鬆很多。	I was nervous when I first joined, but after getting familiar with colleagues it felt much easier.
262	購物袋	我自備購物袋。	I bring my own shopping bag.
263	購物袋	超市現在不提供免費購物袋，所以我都會帶一個折疊的環保購物袋。	Supermarkets no longer give free shopping bags, so I carry a foldable reusable one.
264	這樣子	就這樣子吧。	Let's leave it like this.
265	這樣子	你這樣子說話，別人聽了會不開心，換個方式講比較好。	If you talk like this, people will be upset. It's better to put it another way.
266	在	我現在在家，你呢？	I'm home right now. How about you?
267	在	我哥哥在一家小公司上班，每天都很晚才回家。	My older brother works at a small company and gets home late every day.
268	好	這家店的咖啡很好喝。	The coffee at this shop is really good.
269	好	好久不見，你最近過得好不好？	Long time no see. How have you been?
270	只	我只有一百塊。	I only have a hundred dollars.
271	只	這次考試只差兩分就及格了，真可惜。	I missed passing this exam by only two points. What a shame.
272	高	他長得很高。	He is very tall.
273	高	最近菜價很高，我媽每次去市場都在嘆氣。	Vegetable prices are high lately, and my mom sighs every time she goes to the market.
274	叫	我叫小明，你叫什麼名字？	I'm called Xiaoming. What's your name?
275	叫	老師叫我們把作業交到辦公室，不要放在教室。	The teacher told us to hand in our homework at the office, not leave it in the classroom.
276	運動	我喜歡早上運動。	I like exercising in the morning.
277	運動	醫生建議我每週運動三次，每次至少三十分鐘。	The doctor advised me to exercise three times a week, at least thirty minutes each time.
278	正	農曆正月是新年。	The first month of the lunar calendar is New Year.
279	正	正月裡，親戚們都會回老家一起吃團圓飯。	During the first lunar month, relatives all go back to the family home for a reunion dinner.
280	其實	其實我不餓。	Actually, I'm not hungry.
281	其實	大家都以為他很兇，其實他人很好，只是不太會表達。	Everyone thinks he's mean, but actually he's a nice guy who just isn't good at expressing himself.
282	機會	這是難得的機會。	This is a rare opportunity.
283	機會	如果有機會的話，我想去歐洲住一年，慢慢體驗那裡的生活。	If I get the chance, I'd like to live in Europe for a year and slowly experience life there.
284	價格	這個價格可以嗎？	Is this price okay?
285	價格	最近蔬菜價格漲得很快，家庭主婦都覺得很傷腦筋。	Vegetable prices have been rising fast lately, and housewives find it a real headache.
286	法	這是一個好辦法。	This is a good approach.
287	法	新的法令規定，騎機車一定要戴安全帽。	The new regulation states that you must wear a helmet when riding a scooter.
288	僅	僅此一次，下不為例。	Just this once. Never again.
289	僅	本店僅接受現金付款，造成不便敬請見諒。	This shop accepts cash only. We apologize for the inconvenience.
290	應用	這個技術可以應用在很多地方。	This technology can be applied in many places.
291	應用	老師教我們怎麼把學到的數學應用在日常生活中。	The teacher showed us how to apply the math we learned in daily life.
292	精神	我今天沒什麼精神。	I'm not feeling very energetic today.
293	精神	睡飽以後精神就好多了，下午的會議也比較能專心。	After a good sleep my spirits are much better, and I can concentrate more in the afternoon meeting.
294	願意	你願意幫我嗎？	Are you willing to help me?
295	願意	只要你願意花時間，我可以教你怎麼做這道菜。	As long as you're willing to spend the time, I can teach you how to make this dish.
296	國外	我哥哥現在在國外工作。	My older brother is working abroad now.
297	國外	國外的朋友寄了一份禮物給我，包裹下週才會到。	A friend from overseas sent me a gift, and the package won't arrive until next week.
298	獎	他得了一個獎。	He won an award.
299	獎	抽獎活動的頭獎是一台最新款的平板電腦。	The grand prize of the raffle is the latest tablet computer.
300	關心	謝謝你的關心。	Thank you for your concern.
301	關心	她很關心鄰居的老人家，常常煮一些菜送過去。	She cares a lot about the elderly neighbors and often cooks some dishes and takes them over.
302	剛剛	他剛剛出門了。	He just went out.
303	剛剛	我剛剛才跟老闆講完話，你現在進去也許會比較好。	I just finished talking with the boss, so maybe it's better if you go in now.
304	度	今天最高溫三十五度。	Today's high is thirty-five degrees.
305	度	去年夏天我們在花蓮度過了一個很愉快的假期。	Last summer we spent a very pleasant vacation in Hualien.
306	機	他搭飛機去日本。	He took a plane to Japan.
307	機	這家餐廳可以用手機點餐，連服務生都不用叫了。	At this restaurant you can order on your phone, so you don't even have to call a waiter.
308	衝突	他們有一點衝突。	They had a bit of a conflict.
309	衝突	為了避免衝突，鄰居們決定一起開會討論停車的規則。	To avoid conflict, the neighbors decided to hold a meeting about the parking rules.
310	項	請填寫以下各項。	Please fill in each of the items below.
311	項	這次健康檢查總共有二十多項，結果下週會寄到家裡。	This health check has over twenty items, and the results will be mailed home next week.
312	夢想	我的夢想是環遊世界。	My dream is to travel around the world.
313	夢想	她從小的夢想就是開一家屬於自己的咖啡廳。	Ever since she was little, her dream has been to open her own café.
314	打擊	這次失敗對他是很大的打擊。	This failure was a big blow to him.
315	打擊	政府宣布要加強打擊詐騙集團，保護民眾的財產。	The government announced it will step up its crackdown on scam rings to protect people's property.
316	畫	她在畫一幅畫。	She is drawing a picture.
317	畫	我弟弟很喜歡畫畫，牆上貼滿了他畫的恐龍。	My younger brother loves drawing, and the wall is covered with dinosaurs he drew.
318	運行	火車正常運行。	The train is running normally.
319	運行	颱風期間，部分公車路線暫停運行，請民眾留意公告。	During the typhoon, some bus routes have suspended operation. Please watch for announcements.
320	先後	他們先後到了。	They arrived one after the other.
321	先後	這兩部電影先後在台灣上映，票房都很不錯。	These two films opened in Taiwan one after another, and both did well at the box office.
322	大學生	他是大學生。	He is a university student.
323	大學生	很多大學生暑假會去飲料店打工，賺自己的生活費。	Many university students work part-time at drink shops over the summer to earn their living expenses.
324	提到	他提到了你的名字。	He mentioned your name.
325	提到	剛剛會議上有人提到下個月要加班，但是沒有說得很清楚。	Someone mentioned in the meeting just now that there will be overtime next month, but it wasn't made clear.
326	猜	你猜是誰？	Guess who it is.
327	猜	我猜他今天不會來，因為他昨天說身體不舒服。	I guess he won't come today, because he said yesterday he wasn't feeling well.
328	色	他氣得臉色發白。	He was so angry that his face turned pale.
329	色	這件外套的顏色很特別，是一種有點灰的綠色。	The color of this jacket is special, a slightly gray green.
330	領袖	他是一位傑出的領袖。	He is an outstanding leader.
331	領袖	這位領袖在演講中呼籲大家團結，一起面對經濟的挑戰。	In his speech this leader called on everyone to unite and face economic challenges together.
332	典型	這是典型的台灣早餐。	This is a typical Taiwanese breakfast.
333	典型	他是典型的工作狂，連週末都在回覆公司的訊息。	He is a typical workaholic who even replies to work messages on weekends.
334	實驗室	他在實驗室工作。	He works in the lab.
335	實驗室	化學實驗室裡有很多危險的藥品，進去之前一定要先戴手套。	The chemistry lab has many dangerous chemicals, so always put on gloves before going in.
336	教堂	教堂就在前面。	The church is just ahead.
337	教堂	每個週日早上，鎮上的人都會到教堂做禮拜。	Every Sunday morning the townspeople go to the church for worship.
338	生日	今天是我的生日。	Today is my birthday.
339	生日	我們幫奶奶準備了一個大蛋糕，慶祝她的八十歲生日。	We prepared a big cake for grandma to celebrate her eightieth birthday.
340	衝擊	這個消息對他是個衝擊。	This news was a shock to him.
341	衝擊	景氣不好對小型店家的衝擊特別大，很多都撐不下去了。	The economic downturn hit small shops especially hard, and many couldn't hold on.
342	電臺	我常聽這個電臺。	I often listen to this radio station.
343	電臺	這個電臺每天晚上十點播放輕鬆的音樂，陪伴很多人入睡。	This radio station plays relaxing music every night at ten and keeps many people company as they fall asleep.
344	侵犯	不要侵犯別人的隱私。	Don't invade other people's privacy.
345	侵犯	任何侵犯著作權的行為，都可能被法院處罰。	Any act that infringes copyright may be punished by the court.
346	名為	這家店名為「小時光」。	This shop is called "Little Moments."
347	名為	他最近寫了一本名為《山城歲月》的小說，賣得不錯。	He recently wrote a novel titled "Mountain Town Years," and it's selling well.
348	密碼	我忘記密碼了。	I forgot my password.
349	密碼	為了安全，請不要把密碼告訴任何人，也要定期更換。	For safety, don't tell anyone your password, and change it regularly.
350	憤怒	他很憤怒。	He's furious.
351	憤怒	看到不公平的新聞，我心裡很憤怒，卻不知道能做什麼。	Seeing unfair news, I felt angry but didn't know what I could do.
352	有權	你有權不回答。	You have the right not to answer.
353	有權	根據法律規定，消費者有權要求退貨並取回全部金額。	According to the law, consumers have the right to demand a return and get the full amount back.
354	皇家	皇家酒店很有名。	The Royal Hotel is very famous.
355	皇家	英國皇家衛隊的交接儀式每天都吸引許多遊客圍觀。	The changing of the British royal guard attracts many tourists to watch every day.
356	菜	我去市場買菜。	I'm going to the market to buy groceries.
357	菜	媽媽煮了四菜一湯，全家人坐在一起吃飯，很溫暖。	Mom cooked four dishes and a soup, and the whole family sat down together to eat. It was warm.
358	逃	小偷逃走了。	The thief ran away.
359	逃	他從小就怕狗，一看到狗就拔腿逃跑。	He's been afraid of dogs since childhood and runs away the moment he sees one.
360	一方	雙方都有錯，不能只怪一方。	Both sides are at fault, so you can't blame just one.
361	一方	在合約中，如果任何一方違約，另一方有權終止合作。	In the contract, if either party breaches it, the other party has the right to terminate the cooperation.
362	出於	出於好奇，我打開了盒子。	Out of curiosity, I opened the box.
363	出於	他出於安全考量，決定不讓小孩一個人出門。	For safety reasons, he decided not to let the child go out alone.
364	多元	台灣是個多元的社會。	Taiwan is a diverse society.
365	多元	學校提供多元的課程，讓學生可以發展不同的興趣。	The school offers diverse courses so students can develop different interests.
366	心態	你要有好的心態。	You need to have a good mindset.
367	心態	面對失敗時，保持平常的心態，才能從錯誤中學到東西。	When facing failure, keeping a calm mindset lets you learn from mistakes.
368	本文	本文將介紹三種方法。	This article will introduce three methods.
369	本文	本文探討近年來台灣青年的就業狀況與未來的挑戰。	This article examines the employment situation of Taiwanese youth in recent years and the challenges ahead.
370	理性	我們要理性討論。	We should discuss rationally.
371	理性	買東西的時候要理性，不要因為打折就買一堆用不到的東西。	Be rational when you shop, and don't buy a pile of things you won't use just because they're on sale.
372	綁架	有人被綁架了。	Someone was kidnapped.
373	綁架	警方成功救出被綁架的男孩，並逮捕了三名嫌犯。	Police successfully rescued the kidnapped boy and arrested three suspects.
374	谷	山谷裡有一條小河。	There's a small stream in the valley.
375	谷	我們走進山谷，兩邊都是高聳的樹，空氣特別清新。	We walked into the valley with tall trees on both sides and the air especially fresh.
376	香	這朵花好香。	This flower smells so nice.
377	香	廚房傳來陣陣香味，原來媽媽正在煎魚。	A wonderful aroma drifted from the kitchen. Mom was pan-frying fish.
378	傑出	他是傑出的學生。	He is an outstanding student.
379	傑出	這位傑出的醫生獲頒獎章，表彰他對偏鄉醫療的貢獻。	This outstanding doctor was awarded a medal in recognition of his contribution to rural medicine.
380	名人	他是名人。	He is a celebrity.
381	名人	許多名人受邀參加慈善晚會，現場的拍賣金額全數捐出。	Many celebrities were invited to the charity gala, and all auction proceeds were donated.
382	委託	我委託朋友買東西。	I asked a friend to buy things for me.
383	委託	公司委託專業的搬家公司處理辦公室的搬遷。	The company entrusted a professional moving company with the office relocation.
384	影像	螢幕上的影像很清楚。	The image on the screen is very clear.
385	影像	醫院用影像檢查來找出病因，不用開刀就能看到身體裡面。	The hospital uses imaging to find the cause of illness and can see inside the body without surgery.
386	收藏	他喜歡收藏郵票。	He likes collecting stamps.
387	收藏	爸爸收藏了很多老唱片，每一張都保存得非常好。	Dad has collected many old records, and every one is kept in great condition.
388	毒	這種蘑菇有毒。	This kind of mushroom is poisonous.
389	毒	新聞說，路邊的野菇有毒，千萬不要隨便採來吃。	The news said roadside wild mushrooms are poisonous, so never pick them to eat casually.
390	爆	氣球爆了。	The balloon burst.
391	爆	這家小吃店太紅了，每天中午都爆滿，要排很久。	This snack shop is so popular that it's packed every noon and you have to wait a long time.
392	碩士	她正在念碩士。	She is studying for a master's degree.
393	碩士	我哥哥碩士畢業後進了一家半導體公司，薪水還不錯。	After finishing his master's, my brother joined a semiconductor company with a decent salary.
394	聞	我聞到咖啡的香味。	I smell the aroma of coffee.
395	聞	早上一起床，我就聞到樓下早餐店飄來的蛋餅香味。	As soon as I got up in the morning, I smelled the egg pancakes drifting up from the breakfast shop below.
396	負面	不要說負面的話。	Don't say negative things.
397	負面	網路上的負面評論讓餐廳的生意受到一些影響，老闆很苦惱。	Negative online reviews hurt the restaurant's business somewhat, and the owner is distressed.
398	開槍	警察向歹徒開槍。	The police fired at the criminal.
399	開槍	新聞說，歹徒對著天空開槍後逃走了，沒有人受傷。	The news said the gunman fired into the sky and fled, and nobody was hurt.
400	黨委	縣裡的黨委召開了會議。	The county's Party committee held a meeting.
401	傳達	我會幫你傳達。	I'll pass it on for you.
402	傳達	請你把老闆的意思傳達給大家，免得有人誤會。	Please convey the boss's meaning to everyone so nobody misunderstands.
403	受歡迎	他很受歡迎。	He's very popular.
404	受歡迎	這款手搖飲料特別受歡迎，每天都有人排隊買。	This hand-shaken drink is especially popular, and people line up to buy it every day.
405	字幕	這部電影有中文字幕。	This movie has Chinese subtitles.
406	字幕	我看外國影集的時候，習慣打開字幕，這樣聽不懂的地方也能看懂。	When I watch foreign series, I turn on subtitles so I can follow the parts I can't hear.
407	彷彿	彷彿回到了小時候。	It's as though I'm back in childhood.
408	彷彿	走進這條老街，彷彿回到幾十年前，空氣裡都是古早味。	Walking into this old street feels like going back decades, with an old-fashioned flavor in the air.
409	擔憂	我很擔憂他的健康。	I'm worried about his health.
410	擔憂	物價一直上漲，許多家庭擔憂這個冬天的生活費。	Prices keep rising, and many families worry about their living costs this winter.
411	歌詞	我記不得歌詞。	I can't remember the lyrics.
412	歌詞	這首歌的歌詞很有意思，講的是一個人在異鄉思念家鄉的心情。	This song's lyrics are interesting, about someone missing home while in a foreign land.
413	率先	他率先發言。	He spoke up first.
414	率先	這家公司率先推出電動車，領先其他同業。	This company was first to launch electric cars, ahead of its peers.
415	精英	他是公司的精英。	He's one of the company's elite.
416	精英	這所學校培養了許多精英，畢業生很多都在國外大企業工作。	This school has trained many elites, and many graduates work at big companies abroad.
417	蛋糕	我想吃蛋糕。	I want to eat cake.
418	蛋糕	朋友生日的時候，我們一起去訂了一個水果蛋糕，驚喜地送給她。	For my friend's birthday we ordered a fruit cake together and surprised her with it.
419	遲	我遲到了。	I'm late.
420	遲	不要遲到太久，不然客人會等得不耐煩。	Don't be too late, or the guests will grow impatient waiting.
421	一眼	我一眼就認出他了。	I recognized him at a glance.
422	一眼	她只看了一眼那件外套，就決定買下來，連價格都沒問。	She took one look at that coat and decided to buy it without even asking the price.
423	借口	別找借口。	Don't make excuses.
424	借口	他每次都用塞車當借口，其實是睡過頭了，大家早就知道了。	Every time he uses traffic as an excuse when he actually overslept, and everyone knows already.
425	制約	兩者互相制約。	The two constrain each other.
426	制約	公司的預算受到許多條件制約，因此新計畫只能慢慢推動。	The company's budget is limited by many conditions, so the new plan can only move forward slowly.
427	唱片	我喜歡收集唱片。	I like collecting records.
428	唱片	附近有一家二手唱片行，老闆很熟悉老歌，週末常有人去挖寶。	There's a second-hand record shop nearby whose owner knows old songs well, and people go treasure-hunting there on weekends.
429	姿態	他的姿態很高。	He acts high and mighty.
430	姿態	她站在台上的姿態很優雅，讓觀眾們都看得入神。	Her poise on stage was so graceful that the audience was captivated.
431	幽默	他很幽默。	He is very funny.
432	幽默	我們老師上課很幽默，常常說笑話讓大家放鬆。	Our teacher is humorous in class and often tells jokes to help us relax.
433	拆	我要拆包裹。	I'm going to open the package.
434	拆	舊房子被拆掉以後，原地蓋了一座新的公園。	After the old house was torn down, a new park was built on the site.
435	旗	國旗在飄揚。	The national flag is waving.
436	旗	每天早上，學校都會舉行升旗典禮，全校學生要在操場上站好。	Every morning the school holds a flag-raising ceremony, and all students line up on the field.
437	歷任	他是歷任最年輕的局長。	He is the youngest director in history.
438	歷任	歷任市長都很重視這座公園，每年都編列預算維護。	Successive mayors have all valued this park and set aside a maintenance budget every year.
439	濕	衣服還是濕的。	The clothes are still wet.
440	濕	梅雨季節空氣很濕，衣服晾好幾天都不會乾，家裡也容易發霉。	During the plum rain season the air is damp, clothes don't dry for days, and mold easily grows.
441	眼神	她的眼神很溫柔。	Her gaze is gentle.
442	眼神	孩子看著新玩具的眼神閃閃發亮，讓大人也跟著開心起來。	The child's eyes sparkled at the new toy, and the adults felt happy too.
443	聞名	這裡以牛肉麵聞名。	This place is famous for beef noodles.
444	聞名	鹿港以古蹟和小吃聞名，每年吸引大批遊客前來。	Lukang is famous for historic sites and snacks, drawing large crowds of visitors each year.
445	設想	你要設想周到。	You should think things through.
446	設想	出門旅行前，先設想各種可能發生的狀況，比如行李遺失或班機延誤。	Before traveling, imagine the situations that could occur, like lost luggage or flight delays.
447	迎來	春天迎來了新氣象。	Spring has brought a new atmosphere.
448	迎來	經過三年的努力，這家小店終於迎來了第一波客人潮。	After three years of effort, the little shop finally welcomed its first wave of customers.
449	防護	要做好防護措施。	You have to take protective measures.
450	防護	工人進入工廠時必須穿戴防護裝備，以免受傷。	Workers must wear protective gear when entering the factory to avoid injury.
451	點擊	請點擊這個按鈕。	Please click this button.
452	點擊	影片的點擊率很高，上傳一天就超過了十萬次觀看。	The video has a high click rate and got over a hundred thousand views in a day.
453	借助	借助網路，我們可以學習很多東西。	With the help of the internet, we can learn many things.
454	借助	他借助拐杖才能走路，所以我們走得比較慢。	He can only walk with the help of crutches, so we walk more slowly.
455	功率	這台冷氣的功率很大。	This air conditioner has high power.
456	功率	電鍋的功率比較小，所以煮飯的時間會久一點。	The rice cooker has lower wattage, so it takes longer to cook rice.
457	國務卿	美國國務卿明天訪問台灣。	The U.S. Secretary of State will visit Taiwan tomorrow.
458	安全性	這輛車的安全性很高。	This car has high safety.
459	安全性	購買兒童座椅時，安全性是最重要的考量，價格反而是次要的。	When buying a child seat, safety is the top consideration, and price comes second.
460	廉價	這件衣服很廉價。	This piece of clothing is cheap.
461	廉價	廉價的商品不一定不好，但是購買之前還是要仔細看評價。	Cheap goods aren't necessarily bad, but you should still read reviews before buying.
462	排斥	他排斥新東西。	He rejects new things.
463	排斥	有些人對新科技感到排斥，不想學習怎麼用智慧型手機。	Some people resist new technology and don't want to learn how to use smartphones.
464	會面	我們明天會面。	We'll meet tomorrow.
465	會面	兩位部長預定下週在台北會面，討論雙邊合作的細節。	The two ministers are scheduled to meet in Taipei next week to discuss details of bilateral cooperation.
466	沿著	我們沿著河邊走。	We walk along the riverbank.
467	沿著	沿著這條街一直走，到第二個紅綠燈左轉就是郵局。	Go along this street, turn left at the second traffic light, and the post office is there.
468	琴	她會彈琴。	She can play an instrument.
469	琴	阿嬤的老房子裡有一台舊琴，小時候我常偷偷按琴鍵玩。	Grandma's old house has an old instrument, and as a kid I often pressed the keys for fun.
470	箱	請把東西放進箱子裡。	Please put the things in the box.
471	箱	搬家的時候，我們一共打包了二十多個紙箱，累得半死。	When moving we packed over twenty cardboard boxes and were exhausted.
472	葡萄	我買了一串葡萄。	I bought a bunch of grapes.
473	葡萄	這種葡萄又甜又沒有籽，孩子們一次可以吃一大盤。	These grapes are sweet and seedless, and the kids can eat a whole plate at a time.
474	豬肉	我不吃豬肉。	I don't eat pork.
475	豬肉	市場裡的豬肉攤每天一早就有人排隊，因為肉很新鮮。	At the market pork stall people line up early every day because the meat is so fresh.
476	銅	這是銅做的。	This is made of copper.
477	銅	奧運會上，他拿到了一面銅牌，雖然不是金牌，但也非常光榮。	At the Olympics he won a bronze medal, which, though not gold, is an honor.
478	騎兵	騎兵衝向前方。	The cavalry charged forward.
479	騎兵	古代的騎兵騎著戰馬衝鋒，在戰場上扮演很重要的角色。	Ancient cavalry charged on warhorses and played an important role on the battlefield.
480	串	我買了一串香腸。	I bought a string of sausage.
481	串	夜市裡烤肉串的香味撲鼻而來，我忍不住買了兩串來吃。	The aroma of grilled skewers at the night market hit me, and I couldn't help buying two to eat.
482	倖存者	倖存者被送到醫院。	The survivors were sent to the hospital.
483	倖存者	地震後，搜救人員在瓦礫堆中找到三名倖存者，大家都鬆了一口氣。	After the earthquake rescuers found three survivors in the rubble, and everyone breathed a sigh of relief.
484	刷新	請刷新網頁。	Please refresh the page.
485	刷新	他刷新了自己的紀錄，連教練也覺得不可思議。	He broke his own record, and even the coach found it unbelievable.
486	吃驚	我很吃驚。	I'm shocked.
487	吃驚	聽到他要辭職的消息，所有同事都很吃驚，沒有人事先知道。	On hearing he was resigning, all his colleagues were surprised, as nobody had known beforehand.
488	坡	這條路有個坡。	This road has a slope.
489	坡	騎腳踏車上坡很費力，下坡時風吹在臉上卻很舒服。	Cycling uphill is tiring, but going downhill with the wind on your face is nice.
490	孤單	我覺得很孤單。	I feel lonely.
491	孤單	一個人住在國外，過年過節的時候特別孤單，所以我常常打電話回家。	Living alone abroad, I feel especially lonely at festivals, so I call home often.
492	年份	酒的年份很重要。	The vintage of wine is important.
493	年份	這瓶紅酒的年份很好，所以價格比一般的貴很多。	This bottle of red wine has a great vintage, so it costs much more than usual.
494	懶	我今天好懶。	I'm so lazy today.
495	懶	週日我懶得出門，只想躺在家裡追劇、吃零食。	On Sunday I can't be bothered to go out and just want to lie at home watching shows and eating snacks.
496	接連	雨接連下了三天。	It rained for three days in a row.
497	接連	公司接連推出三款新產品，每一款都賣得很好。	The company launched three new products in succession, and every one sold well.
498	日出	我們去看日出。	We're going to see the sunrise.
499	日出	凌晨四點起床上山，就是為了看一場壯觀的日出。	We got up at four in the morning and climbed the mountain to see a spectacular sunrise.
500	機械化	工廠已經機械化了。	The factory has been mechanized.
501	機械化	農業機械化之後，農夫不用再靠人力收割，效率提高了很多。	After agriculture became mechanized, farmers no longer needed to harvest by hand, and efficiency improved greatly.
502	深厚	他們的感情很深厚。	Their bond is deep.
503	深厚	兩位老朋友有深厚的交情，十幾年來每週都會見一次面。	The two old friends share a deep bond and have met weekly for over ten years.
504	玩意	這玩意很好玩。	This thing is fun.
505	玩意	你別小看這個玩意，它可以幫你測量空氣品質。	Don't underestimate this gadget. It can measure air quality for you.
506	祖母	祖母今年九十歲。	My grandmother is ninety this year.
507	祖母	祖母年輕時是學校老師，所以家裡到處都是書。	Grandmother was a schoolteacher when young, so the house is full of books.
508	編碼	文件需要編碼。	The file needs encoding.
509	編碼	工程師把資料重新編碼，以便不同系統之間可以順利傳輸。	The engineer re-encoded the data so different systems can transfer it smoothly.
510	英勇	消防員很英勇。	The firefighters are brave.
511	英勇	英勇的消防員衝進火場救人，事後獲得市長頒發的獎章。	The brave firefighter rushed into the fire to save people and was later awarded a medal by the mayor.
512	謎	這是一個謎。	This is a riddle.
513	謎	元宵節的猜燈謎活動很熱鬧，答對的人可以拿到一份小禮物。	The lantern riddle game at the Lantern Festival is lively, and those who answer correctly get a small gift.
514	追逐	孩子們在公園追逐。	The kids are chasing each other in the park.
515	追逐	他一生都在追逐夢想，即使失敗了很多次也從不放棄。	He's chased his dream all his life and never gives up despite many failures.
516	零件	這個零件壞了。	This part is broken.
517	零件	機車的零件不好找，師傅說要先從國外訂購，大概要等一週。	Scooter parts are hard to find, and the mechanic said he'd order from abroad and it'll take about a week.
518	麵子	奶奶把乾辣椒磨成麵子。	Grandma grinds dried chilies into powder.
519	好了	好了，別哭了。	Okay, stop crying.
520	好了	好了啦，大家都累了，剩下的事明天再做吧。	Okay now, everyone's tired. Let's do the rest tomorrow.
521	渴	我好渴。	I'm so thirsty.
522	渴	爬了兩個小時的山，大家都又渴又累，一到山頂就拿出水來喝。	After two hours of climbing everyone was thirsty and tired and took out water as soon as we reached the top.
523	認出來	我一下子就認出來了。	I recognized it right away.
524	認出來	多年沒見，沒想到他一眼就把我認出來，還叫出了我的名字。	We hadn't met for years, and I never expected him to recognize me at a glance and call my name.
525	窗子	請把窗子打開。	Please open the window.
526	窗子	窗子外面有一棵很高的樹，夏天可以遮陽，秋天又會落葉。	Outside the window is a tall tree that shades in summer and drops leaves in autumn.
527	是	他是我的同學。	He is my classmate.
528	是	你說得對，是這樣沒錯。	You're right, that's how it is.
529	從	我從家裡走過來。	I walked over from home.
530	從	從小到大，我媽都會在我生日那天煮麵線給我吃。	Ever since I was little, my mom has cooked me noodles on my birthday.
531	向	他向我走來。	He walked toward me.
532	向	我想向你道歉，昨天不應該對你那麼兇。	I want to apologize to you, I shouldn't have been so harsh yesterday.
533	跟	我跟朋友去看電影。	I'm going to a movie with my friend.
534	跟	你可以跟老闆說一聲，明天我想請半天假嗎？	Could you tell the boss that I'd like to take half a day off tomorrow?
535	代表	他代表學校比賽。	He represents the school in the competition.
536	代表	每個班級要選出一位代表，參加下週的運動會會議。	Each class has to choose one representative to attend next week's sports day meeting.
537	表示	他點頭表示同意。	He nodded to show agreement.
538	表示	老闆表示下個月會幫大家加薪，同事們都很開心。	The boss said he'll raise everyone's pay next month, and the coworkers were all happy.
539	方面	各方面都不錯。	It's good in every respect.
540	方面	他在工作方面很認真，可是生活方面就比較隨便。	He's very serious about his work, but a bit careless about his daily life.
541	住	我住在台中。	I live in Taichung.
542	住	這次去花蓮，我們訂了一間靠海的民宿住兩晚。	On this trip to Hualien, we booked a guesthouse by the sea to stay for two nights.
543	是否	你是否同意？	Do you agree or not?
544	是否	請確認您是否已經繳交本月的水電費。	Please confirm whether you have already paid this month's utility bills.
545	之一	他是我的好朋友之一。	He is one of my good friends.
546	之一	台南是台灣最受歡迎的旅遊城市之一。	Tainan is one of the most popular travel cities in Taiwan.
547	標準	這個標準很高。	This standard is very high.
548	標準	你的發音很標準，一點都不像是剛開始學的人。	Your pronunciation is very standard, you don't sound like a beginner at all.
549	低	他低下頭。	He lowered his head.
550	低	這個價格比別家低很多，所以大家都在排隊買。	This price is much lower than other places, so everyone is lining up to buy.
551	強	他的個性很倔強。	He is very stubborn.
552	強	我阿公脾氣倔強，就算生病了也不肯去看醫生。	My grandpa is stubborn, and even when he's sick he refuses to see a doctor.
553	積極	他做事很積極。	He is very proactive at work.
554	積極	她積極參加社團活動，還當上了學校的活動組長。	She actively takes part in club activities and even became the school's events leader.
555	難	這題很難。	This question is hard.
556	難	要在週末找到停車位真的很難，我們最好搭車去。	It's really hard to find a parking space on weekends, so we'd better take a ride.
557	呀	哎呀，你怎麼來了！	Oh, how come you're here!
558	呀	你今天怎麼這麼早就回來呀？是不是不舒服？	Why did you come back so early today? Aren't you feeling well?
559	水平	畫一條水平線。	Draw a horizontal line.
560	水平	他的中文水平進步很快，已經可以看新聞了。	His Chinese level is improving quickly, and he can already read the news.
561	部長	部長來了。	The minister has arrived.
562	部長	交通部長今天在記者會上說明了新的車禍處理辦法。	The minister of transportation explained the new traffic accident procedure at a press conference today.
563	儘	儘管說吧。	Go ahead and speak.
564	儘	你儘管放心，我一定會把這件事做好。	Rest assured, I will definitely get this done.
565	害怕	我很害怕。	I'm very scared.
566	害怕	我弟弟害怕打雷，每次下大雨都躲進棉被裡。	My little brother is afraid of thunder and hides under the blanket every time it rains heavily.
567	最新	這是最新的手機。	This is the latest phone.
568	最新	你有看最新一集的影集嗎？結局真的很出人意料。	Have you seen the latest episode of the series? The ending was really unexpected.
569	習慣	我習慣早起。	I'm used to getting up early.
570	習慣	剛搬來這裡的時候不太習慣，現在已經喜歡上這個社區了。	I wasn't used to it when I first moved here, but now I've come to like this neighbourhood.
571	阿	阿姨來了。	Auntie is here.
572	阿	阿嬤每天早上都會去市場買菜，順便跟老朋友聊天。	Grandma goes to the market every morning to buy groceries and chat with old friends.
573	協助	謝謝你的協助。	Thank you for your help.
574	協助	警察協助迷路的老先生找到了回家的路。	The police helped the lost old gentleman find his way home.
575	建	他們在建房子。	They are building a house.
576	建	政府打算在河邊建一座新的公園，供大家休閒使用。	The government plans to build a new park by the river for everyone's leisure.
577	機製	這件衣服是機製的。	This garment is machine-made.
578	機製	機製的產品通常比手工製品便宜，品質也比較穩定。	Machine-made products are usually cheaper than handmade ones, and the quality is steadier.
579	衣服	這件衣服很舒服。	This piece of clothing is comfortable.
580	衣服	下雨天衣服不容易乾，我只好打開除濕機。	Clothes don't dry easily on rainy days, so I had to turn on the dehumidifier.
581	九	現在九點。	It's nine o'clock.
582	九	公車站離我家只有九分鐘的路程，算很近。	The bus stop is only nine minutes away from my home, which is quite close.
583	哭	寶寶在哭。	The baby is crying.
584	哭	看到這部電影的結局，連我爸都忍不住哭了。	Seeing the ending of this movie, even my dad couldn't help crying.
585	座	請問這座位有人嗎？	Is this seat taken?
586	座	山上有一座小廟，每年過年都有很多人上去拜拜。	There's a small temple on the mountain, and many people go up to pray every New Year.
587	樂	祝你生日快樂！	Happy birthday!
588	樂	聽到這個好消息，大家都樂得合不攏嘴。	Hearing the good news, everyone was so happy they couldn't stop smiling.
589	篇	我寫了一篇文章。	I wrote an article.
590	篇	這篇報導寫得很詳細，建議你有空可以讀一讀。	This report is written in great detail, so I suggest you read it when you have time.
591	財政	國家的財政不錯。	The country's finances are healthy.
592	財政	政府的財政出現赤字，因此決定減少部分補助。	The government's finances ran a deficit, so it decided to reduce some subsidies.
593	不但	他不但聰明，而且很努力。	He's not only smart but also hard-working.
594	不但	這家店的咖啡不但便宜，環境也很舒服。	This shop's coffee is not only cheap, the atmosphere is comfortable too.
595	同事	他是我的同事。	He is my colleague.
596	同事	我的同事今天請假，所以我得幫忙處理他的客戶。	My colleague is on leave today, so I have to help with his clients.
597	形勢	目前的形勢很緊張。	The current situation is tense.
598	形勢	面對嚴峻的形勢，公司決定先暫停所有新的投資。	Faced with a severe situation, the company decided to suspend all new investments for now.
599	欲	他欲言又止。	He wanted to speak but held back.
600	欲	大雨欲來，空氣裡有一股潮濕的味道。	A heavy rain is about to come, and the air smells damp.
601	立	他站立不穩。	He couldn't stand steady.
602	立	學校附近新立了一個交通號誌，過馬路安全多了。	A new traffic signal was set up near the school, and crossing the road is much safer.
603	負責人	誰是負責人？	Who is the person in charge?
604	負責人	活動的負責人是我們組長，有問題可以直接問她。	The person in charge of the event is our team leader, so you can ask her directly if you have questions.
605	上漲	菜價上漲了。	Vegetable prices went up.
606	上漲	颱風過後，青菜價格上漲了兩成，媽媽直呼太貴。	After the typhoon, the price of greens rose by twenty percent, and Mom said it was too expensive.
607	冒險	這樣做太冒險了。	Doing it this way is too risky.
608	冒險	他喜歡冒險，所以暑假一個人騎機車環島。	He loves taking risks, so over summer vacation he rode a scooter around the island by himself.
609	回歸	他回歸家庭。	He returned to his family.
610	回歸	她決定離開大城市，回歸簡單的鄉村生活。	She decided to leave the big city and return to a simple country life.
611	屠殺	歷史上有過屠殺事件。	There have been massacres in history.
612	屠殺	新聞報導，當年的屠殺造成上千人死亡，至今仍令人心痛。	The news reports that the massacre back then killed thousands, which is still heartbreaking today.
613	拯救	我們要拯救地球。	We must save the Earth.
614	拯救	消防員冒著大火，拯救了被困在裡面的三個人。	Firefighters braved the flames to rescue three people trapped inside.
615	正面	請看正面。	Please look at the front.
616	正面	面對困難，保持正面的態度會讓事情順利很多。	Facing difficulties, keeping a positive attitude makes things go much smoother.
617	社	他參加了攝影社。	He joined the photography club.
618	社	我們大學的社團很多，我參加了登山社和吉他社。	Our university has lots of clubs, and I joined the hiking club and the guitar club.
619	號碼	你的號碼是幾號？	What is your number?
620	號碼	你的手機號碼換了嗎？我打過去都沒有人接。	Did you change your phone number? Nobody answers when I call.
621	道理	你說得有道理。	What you say makes sense.
622	道理	媽媽常講一個道理：做人要誠實，不然別人就不會相信你。	Mom often says one principle: be honest, or others won't believe you.
623	上網	我要上網查資料。	I'm going online to look up information.
624	上網	他每天晚上都會上網看影片，常常看到半夜。	Every night he goes online to watch videos, often until midnight.
625	前後	前後差不多一個小時。	It took about an hour in total.
626	前後	這兩天前後下了三場雨，花園裡的草都長高了。	It rained three times over these two days, and the grass in the garden has grown tall.
627	太空	他想去太空。	He wants to go to space.
628	太空	太空人在太空站裡生活，每天都要運動才能保持體力。	Astronauts live in the space station and must exercise every day to maintain their strength.
629	愚蠢	這個想法很愚蠢。	This idea is stupid.
630	愚蠢	他後來覺得自己當時的決定真的很愚蠢，白白浪費了一筆錢。	Later he felt his decision back then was really foolish and wasted a sum of money.
631	村民	村民很友善。	The villagers are friendly.
632	村民	村民們一起在廟前搭起舞台，準備迎接過年的活動。	The villagers set up a stage together in front of the temple to prepare for New Year events.
633	當今	當今社會變化很快。	Society is changing fast nowadays.
634	當今	當今的年輕人比較重視工作和生活的平衡。	Young people today put more emphasis on work-life balance.
635	繁榮	這個城市很繁榮。	This city is prosperous.
636	繁榮	港口附近的商店很多，看起來非常繁榮。	There are many shops near the harbour, and it looks very prosperous.
637	賬號	請輸入你的賬號。	Please enter your account name.
638	賬號	我忘記了登入賬號跟密碼，只好重新申請一個。	I forgot my login account and password, so I had to apply for a new one.
639	騎	將軍帶著一騎出城。	The general rode out of the city with one horseman.
640	騎	敵人只派了幾騎前來偵查，沒想到被我軍發現了。	The enemy sent only a few horsemen to scout, and unexpectedly were spotted by our army.
641	債務	他的債務很多。	He has a lot of debt.
642	債務	很多年輕人因為信用卡債務而睡不好，壓力很大。	Many young people lose sleep over credit card debt and are under great pressure.
643	名叫	她名叫小美。	Her name is Xiaomei.
644	名叫	我家的貓名叫「花生」，是一隻很愛撒嬌的黃貓。	My cat is called Peanut, an orange cat that loves to act spoiled.
645	姿勢	你的姿勢不對。	Your posture is wrong.
646	姿勢	長時間用電腦時，坐的姿勢不對，肩膀就會痠痛。	If you sit in the wrong posture when using a computer for long, your shoulders will ache.
647	往來	兩家公司往來密切。	The two companies have close dealings.
648	往來	這條街每天人來人往，往來的車子也特別多。	This street has people coming and going every day, and a lot of traffic passing back and forth.
649	放下	把書放下。	Put the book down.
650	放下	她放下手機，專心陪孩子玩了一整個下午。	She put down her phone and focused on playing with her child the whole afternoon.
651	死者	死者家屬很傷心。	The families of the deceased are heartbroken.
652	死者	警方已通知死者家屬，目前仍在調查事故原因。	The police have notified the deceased's family and are still investigating the cause of the accident.
653	熱帶	台灣有熱帶水果。	Taiwan has tropical fruit.
654	熱帶	熱帶地區的氣候又濕又熱，蚊子也特別多。	The climate of tropical regions is humid and hot, and there are especially many mosquitoes.
655	眼鏡	我戴眼鏡。	I wear glasses.
656	眼鏡	我的眼鏡掉到地上摔壞了，明天得去眼鏡行配一副新的。	My glasses fell and broke, so tomorrow I have to go to the optician to get a new pair.
657	群島	澎湖是一個群島。	Penghu is an archipelago.
658	群島	澎湖群島的海水很藍，夏天有很多遊客來玩水。	The water around the Penghu archipelago is very blue, and many tourists come to swim in summer.
659	證書	這是我的證書。	This is my certificate.
660	證書	考過檢定以後，我拿到了一張英文證書，找工作時用得到。	After passing the exam I received an English certificate, which will be useful for job hunting.
661	鋼鐵	這座橋是鋼鐵做的。	This bridge is made of steel.
662	鋼鐵	高雄有很大的鋼鐵廠，從那裡生產的鋼材供應全國使用。	Kaohsiung has big steel mills, and the steel produced there is supplied nationwide.
663	鬍	他有鬍子。	He has a beard.
664	鬍	爸爸早上刮完鬍子，臉看起來乾淨清爽多了。	After Dad shaves his beard in the morning, his face looks much cleaner and fresher.
665	偏	他偏要去。	He insists on going.
666	偏	我一出門就下雨，偏偏沒帶傘，全身都濕透了。	It started raining the moment I left and I happened not to have an umbrella, so I got soaked.
667	博	他學識淵博。	He is learned.
668	博	我弟弟最愛去博物館，也很愛看博愛座旁邊的小說明。	My brother loves visiting museums and enjoys the explanatory notes next to exhibits.
669	大隊	大隊人馬來了。	A big crowd has arrived.
670	大隊	警察大隊在假日出動，維持觀光區的秩序。	A large police squad is out on holidays to keep order in the tourist area.
671	平原	這裡是平原。	This is a plain.
672	平原	嘉南平原是台灣最大的平原，種了很多稻米和蔬菜。	The Chianan Plain is Taiwan's largest plain, where lots of rice and vegetables are grown.
673	描繪	他描繪出一幅美麗的風景。	He depicted a beautiful landscape.
674	描繪	這本小說細膩地描繪了一個小鎮居民的日常生活。	This novel delicately portrays the daily life of residents of a small town.
675	框架	這是窗戶的框架。	This is the window frame.
676	框架	新房子的框架已經搭好了，接下來就要做牆壁。	The frame of the new house has been built, and next the walls will be made.
677	煩惱	你有什麼煩惱嗎？	Is anything worrying you?
678	煩惱	失眠讓他每天都很煩惱，上班也沒有精神。	Insomnia troubles him every day, and he has no energy at work.
679	窮	他很窮。	He is very poor.
680	窮	他小時候家裡很窮，常常吃不飽，所以特別珍惜食物。	His family was very poor when he was a child and he often went hungry, so he especially cherishes food.
681	臺風	他上台的臺風很穩。	His stage presence is steady.
682	臺風	這位歌手很有臺風，一站上舞台就能帶動全場氣氛。	This singer has great stage presence and lifts the mood of the whole crowd once on stage.
683	透	雨水滲透了衣服。	The rain seeped through the clothes.
684	透	下大雨的時候，我的鞋子整個濕透了，腳很不舒服。	In heavy rain my shoes got completely soaked, and my feet felt awful.
685	額外	有額外費用嗎？	Are there any extra charges?
686	額外	退貨要額外付運費，下單前請先確認清楚。	Returns require an extra shipping fee, so please check carefully before ordering.
687	亮相	新車今天亮相。	The new car makes its debut today.
688	亮相	新款手機將在下週亮相，網路上已經有很多討論。	The new phone will make its debut next week, and there's already much discussion online.
689	典禮	畢業典禮在禮堂舉行。	The graduation ceremony is held in the auditorium.
690	典禮	升旗典禮結束後，同學們依序回到各自的教室。	After the flag-raising ceremony, students returned to their classrooms in order.
691	叔叔	叔叔來我家玩。	Uncle came to visit my home.
692	叔叔	叔叔每次來都會帶一盒鳳梨酥，我最喜歡吃了。	Whenever my uncle comes he brings a box of pineapple cakes, and I love them most.
693	外表	他外表很冷。	He looks cold on the outside.
694	外表	不要只看外表，他其實是個很善良的人。	Don't judge only by appearance, he's actually a very kind person.
695	尖銳	這把刀很尖銳。	This knife is sharp.
696	尖銳	他的問題很尖銳，讓老闆一時不知道怎麼回答。	His question was sharp, and the boss didn't know how to answer for a moment.
697	應急	我準備了應急包。	I prepared an emergency kit.
698	應急	家裡應該常備應急用的飲用水和手電筒，以防停電。	Homes should keep emergency drinking water and flashlights to prepare for power outages.
699	支配	他不會支配時間。	He can't manage his time.
700	支配	每個月的零用錢，要自己學會合理支配，才不會月底喊窮。	You have to learn to allocate your monthly allowance sensibly so you don't go broke at month's end.
701	棉花	棉花很軟。	Cotton is soft.
702	棉花	這件棉被是用純棉花做的，蓋起來很溫暖。	This quilt is made of pure cotton and keeps you warm.
703	消防	消防員來了。	The firefighters have arrived.
704	消防	大樓每年都要做消防安全檢查，確保逃生通道沒有被堵住。	Buildings must have a fire safety inspection every year to make sure escape routes aren't blocked.
705	生死	這是生死問題。	This is a matter of life and death.
706	生死	經歷過生死關頭，他變得特別珍惜每一天。	After going through a life-or-death moment, he came to cherish every day.
707	細菌	手上有很多細菌。	There are many germs on hands.
708	細菌	吃東西前要洗手，才能減少細菌進到肚子裡。	Wash your hands before eating to reduce the germs getting into your stomach.
709	蠟燭	點一根蠟燭。	Light a candle.
710	蠟燭	停電了，我們只好點蠟燭，在昏暗的燈光下吃晚餐。	The power went out, so we had to light candles and eat dinner in dim light.
711	起到	起到很大作用。	It plays a big role.
712	起到	這次的宣導活動起到了很好的效果，騎車戴安全帽的人變多了。	This awareness campaign had a good effect, and more people wear helmets when riding.
713	錄取	他被錄取了。	He got accepted.
714	錄取	她接到電話，通知她已經被心目中的大學錄取了。	She got a phone call telling her that she has been admitted to her dream university.
715	食用	這些水果可以食用。	This fruit is edible.
716	食用	這個罐頭已經過了食用期限，不可以再吃了。	This can is past its expiry date and can't be eaten anymore.
717	以至	他累以至睡著了。	He was so tired that he fell asleep.
718	以至	最近雨下得太多，以至整條河的水位都漲高了。	It has rained so much recently that the water level of the whole river has risen.
719	出事	不要出事。	Don't let anything happen.
720	出事	前面的路口好像出事了，警車跟救護車都開過去了。	It looks like something happened at the intersection ahead, as police cars and ambulances have driven past.
721	同類	他們是同類型的人。	They are the same kind of people.
722	同類	我喜歡看同類的電影，像是溫馨的家庭喜劇。	I like watching films of the same kind, such as warm family comedies.
723	奇妙	這真是奇妙的經驗。	This is a wonderful experience.
724	奇妙	大自然的變化很奇妙，每年都有不同的花在不同的季節開放。	Nature's changes are wondrous, with different flowers blooming each season each year.
725	左翼	他是左翼政治人物。	He is a left-wing politician.
726	左翼	左翼團體在街頭舉辦遊行，要求政府提高基本工資。	Left-wing groups held a march on the street, demanding the government raise the minimum wage.
727	懷	她懷了寶寶。	She is pregnant.
728	懷	離開家鄉很多年，他常常懷念小時候的夏天。	After leaving his hometown for many years, he often thinks of summers in his childhood.
729	教科書	這本是教科書。	This is a textbook.
730	教科書	新學期開始前，學校會把全部的教科書發給學生。	Before the new semester begins, the school hands all textbooks out to students.
731	機車	我騎機車上班。	I ride a scooter to work.
732	機車	台灣的機車真的很多，路口等紅燈的時候常常排成一整排。	There really are many scooters in Taiwan, and at red lights they often line up in a whole row.
733	火力	他的火力很強。	His firepower is strong.
734	火力	烤肉時火力不要太大，不然肉外面燒焦了，裡面還是生的。	When barbecuing don't use too high heat, or the outside burns while the inside stays raw.
735	看不見	我看不見。	I can't see.
736	看不見	霧太濃了，前面的路完全看不見，大家開車都很小心。	The fog was so thick that the road ahead was totally invisible, and everyone drove carefully.
737	老鼠	老鼠怕貓。	Mice are afraid of cats.
738	老鼠	廚房裡有老鼠，我晚上聽到牠們在天花板上跑來跑去。	There are mice in the kitchen, and at night I hear them running around in the ceiling.
739	解僱	公司解僱了他。	The company dismissed him.
740	解僱	老闆因為業績不好，解僱了好幾位員工，大家都很擔心。	The boss dismissed several employees due to poor performance, and everyone is worried.
741	進度	工作的進度怎麼樣？	How is the work progressing?
742	進度	專案的進度落後了一週，大家這週要加班趕上。	The project is a week behind schedule, so everyone will work overtime this week to catch up.
743	雜	這裡太雜亂了。	It's too messy here.
744	雜	客廳的桌上堆滿了雜誌跟各種雜物，我打算週末好好整理。	The living room table is piled with magazines and sundry items, and I plan to tidy up this weekend.
745	上路	我們該上路了。	We should hit the road.
746	上路	新車領到以後，爸爸先檢查一遍才放心上路。	After picking up the new car, Dad checked it once before feeling safe to hit the road.
747	住宿	我們訂了住宿。	We booked accommodation.
748	住宿	這次旅遊的住宿費用有點貴，所以我們決定住青年旅館。	The accommodation on this trip was a bit pricey, so we decided to stay at a youth hostel.
749	全國性	這是全國性的比賽。	This is a nationwide competition.
750	全國性	這次的全國性考試，全台各地同時舉行，考生超過十萬人。	This nationwide exam is held across Taiwan at the same time, with over a hundred thousand candidates.
751	半小時	等半小時就好。	Just wait half an hour.
752	半小時	從我家走到捷運站只要半小時，天氣好的時候我就走路去。	Walking from my home to the MRT station only takes half an hour, so on nice days I walk.
753	喪生	多人在火災中喪生。	Many people died in the fire.
754	喪生	新聞說，這起車禍造成兩人喪生，三人輕傷。	The news said the car accident killed two people and slightly injured three.
755	大象	大象很大。	Elephants are big.
756	大象	動物園的大象用鼻子捲起水，噴向背上洗澡，小朋友都笑了。	The zoo's elephant curled water with its trunk and sprayed its back to bathe, making the kids laugh.
757	察覺	我察覺到不對勁。	I sensed something was off.
758	察覺	她察覺媽媽最近的情緒不太好，所以特別留意她的需求。	She noticed her mom's mood hadn't been good lately and paid extra attention to her needs.
759	影院	城裡有一家老影院。	There's an old cinema in town.
760	影院	我家附近的影院在週三有優惠，所以我常常那天去看電影。	The cinema near my home has a discount on Wednesdays, so I often go to watch movies that day.
761	技	他有一技之長。	He has a special skill.
762	技	她學了烘焙的技術，打算畢業後開一家小蛋糕店。	She learned baking skills and plans to open a small cake shop after graduating.
763	操作系統	電腦需要操作系統。	A computer needs an operating system.
764	操作系統	手機的操作系統每年都會更新一次，加入新功能。	The phone's operating system is updated once a year with new features.
765	有待	有待改進。	Needs improvement.
766	有待	這件事能不能成功，還有待大家一起努力。	Whether this succeeds depends on everyone's continued efforts.
767	殺戮	戰場上充滿殺戮。	The battlefield is full of slaughter.
768	殺戮	這部電影描寫戰爭中的殺戮，看完讓人心情很沉重。	This film depicts the slaughter in war, and watching it leaves one feeling heavy-hearted.
769	濃厚	他對音樂興趣濃厚。	He has a strong interest in music.
770	濃厚	老街上有濃厚的古早味，吸引許多遊客來體驗。	The old street has a strong nostalgic feel, attracting many tourists to experience it.
771	病房	他在病房裡休息。	He's resting in the hospital ward.
772	病房	醫院的病房不能大聲說話，也不能待太久，以免影響病人休息。	In hospital wards you can't talk loudly or stay too long to avoid disturbing patients' rest.
773	競技	這是競技比賽。	This is a competitive match.
774	競技	電競是一種新的競技運動，吸引了很多年輕人參加。	Esports is a new competitive sport that attracts many young people.
775	老家	我回老家過年。	I'm going back to my hometown for New Year.
776	老家	每年清明節，我們全家都會回老家掃墓、吃飯。	Every Qingming festival our whole family goes back to the old home to sweep graves and have a meal.
777	表述	請清楚表述。	Please state it clearly.
778	表述	他的表述方式很簡單，所以客戶很快就理解了。	His way of expressing things is simple, so the client understood quickly.
779	賣掉	我把舊車賣掉了。	I sold my old car.
780	賣掉	家裡用不到的書跟衣服，我都上網賣掉，換一點零用錢。	Books and clothes we don't use at home I sell online for some pocket money.
781	鄰國	鄰國很近。	The neighbouring country is close.
782	鄰國	當鄰國發生災難時，我們也會捐款，幫助受災的民眾。	When disaster strikes a neighbouring country, we also donate money to help those affected.
783	頭銜	他的頭銜是經理。	His title is manager.
784	頭銜	她不在意頭銜，只想把每一份工作做到最好。	She doesn't care about titles and only wants to do each job as well as possible.
785	交朋友	我想交朋友。	I want to make friends.
786	交朋友	大學的社團是個很好的地方，可以認識新同學、交朋友。	University clubs are a great place to meet new classmates and make friends.
787	念書	我在念書。	I'm studying.
788	念書	大考快到了，他每天晚上都在圖書館念書到關門。	The big exam is coming, and every night he studies at the library until it closes.
789	班機	我的班機延誤了。	My flight is delayed.
790	班機	你搭的是哪一班班機？我看一下什麼時候抵達。	Which flight are you on? Let me check when it arrives.
791	逛	我們去逛街。	We're going window shopping.
792	逛	週末我喜歡去夜市逛一逛，看看有沒有好吃的小吃。	On weekends I like strolling the night market to see if there are good snacks.
793	候	請稍候。	Please wait a moment.
794	候	我們在候車室等了半小時，火車才進站。	We waited half an hour in the waiting room before the train came into the station.
795	中	他在房間中看書。	He is reading in his room.
796	中	這些照片中,我最喜歡第三張。	Of all these photos, I like the third one best.
797	中	老闆正在開會中。	The boss is in a meeting.
798	中	這次比賽中，我們班拿到了第二名。	In this competition, our class came in second.
799	怎麼	這個字怎麼念?	How do you pronounce this character?
800	怎麼	你怎麼這麼晚才回來?我們都擔心死了。	Why did you come back so late? We were all worried sick.
801	怎麼	你怎麼還沒睡？	Why aren't you asleep yet?
802	怎麼	請問到台北車站要怎麼搭捷運？	Excuse me, how do I get to Taipei Main Station by MRT?
803	主要	這是主要的問題。	This is the main problem.
804	主要	台灣的主要出口產品是電子零件和機械。	Taiwan's main export products are electronic components and machinery.
805	主要	這道菜的主要材料是豬肉。	The main ingredient of this dish is pork.
806	主要	這次我來台北主要是為了看一位老朋友。	I came to Taipei mainly to see an old friend.
807	國	你是哪一國人?	What country are you from?
808	國	我們學校有來自十幾個國家的學生,大家相處得很好。	Our school has students from over ten countries, and everyone gets along well.
809	國	她今年剛上國中。	She just started junior high school this year.
810	國	這次比賽有十幾國的選手來參加。	Athletes from over ten countries took part in this competition.
811	寫	請寫你的名字。	Please write your name.
812	寫	我每天晚上睡覺前都會在日記本上寫幾句話。	Every night before bed I write a few lines in my journal.
813	寫	我在寫作業。	I'm doing my homework.
814	寫	老師要我們每個禮拜寫一篇日記，練習用中文表達。	The teacher has us write a diary entry every week to practice expressing ourselves in Chinese.
815	乾	衣服已經乾了。	The clothes are already dry.
816	乾	冬天皮膚很乾,所以我都會擦乳液。	My skin gets very dry in winter, so I always put on lotion.
817	種	你喜歡哪一種顏色?	Which kind of color do you like?
818	種	這家店賣好幾種口味的鳳梨酥,我每種都想試試。	This shop sells several flavors of pineapple cake, and I want to try every one.
819	告訴	請告訴我你的電話。	Please tell me your phone number.
820	告訴	我媽告訴我,不管再忙,每天都要好好吃早餐。	My mom told me that no matter how busy I am, I should have a proper breakfast every day.
821	經過	我每天經過這家麵包店。	I pass this bakery every day.
822	經過	經過一番討論,大家決定把旅行日期改到下個月。	After some discussion, everyone decided to move the trip to next month.
823	同樣	我們有同樣的想法。	We have the same idea.
824	同樣	同樣的錯誤不要再犯第二次,這次一定要小心。	Don't make the same mistake twice. Be careful this time.
825	結構	這棟房子的結構很穩。	This house has a very solid structure.
826	結構	這篇報告的結構不太清楚,建議你重新整理一下段落。	The structure of this report isn't very clear. I suggest reorganizing the paragraphs.
827	同意	我同意你的看法。	I agree with your opinion.
828	同意	爸媽終於同意我自己搬出去住了。	My parents finally agreed to let me move out on my own.
829	更加	天氣更加冷了。	The weather has gotten even colder.
830	更加	有了朋友的鼓勵,她對未來更加有信心。	With her friends' encouragement, she became even more confident about the future.
831	肯定	我肯定他會來。	I'm sure he'll come.
832	肯定	老師肯定了我的努力,還在全班面前稱讚我。	The teacher recognized my effort and even praised me in front of the class.
833	人權	每個人都有人權。	Everyone has human rights.
834	人權	這個團體長期關心人權議題,也經常舉辦座談會。	This group has long cared about human rights issues and often holds seminars.
835	平均	我平均每天睡七小時。	On average I sleep seven hours a day.
836	平均	這個班的平均分數是八十分,大家表現得不錯。	The class average is eighty points, and everyone did fairly well.
837	算	這樣算便宜嗎?	Does this count as cheap?
838	算	算了啦,別再想那件事,明天還要上班。	Forget it. Stop thinking about that. You've got work tomorrow.
839	面對	我們要勇敢面對問題。	We have to face our problems bravely.
840	面對	面對考試的壓力,她每天都去操場慢跑來放鬆。	Facing exam pressure, she jogs around the field every day to relax.
841	危機	公司遇到了危機。	The company ran into a crisis.
842	危機	面對經濟危機,老闆決定先不加薪,大家都能理解。	Facing an economic crisis, the boss decided not to give raises for now, and everyone understood.
843	恢復	他的身體恢復得很快。	His body is recovering fast.
844	恢復	網路恢復正常之後,我們才能繼續處理剩下的訂單。	Once the network is back to normal, we can continue handling the remaining orders.
845	漫畫	我喜歡看漫畫。	I like reading comics.
846	漫畫	弟弟每個月都會去書店買新出的漫畫,房間裡堆滿了書。	My younger brother buys new comics at the bookstore every month, and his room is stacked with them.
847	設置	公園新設置了飲水機。	The park has newly installed water dispensers.
848	設置	為了安全,市政府決定在路口設置更多監視器。	For safety, the city government decided to install more security cameras at intersections.
849	高級	這是高級餐廳。	This is a high-end restaurant.
850	高級	他送了我一條高級領帶,質料摸起來非常好。	He gave me a high-quality necktie, and the fabric feels wonderful.
851	完整	這套書很完整。	This set of books is complete.
852	完整	他把事情的經過完整地說了一遍,大家才明白發生了什麼。	He told the whole story from start to finish, and only then did everyone understand.
853	接觸	他很少接觸電腦。	He rarely uses computers.
854	接觸	剛開始接觸程式設計的時候,我連最簡單的指令都看不懂。	When I first got into programming, I couldn't understand even the simplest commands.
855	眾多	遊客眾多。	There are numerous tourists.
856	眾多	週末的夜市總是人潮眾多,想買東西得有耐心。	Weekend night markets are always crowded with people, so you need patience to shop.
857	集中	請集中注意力。	Please concentrate.
858	集中	手機放在旁邊的話,很難集中精神寫作業。	With your phone beside you, it's hard to focus on homework.
859	別的	有別的顏色嗎?	Is there another color?
860	別的	這件有點大,可以給我看看別的尺寸嗎?	This one is a bit big. Can you show me other sizes?
861	始終	他始終沒有說話。	He never said a word throughout.
862	始終	不管遇到什麼困難,她始終相信自己一定能做到。	No matter what difficulties she met, she always believed she could do it.
863	搶	有人搶了她的包包。	Someone snatched her bag.
864	搶	演唱會的票一開賣就被搶光了,我連網頁都打不開。	Concert tickets were snapped up the moment they went on sale; I couldn't even open the page.
865	現代化	城市正在現代化。	The city is modernizing.
866	現代化	這個小鎮的交通設施已經現代化,不用再擔心不方便。	This town's transportation facilities are now modernized, so there's no need to worry about inconvenience.
867	落實	計畫要落實。	The plan has to be implemented.
868	落實	這項政策如果沒有落實,就算寫得再好也沒有用。	If this policy isn't carried out, it's useless no matter how well it's written.
869	隨後	他隨後也到了。	He arrived soon afterwards too.
870	隨後	我先把文件寄出去,隨後再打電話跟你確認。	I'll send the documents first and call you afterward to confirm.
871	優惠	現在有優惠。	There's a special offer now.
872	優惠	用悠遊卡搭公車有優惠,轉乘捷運還可以再便宜一點。	Using an EasyCard on the bus gets a discount, and transferring to the MRT is even cheaper.
873	好處	運動對身體有好處。	Exercise is good for your health.
874	好處	早起有很多好處,例如可以悠閒地吃早餐,不用趕時間。	Getting up early has many benefits, like having a relaxed breakfast without rushing.
875	排名	他的排名很高。	His ranking is very high.
876	排名	這所大學今年的排名上升了五名,同學們都很開心。	This university rose five places in the rankings this year, and the students are happy.
877	犯	他犯了一個錯。	He made a mistake.
878	犯	小孩子難免會犯錯,爸媽只要耐心教就好。	Kids inevitably make mistakes, so parents just need to teach them patiently.
879	著作	這位老師有很多著作。	This teacher has written many works.
880	著作	他的著作已經被翻譯成日文,在日本也有不少讀者。	His writings have been translated into Japanese and have quite a few readers in Japan too.
881	陪	你陪我去好嗎?	Will you go with me?
882	陪	週末我要陪外婆去醫院做檢查,所以不能跟你們去爬山。	This weekend I'm accompanying my grandma to a hospital checkup, so I can't hike with you.
883	余	我想把余生用來環遊世界。	I want to spend the rest of my life traveling around the world.
884	余	他姓余,是我們公司新來的會計。	His surname is Yu, and he's the new accountant at our company.
885	參	我也想參加。	I want to join too.
886	參	下週的會議請各部門代表務必參加,並準時出席。	Representatives of every department must attend next week's meeting and arrive on time.
887	天空	天空很藍。	The sky is very blue.
888	天空	下過雨以後,天空出現一道彩虹,路人都停下來拍照。	After the rain, a rainbow appeared in the sky, and passersby stopped to take photos.
889	恐懼	他很恐懼。	He is very frightened.
890	恐懼	面對未知的事情,很多人心裡都會有恐懼,這很正常。	Many people feel fear when facing the unknown, and that's perfectly normal.
891	曰	子曰:學而時習之。	The Master said: To learn and practice what one has learned.
892	曰	古人說:「三人行,必有我師焉。」孔子曰,正是這個道理。	The ancients said, "Among any three people, there must be one I can learn from." Confucius said just this.
893	球隊	我支持這支球隊。	I support this team.
894	球隊	這支球隊今年表現很好,球迷每場比賽都到現場加油。	This team has played well this year, and fans come to cheer at every game.
895	股權	他擁有公司的股權。	He owns shares in the company.
896	股權	創辦人把一部分股權分給了早期的員工,大家都很感動。	The founder gave part of the equity to early employees, and everyone was touched.
897	軍人	他是軍人。	He is a soldier.
898	軍人	爺爺以前是軍人,所以他到現在還是每天很早起床。	Grandpa used to be a soldier, so he still gets up very early every day.
899	頂	山頂上很冷。	It's cold at the top of the mountain.
900	頂	我們爬到山頂的時候,太陽剛好升起來,景色美極了。	When we reached the summit, the sun was just rising and the view was spectacular.
901	元素	這是一個重要的元素。	This is an important element.
902	元素	這部電影結合了科幻和愛情元素,所以很多人喜歡。	This film blends sci-fi and romance elements, which is why many people like it.
903	單純	她的想法很單純。	Her thinking is very simple.
904	單純	我們只是單純想幫忙,沒有別的意思,請不要誤會。	We simply wanted to help with no other meaning, so please don't misunderstand.
905	年紀	他年紀還小。	He is still young.
906	年紀	外婆雖然年紀大了,但她每天早上都去公園做體操。	Although Grandma is old, she goes to the park for exercises every morning.
907	新人	公司來了新人。	A new recruit joined the company.
908	新人	今天婚禮上,新人在大家的祝福中交換戒指,現場非常溫馨。	At today's wedding, the newlyweds exchanged rings amid everyone's blessings, and it was heartwarming.
909	漸漸	天漸漸黑了。	It's gradually getting dark.
910	漸漸	住了半年以後,我漸漸喜歡上這個安靜的小城市。	After living here half a year, I gradually came to like this quiet little city.
911	竟	他竟然忘了!	He actually forgot!
912	竟	我沒想到這麼小的店,竟然有這麼多人排隊。	I never expected such a small shop to have so many people lining up.
913	西南	颱風從西南方來。	The typhoon comes from the southwest.
914	西南	氣象局預測,西南氣流會帶來豪大雨,中南部要小心。	The weather bureau forecasts the southwest air current will bring heavy rain, so central and southern Taiwan should be careful.
915	醫藥	他在醫藥公司工作。	He works at a pharmaceutical company.
916	醫藥	家裡的醫藥箱裡放著退燒藥和繃帶,以備不時之需。	The home medicine box holds fever medicine and bandages in case of need.
917	之上	書放在桌子之上。	The book is on the table.
918	之上	在法律之上,沒有任何人可以享有特權。	No one is above the law or entitled to special privileges.
919	劇情	這部電影的劇情很感人。	This film's plot is very touching.
920	劇情	這部連續劇的劇情太誇張,但我每週都忍不住要追。	The plot of this drama series is over the top, but I can't help following it every week.
921	報名	我想報名。	I'd like to sign up.
922	報名	我已經幫你報名了下週的游泳課,記得帶泳衣和毛巾。	I've signed you up for next week's swimming class, so remember your swimsuit and towel.
923	屋頂	屋頂漏水了。	The roof is leaking.
924	屋頂	颱風把屋頂的鐵皮吹走了,爸爸只好爬上去修理。	The typhoon blew off the metal sheet on the roof, so Dad had to climb up and fix it.
925	抗	我們要抗議。	We want to protest.
926	抗	多運動可以提高抵抗力,不容易感冒。	Exercise raises resistance, so you don't catch colds as easily.
927	有用	這個方法有用。	This method is useful.
928	有用	這本筆記很有用,考試前我都會拿出來複習。	This notebook is very useful, and I take it out to review before exams.
929	混	不要混在一起。	Don't mix them together.
930	混	水跟油混不在一起,所以做沙拉醬的時候要用力搖。	Water and oil don't mix, so shake hard when making salad dressing.
931	留學	我想去日本留學。	I want to study abroad in Japan.
932	留學	他在美國留學五年,回國後在大學當老師。	He studied abroad in the United States for five years and teaches at a university after returning.
933	簡	這個方法很簡單。	This method is simple.
934	簡	簡報要簡短清楚,太長的話聽的人會很累。	A presentation should be brief and clear; if it's too long, listeners get tired.
935	董事長	他是公司的董事長。	He is the company's chairman.
936	董事長	董事長在年終大會上感謝全體員工一年來的辛苦。	At the year-end meeting, the chairman thanked all employees for their hard work this year.
937	輻射	手機有輻射嗎?	Do mobile phones give off radiation?
938	輻射	醫院在拍X光之前,會請你穿上防輻射的衣服保護身體。	Before an X-ray, the hospital has you wear radiation-proof clothing to protect your body.
939	震驚	大家都很震驚。	Everyone was shocked.
940	震驚	這個消息震驚了整個社區,居民們都聚在一起討論。	The news shocked the whole neighborhood, and residents gathered to discuss it.
941	中醫	我去看中醫。	I'm going to see a traditional Chinese doctor.
942	中醫	爺爺長期失眠,中醫幫他把脈後開了幾帖中藥。	Grandpa has long had insomnia, and the Chinese medicine doctor took his pulse and prescribed some herbal remedies.
943	出自	這句話出自一本老書。	This saying comes from an old book.
944	出自	這首歌的歌詞出自一位年輕詩人的作品,讀起來很感人。	The lyrics of this song come from a young poet's work and are moving to read.
945	困境	他陷入困境。	He fell into a predicament.
946	困境	公司面臨困境的時候,老闆沒有裁員,而是和大家一起想辦法。	When the company was in trouble, the boss didn't lay off staff and instead worked it out with everyone.
947	寧願	我寧願走路回家。	I'd rather walk home.
948	寧願	她寧願自己辛苦一點,也不想麻煩別人。	She would rather have it a bit harder herself than trouble others.
949	意圖	我不明白他的意圖。	I don't understand his intention.
950	意圖	警方認為嫌犯並沒有傷人的意圖,只是想把車子開走。	Police believe the suspect had no intention of harming anyone and just wanted to drive the car away.
951	新增	新增了一個功能。	A new feature has been added.
952	新增	本店新增了素食菜單,歡迎吃素的朋友來試試。	This shop has added a vegetarian menu; vegetarian friends are welcome to try it.
953	流程	辦手續有一定的流程。	There's a set process for handling the procedures.
954	流程	新員工到職的流程很簡單,先填資料,再領電腦和門禁卡。	The onboarding process for new employees is simple: fill in forms, then collect a computer and access card.
955	發掘	考古學家在發掘古墓。	Archaeologists are excavating an ancient tomb.
956	發掘	老師很會發掘學生的長處,讓每個人都有機會表現。	The teacher is good at discovering students' strengths and gives everyone a chance to shine.
957	總督	總督住在這座府邸。	The governor-general lived in this mansion.
958	總督	日治時期的台灣總督府現在是總統府,很多遊客來參觀。	The Governor-General's Office from the Japanese colonial period is now the Presidential Office, and many tourists visit.
959	解讀	這張圖要怎麼解讀?	How should this chart be read?
960	解讀	大家對這份報告的解讀不太一樣,所以才需要再開會討論。	People interpret this report differently, which is why we need another meeting.
961	阿姨	阿姨來我們家玩。	Auntie came to visit our home.
962	阿姨	阿姨每次來都會帶一盒水果,小孩子們都很期待。	Auntie brings a box of fruit every visit, and the kids look forward to it.
963	不時	他不時看手機。	He checks his phone from time to time.
964	不時	整場演講中,台下的觀眾不時發出笑聲,氣氛很好。	Throughout the speech, laughter came from the audience now and then, and the atmosphere was great.
965	優越	他家境優越。	He comes from a privileged family.
966	優越	這個地區的地理位置優越,交通和生活機能都很方便。	This area has a superior location, with convenient transportation and amenities.
967	十一	十一點了,該睡了。	It's eleven o'clock; time for bed.
968	十一	十一月的天氣開始轉涼,早晚要記得多穿一件外套。	In November the weather turns cool, so remember an extra jacket morning and evening.
969	困	我被困在電梯裡。	I'm stuck in the elevator.
970	困	大雪把車子困在山路上,救難人員花了兩個小時才把大家救出來。	Heavy snow stranded cars on the mountain road, and rescuers took two hours to get everyone out.
971	官僚	這是官僚作風。	This is bureaucratic behavior.
972	官僚	辦一張證件要跑好幾個地方,大家都說這太官僚了。	Getting a single document means going to several places, and everyone says it's too bureaucratic.
973	從沒	我從沒去過日本。	I've never been to Japan.
974	從沒	他從沒遲到過,所以今天沒到,大家都很擔心。	He's never been late, so everyone is worried that he hasn't shown up today.
975	掙	他努力掙錢養家。	He works hard to earn money to support his family.
976	掙	剛畢業的時候,我一個月掙不到三萬塊,過得很辛苦。	Just after graduating, I earned less than thirty thousand a month and lived hard.
977	暴動	街上發生暴動。	A riot broke out on the street.
978	暴動	警方出動大批人員,終於在天亮前平息了這場暴動。	Police deployed large numbers of officers and finally put down the riot before dawn.
979	沉	石頭沉到水裡。	The stone sank into the water.
980	沉	他最近心情很沉重,回家後都不太想說話。	His mood has been heavy lately, and he doesn't want to talk when he gets home.
981	煤礦	這裡以前有煤礦。	There used to be a coal mine here.
982	煤礦	基隆附近曾經有很多煤礦,現在變成了觀光景點。	There used to be many coal mines near Keelung, which have now become tourist sites.
983	禮貌	他很有禮貌。	He is very polite.
984	禮貌	對長輩說話要有禮貌,這是爸媽從小就教我的。	You should speak politely to elders, which is what my parents taught me from a young age.
985	舌頭	我咬到舌頭了。	I bit my tongue.
986	舌頭	吃火鍋時太燙,他的舌頭被燙到,痛得說不出話來。	The hot pot was too hot, and he burned his tongue and couldn't speak from the pain.
987	調教	他在調教小狗。	He is training the puppy.
988	調教	這匹馬需要有經驗的人慢慢調教,才能順利參加比賽。	This horse needs an experienced person to train it gradually before it can race.
989	選區	他在這個選區參選。	He's running in this electoral district.
990	選區	選區劃分重新調整之後,有些里被分到了隔壁的區域。	After the electoral districts were redrawn, some neighborhoods were moved into the adjoining district.
991	隸屬	這個單位隸屬於教育部。	This unit comes under the Ministry of Education.
992	隸屬	這座博物館隸屬於市政府,免費開放給市民參觀。	This museum is subordinate to the city government and open to residents free of charge.
993	下達	長官已經下達命令。	The commander has issued the order.
994	下達	主管下達的指示很清楚,大家照著做就不會出錯。	The instructions the manager issued are clear; if everyone follows them, there won't be mistakes.
995	克拉	這顆鑽石有一克拉。	This diamond is one carat.
996	克拉	她手上的戒指鑲著一顆兩克拉的寶石,在陽光下閃閃發光。	The ring on her hand is set with a two-carat gem that sparkles in the sunlight.
997	卡片	我寫了一張卡片。	I wrote a card.
998	卡片	媽媽生日的時候,我在卡片裡寫了幾句感謝的話放進禮物盒。	For Mom's birthday I wrote a few words of thanks in a card and put it in the gift box.
999	墓地	這是一座墓地。	This is a cemetery.
1000	墓地	清明節的時候,全家人都會到墓地掃墓,帶著鮮花和水果。	At Tomb-Sweeping Day, the whole family goes to the cemetery with flowers and fruit.
1001	專政	這是專政制度。	This is a dictatorship.
1002	專政	歷史上的專政政權,往往限制人民的言論自由。	Dictatorial regimes in history often restricted freedom of speech.
1003	從業	他從業十年了。	He's been in the trade ten years.
1004	從業	從業人員必須定期接受健康檢查,以保障顧客的安全。	Practitioners must receive regular health checks to ensure customer safety.
1005	揭示	這份報告揭示了問題。	This report reveals the problem.
1006	揭示	研究結果揭示了睡眠不足與情緒之間的關係,引起不少討論。	The research reveals the link between lack of sleep and mood, sparking quite a lot of discussion.
1007	本月	本月有三個連假。	There are three long weekends this month.
1008	本月	本月底是繳交報告的最後期限,請大家務必注意。	The end of this month is the final deadline to hand in reports, so please take note.
1009	流氓	那個人是流氓。	That person is a hoodlum.
1010	流氓	深夜裡有幾個流氓在巷口鬧事,鄰居趕緊報警處理。	Late at night some hoodlums caused trouble at the alley entrance, and neighbors quickly called the police.
1011	瘋子	他像個瘋子。	He acts like a madman.
1012	瘋子	他半夜站在街上大喊大叫,路人以為他是瘋子,趕緊走開。	He stood on the street shouting at midnight, and passersby thought he was a lunatic and hurried away.
1013	紅包	我收到了紅包。	I received a red envelope.
1014	紅包	過年時,長輩給小孩的紅包裡通常是壓歲錢,孩子們都很開心。	At New Year, the red envelopes elders give kids contain lucky money, and the children are delighted.
1015	蛋白質	雞蛋有很多蛋白質。	Eggs have lots of protein.
1016	蛋白質	健身的人需要攝取足夠的蛋白質,所以常常吃雞胸肉和豆腐。	People who work out need enough protein, so they often eat chicken breast and tofu.
1017	起草	他在起草文件。	He is drafting a document.
1018	起草	律師花了一整個星期起草合約,再請雙方確認內容。	The lawyer spent a whole week drafting the contract and then had both sides confirm it.
1019	阻擋	不要阻擋我。	Don't block me.
1020	阻擋	大樹倒下來阻擋了道路,救護車只好繞路去醫院。	A fallen tree blocked the road, and the ambulance had to detour to the hospital.
1021	一旁	他站在一旁看。	He stood aside and watched.
1022	一旁	小孩在一旁安靜地玩積木,不想打擾大人們聊天。	The child quietly played with blocks to the side, not wanting to disturb the adults chatting.
1023	人口普查	政府正在做人口普查。	The government is conducting a census.
1024	人口普查	人口普查的資料可以幫助政府規劃學校、醫院和交通設施。	Census data helps the government plan schools, hospitals and transportation facilities.
1025	僱用	公司僱用了新員工。	The company hired new employees.
1026	僱用	這家餐廳僱用了幾位兼職的學生,在週末幫忙招呼客人。	This restaurant hired some part-time students to help serve customers on weekends.
1027	勞動者	勞動者要有休息時間。	Workers should have rest time.
1028	勞動者	勞動節那天,許多勞動者上街,要求更好的工作條件。	On Labor Day many workers took to the streets to demand better working conditions.
1029	呵	他呵呵地笑著。	He chuckled.
1030	呵	媽媽呵護著剛出生的小寶寶,連一點小聲音都怕吵醒他。	Mom cherishes the newborn baby, afraid even small noises would wake him.
1031	多多	請多多指教。	Please give me your guidance.
1032	多多	新來的同事說:「請大家多多幫忙,我還有很多不懂的地方。」	The new coworker said: "Please help me out, there's a lot I still don't understand."
1033	定向	這是定向越野。	This is orienteering.
1034	定向	學校舉辦定向越野活動,學生要靠地圖和指南針找出隱藏的點。	The school held an orienteering event where students use a map and compass to find hidden points.
1035	廚師	他是廚師。	He is a chef.
1036	廚師	那位廚師從十五歲開始學做菜,現在已經有三十年的經驗。	That chef started learning to cook at fifteen and now has thirty years of experience.
1037	戶外	我們去戶外活動。	We're going to do outdoor activities.
1038	戶外	戶外的氣溫很低,出門前記得多穿一點衣服。	It's very cold outdoors, so remember to dress warmer before going out.
1039	揮舞	他揮舞著旗子。	He is waving a flag.
1040	揮舞	球迷們在看台上揮舞著手中的旗幟,大聲為球隊加油。	Fans on the stands waved their flags and cheered loudly for the team.
1041	晚期	他是癌症晚期。	He has end-stage cancer.
1042	晚期	這位畫家的晚期作品風格很不一樣,色彩比早期鮮豔很多。	This painter's late works have a very different style, with much brighter colors than earlier ones.
1043	櫻花	春天有櫻花。	There are cherry blossoms in spring.
1044	櫻花	陽明山的櫻花開了,週末有很多人去拍照賞花。	The cherry blossoms are out on Yangmingshan, and on weekends many go photograph and view them.
1045	湧	淚水湧出來。	Tears welled up.
1046	湧	週末一到,大批遊客湧進老街,街上擠得水洩不通。	On weekends great crowds of tourists surge into the old street, packing it solid.
1047	生日快樂	生日快樂!	Happy birthday!
1048	生日快樂	大家一起唱生日快樂歌,然後看著壽星吹熄蠟燭許願。	Everyone sang Happy Birthday together and watched the birthday person blow out candles and wish.
1049	私下	我私下跟他說。	I'll tell him privately.
1050	私下	有什麼意見可以私下跟我說,不用在大家面前提出來。	If you have any opinions, tell me privately, no need to raise them in front of everyone.
1051	總統府	總統府在台北。	The Presidential Office is in Taipei.
1052	總統府	週末總統府前面常有表演活動,遊客也可以進去參觀。	On weekends there are often performances before the Presidential Office, and tourists can go in to visit.
1053	著想	你要為別人著想。	You should consider others.
1054	著想	她處處為家人著想,自己卻很少買新衣服。	She considers her family in everything but rarely buys new clothes for herself.
1055	讓步	雙方都不肯讓步。	Neither side would give way.
1056	讓步	談判了很久,店家終於讓步,同意把價格降到八折。	After long negotiations the shop finally conceded and agreed to take 20 percent off.
1057	過世	他的爺爺過世了。	His grandfather passed away.
1058	過世	外婆過世的時候,全家人都很難過,大家聚在一起回憶她的點點滴滴。	When Grandma passed away, the family grieved and gathered to recall her little moments.
1059	電機	他念電機系。	He studies electrical engineering.
1060	電機	這間工廠專門生產電機設備,產品銷往世界各地。	This factory specializes in producing electrical machinery and sells worldwide.
1061	一瓶	我要一瓶水。	I'd like a bottle of water.
1062	一瓶	冰箱裡還有一瓶牛奶,明天早餐可以喝。	There's still a bottle of milk in the fridge for tomorrow's breakfast.
1063	巷口	我在巷口等你。	I'll wait for you at the alley entrance.
1064	巷口	巷口那家早餐店的蛋餅很好吃,所以每天早上都排隊。	The egg pancakes at the breakfast shop at the end of the alley are delicious, so there's a line every morning.
1065	瑜珈	我每天早上做瑜珈。	I do yoga every morning.
1066	瑜珈	她下班後會去上瑜珈課,學習放鬆和調整呼吸。	After work she goes to yoga class to learn to relax and regulate her breathing.
1067	逛街	我們去逛街吧。	Let's go window-shopping.
1068	逛街	週末我跟朋友去逛街,走了一整天,腳都痠了。	On the weekend I went shopping with friends and walked all day until my feet ached.
1069	朋	他們是好朋友。	They are good friends.
1070	朋	週末有朋友從高雄上來,我們打算一起吃飯、聊天。	A friend from Kaohsiung is coming this weekend, and we plan to eat and chat together.
1071	對	你說得對。	You're right.
1072	對	他對我很好，也很照顧我。	He's very good to me and looks after me.
1073	或	週末我想看電影或逛街。	This weekend I want to see a movie or go shopping.
1074	或	請以信用卡或行動支付結帳，謝謝您。	Please pay by credit card or mobile payment. Thank you.
1075	計劃	我有一個旅行計劃。	I have a travel plan.
1076	計劃	我們計劃明年春天全家去日本玩，現在正在存錢。	We plan to take the whole family to Japan next spring and are saving up now.
1077	出來	他從房間走出來了。	He walked out of the room.
1078	出來	這個問題我想了一整晚，還是想不出來。	I thought about this problem all night and still couldn't work it out.
1079	太	這碗麵太鹹了。	This bowl of noodles is too salty.
1080	太	今天太熱了，我們別去爬山，改去圖書館吧。	It's too hot today; let's skip the hike and go to the library instead.
1081	一下	請等一下，我馬上來。	Please wait a moment; I'll be right there.
1082	一下	可以幫我看一下這份文件嗎？我怕有打錯字。	Could you take a look at this document for me? I'm afraid there are typos.
1083	甚至	他忙到甚至忘了吃飯。	He was so busy he even forgot to eat.
1084	甚至	最近天氣太熱，甚至連晚上都要開冷氣才睡得著。	It's been so hot lately that we even need the AC on at night to sleep.
1085	參與	歡迎大家參與討論。	Everyone is welcome to join the discussion.
1086	參與	社區志工活動開放民眾報名參與，名額有限。	The community volunteer event is open for sign-ups, but spots are limited.
1087	目標	我的目標是跑完半馬。	My goal is to finish a half marathon.
1088	目標	公司今年的目標是把客訴率降低一半。	The company's goal this year is to cut complaints in half.
1089	功能	這支手機有很多功能。	This phone has many functions.
1090	功能	這個App新增了翻譯功能，旅行時特別方便。	This app added a translation feature, which is very handy when traveling.
1091	社區	我們社區有個小公園。	Our neighborhood has a small park.
1092	社區	社區管理員每天都會幫大家收包裹。	The community's building manager takes in everyone's packages every day.
1093	動	別動，我幫你拍張照。	Don't move; I'll take a photo of you.
1094	動	我的電腦突然當機，滑鼠怎麼動都沒有反應。	My computer suddenly froze and the mouse doesn't respond no matter how I move it.
1095	放	請把書放在桌上。	Please put the book on the table.
1096	放	下班後我喜歡放一首輕音樂，慢慢放鬆。	After work I like to put on some soft music and slowly unwind.
1097	繫	請繫好安全帶。	Please fasten your seat belt.
1098	繫	他蹲下來，把鞋帶重新繫緊。	He crouched down and tied his shoelaces tight again.
1099	主任	主任在開會。	The director is in a meeting.
1100	主任	主任說下週開始，大家可以彈性上下班。	The director said that from next week we can have flexible work hours.
1101	妻子	他和妻子一起去旅行。	He went traveling with his wife.
1102	妻子	他的妻子是小學老師，每天都很早起床準備早餐。	His wife is an elementary school teacher and gets up early every day to make breakfast.
1103	破壞	不要破壞公物。	Don't damage public property.
1104	破壞	颱風破壞了不少房屋，政府正在協助重建。	The typhoon damaged many houses, and the government is helping with rebuilding.
1105	階段	現在是關鍵階段。	We're at a critical stage now.
1106	階段	專案分成三個階段，第一階段先做市場調查。	The project has three phases; phase one is market research.
1107	勞動	搬家是很累的勞動。	Moving house is tiring labor.
1108	勞動	五月一日勞動節，很多公司都放假一天。	May 1st is Labor Day, and many companies give the day off.
1109	往	往前走就到了。	Just go straight ahead and you'll be there.
1110	往	往左邊走兩個路口，就能看到那間藥局。	Go left for two blocks and you'll see that pharmacy.
1111	法規	開店要遵守法規。	You must follow regulations when opening a shop.
1112	法規	新的食品法規下個月上路，業者必須標示產地。	New food regulations take effect next month, requiring vendors to label origins.
1113	評價	這家店的評價不錯。	This shop has good reviews.
1114	評價	買東西前，我習慣先看看其他客人的評價。	Before buying something, I like to check other customers' reviews.
1115	高興	見到你我很高興。	I'm happy to see you.
1116	高興	聽說你考上了，我比你還高興。	Hearing you got in, I'm even happier than you are.
1117	天下	天下沒有白吃的午餐。	There's no such thing as a free lunch.
1118	天下	天下父母心，每個媽媽都希望孩子平安。	Parents everywhere are alike; every mother hopes her child is safe.
1119	投	他把球投進籃框。	He threw the ball into the hoop.
1120	投	投票日那天，我們全家一起去投票所。	On election day, our whole family went to the polling station together.
1121	痛苦	他很痛苦。	He is in pain.
1122	痛苦	失去親人的痛苦，不是一時半刻能平復的。	The pain of losing a loved one can't be healed in a moment.
1123	違法	騎機車闖紅燈是違法的。	Running red lights on a scooter is illegal.
1124	違法	在這裡亂丟垃圾是違法行為，會被罰款。	Dumping trash here is illegal and will be fined.
1125	全體	全體同學請起立。	All students, please stand.
1126	全體	全體員工下週一請到會議室，聽公司的新年度計畫。	All staff please come to the meeting room next Monday for the company's new-year plans.
1127	大規模	公司進行大規模的裁員。	The company is carrying out large-scale layoffs.
1128	大規模	市區正在進行大規模的道路維修，駕駛朋友請多繞路。	Large-scale road repairs are under way downtown; drivers, please take detours.
1129	挺	坐的時候要把背挺直。	Keep your back straight when you sit.
1130	挺	他挺起胸膛，大聲說出自己的想法。	He puffed out his chest and spoke his mind loudly.
1131	爭議	這項政策引起爭議。	This policy has caused controversy.
1132	爭議	新的課綱在社會上引起不少爭議，家長意見也不一。	The new curriculum has stirred up quite a bit of controversy, and parents are divided.
1133	臨時	我臨時有事，不能去了。	Something came up and I can't go.
1134	臨時	颱風要來了，學校臨時宣布明天停課。	A typhoon is coming, so the school suddenly announced classes are canceled tomorrow.
1135	邊	他坐在我旁邊。	He's sitting next to me.
1136	邊	我喜歡一邊散步，一邊聽播客。	I like to listen to podcasts while taking a walk.
1137	借	可以借我一支筆嗎？	Can I borrow a pen?
1138	借	我跟圖書館借了五本書，三週內要還。	I borrowed five books from the library, due back in three weeks.
1139	大大	這樣做大大省了時間。	Doing it this way saves a great deal of time.
1140	大大	多虧大家幫忙，我們的工作量大大減少了。	Thanks to everyone's help, our workload has greatly decreased.
1141	手術	他明天要動手術。	He's having surgery tomorrow.
1142	手術	手術很順利，醫生說再住院兩天就能出院了。	The surgery went well, and the doctor says he can leave the hospital after two more days.
1143	激烈	比賽非常激烈。	The match is very intense.
1144	激烈	兩個人為了錢的事激烈爭吵，最後不歡而散。	The two had a heated argument over money and parted on bad terms.
1145	自治區	那個自治區人口不多。	That autonomous region isn't heavily populated.
1146	自治區	這個自治區享有一定程度的自主權，有自己的議會。	This autonomous region enjoys a degree of self-rule and has its own council.
1147	階級	社會有不同階級。	Society has different classes.
1148	階級	他來自勞工階級，所以特別理解辛苦工作的人。	He comes from the working class, so he especially understands people who work hard.
1149	例	老師舉了一個例子。	The teacher gave an example.
1150	例	按照慣例，公司每年尾牙都會抽獎。	By custom, the company holds a raffle at its year-end banquet every year.
1151	反抗	被欺負久了，他終於反抗。	After being bullied for so long, he finally fought back.
1152	反抗	青少年有時會反抗父母，只是想證明自己長大了。	Teenagers sometimes rebel against their parents just to prove they've grown up.
1153	嬰兒	嬰兒睡著了。	The baby fell asleep.
1154	嬰兒	嬰兒車不能帶上手扶梯，請改搭電梯。	Strollers can't go on the escalator; please take the elevator instead.
1155	恨	我恨自己太晚才發現。	I hate that I found out so late.
1156	恨	他恨透了每天擠公車，所以決定買一輛機車。	He hated squeezing onto the bus every day, so he decided to buy a scooter.
1157	書籍	這裡賣各種書籍。	This place sells all kinds of books.
1158	書籍	書店把新書籍擺在門口最顯眼的地方。	The bookstore displays new books in the most prominent spot by the door.
1159	理念	我認同他的理念。	I agree with his philosophy.
1160	理念	這家店的理念是用在地食材，做出健康的料理。	This shop's philosophy is to use local ingredients to make healthy dishes.
1161	背	她背著一個大書包。	She is carrying a big school bag on her back.
1162	背	他背著小孩爬了三層樓，累得氣喘吁吁。	He carried his child up three floors on his back and was out of breath.
1163	較為	這個選項較為便宜。	This option is comparatively cheaper.
1164	較為	比起夏天，秋天的天氣較為舒適，很適合出門走走。	Compared with summer, autumn weather is fairly comfortable and good for going out.
1165	預防	多洗手可以預防感冒。	Washing hands often helps prevent colds.
1166	預防	預防勝於治療，所以我們每年都做健康檢查。	Prevention is better than cure, so we have a health checkup every year.
1167	共識	我們已經達成共識。	We've reached a consensus.
1168	共識	雙方經過多次溝通，才在價格上取得共識。	After many rounds of talks, the two sides reached a consensus on price.
1169	基因	眼睛的顏色由基因決定。	Eye color is determined by genes.
1170	基因	醫生說這種疾病跟基因有關，所以家族有人得過要多注意。	The doctor says this illness is linked to genes, so if a relative had it, be extra careful.
1171	形容	很難形容這種感覺。	It's hard to describe this feeling.
1172	形容	她形容那裡的風景像一幅畫，我就更想去看看。	She described the scenery there as like a painting, which made me want to see it even more.
1173	時光	時光過得真快。	Time flies.
1174	時光	在海邊度過的那段時光，是我最難忘的回憶。	The time I spent by the sea is my most unforgettable memory.
1175	爬	小孩在地上爬。	The baby is crawling on the floor.
1176	爬	週末我們一家人去爬山，走了兩個小時才到山頂。	On the weekend our family went hiking and took two hours to reach the summit.
1177	籤	我去廟裡抽籤。	I'm going to the temple to draw a fortune stick.
1178	籤	她在廟裡抽到了上上籤，開心地拿給家人看。	She drew the best fortune at the temple and happily showed her family.
1179	詢問	我想詢問一下價格。	I'd like to ask about the price.
1180	詢問	如果有任何疑問，歡迎來電詢問。	If you have any questions, feel free to call and ask.
1181	靠近	請不要靠近。	Please don't come close.
1182	靠近	貓慢慢靠近我，然後跳到了我的腿上。	The cat slowly came closer and then jumped onto my lap.
1183	促使	壓力促使他努力。	Pressure pushed him to work hard.
1184	促使	朋友的鼓勵促使我下定決心，開始學游泳。	My friend's encouragement spurred me to make up my mind and start learning to swim.
1185	反覆	他反覆檢查門鎖。	He checked the door lock over and over.
1186	反覆	這個實驗反覆做了很多次，結果還是一樣。	The experiment was repeated many times with the same result.
1187	大門	大門沒關。	The front door isn't closed.
1188	大門	大門口的警衛很親切，每天都會跟我們打招呼。	The guard at the main gate is friendly and greets us every day.
1189	干預	別干預我的決定。	Don't interfere with my decision.
1190	干預	政府干預市場價格，引起企業的不滿。	The government's intervention in market prices caused discontent among businesses.
1191	接收	我還沒接收到他的消息。	I haven't received any word from him yet.
1192	接收	山區的電波不好，收音機接收不到清楚的訊號。	Reception is poor in the mountains, and the radio can't pick up a clear signal.
1193	樂團	他在樂團彈吉他。	He plays guitar in a band.
1194	樂團	這個樂團下個月要來台北開演唱會，票一開賣就秒殺。	This band is giving a concert in Taipei next month, and tickets sold out the moment they went on sale.
1195	無比	我感到無比開心。	I feel incomparably happy.
1196	無比	看到孩子平安長大，她心裡感到無比驕傲。	Seeing her child grow up safely, she felt immensely proud.
1197	相當於	一公尺相當於一百公分。	One meter is equivalent to a hundred centimeters.
1198	相當於	這筆獎金相當於我三個月的薪水。	This bonus is equivalent to three months of my salary.
1199	罕見	這種鳥很罕見。	This kind of bird is rare.
1200	罕見	這種病在台灣很罕見，全國只有幾十個病例。	This illness is rare in Taiwan, with only a few dozen cases nationwide.
1201	識別	我們靠指紋識別身分。	We identify people by fingerprint.
1202	識別	這支手機可以用臉部識別解鎖，不用輸入密碼。	This phone can unlock with face recognition, with no password needed.
1203	錄音	我在錄音。	I'm recording audio.
1204	錄音	會議的錄音檔我已經寄給大家了，有空可以聽。	I've sent everyone the meeting's audio file; listen when you have time.
1205	鬧	別鬧了，快睡覺。	Stop messing around and go to sleep.
1206	鬧	隔壁的小孩整晚吵吵鬧鬧，害我一直睡不著。	The kids next door were noisy all night and kept me awake.
1207	停車	這裡不能停車。	You can't park here.
1208	停車	假日附近停車很困難，建議搭大眾運輸。	Parking nearby is hard on holidays, so public transportation is recommended.
1209	原諒	請原諒我。	Please forgive me.
1210	原諒	他已經道歉很多次了，你就原諒他吧。	He's apologized many times already; just forgive him.
1211	天然氣	我家用天然氣。	My home uses natural gas.
1212	天然氣	冬天熱水器用天然氣，所以瓦斯費會比較高。	In winter the water heater runs on natural gas, so the gas bill is higher.
1213	平方公里	這座島約有五十平方公里。	This island is about fifty square kilometers.
1214	平方公里	這座公園的面積約有兩平方公里，走一圈要一個小時。	This park covers about two square kilometers; a lap takes an hour.
1215	提及	他沒有提及這件事。	He didn't mention this.
1216	提及	報告中完全沒有提及成本問題，所以我有些疑問。	The report doesn't mention costs at all, so I have some questions.
1217	梅	院子裡有一棵梅樹。	There's a plum tree in the yard.
1218	梅	梅雨季節時，衣服總是不容易乾。	During the plum rain season, clothes never dry easily.
1219	熱點	這裡是旅遊熱點。	This is a tourist hot spot.
1220	熱點	這間咖啡廳成了打卡熱點，假日要排隊一個多小時。	This cafe became a popular photo spot, with over an hour's wait on holidays.
1221	第五	我排第五。	I'm fifth in line.
1222	第五	這是我第五次去花蓮，每次都有不同的感受。	This is my fifth trip to Hualien, and each time feels different.
1223	舉動	他的舉動很奇怪。	His behavior is strange.
1224	舉動	他一個小小的舉動，讓全家人都很感動。	One small gesture from him touched the whole family.
1225	通往	這條路通往海邊。	This road leads to the sea.
1226	通往	這條小路通往山頂的觀景台，路上風景很美。	This path leads to the viewing platform at the summit, and the scenery is lovely.
1227	高於	氣溫高於三十五度。	The temperature is above thirty-five degrees.
1228	高於	今年的物價高於去年，大家都覺得生活變貴了。	Prices this year are higher than last year, and everyone feels living costs more.
1229	伙	這間公司的伙食很好。	The food at this company is great.
1230	伙	媽媽說外面的伙食太油了，叫我多回家吃。	Mom says the food outside is too greasy and tells me to eat at home more.
1231	分支	這間公司在各地有分支。	This company has branches in many places.
1232	分支	這條河在山下分成兩個分支，一條往南，一條往東。	This river splits into two branches below the mountain, one south and one east.
1233	可行	這個方法可行嗎？	Is this method feasible?
1234	可行	經過評估，這個計畫在技術上和預算上都可行。	After assessment, this plan is feasible in both technology and budget.
1235	天賦	她有音樂的天賦。	She has a gift for music.
1236	天賦	光有天賦還不夠，還要靠每天不斷的練習。	Talent alone isn't enough; it takes constant daily practice.
1237	巨	他吃了一個巨無霸漢堡。	He ate a giant burger.
1238	巨	颱風帶來巨浪，海邊都禁止下水。	The typhoon brought huge waves and swimming is banned along the coast.
1239	手冊	請閱讀使用手冊。	Please read the user manual.
1240	手冊	新進員工會拿到一本員工手冊，裡面寫著公司的規定。	New hires receive an employee handbook with the company's rules.
1241	故鄉	我的故鄉在澎湖。	My hometown is in Penghu.
1242	故鄉	離開故鄉二十年，他終於有機會回去看看。	After leaving his hometown twenty years ago, he finally had a chance to visit.
1243	模範	他是我們班的模範生。	He's our class's model student.
1244	模範	這位老師認真教學，被評選為全校的模範教師。	This teacher teaches earnestly and was chosen as the school's model teacher.
1245	溫和	他的個性很溫和。	He has a gentle personality.
1246	溫和	今天天氣溫和，很適合帶孩子出去走走。	The weather is mild today, good for taking the kids out.
1247	痕跡	牆上有一道痕跡。	There's a mark on the wall.
1248	痕跡	歲月在她臉上留下了痕跡，卻也留下了溫柔。	Time left traces on her face, but also left gentleness.
1249	背叛	他背叛了朋友。	He betrayed his friend.
1250	背叛	被最信任的人背叛，是一件很痛苦的事。	Being betrayed by the person you trust most is very painful.
1251	註定	這件事註定失敗。	This is doomed to fail.
1252	註定	他們註定要相遇，不管繞多少圈。	They were destined to meet, however many detours it took.
1253	週日	週日我要去爬山。	I'm going hiking on Sunday.
1254	週日	週日的賣場人很多，我們還是週一再去吧。	The supermarket is crowded on Sundays; let's go on Monday instead.
1255	陳述	請陳述事實。	Please state the facts.
1256	陳述	證人向法官陳述當天看到的情況，說得很清楚。	The witness described to the judge what he saw that day, very clearly.
1257	上床	我十一點上床睡覺。	I go to bed at eleven.
1258	上床	他累得連衣服都沒換就上床了。	He was so tired he got into bed without even changing clothes.
1259	僱傭	雙方有僱傭關係。	The two parties have an employment relationship.
1260	僱傭	僱傭契約裡寫清楚薪水和工作時間，可以避免糾紛。	Spelling out pay and hours in the employment contract can prevent disputes.
1261	十四	他十四歲了。	He's fourteen.
1262	十四	每個月十四號是公司的發薪日，大家都很期待。	The fourteenth of each month is payday, and everyone looks forward to it.
1263	墮落	他生活墮落。	He lives a degenerate life.
1264	墮落	一旦染上賭癮，人就容易墮落，家人也跟著受苦。	Once addicted to gambling, people easily go downhill and their families suffer too.
1265	專科	他讀專科學校。	He attends a junior college.
1266	專科	我下週要去看皮膚專科，約了早上十點的號。	Next week I'm seeing a dermatology specialist, with a 10 a.m. appointment.
1267	御	我早餐吃了一個御飯糰。	I had a rice ball for breakfast.
1268	御	在日本的神社，常常能看到寫著「御守」的護身符。	At Japanese shrines you often see amulets labeled omamori.
1269	揭開	他揭開了鍋蓋。	He lifted the pot lid.
1270	揭開	記者終於揭開了這起事件背後的真相。	The reporter finally uncovered the truth behind this incident.
1271	束縛	他不喜歡被束縛。	He doesn't like being tied down.
1272	束縛	他覺得傳統的觀念束縛了自己，所以選擇離開家鄉。	He felt traditional ideas bound him, so he chose to leave his hometown.
1273	流血	傷口流血了。	The wound is bleeding.
1274	流血	他的膝蓋摔破流血了，我趕快幫他貼OK繃。	His knee scraped and bled, so I quickly put a Band-Aid on it.
1275	療法	這是新療法。	This is a new therapy.
1276	療法	醫生建議採用新的療法，副作用比較小。	The doctor suggested a new treatment with fewer side effects.
1277	紅旗	海邊插著紅旗，不能下水。	A red flag is up at the beach; no swimming.
1278	紅旗	浪太大時，救生員會升起紅旗，提醒大家不要下水。	When the waves are too big, lifeguards raise a red flag to warn people not to swim.
1279	蜘蛛	牆上有隻蜘蛛。	There's a spider on the wall.
1280	蜘蛛	蜘蛛在窗邊織了一張大網，上面還沾著露水。	A spider spun a big web by the window, with dew still clinging to it.
1281	趕上	快跑，才能趕上公車。	Run, so you can catch the bus.
1282	趕上	我們得加快腳步，才能趕上最後一班高鐵。	We have to speed up to catch the last high-speed train.
1283	閒	我今天很閒。	I'm free today.
1284	閒	沒事的時候，我喜歡泡杯茶，跟鄰居閒聊幾句。	When I've nothing to do, I like to make tea and chat with the neighbors.
1285	一模一樣	他們長得一模一樣。	They look exactly alike.
1286	一模一樣	這兩個包包看起來一模一樣，我分不出哪個是真的。	These two bags look identical, and I can't tell which is real.
1287	人身	要注意人身安全。	Mind your personal safety.
1288	人身	夜間獨自回家時，要特別注意人身安全。	When going home alone at night, pay special attention to personal safety.
1289	兔	那隻兔子好可愛。	That rabbit is so cute.
1290	兔	動物園的兔子特別愛吃紅蘿蔔，一次可以吃好幾根。	The zoo's rabbits love carrots and can eat several at once.
1291	南極	南極很冷。	The South Pole is very cold.
1292	南極	企鵝生活在南極，那裡的冬天長達好幾個月。	Penguins live in Antarctica, where winter lasts months.
1293	嘉	老闆嘉許我們的表現。	The boss praised our performance.
1294	嘉	市長頒獎嘉獎見義勇為的民眾，大家都鼓掌。	The mayor presented an award commending citizens who acted bravely, and everyone applauded.
1295	太好了	太好了，你來了！	Great, you've come!
1296	太好了	太好了，這次的考試我通過了，終於可以放心休息。	Great, I passed the exam this time and can finally rest easy.
1297	尊	我很尊敬老師。	I respect my teacher a lot.
1298	尊	我們要尊重不同的意見，即使不同意也不要嘲笑對方。	We should respect different opinions and not mock others even if we disagree.
1299	復活	這部電影裡，主角竟然復活了。	In this movie, the hero actually comes back to life.
1300	復活	復活節那天，教堂裡擠滿了做禮拜的信徒。	On Easter Day the church was packed with worshippers.
1301	抽象	這個概念很抽象。	This concept is very abstract.
1302	抽象	她喜歡抽象畫，雖然看不太懂，但覺得很有意思。	She likes abstract paintings; she doesn't quite understand them but finds them interesting.
1303	收縮	這件毛衣洗完之後收縮了，已經穿不下了。	This sweater shrank after washing and no longer fits.
1304	收縮	冷空氣來時，血管會收縮，所以手腳容易冰冷。	When cold air comes, blood vessels constrict, so hands and feet turn cold easily.
1305	材	他是個可造之材。	He's a promising talent.
1306	材	這張桌子的木材很好，擺了十年也沒壞。	The wood of this table is good; it's lasted ten years without damage.
1307	水質	這裡的水質很好。	The water quality here is good.
1308	水質	環保局每個月檢查河川水質，確保大家的用水安全。	The environmental bureau checks river water quality monthly to keep everyone's water safe.
1309	煉	工人在工廠煉鋼。	Workers are smelting steel in the factory.
1310	煉	他每天早起鍛煉，練了三個月，體力進步很多。	He exercises early every day, and after three months his stamina has improved a lot.
1311	盛大	婚禮很盛大。	The wedding is grand.
1312	盛大	跨年晚會非常盛大，現場有煙火和歌手表演。	The New Year's Eve party was grand, with fireworks and singer performances.
1313	篩選	請篩選資料。	Please filter the data.
1314	篩選	公司從五百份履歷中篩選出二十位，通知他們來面試。	The company screened twenty out of five hundred résumés and notified them for interviews.
1315	脂肪	肥肉含有很多脂肪。	Fatty meat contains lots of fat.
1316	脂肪	醫生建議他少吃油炸物，降低體內的脂肪含量。	The doctor advised him to eat fewer fried foods to lower his body fat.
1317	解密	檔案已解密。	The file has been decrypted.
1318	解密	這份檔案過了三十年才解密，公開後引起很多討論。	This file was declassified only after thirty years and sparked lots of discussion.
1319	轉而	他轉而支持新計劃。	He turned to support the new plan.
1320	轉而	商店原本賣雜貨，後來轉而經營咖啡，生意反而更好了。	The shop originally sold groceries and later switched to coffee, doing even better.
1321	限額	每人每天都有購買限額，最多買兩個。	There's a daily purchase limit per person, two at most.
1322	限額	銀行為了安全，設定了每日轉帳限額。	For safety, the bank sets a daily transfer limit.
1323	驗收	工程要驗收。	The construction needs inspection.
1324	驗收	新大樓完工後，要經過政府單位驗收，才能開始使用。	After the new building is completed, it must pass government inspection before use.
1325	另一半	我想找我的另一半。	I want to find my other half.
1326	另一半	旅行時我們都要彼此遷就，才能讓另一半也玩得開心。	When traveling we should accommodate each other so our partner has fun too.
1327	新手	我是新手。	I'm a beginner.
1328	新手	新手開車上路要特別小心，也不要開得太快。	New drivers should be extra careful and not drive too fast.
1329	號碼牌	請領號碼牌。	Please take a number.
1330	號碼牌	診所門口有號碼牌機，你先拿一張再坐著等。	There's a number machine at the clinic door; take a ticket and wait.
1331	兩個	我有兩個哥哥。	I have two older brothers.
1332	兩個	兩個人一起搬，比一個人輕鬆多了。	Moving it with two people is much easier than alone.
1333	桌球	他在打桌球。	He's playing table tennis.
1334	桌球	國中時我加入桌球隊，每天放學都練到天黑。	In junior high I joined the table tennis team and practiced every day after school until dark.
1335	日	今天是十月八日。	Today is October 8th.
1336	日	我們約在下個月十五日見面。	We're meeting on the 15th of next month.
1337	這樣	這樣做比較快。	It's faster to do it this way.
1338	這樣	你不要這樣看我，我會不好意思啦。	Don't look at me like that, it makes me shy.
1339	為了	為了考試，我天天念書。	I study every day for the exam.
1340	為了	為了省錢，她每天自己帶午餐去公司。	To save money, she brings her own lunch to the office every day.
1341	遊戲	弟弟喜歡玩遊戲。	My little brother likes playing games.
1342	遊戲	這款手機遊戲太好玩，我不小心玩到半夜兩點。	This mobile game is so fun that I accidentally played until 2 a.m.
1343	產品	這個產品很受歡迎。	This product is very popular.
1344	產品	這家公司的產品品質很好，連國外客人都來訂貨。	This company's products are so good that even overseas customers place orders.
1345	幹	你在幹嘛？	What are you doing?
1346	幹	這棵樹的樹幹很粗，要兩個人才抱得住。	This tree's trunk is so thick that it takes two people to wrap their arms around it.
1347	世紀	現在是二十一世紀。	We are in the twenty-first century.
1348	世紀	這座老廟已經有將近兩個世紀的歷史了。	This old temple has nearly two centuries of history.
1349	怎樣	這件衣服怎樣？	How about this piece of clothing?
1350	怎樣	不管天氣怎樣，我們週末都要去露營。	No matter what the weather's like, we're going camping this weekend.
1351	達到	他終於達到了目標。	He finally reached his goal.
1352	達到	只要銷售額達到標準，公司就會發年終獎金。	As long as sales hit the target, the company will pay out a year-end bonus.
1353	指	他用手指著前面的路口。	He pointed at the intersection ahead with his finger.
1354	指	我說的「他」，指的是剛才那位穿藍衣服的先生。	By "him" I mean the man in blue just now.
1355	顯示	螢幕上顯示電量不足。	The screen shows low battery.
1356	顯示	調查結果顯示，越來越多年輕人選擇不買車。	Survey results show that more and more young people choose not to buy cars.
1357	小說	我最近在看一本小說。	I'm reading a novel lately.
1358	小說	這部小說後來被改編成電影，票房也很好。	This novel was later adapted into a movie, and it did well at the box office.
1359	理解	我可以理解你的心情。	I can understand how you feel.
1360	理解	這篇文章太專業了，我花了很久才勉強理解。	This article is so technical that it took me ages to barely understand it.
1361	進一步	我想進一步了解這個工作。	I'd like to learn more about this job.
1362	進一步	如果你想進一步討論細節，歡迎隨時打給我。	If you'd like to discuss the details further, feel free to call me anytime.
1363	創新	公司鼓勵員工創新。	The company encourages employees to innovate.
1364	創新	這家小店的創新口味很受年輕人歡迎，常常賣完。	This little shop's innovative flavors are popular with young people and often sell out.
1365	方向	你走錯方向了。	You're going the wrong way.
1366	方向	我在山上迷路了，連東南西北哪個方向都分不清楚。	I got lost in the mountains and couldn't even tell which direction was which.
1367	質量	物理課學到質量和重量不一樣。	In physics class we learned that mass and weight are different.
1368	質量	物體的質量越大，要推動它就越費力。	The greater an object's mass, the more effort it takes to push it.
1369	估計	我估計要三天才能完成。	I estimate it'll take three days to finish.
1370	估計	估計今晚會下大雨，你出門最好帶傘。	It'll probably rain hard tonight, so you'd better take an umbrella.
1371	境內	颱風已經進入台灣境內。	The typhoon has entered Taiwan's territory.
1372	境內	境內的高速公路在連假期間常常塞車。	Highways within the country often get jammed during long holidays.
1373	整體	整體來說，我很滿意。	Overall, I'm quite satisfied.
1374	整體	這間房子整體的設計很簡單，住起來很舒服。	The house's overall design is simple, and it's comfortable to live in.
1375	科	你大學念哪一科？	What did you study in university?
1376	科	我媽媽去醫院看皮膚科，醫生說只是過敏。	My mom went to the dermatology department at the hospital, and the doctor said it was just an allergy.
1377	週	我每週都去游泳。	I go swimming every week.
1378	週	這週末天氣很好，我們一起去郊外走走吧。	The weather is nice this weekend, so let's go for a walk in the countryside.
1379	共有	班上共有三十位同學。	There are thirty classmates in total in the class.
1380	共有	這間公寓是我和哥哥共有的，所以賣掉要經過他同意。	I co-own this apartment with my brother, so selling it needs his consent.
1381	就算	就算下雨，我也要去。	Even if it rains, I'm going.
1382	就算	就算你不喜歡，也要試試看，說不定會改變想法。	Even if you don't like it, give it a try. You might change your mind.
1383	普遍	這種現象很普遍。	This phenomenon is very common.
1384	普遍	現在普遍的看法是，多運動比吃補品更有效。	The prevailing view now is that exercising is more effective than taking supplements.
1385	網上	我在網上買了一雙鞋。	I bought a pair of shoes online.
1386	網上	網上有很多免費的學習資源，你可以多利用。	There are lots of free learning resources online. Make good use of them.
1387	七	現在是七點。	It's seven o'clock now.
1388	七	我七歲的時候，第一次跟爸爸去釣魚。	When I was seven, I went fishing with Dad for the first time.
1389	古代	古代沒有電燈。	There was no electric light in ancient times.
1390	古代	古代的人用毛筆寫字，所以書法非常重要。	People in ancient times wrote with brushes, so calligraphy was very important.
1391	工資	這份工作工資不高。	The pay for this job isn't high.
1392	工資	政府每年都會調整基本工資，讓勞工的生活更有保障。	The government adjusts the minimum wage each year to better protect workers' livelihoods.
1393	更是	他更是個好人。	He's an even better person.
1394	更是	這道菜本來就好吃，加了辣椒之後更是讓人停不下來。	This dish was already tasty, and with chili added it's even harder to stop eating.
1395	知	我不知道答案。	I don't know the answer.
1396	知	請各位同學提前通知家長，以便大家知悉活動時間。	Students, please notify your parents in advance so that everyone knows the event time.
1397	試圖	他試圖說服老闆。	He tried to persuade the boss.
1398	試圖	小偷試圖翻牆逃跑，結果被路過的警察抓個正著。	The thief tried to climb over a wall and escape, but a passing police officer caught him red-handed.
1399	黑人	那位黑人歌手唱得很好聽。	That Black singer sings beautifully.
1400	黑人	班上有一個從美國來的黑人同學，大家都叫他阿德。	There's a Black classmate from the US in our class, and we all call him by a nickname.
1401	北部	我住在北部。	I live in the north.
1402	北部	北部冬天常常下雨，濕冷的天氣讓人不太想出門。	The north often has rain in winter, and the damp cold makes people not want to go out.
1403	廁所	請問廁所在哪裡？	Excuse me, where is the restroom?
1404	廁所	公園的廁所很乾淨，還有專人定時打掃。	The park's restroom is very clean and someone cleans it regularly.
1405	棒	你真棒！	You're awesome!
1406	棒	這家餐廳的服務很棒，我們下次還要來。	The service at this restaurant is great, and we'll come again.
1407	祖國	他很想念祖國。	He misses his homeland very much.
1408	祖國	離開祖國多年的老人，終於在晚年回到了故鄉。	The old man who had left his homeland for years finally returned to his hometown in old age.
1409	談話	他們在花園裡談話。	They're talking in the garden.
1410	談話	總統的談話內容很快就登上了各大新聞網站。	The president's remarks quickly appeared on major news sites.
1411	一人	一人一票，非常公平。	One person, one vote. It's very fair.
1412	一人	我一人住在這間小套房，很自在也很安靜。	I live alone in this small studio, which is comfortable and quiet.
1413	公正	法官必須公正。	A judge must be impartial.
1414	公正	比賽的結果要公正透明，才能讓選手信服。	The results of a contest must be fair and transparent to convince the athletes.
1415	圍繞	孩子們圍繞著老師。	The children gathered around the teacher.
1416	圍繞	今天的討論主要圍繞在如何降低成本這個問題上。	Today's discussion mainly centered on how to cut costs.
1417	工程師	他是軟體工程師。	He's a software engineer.
1418	工程師	工程師正在檢查橋樑的結構，確保安全。	The engineers are inspecting the bridge's structure to make sure it's safe.
1419	指控	他被指控偷東西。	He was accused of stealing.
1420	指控	多名員工指控公司長期欠薪，勞工局已展開調查。	Several employees accused the company of long-term unpaid wages, and the labor bureau has opened an investigation.
1421	殺害	警方正在調查殺害事件。	Police are investigating the killing.
1422	殺害	新聞報導一名男子涉嫌殺害鄰居，目前已被警方逮捕。	News reported a man suspected of killing his neighbor has been arrested by police.
1423	秘書長	秘書長今天要主持會議。	The secretary-general will chair the meeting today.
1424	秘書長	新任秘書長上任後，立刻召集各部門討論預算。	After taking office, the new secretary-general immediately convened departments to discuss the budget.
1425	被捕	小偷昨晚被捕了。	The thief was arrested last night.
1426	被捕	嫌犯在機場被捕時，身上帶著大量現金。	The suspect was arrested at the airport carrying a large amount of cash.
1427	遵守	請遵守交通規則。	Please obey traffic rules.
1428	遵守	進入圖書館的人都要遵守規定，不能大聲說話。	Everyone entering the library must follow the rules and not talk loudly.
1429	便是	這便是我要找的答案。	This is exactly the answer I've been looking for.
1430	便是	台灣最有名的小吃，便是讓人排隊也要吃的滷肉飯。	Taiwan's most famous snack is the braised pork rice people will queue up for.
1431	只好	車壞了，我只好走路。	My car broke down, so I had to walk.
1432	只好	沒買到高鐵票，他只好改搭客運回南部老家。	Unable to get a high-speed rail ticket, he had to take a coach back to his southern hometown.
1433	小型	這是小型的電腦。	This is a small computer.
1434	小型	小型餐廳的優點，是老闆可以親自招呼每一位客人。	The advantage of a small restaurant is that the owner can greet each customer personally.
1435	收益	投資有收益嗎？	Does the investment earn a profit?
1436	收益	這家店今年的收益比去年增加了兩成，老闆很開心。	This shop's earnings rose 20% from last year, and the owner is delighted.
1437	清理	週末我要清理房間。	This weekend I'm going to clean up my room.
1438	清理	每年春天，社區居民會一起清理水溝，避免下大雨時淹水。	Every spring, neighbors clear the drains together to prevent flooding in heavy rain.
1439	福	新年快樂，祝你福氣滿滿！	Happy New Year, wishing you plenty of good fortune!
1440	福	春節時，家家戶戶都會把「福」字倒過來貼在門上。	At Lunar New Year, families stick the character 福 upside down on their doors.
1441	行使	他行使了自己的投票權。	He exercised his right to vote.
1442	行使	公民應該好好行使權利，同時也要承擔相對的責任。	Citizens should properly exercise their rights and also bear the corresponding responsibilities.
1443	遠離	遠離危險的地方。	Stay away from dangerous places.
1444	遠離	爸媽希望我遠離壞朋友，專心把書念好。	My parents want me to stay away from bad friends and focus on studying.
1445	不變	他的習慣一直不變。	His habits never change.
1446	不變	不管世界怎麼改變，媽媽對我們的愛永遠不變。	No matter how the world changes, Mom's love for us never changes.
1447	刺	玫瑰的刺很尖。	Rose thorns are sharp.
1448	刺	被蚊子刺了一口，我整晚都癢得睡不著。	A mosquito bit me, and I was too itchy to sleep all night.
1449	地帶	這是危險地帶。	This is a danger zone.
1450	地帶	河邊的低窪地帶，一下大雨就容易淹水。	Low-lying areas by the river flood easily in heavy rain.
1451	層次	這道菜的層次很豐富。	This dish has rich layers of flavor.
1452	層次	她的文章層次分明，從頭到尾都讀得很順暢。	Her essay is well structured and reads smoothly from start to finish.
1453	折磨	失眠真的很折磨人。	Insomnia is really torturous.
1454	折磨	長期的頭痛折磨了他好幾年，讓他沒辦法專心工作。	Chronic headaches tormented him for years, making it hard for him to focus on work.
1455	服	她穿著一件白色的衣服。	She wears a white garment.
1456	服	他在軍中服役一年，退伍後變得更成熟了。	He served a year in the military and became more mature after discharge.
1457	清晰	照片很清晰。	The photo is very clear.
1458	清晰	這支手機的相機畫質很清晰，連遠處的招牌都看得清楚。	This phone's camera is so clear that even distant signs are readable.
1459	症狀	感冒的症狀是流鼻水。	A runny nose is a symptom of a cold.
1460	症狀	如果出現發燒、咳嗽等症狀，請盡快就醫並戴上口罩。	If symptoms like fever or cough appear, seek medical care promptly and wear a mask.
1461	終身	他終身未婚。	He never married all his life.
1462	終身	她把一生都獻給教育，是個終身學習的人。	She devoted her life to education and is a lifelong learner.
1463	行政區	台北有十二個行政區。	Taipei has twelve administrative districts.
1464	行政區	各行政區的垃圾車收運時間不同，請依公告為準。	Garbage collection times differ across administrative districts, so please follow the notice.
1465	通用	這張卡全台通用。	This card is accepted nationwide.
1466	通用	悠遊卡可以在捷運、公車甚至超商通用，非常方便。	The EasyCard works on the MRT, buses and even convenience stores, which is very convenient.
1467	頻率	他來的頻率很高。	He visits very frequently.
1468	頻率	收音機要調到正確的頻率，才能收到清楚的節目。	The radio must be tuned to the right frequency to get a clear program.
1469	亮	天亮了。	Day has broken.
1470	亮	這盞燈太亮了，晚上開著根本睡不著。	This lamp is too bright, so I can't sleep with it on at night.
1471	前景	這個行業前景很好。	This industry has good prospects.
1472	前景	很多年輕人看好綠能產業的前景，紛紛投入這個領域。	Many young people are optimistic about green energy's prospects and are entering the field.
1473	在場	當時我在場。	I was there at the time.
1474	在場	在場的每一位來賓都起立鼓掌，歡迎新人入場。	Every guest present stood and applauded to welcome the couple.
1475	專項	這是專項經費。	This is a special-purpose fund.
1476	專項	政府編列專項預算，補助偏鄉學校改善教學設備。	The government earmarked a special budget to subsidize remote schools' teaching equipment.
1477	所有權	房子的所有權是誰的？	Who holds ownership of the house?
1478	所有權	買賣雙方簽約後，土地所有權才會轉移給新的主人。	Only after the buyer and seller sign does land ownership transfer to the new owner.
1479	昨日	昨日天氣晴朗。	Yesterday the weather was clear.
1480	昨日	昨日氣溫創下今年新低，不少民眾出門都穿上了厚外套。	Yesterday's temperature set a new low for the year, and many wore heavy coats.
1481	清單	我列了一張購物清單。	I made a shopping list.
1482	清單	出國前先列好行李清單，才不會漏帶重要的東西。	Make a packing list before going abroad so you don't forget important things.
1483	省級	中國大陸有三十多個省級行政區。	Mainland China has over thirty province-level administrative regions.
1484	老虎	老虎很兇猛。	Tigers are fierce.
1485	老虎	動物園裡的老虎正在睡覺，小朋友們隔著玻璃看得入迷。	The tiger in the zoo was sleeping, and the kids watched fascinated through the glass.
1486	謠言	這只是謠言。	It's just a rumor.
1487	謠言	網路上的謠言傳得很快，我們轉貼之前要先查證。	Rumors spread fast online, so we should verify before reposting.
1488	隔離	病人需要隔離。	Patients need to be isolated.
1489	隔離	確診者必須在家隔離七天，期間不能外出。	Confirmed cases must isolate at home for seven days without going out.
1490	不禁	她不禁笑了出來。	She couldn't help laughing.
1491	不禁	看到那張舊照片，他不禁想起了已經過世的奶奶。	Seeing that old photo, he couldn't help thinking of his late grandmother.
1492	全家	全家一起去旅行。	The whole family went on a trip.
1493	全家	過年的時候，全家人圍著圓桌吃團圓飯，非常溫馨。	At New Year, the whole family sat around the round table for the reunion dinner, so warm.
1494	厚	這本書很厚。	This book is thick.
1495	厚	天氣變冷了，我把厚外套和圍巾都從衣櫃裡拿了出來。	The weather turned cold, so I took thick coats and scarves out of the closet.
1496	報酬	這份工作的報酬不錯。	This job pays well.
1497	報酬	志工不求報酬，只希望能幫助需要的人。	Volunteers don't seek compensation, just hoping to help those in need.
1498	寶貴	時間很寶貴。	Time is precious.
1499	寶貴	謝謝你給我這麼多寶貴的建議，我會好好考慮。	Thank you for so much valuable advice. I'll consider it carefully.
1500	怪物	故事裡有一隻怪物。	There's a monster in the story.
1501	怪物	小朋友說床底下有怪物，爸爸只好打開燈給他看。	The child said there was a monster under the bed, so Dad had to turn on the light to show him.
1502	撤	警察要求民眾撤離。	Police ordered people to evacuate.
1503	撤	活動結束後，工作人員開始撤掉舞台上的設備。	After the event, staff started removing equipment from the stage.
1504	有罪	法官判他有罪。	The judge found him guilty.
1505	有罪	經過審理，法院認定被告有罪，判處有期徒刑三年。	After trial, the court found the defendant guilty and sentenced him to three years.
1506	注入	把水注入杯子。	Pour water into the cup.
1507	注入	新老闆為這家老店注入了新的活力，生意比以前好很多。	The new owner infused new energy into this old shop, and business is much better.
1508	猜測	這只是我的猜測。	This is just my guess.
1509	猜測	警方猜測，小偷可能是從後院的窗戶進入屋內的。	Police suspect the thief may have entered through the backyard window.
1510	競爭力	這家公司的競爭力很強。	This company's competitiveness is strong.
1511	競爭力	想提高競爭力，除了專業能力之外，語言能力也很重要。	To raise competitiveness, language skills matter in addition to expertise.
1512	荒謬	這個想法太荒謬了。	This idea is absurd.
1513	荒謬	他提出的理由荒謬到連小孩子都不相信。	The reason he gave was so absurd that even kids wouldn't believe it.
1514	貝	海邊有很多貝殼。	There are many shells at the beach.
1515	貝	餐廳的海鮮拼盤有蝦、蟹和貝類，新鮮又豐富。	The restaurant's seafood platter has shrimp, crab and shellfish, fresh and plentiful.
1516	醉	他喝醉了。	He's drunk.
1517	醉	爸爸在尾牙喝得酩酊大醉，需要同事扶他回家。	Dad got dead drunk at the year-end party and needed coworkers to help him home.
1518	電源	請關閉電源。	Please turn off the power.
1519	電源	手機充電時，要確認電源插頭有插緊，不然會充不進去。	When charging a phone, make sure the power plug is firmly in, or it won't charge.
1520	主教	主教在教堂主持彌撒。	The bishop leads mass at the church.
1521	主教	各地的主教聚集在一起，討論教會未來的發展方向。	Bishops from all regions gathered to discuss the church's future direction.
1522	公交車	大陸的城市有很多公交車。	Mainland cities have many public buses.
1523	公交車	她在大陸念書時，每天都搭公交車去學校。	When she studied in mainland China, she took the public bus to school every day.
1524	受損	房子受損嚴重。	The house was badly damaged.
1525	受損	地震造成不少道路受損，工程人員正在趕工修復。	The earthquake damaged many roads, and crews are rushing to repair them.
1526	多大	你今年多大了？	How old are you this year?
1527	多大	這間房間有多大？可以放得下一張雙人床嗎？	How big is this room? Can it fit a double bed?
1528	少量	請加少量鹽。	Please add a little salt.
1529	少量	這種藥只需要服用少量，過多反而對身體有害。	This medicine needs only a small dose, and too much is harmful.
1530	怒	他怒氣沖沖地走了。	He stormed off in a rage.
1531	怒	看到孩子被欺負，媽媽怒不可遏，直接衝去找老師。	Seeing her child bullied, the mother was furious and rushed to find the teacher.
1532	擔	我擔心他。	I worry about him.
1533	擔	你放心，這件事由我來擔，出了問題我負責。	Don't worry. I'll take this on and take responsibility if anything goes wrong.
1534	桌子	桌子上有一杯水。	There's a glass of water on the table.
1535	桌子	他把桌子擦乾淨，才開始擺碗筷，準備吃晚飯。	He wiped the table clean before setting out bowls and chopsticks for dinner.
1536	湊	大家湊錢買禮物。	Everyone chipped in to buy a gift.
1537	湊	夜市人多，大家都愛湊熱鬧，結果擠得連路都走不動。	The night market is crowded and everyone loves joining the fun, so crowded you can barely walk.
1538	白痴	醫學史上曾經使用過白痴這個詞，現在已經不再使用。	The term was once used in medical history and is no longer used.
1539	維基	我在維基上查資料。	I looked up info on a wiki.
1540	維基	維基百科是一個大家共同編輯的網路百科全書。	Wikipedia is an online encyclopedia edited collaboratively by everyone.
1541	衛視	這個節目在衛視播出。	This show airs on a satellite channel.
1542	衛視	電視台的衛視頻道，二十四小時都有新聞和娛樂節目。	The TV station's satellite channel has news and entertainment around the clock.
1543	辦事處	辦事處在三樓。	The office is on the third floor.
1544	辦事處	公司在海外設立辦事處，負責當地的客戶服務與聯絡。	The company set up an overseas office to handle local customer service and liaison.
1545	降臨	夜晚降臨了。	Night has fallen.
1546	降臨	聖誕節即將降臨，街上到處都是閃閃發亮的燈飾。	Christmas is about to arrive, and the streets are full of sparkling lights.
1547	一輪	第一輪比賽結束了。	The first round of the match is over.
1548	一輪	談判經過一輪又一輪的協商，終於在深夜達成共識。	After round after round of talks, the negotiation reached consensus late at night.
1549	人造	這是人造皮革。	This is artificial leather.
1550	人造	人造衛星繞著地球轉，幫助我們預測天氣和導航。	Artificial satellites orbit Earth and help us forecast weather and navigate.
1551	優異	他的成績很優異。	His grades are excellent.
1552	優異	她以優異的表現通過面試，被錄取為正式員工。	She passed the interview with an outstanding performance and was hired full-time.
1553	勢必	這樣做勢必會失敗。	Doing it this way will surely fail.
1554	勢必	颱風即將登陸，各地勢必會受到風雨的影響。	The typhoon is about to make landfall, and areas will surely be affected by wind and rain.
1555	呼	他深深地呼了一口氣。	He exhaled deeply.
1556	呼	天氣冷的時候，呼出來的氣會變成一團白煙。	When it's cold, your breath turns into a white puff.
1557	多重	這個問題有多重原因。	This problem has multiple causes.
1558	多重	他同時擁有多重身分，既是老師，也是作家和志工。	He holds multiple roles: teacher, author and volunteer.
1559	定律	牛頓發現了萬有引力定律。	Newton discovered the law of universal gravitation.
1560	定律	物理課學了許多定律，其中能量守恆定律最重要。	We learned many laws in physics, with conservation of energy the most important.
1561	廣義	廣義來說，這也算一種藝術。	In a broad sense, this counts as a kind of art.
1562	廣義	廣義的教育不只是學校教學，還包括家庭和社會的影響。	Education in a broad sense includes not only school teaching but also family and social influences.
1563	所長	人人各有所長。	Everyone has their own strengths.
1564	所長	用人要用其所長，把每個人放到最適合的位置上。	Employ people for their strengths and put each in the most suitable position.
1565	搜查	警察搜查了房子。	Police searched the house.
1566	搜查	警方持搜索令搜查嫌犯住處，找到了不少證據。	Police searched the suspect's residence with a warrant and found much evidence.
1567	普通人	他只是個普通人。	He's just an ordinary person.
1568	普通人	這不是只有專家才懂的事，普通人也可以很快就學會。	This isn't something only experts can grasp. Ordinary people can learn it quickly too.
1569	欺詐	他涉嫌欺詐。	He is suspected of fraud.
1570	欺詐	購買二手商品時要提高警覺，避免遇到欺詐行為。	Be alert when buying secondhand goods to avoid fraud.
1571	潛水	我學過潛水。	I've learned to dive.
1572	潛水	在墾丁潛水可以近距離看見五顏六色的熱帶魚和珊瑚。	Diving in Kenting lets you see colorful tropical fish and coral up close.
1573	疏散	大樓裡的人都疏散了。	Everyone in the building was evacuated.
1574	疏散	火警警報響起，管理員立刻引導住戶從安全梯疏散。	When the fire alarm sounded, the manager immediately guided residents out via the stairs.
1575	窗	請把窗打開。	Please open the window.
1576	窗	下雨天，我喜歡坐在窗邊看書，聽雨聲落在玻璃上。	On rainy days I like sitting by the window reading, listening to rain on the glass.
1577	美學	她在大學讀美學。	She studies aesthetics at university.
1578	美學	日本的庭園設計講求簡潔，表現出獨特的東方美學。	Japanese garden design values simplicity, expressing a distinct Eastern aesthetic.
1579	血管	血管裡流動著血液。	Blood flows through blood vessels.
1580	血管	吃太多油炸食物，血管容易堵塞，可能引發心臟病。	Too much fried food can clog blood vessels and may cause heart disease.
1581	買下	我想買下這間房子。	I want to buy this house.
1582	買下	她存了十年的錢，終於買下夢想中的小公寓。	After saving for ten years, she finally bought her dream little apartment.
1583	避	下雨了，我們先進去避雨。	It's raining, so let's go in to take shelter.
1584	避	為了避開上班的人潮，他每天都提早半小時出門。	To avoid the rush-hour crowd, he leaves half an hour earlier every day.
1585	預訂	我想預訂明天的座位。	I'd like to book a seat for tomorrow.
1586	預訂	連假的飯店很搶手，最好提前一個月預訂。	Hotels on long weekends are in demand, so book a month in advance.
1587	付現	我用現金付現。	I pay in cash.
1588	付現	這家小店不收信用卡，只能付現，所以記得帶足夠的錢。	This little shop doesn't take credit cards, only cash, so bring enough money.
1589	懶得	我懶得出門。	I can't be bothered to go out.
1590	懶得	週末下雨，我懶得做飯，乾脆叫外送，吃完就躺在沙發上。	It rained on the weekend, and I didn't feel like cooking, so I ordered delivery and lay on the sofa.
1591	瓶子	桌上有一個瓶子。	There's a bottle on the table.
1592	瓶子	喝完飲料的瓶子要沖洗一下，再拿去資源回收。	Rinse bottles after finishing the drink before taking them for recycling.
1593	還要	你還要吃嗎？	Do you want more?
1594	還要	買完菜之後，我還要去銀行辦事，所以大概晚點才回家。	After buying groceries, I still need to go to the bank, so I'll probably get home late.
1595	驗	醫生要幫我驗血。	The doctor will test my blood.
1596	驗	機場的安檢人員會驗你的護照，也會檢查隨身行李。	Airport security checks your passport and also carry-on luggage.
1597	年	今年夏天特別熱。	This summer is especially hot.
1598	年	我們公司每年年底都會辦一次尾牙。	Our company holds a year-end banquet every year.
1599	更	這個比那個更好。	This one is better than that one.
1600	更	下雨天路更滑,騎機車要更小心。	Roads are even slipperier in the rain, so be extra careful riding a scooter.
1601	隻	我家有一隻貓。	We have a cat at home.
1602	隻	院子裡跑來了兩隻小狗,孩子們開心極了。	Two puppies ran into the yard, and the kids were thrilled.
1603	只是	我只是隨便看看。	I'm just browsing.
1604	只是	他只是個孩子,你就別對他這麼嚴格了。	He's only a kid, so don't be so strict with him.
1605	孩子	孩子已經睡著了。	The child has already fallen asleep.
1606	孩子	週末我常帶孩子去公園玩,讓他們跑一跑。	On weekends I often take my kids to the park to run around.
1607	一次	我去過一次日本。	I've been to Japan once.
1608	一次	這家店每個月只開放一次預約,要搶喔。	This shop opens reservations only once a month, so be quick.
1609	發	他發了一則訊息。	He sent a message.
1610	發	公司這個月終於發薪水了,大家都很開心。	The company finally paid salaries this month, and everyone is happy.
1611	受到	他受到老師稱讚。	He was praised by the teacher.
1612	受到	這款新手機一推出,就受到年輕人的歡迎。	As soon as this new phone came out, it was popular with young people.
1613	真正	他是真正的朋友。	He's a true friend.
1614	真正	真正重要的事,往往不是花錢就能買到的。	What really matters often can't be bought with money.
1615	區域	這個區域禁止停車。	Parking is prohibited in this area.
1616	區域	明天北部區域會有短暫陣雨,中南部則是多雲到晴。	Tomorrow there will be brief showers in the north, and cloudy to sunny in the center and south.
1617	簡單	這道菜很簡單。	This dish is very simple.
1618	簡單	這個遊戲的規則很簡單,五分鐘就能學會。	The rules of this game are simple; you can learn them in five minutes.
1619	十分	這裡十分安靜。	It's very quiet here.
1620	十分	這家餐廳的服務十分周到,我們下次還會再來。	The service at this restaurant is very attentive; we'll come again.
1621	文章	這篇文章很有趣。	This article is very interesting.
1622	文章	我每天早上都會看一篇新聞文章,練習中文閱讀。	Every morning I read a news article to practice reading Chinese.
1623	考慮	讓我考慮一下。	Let me think it over.
1624	考慮	他正在考慮要不要換工作,搬到別的縣市去。	He's considering whether to change jobs and move to another city.
1625	事業	他的事業很成功。	His career is very successful.
1626	事業	她三十歲就辭掉工作,開始經營自己的事業。	She quit her job at thirty and started running her own business.
1627	婦女	公園旁有婦女服務中心。	There's a women's service center next to the park.
1628	婦女	政府推出新補助,幫助單親婦女重新回到職場。	The government introduced a new subsidy to help single mothers return to the workforce.
1629	程度	他的中文程度不錯。	His Chinese level is good.
1630	程度	台灣的交通便利程度在亞洲算是相當不錯的。	Taiwan's level of transport convenience is quite good by Asian standards.
1631	難道	難道你不知道嗎?	Don't tell me you didn't know?
1632	難道	你每天都熬夜,難道不覺得累嗎?	You stay up late every day; don't you feel tired?
1633	化	冰塊慢慢化了。	The ice slowly melted.
1634	化	現在很多公司都在推動數位化,連開會都改成線上了。	Many companies are pushing digitalization now; even meetings have moved online.
1635	從而	他多練習,從而進步了。	He practiced more and thereby improved.
1636	從而	新制度簡化了申請流程,從而讓民眾辦事更方便。	The new system simplified the application process, making things more convenient for the public.
1637	活	這條魚還活著。	This fish is still alive.
1638	活	他一個人要打好幾份工,才能養活全家人。	He has to work several jobs alone to support his whole family.
1639	規則	遊戲有一些規則。	The game has some rules.
1640	規則	你得先搞懂比賽的規則,才知道怎麼得分。	You have to understand the rules before you know how to score.
1641	首次	這是我首次出國。	This is my first time going abroad.
1642	首次	這位歌手今年首次在小巨蛋開演唱會,票一開賣就賣完。	This singer is holding a concert at the Taipei Arena for the first time, and tickets sold out right away.
1643	壞	這個蘋果壞了。	This apple has gone bad.
1644	壞	我的筆電突然壞掉,明天只好拿去維修。	My laptop suddenly broke, so I'll have to take it for repair tomorrow.
1645	成本	成本太高了。	The cost is too high.
1646	成本	原物料漲價,所以店家只好調高價格來補貼成本。	Raw materials got pricier, so the shop had to raise prices to cover costs.
1647	用於	這杯子只用於喝茶。	This cup is only used for drinking tea.
1648	用於	這種膠帶主要用於包裝紙箱,黏性很強。	This tape is mainly used for sealing cardboard boxes and is very sticky.
1649	量	護理師幫我量體溫。	The nurse took my temperature.
1650	量	裁縫師先替我量好尺寸,再開始裁剪布料。	The tailor measured my size first and then started cutting the fabric.
1651	具	請把工具放回原位。	Please put the tools back in place.
1652	具	這間民宿的家具和廚具都很齊全,住起來很方便。	This guesthouse has all the furniture and kitchenware, so it's very convenient to stay.
1653	天氣	今天天氣很好。	The weather is great today.
1654	天氣	天氣預報說週末會放晴,我們可以去海邊走走。	The forecast says it will clear up this weekend, so we can walk by the sea.
1655	掌握	我已經掌握重點了。	I've got the key points down.
1656	掌握	要掌握一門新語言,最重要的就是每天持續練習。	To master a new language, the most important thing is daily practice.
1657	物	請保管好貴重物品。	Please keep your valuables safe.
1658	物	這間店賣的都是手工製作的小物,很適合當伴手禮。	This shop sells handmade little items, perfect as souvenirs.
1659	至於	至於價錢,明天再談。	As for the price, let's discuss it tomorrow.
1660	至於	我只負責設計,至於要怎麼印刷,就交給印刷廠決定。	I only handle the design; as for how to print it, the print shop decides.
1661	鄉村	我喜歡鄉村生活。	I like country life.
1662	鄉村	週末我們開車到鄉村,在小溪旁野餐了一整個下午。	On the weekend we drove to the countryside and picnicked by a stream all afternoon.
1663	傷	他手受傷了。	His hand got hurt.
1664	傷	昨天打籃球時,我不小心傷到了腳踝。	I accidentally hurt my ankle playing basketball yesterday.
1665	夫人	夫人請坐。	Madam, please have a seat.
1666	夫人	王先生今天帶著夫人出席學校的畢業典禮。	Mr. Wang attended the school graduation ceremony with his wife today.
1667	托	他用手托著下巴。	He rests his chin on his hand.
1668	托	這件行李太大,我們只好托運,不能帶上飛機。	This bag is too big, so we have to check it in instead of carrying it on.
1669	炸彈	警方拆除了炸彈。	The police defused the bomb.
1670	炸彈	電影裡的主角必須在倒數十秒內剪斷線,拆除炸彈。	In the movie, the hero must cut the wire within a ten-second countdown to defuse the bomb.
1671	興奮	我好興奮喔!	I'm so excited!
1672	興奮	明天就要去露營了,孩子們興奮得一整晚都睡不著。	Camping starts tomorrow, and the kids were too excited to sleep all night.
1673	重建	他們在重建房子。	They're rebuilding the house.
1674	重建	地震後,居民和志工一起努力重建被震垮的社區。	After the earthquake, residents and volunteers worked together to rebuild the collapsed neighborhood.
1675	依法	我們依法繳稅。	We pay taxes according to law.
1676	依法	店家若違反規定,政府將依法處罰,最高可罰十萬元。	If shops break the rules, the government will penalize them by law, up to 100,000 dollars.
1677	取代	機器取代了人力。	Machines replaced manpower.
1678	取代	很多人擔心人工智慧會取代自己的工作。	Many people worry that AI will replace their jobs.
1679	失蹤	小狗失蹤了。	The puppy is missing.
1680	失蹤	警方正在尋找一名失蹤三天的登山客。	Police are searching for a hiker who has been missing for three days.
1681	性別	請填寫性別。	Please fill in your gender.
1682	性別	找工作時,不應該因為性別而受到不公平的對待。	No one should be treated unfairly because of gender when job hunting.
1683	日前	他日前已經離職。	He resigned a few days ago.
1684	日前	日前有民眾在網路上分享了一段貓咪過馬路的影片。	The other day someone shared a video online of a cat crossing the road.
1685	獎勵	老師給了我獎勵。	The teacher gave me a reward.
1686	獎勵	為了獎勵大家這個月的努力,老闆請全公司吃大餐。	To reward everyone's effort this month, the boss treated the whole company to a big meal.
1687	聊天	我們在聊天。	We're chatting.
1688	聊天	吃完晚飯後,我喜歡跟朋友在線上聊天,放鬆一下。	After dinner, I like to chat online with friends to relax.
1689	趕緊	趕緊跑吧!	Hurry and run!
1690	趕緊	要下雨了,大家趕緊把衣服收進來。	It's about to rain; quickly bring the laundry inside, everyone.
1691	難過	我心裡很難過。	I feel very sad.
1692	難過	聽到寵物過世的消息,她難過得一整天吃不下飯。	Hearing her pet had passed away, she was too sad to eat all day.
1693	傳媒	傳媒報導了這件事。	The media reported this.
1694	傳媒	這次事件經過傳媒大篇幅報導,引起社會熱烈討論。	The incident got extensive media coverage and sparked heated public discussion.
1695	品	這家店賣的食品品質很好。	The food sold in this shop is of very good quality.
1696	品	請把貴重物品放在置物櫃,不要留在座位上。	Please put valuables in the locker rather than leave them at your seat.
1697	差別	這兩個有什麼差別?	What's the difference between these two?
1698	差別	這兩支手機的差別只有顏色,功能完全一樣。	The only difference between these two phones is color; the functions are identical.
1699	故意	他是故意的。	He did it on purpose.
1700	故意	對不起,我不是故意踩到你的腳的。	Sorry, I didn't step on your foot on purpose.
1701	游泳	我喜歡游泳。	I like swimming.
1702	游泳	夏天的時候,我常和朋友一起去游泳池游泳。	In summer I often go swimming at the pool with friends.
1703	秀	她的字寫得很秀氣。	Her handwriting is delicate and neat.
1704	秀	他在朋友面前秀了一手好廚藝,大家都鼓掌叫好。	He showed off his cooking skills in front of friends, and everyone cheered.
1705	行政區劃	台灣的行政區劃分為縣市。	Taiwan's administrative divisions are counties and cities.
1706	行政區劃	政府正在討論是否要調整行政區劃,把兩個鄉鎮合併成一個。	The government is discussing whether to adjust administrative divisions and merge two townships.
1707	選出	我們選出了班長。	We elected a class president.
1708	選出	全校同學投票選出了最受歡迎的老師。	The whole school voted to pick the most popular teacher.
1709	不願	他不願面對現實。	He's unwilling to face reality.
1710	不願	媽媽身體不舒服,卻不願去看醫生。	Mom isn't feeling well but is unwilling to see a doctor.
1711	功夫	這道菜很費功夫。	This dish takes a lot of effort.
1712	功夫	要把中文說好,得花不少功夫。	To speak good Chinese, you have to put in quite some effort.
1713	場合	這個場合要穿西裝。	You need a suit for this occasion.
1714	場合	在正式場合,請盡量不要穿拖鞋。	On formal occasions, please avoid wearing slippers.
1715	屬性	每個角色都有不同的屬性。	Every character has different attributes.
1716	屬性	在這個遊戲裡,每個角色都有不同的屬性,例如速度和力量。	In this game, each character has different attributes, such as speed and strength.
1717	披露	公司披露了財報。	The company disclosed its financial report.
1718	披露	這位明星在節目上披露了自己小時候的辛苦經歷。	The star revealed on the show the hardships of her childhood.
1719	服務器	這台服務器昨晚突然當機了。	This server suddenly crashed last night.
1720	清潔	房間要保持清潔。	Keep the room clean.
1721	清潔	每天早上,清潔人員都會把街道打掃得乾乾淨淨。	Every morning, the cleaning staff sweep the streets spotless.
1722	異	兩種做法大同小異。	The two methods are much the same.
1723	異	機器突然出現異常聲音,工人趕緊把電源關掉。	The machine made an unusual sound, so the workers quickly cut the power.
1724	約定	我們有約定。	We have an agreement.
1725	約定	我們約定好每個星期天晚上打電話給阿嬤,陪她聊天。	We agreed to call grandma every Sunday evening to chat with her.
1726	蘭	陽台上有一盆蘭花。	There's a pot of orchids on the balcony.
1727	蘭	蘭花需要通風的環境,澆水太多反而會爛根。	Orchids need ventilation, and too much watering will rot the roots.
1728	辯論	我們在辯論。	We're debating.
1729	辯論	辯論比賽中,雙方同學都提出了很有說服力的論點。	In the debate competition, both sides raised very persuasive points.
1730	音	你的發音很標準。	Your pronunciation is very standard.
1731	音	這個字的音和另一個字很像,所以很容易寫錯。	This character sounds like another one, so it's easy to write wrongly.
1732	乘	乘客請依序上車。	Passengers, please board in order.
1733	乘	他乘著暑假,一個人去環島旅行。	He took advantage of summer break to travel around the island alone.
1734	分成	把蛋糕分成四塊。	Cut the cake into four pieces.
1735	分成	他把今年的獎金分成三份,一份存起來,一份孝敬爸媽。	He split this year's bonus in three, saving one part and giving one to his parents.
1736	國旗	國旗在飄揚。	The national flag is fluttering.
1737	國旗	運動會開幕時,選手們揮著國旗進場。	At the sports meet's opening, athletes entered waving the national flag.
1738	審理	法官正在審理這個案子。	The judge is hearing this case.
1739	審理	這起官司已經審理了兩年,雙方還是沒有達成共識。	This lawsuit has been tried for two years and the two sides still haven't reached agreement.
1740	愛好	我的愛好是爬山。	My hobby is hiking.
1741	愛好	他有很多愛好,像是攝影、烹飪,還有收集老唱片。	He has many hobbies, like photography, cooking and collecting old records.
1742	新建	這是新建的大樓。	This is a newly built building.
1743	新建	附近新建了一座運動公園,有跑道和籃球場。	A new sports park was built nearby with a running track and basketball courts.
1744	海關	我們要過海關。	We have to go through customs.
1745	海關	入境時,海關人員會檢查你有沒有帶違禁品。	On entry, customs officers check whether you carry prohibited items.
1746	盈利	公司開始盈利了。	The company has started making a profit.
1747	盈利	這家小店開了兩年,終於開始有盈利。	This little shop opened two years ago and is finally turning a profit.
1748	缺	我們球隊缺一個守門員。	Our team lacks a goalkeeper.
1749	缺	這個月錢不夠,我一直缺錢,只好跟朋友借。	I've been short of money this month and had to borrow from a friend.
1750	試點	這項政策先在北部試點。	This policy is piloted in the north first.
1751	試點	市政府先在兩個行政區試點新的垃圾處理方式,效果不錯再推廣。	The city piloted a new waste-handling method in two districts and will expand if it works.
1752	開頭	這個故事的開頭很吸引人。	The beginning of this story is gripping.
1753	開頭	作文的開頭要先吸引讀者,所以我花了很多時間想第一句話。	An essay's opening must hook the reader, so I spent a long time on the first sentence.
1754	丑	馬戲團的小丑好好笑。	The circus clown is so funny.
1755	丑	古人把凌晨一點到三點稱為丑時。	The ancients called one to three a.m. the hour of Chou.
1756	充	我的手機該充電了。	My phone needs charging.
1757	充	他把一整個週末都用來充實自己,學了新的軟體。	He spent the whole weekend improving himself and learned new software.
1758	午餐	午餐吃什麼?	What's for lunch?
1759	午餐	我們公司的午餐通常是訂便當,今天吃的是排骨飯。	Our company usually orders boxed lunches, and today it's pork chop rice.
1760	園區	這個園區很大。	This park zone is very big.
1761	園區	科學園區裡有很多科技公司,上下班時間車子特別多。	The science park has many tech companies, with lots of cars at commuting times.
1762	將近	現在將近十二點了。	It's almost twelve now.
1763	將近	我等了將近兩個小時,公車才終於來了。	I waited nearly two hours before the bus finally came.
1764	患	他患了重感冒。	He caught a bad cold.
1765	患	他從小就患有氣喘,所以不能做太激烈的運動。	He's had asthma since childhood, so he can't do vigorous exercise.
1766	撤退	部隊開始撤退。	The troops began to retreat.
1767	撤退	洪水來得太快,居民只好緊急撤退到高處。	The flood came too fast, so residents had to evacuate to higher ground.
1768	東風	春天的東風很溫暖。	The spring east wind is warm.
1769	東風	俗話說「萬事俱備,只欠東風」,現在就差最後一步了。	As the saying goes, "all is ready but the east wind"; only the last step is missing.
1770	海底	海底有很多魚。	There are many fish on the seabed.
1771	海底	潛水員潛到海底,看到了一艘很久以前沉沒的船。	The diver went to the seabed and saw a ship that sank long ago.
1772	環球	他想環球旅行。	He wants to travel around the world.
1773	環球	他計畫辭掉工作,存一筆錢,然後開始環球旅行。	He plans to quit his job, save up, and then start traveling around the world.
1774	絲毫	他絲毫不在意。	He doesn't care in the slightest.
1775	絲毫	我絲毫沒有懷疑,因為他看起來太誠懇了。	I didn't doubt at all, because he seemed so sincere.
1776	行李	我的行李很重。	My luggage is heavy.
1777	行李	到了機場才發現行李超重,只好多付一些錢。	At the airport I found my luggage overweight and had to pay extra.
1778	超出	費用超出預算。	The cost exceeds the budget.
1779	超出	這次旅行的花費超出了我的預期,回來後只好省吃儉用。	The trip cost more than I expected, so I had to scrimp afterward.
1780	長度	這條繩子的長度不夠。	This rope isn't long enough.
1781	長度	這條裙子的長度剛好到膝蓋,穿起來很舒服。	This skirt reaches just to the knee and is comfortable to wear.
1782	高端	這是高端手機。	This is a high-end phone.
1783	高端	這家店專門賣高端咖啡豆,價格雖然貴,但是香氣很特別。	This shop specializes in high-end coffee beans; they're pricey but have a special aroma.
1784	來訪	歡迎來訪。	Welcome, thanks for visiting.
1785	來訪	外國的客人下週要來訪,我們得先把會議室準備好。	Foreign guests will visit next week, so we must get the meeting room ready.
1786	判刑	他被判刑了。	He was sentenced.
1787	判刑	法官依法判刑,被告被判有期徒刑三年。	The judge sentenced by law, giving the defendant three years in prison.
1788	唯有	唯有努力才能成功。	Only hard work leads to success.
1789	唯有	唯有親自去一趟,才能知道那裡到底有多美。	Only by going there yourself can you know how beautiful it is.
1790	妻	他和妻小住在台中。	He lives in Taichung with his wife and kids.
1791	妻	他每天下班都先回家陪妻子和孩子吃飯。	He goes straight home after work to eat with his wife and children.
1792	平凡	他是個平凡的人。	He is an ordinary person.
1793	平凡	平凡的日子有時候最幸福,每天和家人一起吃飯就足夠了。	Ordinary days can be the happiest; eating with family every day is enough.
1794	打扮	她打扮得很漂亮。	She is dressed up beautifully.
1795	打扮	週末要跟朋友出去玩,我花了一個小時打扮。	I'm going out with friends this weekend, so I spent an hour getting ready.
1796	早點	她在樓下買了早點。	She bought breakfast downstairs.
1797	早點	巷口的早點攤賣的蛋餅和豆漿,是我上班前的最愛。	The breakfast stall at the alley's end sells egg crepes and soy milk, my pre-work favorite.
1798	比率	失業比率下降了。	The unemployment rate dropped.
1799	比率	近年來少子化,出生嬰兒的比率每年都在下降。	With the falling birth rate, the proportion of newborns declines every year.
1800	熱鬧	這裡好熱鬧。	It's so lively here.
1801	熱鬧	過年的時候,全家人聚在一起,屋子裡熱鬧極了。	At New Year, the whole family gathers and the house is bustling.
1802	禦	我們要加強防禦。	We need to strengthen defense.
1803	禦	冬天來臨前,要準備好足夠的衣物來禦寒。	Before winter comes, prepare enough clothing to keep out the cold.
1804	膽	他膽子很小。	He is very timid.
1805	膽	不敢看鬼片的人,通常膽子都比較小。	People who dare not watch ghost movies are usually more timid.
1806	語法	這個語法很難。	This grammar is hard.
1807	語法	學外語時,語法和單字一樣重要,所以我每天都練習造句。	In learning a language, grammar matters as much as vocabulary, so I practice making sentences daily.
1808	遺跡	這是古代的遺跡。	This is an ancient relic.
1809	遺跡	考古學家在山坡上發現了一處幾千年前的人類遺跡。	Archaeologists found a human site thousands of years old on the hillside.
1810	面具	他戴著面具。	He is wearing a mask.
1811	面具	萬聖節的時候,孩子們戴著各種奇怪的面具去討糖果。	At Halloween, kids wear all kinds of weird masks to get candy.
1812	不合	這雙鞋不合我的腳。	These shoes don't fit my feet.
1813	不合	這份合約有些條款不合法規,必須重新修改。	Some clauses in this contract don't comply with regulations and must be revised.
1814	侵蝕	海水侵蝕了海岸。	Seawater eroded the coast.
1815	侵蝕	長年的海風侵蝕,讓這座古老的石像表面變得斑駁。	Years of sea wind erosion left this ancient stone statue mottled.
1816	其後	他其後再也沒出現過。	He never showed up again afterward.
1817	其後	他們先是大吵一架,其後便再也沒有聯絡。	They first had a big fight and afterward stopped contacting each other.
1818	反感	我對他很反感。	I really dislike him.
1819	反感	他總是插話,這種習慣讓同事越來越反感。	He always interrupts, and this habit annoys coworkers more and more.
1820	國立	這是一所國立大學。	This is a national university.
1821	國立	他考上了國立大學,學費比私立學校便宜很多。	He got into a public university, whose tuition is much cheaper than private schools.
1822	套路	這招是他的套路。	This trick is his routine.
1823	套路	這種詐騙套路很常見,遇到陌生人要求匯款一定要小心。	This scam routine is common, so be careful when strangers ask for money transfers.
1824	小人	別跟小人計較。	Don't bother with petty people.
1825	小人	他在背後亂說話,真是個小人。	He badmouths people behind their backs; what a petty man.
1826	心思	我沒有心思看電視。	I'm not in the mood to watch TV.
1827	心思	她的心思細膩,總是能察覺到朋友的小小變化。	She is perceptive and always notices small changes in her friends.
1828	拔	他把草拔掉了。	He pulled out the weeds.
1829	拔	牙醫幫我拔了一顆智齒,現在臉還是腫腫的。	The dentist pulled a wisdom tooth, and my face is still swollen.
1830	改制	學校要改制了。	The school is being restructured.
1831	改制	這所專科學校去年改制為科技大學,學生人數也增加了。	This junior college was restructured into a university of technology last year, and enrollment grew.
1832	果實	樹上結了果實。	The tree bore fruit.
1833	果實	這些年來的努力終於有了成果,大家一起享受勝利的果實。	Years of effort finally paid off, and everyone shares the fruits of victory.
1834	氾濫	河水氾濫了。	The river overflowed.
1835	氾濫	連日大雨使河水氾濫,低窪地區的住家都淹了水。	Days of heavy rain made the river flood, and homes in low areas were inundated.
1836	熊貓	我喜歡熊貓。	I like pandas.
1837	熊貓	動物園的熊貓正抱著竹子吃,小朋友都圍著看。	The zoo's panda is eating bamboo, and kids gather round to watch.
1838	盜版	不要買盜版光碟。	Don't buy pirated discs.
1839	盜版	買盜版書籍等於侵犯作者的權益,所以我只支持正版。	Buying pirated books violates the author's rights, so I only support genuine copies.
1840	籌	我們正在籌備活動。	We are preparing the event.
1841	籌	為了買房子,他到處向親友籌錢。	To buy a house, he's raising money from relatives and friends.
1842	聲譽	他的聲譽很好。	He has a good reputation.
1843	聲譽	這家餐廳憑著好品質累積了很高的聲譽。	This restaurant built a great reputation with its good quality.
1844	視線	我的視線被擋住了。	My view is blocked.
1845	視線	前面的人站起來,擋住了我的視線,我只好換個位子。	The person in front stood up and blocked my view, so I changed seats.
1846	路過	我路過那家店。	I passed by that shop.
1847	路過	昨天路過公園,看到很多人在跳舞,我也停下來看了一下。	Yesterday I passed the park and saw many dancing, so I stopped to watch.
1848	門外	門外有人。	Someone is outside the door.
1849	門外	我聽到門外有腳步聲,打開門卻沒看到任何人。	I heard footsteps outside the door but saw nobody when I opened it.
1850	食堂	學校食堂很大。	The school cafeteria is big.
1851	食堂	公司的食堂中午提供三種套餐,菜色每天都不一樣。	The company canteen offers three set meals at noon, with different dishes each day.
1852	像是	她像是有心事。	She seems to have something on her mind.
1853	像是	他的語氣聽起來像是在生氣,但其實只是太累了。	He sounded like he was angry, but he was just too tired.
1854	招式	他學了幾個招式。	He learned a few moves.
1855	招式	武術老師把每一個招式都慢慢示範,讓大家看清楚動作。	The martial arts teacher demonstrated each move slowly so everyone could see.
1856	簡體字	簡體字的筆畫比較少。	Simplified characters have fewer strokes.
1857	簡體字	我在台灣長大,所以對簡體字不太熟悉,看大陸的網站會比較吃力。	I grew up in Taiwan, so I'm unfamiliar with simplified characters and find mainland websites harder.
1858	開車載	我爸每天開車載我去上學。	My dad drives me to school every day.
1859	開車載	週末我會開車載爸媽去山上的餐廳吃飯,順便欣賞風景。	On weekends I drive my parents to a restaurant in the mountains, enjoying the scenery too.
1860	真的假的	真的假的?你再說一次!	Really? Say that again!
1861	真的假的	他說他中樂透了,我說:「真的假的?」	He said he won the lottery, and I said, "Seriously?"
1862	可以	這裡可以拍照嗎？	Can I take photos here?
1863	可以	你的中文說得不錯，已經可以跟客人聊天了。	Your Chinese is pretty good; you can already chat with customers.
1864	牠	牠是我家的狗。	That's my family's dog.
1865	牠	我家的貓很怕生，有客人來的時候，牠都躲在沙發後面。	My cat is shy, and hides behind the sofa whenever guests come.
1866	所以	天氣太熱，所以我開冷氣。	It's too hot, so I turned on the AC.
1867	所以	我昨天熬夜追劇，所以今天一直打哈欠。	I stayed up bingeing a show last night, so I've been yawning all day.
1868	要求	老師要求我們準時。	The teacher requires us to be on time.
1869	要求	客人要求換一張桌子，因為冷氣直接吹到他。	The customer asked to change tables because the AC blew right on him.
1870	死	這盆花死了。	This plant died.
1871	死	我昨天加班到快累死了，一回家就倒在床上。	I worked overtime yesterday and was nearly dead tired; I collapsed onto my bed as soon as I got home.
1872	女	他們家生了一男一女。	They had one boy and one girl.
1873	女	這次比賽分男女兩組，各取前三名。	The contest has men's and women's groups, with the top three in each winning.
1874	間	這棟房子有四間房。	This house has four rooms.
1875	間	客廳和廚房之間有一道玻璃門，看起來很明亮。	There's a glass door between the living room and the kitchen, which looks bright.
1876	工業	這個城市以工業聞名。	This city is known for its industry.
1877	工業	高雄的工業區附近，空氣品質一直是大家關心的問題。	Air quality near Kaohsiung's industrial zones has always been a public concern.
1878	軍	他爸爸是軍人。	His dad is a soldier.
1879	軍	我哥哥在軍中服役，每個月只能放兩天假。	My brother is serving in the military and gets only two days off each month.
1880	怎麼樣	你的面試怎麼樣？	How was your interview?
1881	怎麼樣	這家餐廳怎麼樣？聽說要排很久耶。	How's this restaurant? I heard you have to wait ages.
1882	部門	他在行銷部門工作。	He works in the marketing department.
1883	部門	各部門的報告請在週五中午以前交給秘書。	Reports from every department should be submitted to the secretary by Friday noon.
1884	完	我寫完了。	I'm done writing.
1885	完	報告還沒寫完，今晚大概又要加班了。	The report isn't finished yet, so I'll probably work overtime again tonight.
1886	然而	他很努力，然而成績沒有進步。	He worked hard; however, his grades didn't improve.
1887	然而	市區的房價不斷上漲，然而薪水卻幾乎沒有變。	Housing prices in the city keep rising, yet salaries have barely changed.
1888	軍隊	軍隊在災區幫忙清理。	The troops are helping with cleanup in the disaster area.
1889	軍隊	颱風過後，軍隊協助居民清理淹水的街道。	After the typhoon, the military helped residents clean up the flooded streets.
1890	几	窗邊的小几上放著一盆蘭花。	There's an orchid on the small table by the window.
1891	教	我來教你。	Let me teach you.
1892	教	我姊在國中教數學，學生都很喜歡她。	My sister teaches math at a junior high, and her students all like her.
1893	評論	請留下你的評論。	Please leave your comment.
1894	評論	這部電影的網路評論兩極，有人愛有人不愛。	The online reviews of this movie are polarized; some love it, some don't.
1895	亞	我們隊拿到亞軍。	Our team took second place.
1896	亞	他在亞運會上拿下一面銀牌，全家都很驕傲。	He won a silver medal at the Asian Games, and his whole family is proud.
1897	地位	她在公司地位很高。	She holds a high position at the company.
1898	地位	社會地位和賺多少錢，不一定能決定一個人快不快樂。	Social status and how much you earn don't necessarily decide whether someone is happy.
1899	擴大	店面打算擴大營業。	The shop plans to expand its business.
1900	擴大	政府決定擴大補助範圍，讓更多家庭可以申請。	The government decided to broaden the subsidy scope so more families can apply.
1901	盡	我已經盡力了。	I've done my best.
1902	盡	這次旅行吃遍夜市小吃，大家都玩得很盡興。	On this trip we ate our way through the night market snacks, and everyone had a great time.
1903	身份	他的身份是學生。	His status is student.
1904	身份	辦理手續時，請出示可以證明身份的證件。	When doing the paperwork, please show a document that proves your identity.
1905	修改	請修改這份報告。	Please revise this report.
1906	修改	老闆要我把簡報的標題再修改一次。	The boss wants me to revise the slide title once more.
1907	小姐	小姐，請問廁所在哪裡？	Excuse me, miss, where is the restroom?
1908	小姐	那位小姐說她可以幫我們拍合照。	That young woman said she could take a group photo for us.
1909	教學	她在國小教學。	She teaches at an elementary school.
1910	教學	這位老師的教學方式很生動，學生都很愛上他的課。	This teacher's way of teaching is lively, and students love his classes.
1911	符合	這符合規定。	This meets the regulations.
1912	符合	他的條件符合我們的需求，所以公司決定錄取他。	His qualifications match our needs, so the company decided to hire him.
1913	騙	他騙了我。	He lied to me.
1914	騙	接到陌生電話說你中獎，千萬別被騙了。	If a stranger calls to say you've won a prize, don't get scammed.
1915	即將	火車即將進站。	The train is about to arrive at the station.
1916	即將	展覽即將結束，想看的人要趕快去。	The exhibition ends soon, so those who want to see it should hurry.
1917	小孩	這個小孩很乖。	This child is very well-behaved.
1918	小孩	我家附近有很多小孩在公園玩。	There are lots of kids playing in the park near my home.
1919	日報	爸爸每天看日報。	Dad reads the daily paper every day.
1920	日報	這份日報創刊已經超過七十年，在地方上很有影響力。	This daily newspaper has been published for over seventy years and is influential locally.
1921	票	我買了兩張票。	I bought two tickets.
1922	票	演唱會的票一開賣就被搶光了，我根本買不到。	The concert tickets sold out the moment they went on sale, and I couldn't get any.
1923	詳細	請說得詳細一點。	Please explain in more detail.
1924	詳細	詳細的行程我會再用電子郵件寄給大家。	I'll email everyone the detailed itinerary later.
1925	龍	龍是傳說中的動物。	The dragon is a legendary creature.
1926	龍	端午節的龍舟比賽上，每艘船都畫著一條龍。	At the Dragon Boat Festival race, every boat is decorated with a dragon.
1927	印象	我對他印象很好。	I have a good impression of him.
1928	印象	這間咖啡店給我的印象很深，尤其是店裡的木頭桌椅。	This café left a deep impression on me, especially its wooden tables and chairs.
1929	巴	我巴不得今天放假。	I'm dying for today to be a day off.
1930	巴	他巴不得趕快下班，好去看今晚的球賽。	He can't wait to get off work and watch tonight's game.
1931	本質	問題的本質不在價錢。	The heart of the problem isn't the price.
1932	本質	看事情要看本質，不要只被表面的樣子騙了。	Look at the essence of things; don't be fooled by appearances.
1933	相反	結果剛好相反。	The result was exactly the opposite.
1934	相反	我以為他會生氣，相反地，他笑得很開心。	I thought he'd be angry, but on the contrary, he laughed happily.
1935	詩	我喜歡讀詩。	I like reading poetry.
1936	詩	這首詩很短，可是每次讀都有不一樣的感覺。	This poem is short, but I feel something different each time I read it.
1937	高速	高速公路上很塞。	The expressway is jammed.
1938	高速	在高速公路上開車，一定要保持安全距離。	When driving on the expressway, always keep a safe distance.
1939	內閣	內閣今天開會。	The cabinet meets today.
1940	內閣	新內閣成員下週將宣誓就職。	The new cabinet members will be sworn in next week.
1941	呈	天空呈橘紅色。	The sky is orange-red.
1942	呈	這塊地的地形呈三角形，看起來像一片葉子。	This plot of land is triangular, looking like a leaf.
1943	專題	我在做一個專題。	I'm working on a project.
1944	專題	這期雜誌的專題是介紹台灣的老街。	This issue's feature is about Taiwan's old streets.
1945	戲	今晚要看戲。	We're going to a play tonight.
1946	戲	這齣戲演了三個小時，但大家都看得很入迷。	This play ran three hours, but everyone was absorbed.
1947	檢驗	食品需要檢驗。	Food needs to be inspected.
1948	檢驗	市場上的水果都要經過農藥檢驗，才可以販賣。	Fruit at the market must pass a pesticide test before it can be sold.
1949	研究所	他在讀研究所。	He's in graduate school.
1950	研究所	我大學畢業後想考研究所，繼續念資訊工程。	After college I want to take the grad school exam and continue in information engineering.
1951	藍色	我喜歡藍色。	I like blue.
1952	藍色	他的新書包是藍色的，上面有一隻小熊。	His new backpack is blue with a little bear on it.
1953	遺址	這是古代遺址。	This is an ancient site.
1954	遺址	考古學家在這片遺址發現了很多陶器。	Archaeologists found lots of pottery at this site.
1955	中部	我住在台灣中部。	I live in central Taiwan.
1956	中部	中部的天氣比較乾燥，冬天常常出太陽。	The weather in central Taiwan is drier, with plenty of sun in winter.
1957	助理	她是我的助理。	She is my assistant.
1958	助理	老闆的助理會先幫他整理好今天的行程。	The boss's assistant arranges his schedule for the day first.
1959	女王	女王站在陽台揮手。	The queen waves from the balcony.
1960	女王	童話裡的女王住在一座冰雪城堡。	The queen in the fairy tale lives in a castle of ice and snow.
1961	手裡	錢在他手裡。	The money is in his hands.
1962	手裡	她手裡拿著一杯珍珠奶茶，邊走邊喝。	She held a bubble tea in her hand, sipping as she walked.
1963	正好	我正好有空。	I happen to be free.
1964	正好	我走到車站時，公車正好來了。	The bus arrived just as I reached the stop.
1965	發言人	他是公司的發言人。	He is the company's spokesperson.
1966	發言人	公司發言人今天上午召開記者會，說明事件經過。	The company spokesperson held a press conference this morning to explain what happened.
1967	考察	他去日本考察。	He's on a study trip to Japan.
1968	考察	市長前往國外考察，學習當地的交通管理經驗。	The mayor went abroad on a study visit to learn about local traffic management.
1969	跟著	跟著我走。	Follow me.
1970	跟著	他跟著媽媽去市場買菜，一路上都很開心。	He went grocery shopping at the market with his mom and was happy all the way.
1971	高速公路	高速公路假日常塞車。	The freeway often jams on holidays.
1972	高速公路	從台北到高雄走高速公路，大約要四個小時。	Driving from Taipei to Kaohsiung on the freeway takes about four hours.
1973	優	成績單上的國文是優。	Chinese on the report card is an excellent.
1974	優	成績單上寫著數學拿優，老師還加了一句鼓勵的話。	The report card gives an excellent in math, and the teacher added an encouraging remark.
1975	告	老師告訴我們明天要考試。	The teacher told us there's an exam tomorrow.
1976	告	他被人騙了錢，決定向法院提告。	He was scammed out of money and decided to sue in court.
1977	孤獨	他覺得很孤獨。	He feels very lonely.
1978	孤獨	一個人在國外念書，有時候真的會覺得孤獨。	Studying abroad alone, you can really feel lonely at times.
1979	從前	從前有個小村莊。	Once upon a time there was a little village.
1980	從前	從前這裡是一片農田，現在蓋滿了住宅大樓。	This used to be farmland, and now it is full of apartment buildings.
1981	整	我整天都在家。	I was at home all day.
1982	整	他一口氣吃了整個西瓜，肚子都圓了。	He ate a whole watermelon in one go, and his belly got round.
1983	每月	每月一號發薪水。	Salaries are paid on the first of each month.
1984	每月	我每月都存兩千塊，當作旅遊基金。	I save two thousand every month as a travel fund.
1985	燈	請關燈。	Please turn off the light.
1986	燈	晚上路燈一亮，整條巷子就變得很安靜。	When the street lamps come on at night, the whole lane gets quiet.
1987	破產	公司破產了。	The company went bankrupt.
1988	破產	疫情讓不少小店撐不下去，最後只好宣布破產。	The pandemic left many small shops unable to hang on, and they had to declare bankruptcy.
1989	聚會	週末有朋友聚會。	There's a get-together with friends this weekend.
1990	聚會	老同學每年都會聚會一次，聊聊大家的近況。	Old classmates get together once a year to catch up.
1991	護照	我的護照過期了。	My passport has expired.
1992	護照	出國前一定要確認護照有效期限還有六個月以上。	Before going abroad, make sure your passport is valid for more than six months.
1993	開幕	展覽今天開幕。	The exhibition opens today.
1994	開幕	運動會的開幕典禮在早上九點舉行。	The sports day's opening ceremony is held at nine a.m.
1995	一口	這個蛋糕我吃了一口。	I had one bite of this cake.
1996	一口	太燙了，你先吹一吹再吃一口。	It's too hot; blow on it before taking a bite.
1997	儲存	資料請儲存。	Please save the data.
1998	儲存	請記得儲存檔案，免得電腦當機就白做了。	Remember to save your file, or if the computer crashes your work is wasted.
1999	含量	這種飲料的糖含量很高。	This drink has a high sugar content.
2000	含量	食品包裝上都會標示營養成分的含量。	Food packaging states the content of its nutrients.
2001	媳婦	她是我的媳婦。	She is my daughter-in-law.
2002	媳婦	婆婆很疼媳婦，常常煮好吃的給她。	The mother-in-law dotes on her daughter-in-law and often cooks tasty food for her.
2003	影視	他在影視圈工作。	He works in the film and TV industry.
2004	影視	這幾年台灣的影視作品在國際上得到不少關注。	In recent years Taiwanese film and TV works have gained much international attention.
2005	擋	別擋路。	Don't block the way.
2006	擋	你站在這裡會擋到後面的人，往旁邊一點好嗎？	Standing here blocks the people behind; could you move aside a bit?
2007	機遇	這是難得的機遇。	This is a rare opportunity.
2008	機遇	年輕人要勇於嘗試，機遇往往就藏在挑戰裡面。	Young people should dare to try; opportunities often hide within challenges.
2009	特有	這是台灣特有的鳥。	This is a bird unique to Taiwan.
2010	特有	這種蝴蝶是台灣特有的品種，在別的地方看不到。	This butterfly is a Taiwan-endemic species and can't be seen elsewhere.
2011	精力	孩子精力很旺盛。	Kids are full of energy.
2012	精力	她把所有精力都花在照顧小孩上，幾乎沒有自己的時間。	She puts all her energy into raising her kids and has almost no time for herself.
2013	處置	警方會依法處置。	The police will handle it according to law.
2014	處置	醫生會依照病人的狀況來決定如何處置。	The doctor decides how to treat the case based on the patient's condition.
2015	遙遠	路途很遙遠。	The journey is very long.
2016	遙遠	他的老家在遙遠的山區，回去一趟要轉好幾次車。	His hometown is in a remote mountain area, and he must change transport several times to go back.
2017	魔法	小孩喜歡魔法故事。	Kids like magic stories.
2018	魔法	在童話裡，女巫用魔法把王子變成了青蛙。	In the fairy tale, the witch used magic to turn the prince into a frog.
2019	佈置	我們在佈置教室。	We're decorating the classroom.
2020	佈置	為了慶祝她的生日，朋友們偷偷把房間佈置得很漂亮。	To celebrate her birthday, friends secretly decorated the room beautifully.
2021	刊登	報紙刊登了這則新聞。	The newspaper published this news.
2022	刊登	這家店把徵人廣告刊登在報紙上，卻沒有人來應徵。	This shop ran a hiring ad in the newspaper, but nobody applied.
2023	同期	他和我同期進公司。	He and I joined the company at the same time.
2024	同期	與去年同期相比，今年的銷售量增加了兩成。	Compared with the same period last year, sales rose by twenty percent.
2025	夾	他夾了一塊肉給我。	He picked up a piece of meat for me.
2026	夾	我把一張紙條夾在書裡，免得忘記。	I tucked a note into the book so I won't forget.
2027	帥	這個男生好帥喔。	This guy is so handsome!
2028	帥	他笑起來很帥，難怪班上很多女生喜歡他。	He looks handsome when he smiles, no wonder many girls in class like him.
2029	手臂	他手臂受傷了。	His arm is injured.
2030	手臂	打完球之後，我的手臂又痠又痛。	After playing ball, my arms ached.
2031	教導	老師教導學生。	The teacher instructs the students.
2032	教導	父母要用耐心教導孩子分辨是非。	Parents should patiently teach children right from wrong.
2033	機密	這是機密文件。	This is a classified document.
2034	機密	公司的機密資料不可以隨便帶出辦公室。	Confidential company data must not be taken out of the office casually.
2035	漏洞	這個計畫有漏洞。	This plan has loopholes.
2036	漏洞	軟體的安全漏洞被發現後，公司立刻發出修補程式。	After a security hole in the software was found, the company released a patch right away.
2037	登錄	請先登錄帳號。	Please log into your account first.
2038	登錄	登錄網站之後，才能查詢你的訂單。	Only after logging into the website can you check your orders.
2039	總長	這條隧道總長十三公里。	This tunnel is thirteen kilometers long in total.
2040	總長	這座橋的總長約三百公尺，騎腳踏車大約要三分鐘。	The bridge is about three hundred meters long, taking roughly three minutes to cycle.
2041	規矩	要守規矩。	Follow the rules.
2042	規矩	我們家的規矩是吃飯時不可以看手機。	The rule in our home is no phones at the dinner table.
2043	身高	你的身高多少？	How tall are you?
2044	身高	他的身高有一百八十公分，打籃球很有優勢。	He's 180 centimeters tall, a big advantage in basketball.
2045	門前	門前有一棵樹。	There's a tree in front of the door.
2046	門前	他把腳踏車停在門前，忘了上鎖。	He parked his bike in front of the door and forgot to lock it.
2047	高等教育	他接受高等教育。	He received a higher education.
2048	高等教育	隨著大學越來越多，接受高等教育的人比以前多很多。	As universities multiplied, far more people get higher education than before.
2049	修理	我的車在修理。	My car is being repaired.
2050	修理	這支手機壞了，我拿去給師傅修理。	This phone is broken, so I took it to a technician to fix.
2051	劇烈	昨天地震晃得很劇烈。	Yesterday's earthquake shook violently.
2052	劇烈	劇烈運動之後，不要馬上喝冰水。	After vigorous exercise, don't drink ice water right away.
2053	困惑	我感到困惑。	I feel confused.
2054	困惑	他對這個新規定感到很困惑，不知道該怎麼辦。	He's confused by the new rule and doesn't know what to do.
2055	字體	這個字體很好看。	This font looks nice.
2056	字體	履歷用的字體不要太花俏，這樣看起來比較專業。	Don't use a fancy font on your résumé; it looks more professional.
2057	座標	請輸入座標。	Please enter the coordinates.
2058	座標	手機的地圖會用座標告訴你現在的位置。	The phone's map uses coordinates to tell you where you are now.
2059	招募	公司招募新人。	The company is recruiting new people.
2060	招募	這個社團每學期都會招募新成員，歡迎有興趣的同學加入。	This club recruits new members every semester; interested students are welcome.
2061	普通話	我不太會說普通話。	I can't speak Putonghua very well.
2062	普通話	到大陸出差時，他發現當地人都說普通話。	On a business trip to the mainland, he found the locals all speak Putonghua.
2063	水利	水利很重要。	Water conservancy is important.
2064	水利	政府投入大量經費興建水利設施，讓農田有穩定的灌溉水源。	The government invested heavily in water facilities to give farmland a stable water supply.
2065	猛	這隻狗好猛。	This dog is so fierce.
2066	猛	今天的太陽很猛，出門記得擦防曬。	The sun is fierce today; remember sunscreen when you go out.
2067	突	天空突然下起雨。	It suddenly started raining.
2068	突	他突然想起今天是媽媽的生日。	He suddenly remembered today is his mom's birthday.
2069	航行	船在海上航行。	The ship is sailing at sea.
2070	航行	這艘船在海上航行了三天，終於抵達對岸的港口。	The ship sailed at sea for three days and finally reached the port on the other side.
2071	證人	證人出庭了。	The witness appeared in court.
2072	證人	法官傳喚證人到庭，說明當天看到的情形。	The judge summoned the witness to court to describe what he saw that day.
2073	醫	她從小想當醫生。	She has wanted to be a doctor since childhood.
2074	醫	這種病目前還沒有辦法完全醫好。	There's currently no way to completely cure this illness.
2075	飢餓	他感到飢餓。	He feels hungry.
2076	飢餓	全世界仍有許多孩子正面臨飢餓的問題。	Many children around the world still face hunger.
2077	世俗	不要太在意世俗的眼光。	Don't care too much about worldly opinions.
2078	世俗	他不追求世俗的成功，選擇過簡單的生活。	He doesn't pursue worldly success and chooses a simple life.
2079	保養	皮鞋要定期保養。	Leather shoes need regular care.
2080	保養	我每半年會帶機車去保養一次，換機油和檢查煞車。	Every six months I take my scooter in for servicing, to change oil and check the brakes.
2081	出獄	他昨天出獄了。	He was released from prison yesterday.
2082	出獄	他出獄之後努力重新開始，找了一份穩定的工作。	After release he worked hard to start over and found a steady job.
2083	口罩	請戴口罩。	Please wear a mask.
2084	口罩	空氣品質不好的時候，我出門會戴口罩。	When the air quality is bad, I wear a mask when I go out.
2085	圖表	圖表很清楚。	The chart is very clear.
2086	圖表	簡報裡加上圖表，大家比較容易看懂數字。	Adding charts to a presentation makes numbers easier to understand.
2087	如果說	如果說有缺點，大概就是太貴了。	If there's a flaw, it's probably that it's too pricey.
2088	如果說	如果說我有什麼願望，就是想環遊世界。	If I had a wish, it would be to travel around the world.
2089	居於	他在團隊中居於領導地位。	He holds a leading position in the team.
2090	居於	這家公司在業界居於領先的地位。	This company holds a leading position in the industry.
2091	性交	衛教資料說明，沒有保護措施的性交可能感染疾病。	Health education materials state that unprotected intercourse may transmit disease.
2092	性交	法律規定，與未滿十六歲者性交是違法的。	The law states that having intercourse with someone under sixteen is illegal.
2093	挑釁	他在挑釁你。	He's provoking you.
2094	挑釁	球迷對球員做出挑釁的動作，引發了場上的衝突。	A fan made a provocative gesture at the player, sparking a clash on the field.
2095	教徒	他是佛教徒。	He is a Buddhist.
2096	教徒	每年的節日，教徒們都會來廟裡參加儀式。	On festival days each year, believers come to the temple for ceremonies.
2097	棄	別輕易放棄。	Don't give up easily.
2098	棄	他棄車步行，因為前面塞車塞得太嚴重了。	He abandoned his car and walked, because traffic ahead was too heavily jammed.
2099	波特	他點了一杯波特啤酒，味道有點像咖啡。	He ordered a porter beer, which tastes a bit like coffee.
2100	爭執	他們發生爭執。	They got into an argument.
2101	爭執	兩位鄰居因為停車位發生爭執，最後找管理員來調解。	Two neighbors argued over a parking space and finally called the manager to mediate.
2102	相近	兩個意思相近。	The two meanings are similar.
2103	相近	這兩種水果的味道相近，我分不太出來。	These two fruits taste similar, and I can hardly tell them apart.
2104	納稅	國民都要納稅。	Citizens all have to pay taxes.
2105	納稅	每年五月是申報所得稅的時候，納稅人要在期限內完成申報。	May is income tax filing season, and taxpayers must file within the deadline.
2106	臟	他的心臟不太好。	His heart isn't very good.
2107	臟	這道菜用豬的內臟烹煮，味道很特別。	This dish is cooked with pork organs and tastes unique.
2108	訂立	雙方訂立合約。	Both parties draw up a contract.
2109	訂立	搬進來之前，房東和房客要先訂立租約。	Before moving in, the landlord and tenant must set up a lease.
2110	軟弱	他很軟弱。	He is weak.
2111	軟弱	面對困難時，不要讓自己變得軟弱。	When facing difficulties, don't let yourself become weak.
2112	關切	大家都很關切。	Everyone is very concerned.
2113	關切	這起事件引起社會高度關切，政府也已成立專案小組。	The incident drew wide public concern, and the government set up a task force.
2114	首批	首批貨到了。	The first batch of goods has arrived.
2115	首批	首批疫苗已經送達，將優先提供給醫護人員。	The first batch of vaccines has arrived and will go to medical staff first.
2116	卡位	球員在籃下卡位。	The player boxes out under the basket.
2117	卡位	他在籃下穩穩卡位，順利搶到籃板球。	He boxed out firmly under the basket and grabbed the rebound.
2118	放假	明天放假。	Tomorrow is a day off.
2119	放假	公司過年放假一週，大家都回老家了。	The company has a week off for Lunar New Year, and everyone went back to their hometowns.
2120	耍廢	週末我只想耍廢。	On weekends I just want to veg out.
2121	耍廢	難得放假，我打算在家耍廢一整天，什麼事都不做。	It's a rare day off, so I plan to laze at home all day doing nothing.
2122	餐桌	餐桌上有一盤菜。	There's a plate of food on the dining table.
2123	餐桌	全家人圍著餐桌吃飯，是我最喜歡的時光。	The whole family eating around the dining table is my favorite time.
2124	不客氣	謝謝你。——不客氣。	Thank you. -- You're welcome.
2125	不客氣	別跟我說謝謝，不客氣啦，大家都是朋友。	Don't thank me; it's nothing, we're all friends.
