4247	這	這是我家的狗。	This is my family's dog.
4248	這	這家店的珍珠奶茶很好喝，我每次來都會點一杯。	The bubble tea at this shop is great. I order a cup every time I come.
4249	地	他慢慢地走過來。	He walked over slowly.
4250	地	小朋友開心地跑向公園，一下子就不見人影了。	The kids ran happily toward the park and were out of sight in no time.
4251	當	當我到家時，雨已經停了。	When I got home, the rain had stopped.
4252	當	他想當醫生，所以每天都很認真讀書。	He wants to be a doctor, so he studies hard every day.
4253	作為	作為學生，要好好讀書。	As a student, you should study hard.
4254	作為	作為一個新手爸爸，他每天都在學怎麼換尿布。	As a new dad, he learns something about changing diapers every day.
4255	安全	這裡很安全。	It's safe here.
4256	安全	騎機車一定要戴安全帽，這樣才安全。	You must wear a helmet when riding a scooter. That's how you stay safe.
4257	一點	我只吃一點。	I'll only eat a little.
4258	一點	這道菜再加一點鹽就剛好了，你嚐嚐看。	This dish will be just right with a bit more salt. Give it a taste.
4259	省	我們省點錢吧。	Let's save some money.
4260	省	用手機看電子書可以省紙，也可以省下不少錢。	Reading e-books on your phone saves paper and also quite a bit of money.
4261	台	我買了一台新電腦。	I bought a new computer.
4262	台	教室後面那台冷氣壞了，所以大家都很熱。	The air conditioner at the back of the classroom is broken, so everyone is hot.
4263	第一	他是第一名。	He is number one.
4264	第一	這是我第一次一個人出國，心裡又緊張又興奮。	This is my first time going abroad alone, and I'm both nervous and excited.
4265	反對	我反對這個計畫。	I oppose this plan.
4266	反對	大部分住戶都反對在社區旁邊蓋垃圾處理廠。	Most residents oppose building a waste plant next to the neighborhood.
4267	系列	這是系列電影。	This is a film series.
4268	系列	這個系列的小說一共有五本，我已經看完前三本了。	This novel series has five books in total, and I've finished the first three.
4269	反應	他的反應很快。	He reacts quickly.
4270	反應	我吃到蝦子會有過敏反應，臉和手都會腫起來。	I have an allergic reaction when I eat shrimp, and my face and hands swell up.
4271	早	你今天好早。	You're early today.
4272	早	我明天早上六點就要出門，所以今晚得早點睡。	I have to leave at six tomorrow morning, so I need to sleep early tonight.
4273	聯合	兩家公司聯合發表聲明。	The two companies jointly issued a statement.
4274	聯合	幾所大學聯合舉辦了一場關於人工智慧的研討會。	Several universities jointly held a seminar on artificial intelligence.
4275	交流	我們常常交流。	We often exchange ideas.
4276	交流	學校安排我們和日本的學生交流，一起上課和吃飯。	The school arranged an exchange with Japanese students, and we had classes and meals together.
4277	實在	我實在太累了。	I'm really too tired.
4278	實在	這家餐廳的服務實在不怎麼樣，我們以後不會再來了。	The service at this restaurant is really not great. We won't come back.
4279	穫	今年的收穫很好。	This year's harvest is good.
4280	穫	農夫每年秋天都忙著收穫稻米，一整天都在田裡。	Farmers are busy harvesting rice every autumn and spend all day in the fields.
4281	需	我需要幫忙。	I need help.
4282	需	辦理簽證需附上兩張照片，並繳交手續費。	Applying for a visa requires two photos and a processing fee.
4283	半	我等了半小時。	I waited half an hour.
4284	半	現在是三點半，離開會還有一個半小時，可以先休息一下。	It's three-thirty and there's still an hour and a half until the meeting, so you can rest a bit.
4285	或許	或許他忘了。	Maybe he forgot.
4286	或許	明天或許會放晴，到時候我們再約去爬山好了。	It might clear up tomorrow, so let's plan to go hiking then.
4287	物質	水是一種物質。	Water is a substance.
4288	物質	他不太在意物質生活，覺得簡單過日子就很幸福。	He doesn't care much about material life and feels living simply is happy.
4289	課程	這門課程很有趣。	This course is interesting.
4290	課程	這個線上課程總共有十堂課，每週上一次，結束後還有證書。	This online course has ten lessons, one per week, with a certificate at the end.
4291	一邊	他一邊走一邊吃。	He eats as he walks.
4292	一邊	我習慣一邊聽音樂，一邊寫功課，這樣比較不無聊。	I like to listen to music while doing homework so it's less boring.
4293	姐姐	我姐姐很高。	My older sister is tall.
4294	姐姐	我姐姐在國外念書，每個週末都會跟我們視訊聊天。	My older sister studies abroad and video-chats with us every weekend.
4295	掉	我的手機掉了。	My phone dropped.
4296	掉	我的錢包掉在計程車上了，趕快打電話問問看。	I dropped my wallet in the taxi, so quickly phone and ask.
4297	的確	他的確很聰明。	He is indeed smart.
4298	的確	這家店的蛋糕的確好吃，難怪每天都要排隊。	The cakes here are indeed good, no wonder there's a line every day.
4299	關閉	商店已關閉。	The store has closed.
4300	關閉	因為颱風，戶外遊樂區今天暫時關閉，請民眾不要前往。	Due to the typhoon, the outdoor park is temporarily closed today. Please don't go.
4301	出生	他出生在台南。	He was born in Tainan.
4302	出生	我姪女昨天出生了，全家人都趕到醫院看她。	My niece was born yesterday, and the whole family rushed to the hospital to see her.
4303	室	這是我的辦公室。	This is my office.
4304	室	實驗室的門平常都鎖著，要有教授的許可才能進去。	The lab door is usually locked, and you need the professor's permission to enter.
4305	收集	我喜歡收集郵票。	I like collecting stamps.
4306	收集	工廠的環保小組正在收集廢水的資料，再提供給政府單位。	The factory's environmental team is collecting wastewater data to give to the government.
4307	當中	這些人當中有我同學。	Among these people is my classmate.
4308	當中	十個應徵者當中，只有兩位符合我們的需求，真的很難找。	Out of ten applicants, only two met our needs. It's really hard to find people.
4309	表明	他表明了立場。	He made his position clear.
4310	表明	她在面試時表明自己對這份工作非常有興趣，也願意加班。	At the interview she made clear she was very interested in the job and willing to work overtime.
4311	預計	預計明天到。	It's expected to arrive tomorrow.
4312	預計	新店預計下個月開幕，現在還在做最後的裝潢。	The new store is expected to open next month and is doing the final renovation now.
4313	共和國	這是一個共和國。	This is a republic.
4314	共和國	歷史課上，老師介紹了好幾個共和國是怎麼成立的。	In history class the teacher explained how several republics were founded.
4315	宇宙	宇宙很大。	The universe is vast.
4316	宇宙	晚上躺在草地上看星星，會讓人覺得宇宙真的很神奇。	Lying on the grass looking at stars at night makes the universe feel truly amazing.
4317	撤銷	請撤銷訂單。	Please cancel the order.
4318	撤銷	我撤銷了昨天傳錯的訊息，希望對方還沒有看到。	I unsent the message I sent by mistake yesterday, hoping they hadn't seen it.
4319	環保	我們要環保。	We should protect the environment.
4320	環保	現在很多飲料店都鼓勵客人自備環保杯，還會折價五元。	Many drink shops now encourage customers to bring reusable cups and give a five-dollar discount.
4321	衛星	衛星繞著地球轉。	Satellites orbit the Earth.
4322	衛星	有了衛星定位，手機地圖才能這麼準確地告訴你怎麼走。	Thanks to satellite positioning, phone maps can tell you precisely how to get there.
4323	雞	我喜歡吃雞。	I like eating chicken.
4324	雞	夜市那家鹽酥雞很香，每次經過都忍不住買一包。	The fried chicken at the night market smells great, and I can't help buying a bag every time.
4325	依靠	孩子需要依靠父母。	Children depend on their parents.
4326	依靠	他腳受傷以後，走路得依靠拐杖，上下樓梯都很吃力。	After hurting his foot, he has to rely on crutches to walk, and stairs are hard.
4327	句	我只說了一句話。	I only said one sentence.
4328	句	老師要我們每天用新學的單字造三個句子，再唸給同學聽。	The teacher has us make three sentences with new words daily and read them to classmates.
4329	套	我買了一套書。	I bought a set of books.
4330	套	冬天外面冷，出門前我習慣先套上一件外套再穿鞋。	It's cold outside in winter, so before leaving I put on a jacket before my shoes.
4331	慢	請慢一點。	Please slow down.
4332	慢	這家餐廳上菜很慢，我們等了四十分鐘還沒吃到主菜。	This restaurant serves slowly. We waited forty minutes without getting the main dish.
4333	極為	這很極為重要。	This is extremely important.
4334	極為	這項工作極為困難，需要大家分工合作，才有可能如期完成。	This job is extremely difficult and needs everyone cooperating to get done on time.
4335	白色	我喜歡白色。	I like white.
4336	白色	她穿著一件白色洋裝，站在海邊拍照，看起來很清爽。	She stood by the sea in a white dress taking photos, looking fresh.
4337	茶	我想喝茶。	I want to drink tea.
4338	茶	阿嬤每天下午都泡一壺烏龍茶，讓整個客廳都是茶香。	Grandma brews a pot of oolong tea every afternoon, filling the living room with its fragrance.
4339	迫害	他受到迫害。	He was persecuted.
4340	迫害	歷史上曾有許多人因為信仰不同而受到迫害，必須離開家鄉。	Historically many people were persecuted for their different beliefs and had to leave home.
4341	一對	他們是一對。	They're a couple.
4342	一對	新郎新娘是一對很登對的佳偶，大家都誠心祝福他們。	The bride and groom are a well-matched pair, and everyone sincerely wishes them well.
4343	凌晨	現在是凌晨三點。	It's three in the early morning.
4344	凌晨	他凌晨四點就起床準備早餐，等早餐店開門做生意。	He wakes up at four in the early morning to prepare breakfast before the shop opens.
4345	外界	外界不知道。	The outside world doesn't know.
4346	外界	球隊對外界的批評沒有回應，只專心準備下一場比賽。	The team didn't respond to outside criticism and just focused on preparing for the next game.
4347	微笑	她微笑著說好。	She said yes with a smile.
4348	微笑	店員總是面帶微笑地招呼客人，讓人一進門就感到很舒服。	The clerk always greets customers with a smile, making people feel comfortable right away.
4349	暫停	請暫停一下。	Please pause for a moment.
4350	暫停	因為設備維修，本店的外送服務暫停到下週一。	Due to equipment repairs, our delivery service is suspended until next Monday.
4351	特性	這種植物有特性。	This plant has special properties.
4352	特性	每種材料都有不同的特性，選對材料才能做出好用的杯子。	Each material has different properties, and you need the right one to make a useful cup.
4353	糟糕	糟糕！我忘了！	Oh no! I forgot!
4354	糟糕	糟糕，鑰匙放在公司了，我只好請室友下班回來幫我開門。	Oh no, I left my keys at the office, so I had to ask my roommate to let me in when he got home.
4355	調節	請調節溫度。	Please adjust the temperature.
4356	調節	冷氣的溫度可以自己調節，不過設定在二十六度比較省電。	You can adjust the AC temperature yourself, but 26 degrees saves more power.
4357	雨	外面下雨了。	It's raining outside.
4358	雨	這場雨下了一整天，後院的菜園被淋得又濕又泥濘。	The rain went on all day and the back garden got wet and muddy.
4359	修正	請修正錯字。	Please correct the typo.
4360	修正	老師把我的作文修正了幾個地方，讓句子讀起來更順。	The teacher revised a few places in my essay so the sentences read more smoothly.
4361	史上	這是史上最冷的冬天。	This is the coldest winter in history.
4362	史上	這部電影被稱為史上最賣座的國片，連我阿嬤都去看了。	This movie is called the highest-grossing local film ever, and even my grandma went to see it.
4363	奇蹟	這是個奇蹟。	This is a miracle.
4364	奇蹟	醫生都說沒有希望了，沒想到他竟然奇蹟似地康復了。	The doctors all said there was no hope, but he made a miraculous recovery.
4365	廚房	廚房裡有人在煮飯。	Someone is cooking in the kitchen.
4366	廚房	我們家的廚房很小，所以爸爸一次只能煮兩道菜。	Our kitchen is small, so Dad can only cook two dishes at a time.
4367	提交	請提交報告。	Please submit the report.
4368	提交	申請表格要在這個星期五之前提交，晚了就不受理了。	The application form must be submitted by this Friday, and late ones won't be accepted.
4369	標籤	我貼了標籤。	I put a label on it.
4370	標籤	每個瓶子上都貼著標籤，寫著日期和裡面的食材。	Each jar has a label with the date and ingredients.
4371	炸	我炸了雞腿。	I fried a drumstick.
4372	炸	週末爸爸在家炸薯條和雞塊給我們吃，整個廚房都是香味。	On the weekend Dad deep-fried fries and nuggets for us, and the kitchen smelled great.
4373	監察	他負責監察。	He's in charge of oversight.
4374	監察	監察委員會會調查官員有沒有違法，並向社會公布結果。	The Control Commission investigates whether officials broke the law and publishes the results.
4375	總經理	他是總經理。	He's the general manager.
4376	總經理	總經理親自到工廠巡視，並和第一線員工聊了很久。	The general manager visited the factory in person and chatted with frontline workers for a long time.
4377	診斷	醫生正在診斷。	The doctor is making a diagnosis.
4378	診斷	醫生診斷他是輕微的腸胃炎，開了三天的藥，叫他多休息。	The doctor diagnosed mild gastroenteritis, prescribed three days of medicine, and told him to rest.
4379	邦	這是個友邦。	This is a friendly nation.
4380	邦	台灣目前有十幾個邦交國，外交人員常常出國訪問。	Taiwan currently has a dozen or so diplomatic allies, and diplomats often go abroad on visits.
4381	馬克	德國以前用馬克。	Germany used to use the mark.
4382	馬克	爺爺有一枚舊的德國馬克硬幣，他說那是年輕時出國帶回來的紀念品。	Grandpa has an old German mark coin, a souvenir he brought back from abroad when young.
4383	似	他們兩個似乎累了。	They both seem tired.
4384	似	這朵雲看起來似一隻小兔子，小朋友看了都笑了。	This cloud looks like a little rabbit, and the kids laughed when they saw it.
4385	勸	請不要勸我。	Please don't try to persuade me.
4386	勸	朋友勸我不要熬夜，不然對身體不好，我決定今天早點睡。	My friend urged me not to stay up late for my health, so I decided to sleep early today.
4387	墓	這是他的墓。	This is his grave.
4388	墓	清明節的時候，全家人會去山上的墓地掃墓，帶著鮮花和水果。	At Tomb Sweeping Day, the family visits the hillside cemetery with flowers and fruit.
4389	左派	他是左派。	He's a leftist.
4390	左派	這位教授被認為是左派學者，常在報紙上寫文章批評市場自由化。	The professor is considered a leftist scholar and often writes newspaper articles criticizing market liberalization.
4391	拼	我們一起拼圖。	Let's do a puzzle together.
4392	拼	為了考上理想的學校，他每天拼命念書，連週末也不休息。	To get into his dream school, he studies like mad every day, even on weekends.
4393	有名	這家店很有名。	This shop is famous.
4394	有名	鼎泰豐的小籠包很有名，不少外國觀光客特地來排隊。	Din Tai Fung's xiaolongbao is famous, and many foreign tourists line up specially.
4395	濛	外面下著濛濛細雨。	A misty drizzle is falling outside.
4396	濛	早晨的山上細雨濛濛，遠處的樹林像蓋了一層薄紗。	In the morning mist-like drizzle, the distant forest looks veiled in gauze.
4397	社長	他是社長。	He's the club president.
4398	社長	我們的攝影社社長每個月都會帶大家出去拍照，再一起討論。	Our photography club president takes everyone out to shoot each month and discuss the photos.
4399	肚子	我肚子餓了。	I'm hungry.
4400	肚子	吃了太多冰以後，我的肚子一直痛，只好請假去看醫生。	After eating too much ice my stomach kept hurting, so I took leave to see a doctor.
4401	起飛	飛機起飛了。	The plane took off.
4402	起飛	班機將在十分鐘後起飛，請旅客立即前往登機門。	The flight takes off in ten minutes. Passengers please go to the boarding gate now.
4403	面試	我明天要面試。	I have an interview tomorrow.
4404	面試	面試時要穿得整齊，也要先查好公司的資料，才能回答問題。	Dress neatly at an interview and research the company first so you can answer questions.
4405	主播	她是新聞主播。	She's a news anchor.
4406	主播	這位主播每晚準時出現在電視上，報導當天的重大新聞。	This anchor appears on TV every night on time to report the day's major news.
4407	全長	橋的全長是一公里。	The bridge's total length is one kilometer.
4408	全長	這條自行車道全長三十公里，沿途可以看到海景和稻田。	This bike path is thirty kilometers long, with sea views and rice fields along the way.
4409	原文	這是原文。	This is the original text.
4410	原文	看翻譯版不如讀原文，因為有些幽默只有原文才懂。	Rather than reading the translation, read the original, since some humor is only understood in it.
4411	塑料	工廠回收塑料，再做成新的瓶子。	The factory recycles plastic and makes it into new bottles.
4412	專訪	記者專訪了他。	A reporter interviewed him exclusively.
4413	專訪	這本雜誌這個月專訪了一位年輕的陶藝家，談他回到家鄉開工作室的故事。	This month the magazine ran an interview with a young potter about opening a studio in his hometown.
4414	惡意	他沒有惡意。	He meant no harm.
4415	惡意	網路上有人惡意散播假消息，造成很多人不必要的恐慌。	Some people maliciously spread false news online, causing needless panic.
4416	撥	我來撥電話。	I'll make the call.
4417	撥	你可以撥這個專線電話，客服人員全天二十四小時都在。	You can dial this hotline, and customer service staff are available twenty-four hours.
4418	期刊	這是學術期刊。	This is an academic journal.
4419	期刊	這篇研究發表在國際期刊上，引起了很多國外學者的注意。	This study appeared in an international journal and drew the attention of many foreign scholars.
4420	泰	他很泰然。	He is calm.
4421	泰	遇到大事，他總是泰然自若，讓周圍的人也跟著安心。	In big events he's always unruffled, which puts those around him at ease.
4422	獨家	這是獨家新聞。	This is an exclusive news story.
4423	獨家	這家店有獨家配方的滷肉飯，別的地方吃不到。	This shop has an exclusive-recipe braised pork rice you can't get elsewhere.
4424	節省	我想節省時間。	I want to save time.
4425	節省	搭高鐵上班可以節省不少時間，不過票價也比較貴。	Taking the high-speed rail to work saves a lot of time, although the fare is higher.
4426	著手	我們著手進行。	We're getting started.
4427	著手	新店的裝潢下週著手進行，預計兩個月後開幕。	Renovation of the new shop begins next week, with opening expected in two months.
4428	資深	她是資深記者。	She's a veteran reporter.
4429	資深	我們公司有一位資深工程師，大家遇到問題都會去請教他。	Our company has a senior engineer everyone consults when they have problems.
4430	醜聞	這是一個醜聞。	This is a scandal.
4431	醜聞	這位藝人被爆出醜聞後，廣告代言全部被取消了。	After the celebrity's scandal broke, all endorsement deals were cancelled.
4432	靈感	我突然有靈感。	I suddenly had inspiration.
4433	靈感	他散步時看到一隻小貓，突然有了新故事的靈感，趕快回家寫下來。	Walking, he saw a kitten and suddenly got an idea for a story, rushing home to write it down.
4434	乾燥	冬天空氣乾燥。	The air is dry in winter.
4435	乾燥	天氣乾燥時，嘴唇和皮膚容易乾裂，要多喝水、多擦乳液。	When the weather is dry, lips and skin chap easily, so drink more water and use lotion.
4436	公認	這是公認的事實。	This is a recognized fact.
4437	公認	這位教授是公認的專家，不管什麼問題他都能給出清楚的解答。	This professor is a recognized expert who can answer any question clearly.
4438	另有	另有安排。	There are other arrangements.
4439	另有	這個活動另有優惠，只要帶學生證就可以打八折。	The event has another discount: bring a student ID for twenty percent off.
4440	大城市	我想住大城市。	I want to live in a big city.
4441	大城市	大城市的機會多，但是生活壓力也很大，房租特別貴。	Big cities offer more opportunities, but life is stressful and rent especially high.
4442	屁	他放了一個屁。	He farted.
4443	屁	別說屁話了，你根本沒有認真想過這個問題。	Stop talking nonsense. You've never seriously thought about this.
4444	恐怖主義	我們反對恐怖主義。	We oppose terrorism.
4445	恐怖主義	國際社會正在合作對抗恐怖主義，也加強機場的安全檢查。	The international community is cooperating against terrorism and tightening airport security.
4446	擴建	學校要擴建。	The school will be expanded.
4447	擴建	市政府決定擴建捷運站，讓通勤的人不用再擠在狹小的月台。	The city decided to expand the MRT station so commuters no longer crowd on the cramped platform.
4448	椅子	請坐椅子。	Please take a chair.
4449	椅子	教室裡的椅子有點矮，我坐久了腰很痛，想換一張新的。	The chairs in the classroom are low, and my back hurts after sitting long, so I want a new one.
4450	溫泉	我們去泡溫泉。	We're going to soak in a hot spring.
4451	溫泉	冬天泡溫泉最舒服，北投有很多溫泉旅館，週末常常客滿。	Hot springs are most comfortable in winter, and Beitou has many hot-spring inns, often full on weekends.
4452	皇室	這是皇室成員。	This is a royal family member.
4453	皇室	英國皇室的婚禮每次都吸引全世界的目光，電視台還現場直播。	British royal weddings always attract global attention, with live TV broadcasts.
4454	緩和	氣氛緩和了。	The mood eased.
4455	緩和	主管笑著說了個笑話，會議室裡緊張的氣氛才慢慢緩和下來。	The manager told a joke with a smile, and the tense mood in the meeting room slowly eased.
4456	裁定	法院已裁定。	The court has ruled.
4457	裁定	法院裁定這起案件暫時停止審理，等雙方補齊資料後再繼續。	The court ruled that the case be suspended until both sides supply more documents.
4458	迎	我去迎接他。	I'm going to welcome him.
4459	迎	新年到了，大家都貼上春聯，迎接新的一年。	New Year has come, and everyone puts up spring couplets to welcome the new year.
4460	陪伴	謝謝你的陪伴。	Thanks for keeping me company.
4461	陪伴	狗狗陪伴我度過了最難熬的一段時間，牠就像家人一樣。	My dog accompanied me through my hardest time, like a member of the family.
4462	上方	上方有字。	There are words above.
4463	上方	請看螢幕上方的說明，按照順序輸入你的手機號碼。	Please read the instructions above the screen and enter your phone number in order.
4464	低級	這是低級錯誤。	This is a rookie mistake.
4465	低級	這個笑話太低級了，在公司裡不適合講。	This joke is too vulgar and not suitable for the office.
4466	內衣	這是內衣。	This is underwear.
4467	內衣	冬天天氣冷，我會先穿一件發熱內衣再穿毛衣，比較保暖。	In cold winters I wear thermal underwear under my sweater to keep warm.
4468	升高	溫度升高了。	The temperature rose.
4469	升高	氣溫升高後，冰淇淋的銷量也跟著升高，店家忙得不可開交。	As temperatures rose, ice cream sales also went up, and shops were swamped.
4470	喚醒	請喚醒他。	Please wake him.
4471	喚醒	清晨的鳥叫聲把我從夢中喚醒，窗外的天才剛亮。	Birdsong in the early morning woke me from a dream, with the sky just brightening.
4472	大腿	我大腿很痠。	My thighs are sore.
4473	大腿	昨天爬了一天的山，今天大腿痠得連下樓梯都很吃力。	After hiking all day yesterday, my thighs ache so much that even stairs are tough today.
4474	富豪	他是富豪。	He's a tycoon.
4475	富豪	這位富豪每年都捐出大量金錢給慈善機構，幫助弱勢家庭。	This wealthy man donates large sums to charities every year to help disadvantaged families.
4476	強硬	他態度強硬。	His attitude is tough.
4477	強硬	老闆對這次的涨價採取強硬態度，一點也不肯讓步。	The boss took a hard line on the price increase and wouldn't give an inch.
4478	打架	他們在打架。	They're fighting.
4479	打架	兩個小孩為了一個玩具打架，被老師叫到辦公室，各自寫了悔過書。	Two kids fought over a toy and were called into the office to each write an apology.
4480	撥款	政府撥款修路。	The government allocated funds for road repair.
4481	撥款	市政府將撥款一億元，用來改善老舊社區的公共設施。	The city will allocate 100 million to improve public facilities in old neighborhoods.
4482	月球	月球繞地球轉。	The moon circles the Earth.
4483	月球	科學家計畫在月球上建立基地，作為未來探索太空的起點。	Scientists plan to build a base on the moon as a starting point for future space exploration.
4484	殘疾	他有殘疾。	He has a disability.
4485	殘疾	政府提供殘疾人士專屬的停車位與交通補助，希望他們出門更方便。	The government provides reserved parking and transport subsidies for people with disabilities to make going out easier.
4486	激起	這件事激起公憤。	This incident aroused public anger.
4487	激起	他的演講激起了年輕人的熱情，很多人當場報名志工。	His speech stirred young people's enthusiasm, and many signed up as volunteers on the spot.
4488	疑惑	我心裡很疑惑。	I'm puzzled.
4489	疑惑	大家對這個決定有些疑惑，所以主管特地開會向員工說明。	People had doubts about the decision, so the manager held a meeting to explain it to staff.
4490	章程	請看章程。	Please see the regulations.
4491	章程	社團的章程規定，每年要舉行一次會員大會，並改選幹部。	The club's constitution requires an annual general meeting and officer elections.
4492	老外	那個老外會說中文。	That foreigner speaks Chinese.
4493	老外	夜市裡有不少老外在排隊買蚵仔煎，還邊吃邊比大拇指說好吃。	At the night market many foreigners queue for oyster omelets and give a thumbs up while eating.
4494	表彰	他受到表彰。	He was commended.
4495	表彰	市長在典禮上表彰了十位優秀教師，感謝他們的付出。	The mayor commended ten outstanding teachers at the ceremony, thanking them for their work.
4496	賓	他是貴賓。	He is a distinguished guest.
4497	賓	婚宴上，新人向每桌賓客敬酒，感謝大家的到來。	At the wedding banquet, the couple toasted every table of guests to thank them for coming.
4498	部件	這是機器部件。	This is a machine part.
4499	部件	這台洗衣機有一個部件壞了，需要等廠商寄新的來更換。	One part of this washing machine is broken and must be replaced after the maker sends a new one.
4500	頭條	這是今天的頭條。	This is today's headline.
4501	頭條	昨天的颱風消息成為各大報的頭條，電視新聞也不斷重複播放。	Yesterday's typhoon news was the headline in major papers and repeated on TV news.
4502	中文	你會說中文嗎？	Can you speak Chinese?
4503	中文	我每天花半小時學中文，看影集的時候也會盡量不看英文字幕。	I spend half an hour daily studying Chinese and try to avoid English subtitles when watching shows.
4504	後院	後院有一棵樹。	There's a tree in the backyard.
4505	後院	外婆家的後院種了芭樂、芒果和一小塊菜園，夏天特別熱鬧。	Grandma's backyard has guava, mango and a little vegetable plot, lively in summer.
4506	發燒	我發燒了。	I have a fever.
4507	發燒	小朋友半夜發燒到三十九度，爸媽趕快帶他去醫院掛急診。	The child ran a fever of 39 degrees at midnight, and the parents rushed to the emergency room.
4508	酪梨	我愛吃酪梨。	I love avocado.
4509	酪梨	早餐我常常把酪梨壓成泥，塗在吐司上，再放一顆水煮蛋。	For breakfast I often mash avocado onto toast with a boiled egg.
4510	傢	這是傢俱。	This is furniture.
4511	傢	新家的傢俱我們選了很久，最後買了簡單的木頭桌子。	We took a long time choosing furniture for the new home, finally buying a simple wooden table.
4512	一個	我想要一個大一點的杯子。	I'd like a bigger cup.
4513	一個	他一個人在房間裡看了一整個下午的書。	He spent the whole afternoon reading in his room by himself.
4514	就是	我要的就是這一個。	This is exactly the one I want.
4515	就是	這家店什麼都好，就是位子太少了。	This shop is good in every way. There just aren't enough seats.
4516	一樣	我們的手機一樣。	We have the same phone.
4517	一樣	這件衣服的顏色跟網路上的照片不太一樣。	The color of this shirt isn't quite the same as in the online photo.
4518	喜歡	我喜歡下雨天。	I like rainy days.
4519	喜歡	她很喜歡養貓，家裡已經有三隻了。	She loves keeping cats, and she already has three at home.
4520	完全	我完全不知道。	I have no idea at all.
4521	完全	你說的我完全同意，不過預算可能還要再討論。	I totally agree with what you said, but we may still need to discuss the budget.
4522	不斷	雨不斷地下。	The rain keeps falling.
4523	不斷	手機的通知不斷跳出來，害我沒辦法專心寫報告。	Notifications kept popping up on my phone, so I couldn't concentrate on writing my report.
4524	真	你真厲害！	You're really amazing!
4525	真	今天的演唱會真的太棒了，我到現在還很興奮。	Today's concert was really awesome. I'm still excited now.
4526	各種	店裡有各種口味。	The shop has all kinds of flavors.
4527	各種	這家書店賣各種漫畫和雜誌，我一待就是一整天。	This bookstore sells all kinds of comics and magazines, and once I'm there I stay all day.
4528	結束	電影結束了。	The movie is over.
4529	結束	這場雨要到晚上才會結束，我們還是改天再去吧。	This rain won't end until evening, so let's go another day.
4530	取得	他取得了駕照。	He got his driver's license.
4531	取得	她努力了好幾年，終於取得了律師資格。	After working hard for several years, she finally obtained her qualification as a lawyer.
4532	級	他今年升到三年級。	He moved up to third grade this year.
4533	級	這家餐廳是五星級的，訂位至少要提前一個月。	This restaurant is five-star, so you have to book at least a month ahead.
4534	另外	另外一個人呢？	What about the other person?
4535	另外	這次的報告我負責前半，另外的部分由同事完成。	I'm in charge of the first half of this report, and a colleague will finish the other part.
4536	明白	我明白你的意思。	I understand what you mean.
4537	明白	老師講了三次，我還是沒有完全明白這題是怎麼算的。	The teacher explained it three times, and I still don't fully understand how this problem is worked out.
4538	聲音	你的聲音很好聽。	Your voice sounds lovely.
4539	聲音	半夜樓上傳來很大的聲音，吵得我整晚都睡不著。	A loud noise came from upstairs in the middle of the night, and it kept me awake all night.
4540	交通	這裡交通很方便。	Transportation here is very convenient.
4541	交通	下班時間交通很擁擠，建議大家提早出門。	Traffic is heavy during rush hour, so I suggest leaving early.
4542	工具	你有修理工具嗎？	Do you have repair tools?
4543	工具	手機已經成為現代人生活中最重要的工具之一。	The phone has become one of the most important tools in modern life.
4544	突然	突然下雨了。	Suddenly it started raining.
4545	突然	我正在洗澡，突然停電了，嚇了我一大跳。	I was in the shower when the power suddenly went out, which gave me a real fright.
4546	一家	我們一家四口。	There are four people in our family.
4547	一家	他們一家人週末常常一起去山上露營。	His whole family often goes camping in the mountains together on weekends.
4548	史	我喜歡讀歷史書。	I like reading history books.
4549	史	老師說，這是一段很特別的史實，大家要仔細看。	The teacher said this is a very special piece of history, so everyone should look carefully.
4550	手段	他用了不好的手段。	He used underhanded methods.
4551	手段	為了達到目的而不擇手段，這種做法大家都不認同。	Using any means to reach a goal is something nobody approves of.
4552	特	今天特別冷。	It's especially cold today.
4553	特	這家餐廳的價格特便宜，所以中午總是客滿。	This restaurant is especially cheap, so it's always full at lunchtime.
4554	證據	你有什麼證據？	What proof do you have?
4555	證據	警方在現場找到了新的證據，案子可能很快就會有進展。	Police found new evidence at the scene, and the case may soon make progress.
4556	上面	書在桌子上面。	The book is on top of the table.
4557	上面	上面那一層全部是吸菸區，我們還是去樓下吧。	The whole floor above is a smoking area, so let's go downstairs.
4558	實際上	實際上我不太餓。	Actually, I'm not that hungry.
4559	實際上	大家以為他很有錢，實際上他每個月都過得很緊。	Everybody thinks he's rich, but in reality he's pinching pennies every month.
4560	操	他每天操勞家務。	He works hard on household chores every day.
4561	操	老師說，考前不要操心太多，好好休息才是最重要的。	The teacher said not to worry too much before the exam. Resting well is what matters most.
4562	禁止	禁止拍照。	No photography.
4563	禁止	本餐廳禁止攜帶寵物入內，導盲犬除外，敬請見諒。	Pets are not allowed in this restaurant, except guide dogs. Thank you for your understanding.
4564	領導人	他是這個團隊的領導人。	He is the leader of this team.
4565	領導人	各國領導人下週將在台北開會，討論氣候變遷的問題。	Leaders from various countries will meet in Taipei next week to discuss climate change.
4566	動力	我沒有動力運動。	I have no motivation to exercise.
4567	動力	看到孩子的笑容，就是我每天努力工作最大的動力。	Seeing my child's smile is my biggest motivation to work hard every day.
4568	家長	家長們都來開會了。	The parents all came to the meeting.
4569	家長	學校下週要開家長會，請家長記得準時出席。	The school will hold a parent meeting next week. Parents please remember to attend on time.
4570	明星	她是大明星。	She is a big star.
4571	明星	那位明星常常到我家附近的小吃店吃飯，老闆都跟他很熟。	That celebrity often eats at the snack shop near my house, and the owner knows him well.
4572	相應	我們要有相應的準備。	We need to make corresponding preparations.
4573	相應	物價上漲了，薪水也應該相應地提高才對。	Prices have gone up, so salaries should rise accordingly.
4574	計算機	借我計算機一下。	Can I borrow the calculator for a moment?
4575	計算機	考試時只能帶一般的計算機，不可以用手機代替。	In the exam you may bring only an ordinary calculator, and you can't use your phone as a replacement.
4576	一帶	這一帶很安靜。	This area is very quiet.
4577	一帶	台北東區一帶有很多咖啡廳和服飾店，週末人潮很多。	Around the Eastern District of Taipei there are many cafés and clothing stores, and weekends are crowded.
4578	受害者	受害者沒有受傷。	The victim wasn't hurt.
4579	受害者	警方呼籲詐騙案的受害者儘快報案，以免損失更大。	Police urge victims of fraud to report it quickly to avoid bigger losses.
4580	常見	這種鳥在台灣很常見。	This kind of bird is very common in Taiwan.
4581	常見	感冒是最常見的疾病，多喝水、多休息通常就會好。	The cold is the most common illness, and drinking water and resting usually get you over it.
4582	校園	這個校園很大。	This campus is very big.
4583	校園	傍晚的校園很安靜，只有幾位同學在操場上跑步。	The campus is quiet at dusk, with only a few students jogging on the field.
4584	真相	我想知道真相。	I want to know the truth.
4585	真相	調查報告公布後，大家才知道事件的真相並不是原本想的那樣。	After the investigation report was released, people learned the truth wasn't what they'd thought.
4586	話題	這是大家的話題。	This is what everyone is talking about.
4587	話題	這部影集最近成了話題，連我不愛看電視的爸媽也開始追劇。	This series has become the talk of the town lately, and even my parents, who don't like TV, have started binge-watching.
4588	鳥	窗外有一隻鳥。	There's a bird outside the window.
4589	鳥	早上有一群小鳥停在陽台的欄杆上唱歌，吵醒了我。	In the morning a flock of little birds perched on the balcony railing and sang, waking me up.
4590	全都	他們全都來了。	They all came.
4591	全都	我昨天買的水果全都壞了，只好拿去扔掉。	The fruit I bought yesterday has all gone bad, so I had to throw it out.
4592	回國	他明年就要回國了。	He's returning to his home country next year.
4593	回國	我哥在美國念完書，打算回國發展，繼續幫忙家裡的生意。	My brother finished studying in the US and plans to return to Taiwan to build his career and help with the family business.
4594	屍體	警方發現了一具屍體。	Police found a body.
4595	屍體	新聞說，在河邊發現了一具屍體，目前還在調查死因。	The news said a body was found by the river, and the cause of death is still under investigation.
4596	拜	新年的時候我們去廟裡拜拜。	At New Year we go to the temple to worship.
4597	拜	我媽每個月初一、十五都會拜拜，祈求家人平安。	My mom burns incense and prays on the first and fifteenth of each lunar month for her family's safety.
4598	歌手	她是有名的歌手。	She is a famous singer.
4599	歌手	這位歌手是在夜市唱歌出道的，現在已經是很紅的明星了。	This singer started out singing at a night market and is now a very popular star.
4600	種植	這裡可以種植蔬菜。	Vegetables can be grown here.
4601	種植	阿公在後院種植了各種香草，煮菜的時候隨時可以摘來用。	Grandpa grows all kinds of herbs in the backyard that he can pick anytime while cooking.
4602	親自	我會親自去一趟。	I'll go in person.
4603	親自	老闆親自打電話向客人道歉，客人才終於不生氣了。	The boss personally phoned the customer to apologize, and only then did the customer stop being angry.
4604	還好	還好，你沒事吧？	Not bad. Are you okay?
4605	還好	還好有帶傘，不然就要淋濕了。	Luckily I brought an umbrella, otherwise I'd have gotten wet.
4606	主角	她是這部劇的主角。	She is the lead of this drama.
4607	主角	這部電影的主角從小在鄉下長大，後來到台北打拚。	The lead character in this film grew up in the countryside and later struggled to make it in Taipei.
4608	動員	政府動員了很多人。	The government mobilized many people.
4609	動員	地震後，政府動員大批救難人員，連夜搜尋受困民眾。	After the earthquake the government mobilized many rescue workers to search overnight for trapped people.
4610	好事	做好事會有好報。	Doing good will be rewarded.
4611	好事	最近好事連連，不但加薪，還交了新朋友。	Good things keep coming lately: I got a raise and also made new friends.
4612	打造	他想打造自己的品牌。	He wants to build his own brand.
4613	打造	市政府計畫把舊倉庫打造成年輕人的創意基地。	The city government plans to turn the old warehouse into a creative hub for young people.
4614	正當	正當我要出門，下雨了。	Just as I was about to leave, it started to rain.
4615	正當	正當大家都以為比賽結束時，他在最後一秒投進了關鍵一球。	Just when everyone thought the game was over, he sank the key shot in the final second.
4616	百	這件衣服一百塊。	This piece of clothing costs a hundred dollars.
4617	百	百貨公司週年慶時，人潮多到幾百人排隊等著進場。	At the department store anniversary sale, so many people come that hundreds line up waiting to get in.
4618	聲稱	他聲稱自己沒做過。	He claims he didn't do it.
4619	聲稱	那家公司聲稱產品百分之百天然，但是消費者並不相信。	That company claims its product is a hundred percent natural, but consumers don't believe it.
4620	退	商店不能退貨。	The store doesn't accept returns.
4621	退	這件衣服尺寸不合，我想問問看可不可以退，還是換一件。	This piece of clothing doesn't fit, so I want to ask whether I can return it or exchange it.
4622	一體	兩種功能合為一體。	The two functions are combined into one.
4623	一體	這款手機的設計和系統是一體的，所以用起來特別順手。	This phone's design and system are an integrated whole, so it's especially smooth to use.
4624	冊	請翻開課本第三冊。	Please open to book three of the textbook.
4625	冊	這套書一共有十二冊，我已經買了前面六冊。	This set of books has twelve volumes, and I've already bought the first six.
4626	善	他是個善良的人。	He is a kind person.
4627	善	她很善於跟小朋友相處，所以大家都喜歡她當老師。	She's good at getting along with children, so everyone likes her as a teacher.
4628	富	他家很富有。	His family is very wealthy.
4629	富	這座城市文化資源豐富，每個月都有各種展覽和表演。	This city is rich in cultural resources, with all kinds of exhibitions and performances every month.
4630	慈善	她做很多慈善工作。	She does a lot of charity work.
4631	慈善	這家公司每年固定舉辦慈善義賣，把收入全部捐給育幼院。	This company holds a charity sale every year and donates all proceeds to an orphanage.
4632	曲	這根鐵絲彎曲了。	This wire is bent.
4633	曲	山路彎彎曲曲的，坐在後座的我暈車暈得很厲害。	The mountain road twists and turns, and I got seriously carsick in the back seat.
4634	波動	股市最近波動很大。	The stock market has been fluctuating a lot lately.
4635	波動	氣溫波動太大，早晚很冷，中午又很熱，很容易感冒。	Temperatures fluctuate too much, cold in the morning and evening and hot at noon, so it's easy to catch a cold.
4636	現今	現今社會變化很快。	Society changes quickly nowadays.
4637	現今	現今很多人習慣用手機付款，出門已經不太需要帶錢包了。	Nowadays many people are used to paying by phone and hardly need to carry a wallet when going out.
4638	稱號	他得到了冠軍的稱號。	He earned the title of champion.
4639	稱號	這位老師被學生封了「最溫柔導師」的稱號。	The students gave this teacher the title of "gentlest tutor."
4640	艦	那是一艘軍艦。	That's a warship.
4641	艦	新的軍艦今天下水，海軍司令也出席了典禮。	The new warship was launched today, and the navy commander attended the ceremony.
4642	距	車站距這裡不遠。	The station isn't far from here.
4643	距	距離考試只剩三天，大家都在加緊複習。	Only three days remain before the exam, and everyone is cramming.
4644	隔	隔壁有人在唱歌。	Someone's singing next door.
4645	隔	牆壁太薄，隔壁鄰居講話我們都聽得一清二楚。	The walls are too thin, and we hear every word the next-door neighbors say.
4646	上課	我們八點上課。	We start class at eight.
4647	上課	今天老師感冒了，所以全班同學不用上課，可以提早回家。	The teacher has a cold today, so the whole class doesn't have class and can go home early.
4648	公車	公車來了。	The bus is here.
4649	公車	這路公車每十分鐘一班，坐到市中心大概要四十分鐘。	This bus line runs every ten minutes and takes about forty minutes to get downtown.
4650	嚴厲	老師很嚴厲。	The teacher is strict.
4651	嚴厲	爸爸對我的功課要求很嚴厲，但是也很關心我的健康。	Dad is strict about my homework but also cares about my health.
4652	實習	我在公司實習。	I'm interning at a company.
4653	實習	大三的暑假我去一家設計公司實習，學到很多在學校學不到的東西。	In the summer of my junior year I interned at a design company and learned a lot I couldn't get at school.
4654	想像	你可以想像嗎？	Can you imagine it?
4655	想像	小孩的想像力很豐富，常常把紙箱想像成一艘大船。	Children have a rich imagination and often imagine a cardboard box as a big ship.
4656	整頓	公司需要整頓。	The company needs reorganizing.
4657	整頓	市政府整頓夜市的環境，要求攤販統一標示價格。	The city government is tidying up the night market and requires vendors to post prices uniformly.
4658	活力	她充滿活力。	She is full of energy.
4659	活力	早上運動之後，整個人充滿活力，工作效率也變高了。	After morning exercise I feel full of energy and my work efficiency goes up.
4660	登上	我們登上了山頂。	We reached the top of the mountain.
4661	登上	他的新書登上了暢銷排行榜的第一名，出版社相當開心。	His new book hit number one on the bestseller list, and the publisher is delighted.
4662	緩解	這種藥可以緩解頭痛。	This medicine can relieve headaches.
4663	緩解	多喝水和適度運動，可以緩解長時間坐著造成的腰痠背痛。	Drinking more water and moderate exercise can relieve the back pain caused by sitting for long periods.
4664	觀測	氣象局正在觀測颱風。	The weather bureau is monitoring the typhoon.
4665	觀測	天文社的同學今晚要在山上觀測流星雨，大家都帶了望遠鏡。	The astronomy club students will watch the meteor shower on the mountain tonight, each bringing a telescope.
4666	閉	請閉上眼睛。	Please close your eyes.
4667	閉	這間店因為經營不善，下個月就要關閉了，客人都覺得可惜。	This shop will close next month due to poor business, and customers feel it's a pity.
4668	不好意思	不好意思，借過一下。	Excuse me, let me pass.
4669	不好意思	不好意思，讓你等這麼久，路上塞車塞得很嚴重。	Sorry to keep you waiting so long. The traffic on the road was terrible.
4670	儀	她很注重儀容。	She cares a lot about her appearance.
4671	儀	面試的時候，儀容整齊會給人好印象，所以我特地剪了頭髮。	At an interview a tidy appearance gives a good impression, so I made a point of getting a haircut.
4672	務	他在做服務業。	He works in the service industry.
4673	務	這家飯店的服務很周到，櫃檯人員總是笑容滿面。	This hotel's service is thoughtful, and the front desk staff are always smiling.
4674	回事	這是怎麼回事？	What's going on here?
4675	回事	你別把這件事當一回事，他只是隨口說說，沒有惡意。	Don't take this seriously. He was just talking casually with no malice.
4676	宏觀	我們要宏觀地看。	We need to look at it from a macro perspective.
4677	宏觀	政府應該從宏觀的角度規劃交通建設，而不是只解決眼前的問題。	The government should plan transport infrastructure from a big-picture view rather than just solving immediate problems.
4678	後代	他想留下後代。	He wants to leave descendants.
4679	後代	這棵老樹是祖先種的，希望能保護好，留給後代子孫欣賞。	This old tree was planted by ancestors, and we hope to protect it for descendants to enjoy.
4680	掃	我要掃地。	I'm going to sweep the floor.
4681	掃	每個週末，我都和家人一起大掃除，把家裡打掃得乾乾淨淨。	Every weekend my family and I do a big cleaning and make the house spotless.
4682	暈	我暈車了。	I'm carsick.
4683	暈	突然站起來的時候，我一陣頭暈，趕快坐下來休息了一會兒。	When I suddenly stood up I felt dizzy, so I quickly sat down to rest a while.
4684	汗	天氣太熱，我流了很多汗。	It was so hot that I sweated a lot.
4685	汗	爬完山，全身都是汗，我一回家就先去沖澡。	After the hike I was drenched in sweat and went straight to shower as soon as I got home.
4686	煤	以前的火車燒煤。	Trains used to burn coal.
4687	煤	這個山區以前盛產煤礦，現在已經變成了遊客喜歡的老街。	This mountain area used to produce coal and has now become an old street tourists like.
4688	祝賀	祝賀你畢業！	Congratulations on your graduation!
4689	祝賀	同事們買了蛋糕祝賀她升職，大家都為她高興。	Colleagues bought a cake to congratulate her on her promotion, and everyone was happy for her.
4690	臺上	他站在臺上說話。	He stood on stage and spoke.
4691	臺上	臺上的歌手唱得很投入，臺下的觀眾也跟著大聲合唱。	The singer on stage sang with passion, and the audience below sang along loudly.
4692	課堂	課堂上不能用手機。	You can't use phones in class.
4693	課堂	老師希望課堂的氣氛能輕鬆一點，所以常常讓同學上台分享。	The teacher wants the classroom atmosphere to be relaxed, so he often has students share on stage.
4694	遠程	這種飛彈的射程是遠程。	This missile has long range.
4695	遠程	軍方展示了新型遠程飛彈，據說可以精準命中海上目標。	The military showed a new long-range missile, said to be able to hit sea targets precisely.
4696	隧道	前面有一條隧道。	There's a tunnel ahead.
4697	隧道	雪山隧道開通後，從台北到宜蘭只要四十分鐘，方便多了。	After the Hsuehshan Tunnel opened, Taipei to Yilan takes only forty minutes, which is much more convenient.
4698	下臺	市長因為醜聞下臺。	The mayor stepped down over a scandal.
4699	下臺	演唱會結束後，歌手鞠躬下臺，觀眾還捨不得離開。	After the concert the singer bowed and left the stage, but the audience didn't want to leave.
4700	光線	房間的光線很好。	The room has good light.
4701	光線	書房的光線不夠亮，看書久了眼睛容易累，最好加一盞檯燈。	The study isn't bright enough, and reading for long tires the eyes, so add a desk lamp.
4702	南亞	他去過南亞旅行。	He has traveled in South Asia.
4703	南亞	南亞地區的人口很多，語言和文化都非常多元。	South Asia has a large population with very diverse languages and cultures.
4704	填	請填這張表格。	Please fill in this form.
4705	填	申請手機門號要先填基本資料，再拿身分證去櫃檯辦理。	To apply for a phone number, first fill in your basic details, then take your ID to the counter.
4706	將要	火車將要進站了。	The train is about to arrive.
4707	將要	我們將要搬到新家，所以這幾天整個房子都亂糟糟的。	We're about to move into a new home, so the whole house is a mess these days.
4708	得主	他是今年的得主。	He is this year's winner.
4709	得主	金曲獎得主上台致詞時，感謝了所有支持他的人。	The Golden Melody Award winner thanked everyone who supported him in his acceptance speech.
4710	摘要	請寫論文摘要。	Please write the paper abstract.
4711	摘要	報告的前面會附上摘要，讓讀者快速了解重點。	A summary comes at the front of the report to let readers quickly grasp the main points.
4712	校區	這所大學有三個校區。	This university has three campuses.
4713	校區	新校區離市區比較遠，所以學校安排了免費的接駁車。	The new campus is rather far from downtown, so the school arranged a free shuttle.
4714	淪為	這裡淪為垃圾場。	This place became a dump.
4715	淪為	這個老市場因為缺乏管理，慢慢淪為攤販亂停車的地方。	Lacking management, this old market gradually degenerated into a place where vendors park illegally.
4716	發覺	我發覺錢包不見了。	I realized my wallet was gone.
4717	發覺	到了公司門口才發覺忘了帶識別證，只好請同事來開門。	I only realized at the office door that I'd forgotten my badge, so I had to ask a colleague to open it.
4718	統籌	由他統籌這個活動。	He oversees this event.
4719	統籌	這次旅遊由導遊統籌安排，包括交通、住宿和每天的餐點。	The tour guide coordinates this trip, including transportation, lodging and daily meals.
4720	行徑	這種行徑很可恥。	This kind of conduct is shameful.
4721	行徑	網友紛紛譴責那位駕駛的危險行徑，並要求警方嚴格取締。	Netizens condemned that driver's dangerous behavior and asked police to crack down strictly.
4722	軍閥	歷史上有許多軍閥。	History had many warlords.
4723	軍閥	民國初年，各地軍閥互相爭奪地盤，老百姓生活很苦。	In the early Republic era, warlords fought for territory, and ordinary people lived in hardship.
4724	防空	這裡有防空洞。	There's an air-raid shelter here.
4725	防空	防空演習時，民眾要依照指示躲進附近的地下室。	During air defense drills the public must follow instructions and shelter in nearby basements.
4726	龜	池塘裡有一隻烏龜。	There's a turtle in the pond.
4727	龜	海龜每年夏天會上岸產卵，志工們會守在海邊保護牠們。	Sea turtles come ashore to lay eggs every summer, and volunteers guard the beach to protect them.
4728	京都	我去過京都旅行。	I've traveled to Kyoto.
4729	京都	秋天的京都很美，紅葉把整座寺廟染成了一片金黃色。	Kyoto in autumn is beautiful, with red leaves dyeing the whole temple golden.
4730	債權人	債權人要求還錢。	The creditor demands repayment.
4731	債權人	公司倒閉後，債權人們聚集在門口，要求老闆給一個說法。	After the company collapsed, creditors gathered at the door demanding an explanation from the boss.
4732	勝出	他在選舉中勝出。	He won the election.
4733	勝出	經過三輪比賽，最後由年輕的新秀勝出，拿到了獎金。	After three rounds the young rookie won in the end and took the prize money.
4734	呃	呃，我想想看。	Uh, let me think.
4735	呃	呃……我好像把鑰匙忘在公司了，你可以等我一下嗎？	Uh... I think I left my keys at the office. Can you wait for me a moment?
4736	外交官	他是外交官。	He's a diplomat.
4737	外交官	這位外交官在國外工作二十年，會說五種語言。	This diplomat worked abroad for twenty years and speaks five languages.
4738	宜	這裡不宜停車。	Parking isn't advisable here.
4739	宜	颱風天不宜出門，也不宜去海邊和山上。	On typhoon days it's best not to go out, nor to the sea or mountains.
4740	建築師	他是建築師。	He's an architect.
4741	建築師	這位建築師設計的圖書館，採光很好，讀者都說在裡面讀書特別舒服。	The library designed by this architect has great natural light, and readers say it's especially comfortable to study in.
4742	扎實	他的基礎很扎實。	His foundation is solid.
4743	扎實	這家餐廳的料理用料扎實，份量也很大，吃完很有飽足感。	This restaurant's food uses solid ingredients in large portions and leaves you full.
4744	搭建	我們要搭建舞台。	We're going to build the stage.
4745	搭建	志工們花了一整天搭建帳篷，讓災民有地方可以休息。	Volunteers spent a whole day putting up tents so disaster victims had a place to rest.
4746	暴雨	外面下暴雨。	A rainstorm is coming down outside.
4747	暴雨	暴雨造成低窪地區淹水，許多民眾被困在家裡無法出門。	The torrential rain flooded low-lying areas, and many people were trapped at home.
4748	武術	他在學武術。	He's learning martial arts.
4749	武術	爺爺年輕時練過武術，現在每天早上還是在公園打拳。	Grandpa practiced martial arts when young and still does boxing forms in the park every morning.
4750	漏	水管漏水了。	The pipe is leaking.
4751	漏	這份文件漏了一頁，你可以再印一份給我嗎？	This document is missing a page. Can you print another copy for me?
4752	甩	他甩了甩手。	He shook his hand.
4753	甩	她生氣地甩上門走了，留下我們在客廳面面相覷。	She angrily slammed the door and left, leaving us staring at each other in the living room.
4754	稅率	稅率調整了。	The tax rate was adjusted.
4755	稅率	政府宣布下年度的稅率不變，中小企業鬆了一口氣。	The government announced that next year's tax rate remains unchanged, and small businesses breathed a sigh of relief.
4756	缺口	牆上有一個缺口。	There's a gap in the wall.
4757	缺口	今年的預算還有一大筆缺口，政府正在想辦法補足。	This year's budget still has a big shortfall, which the government is trying to fill.
4758	藝術品	這是一件藝術品。	This is a work of art.
4759	藝術品	博物館最近收藏了一批珍貴的藝術品，下個月會對外展出。	The museum recently acquired a batch of precious artworks to be shown to the public next month.
4760	貨運	這家公司做貨運。	This company does freight.
4761	貨運	貨運司機常常要連夜開車，把新鮮的蔬菜送到各地的市場。	Freight truck drivers often drive overnight to deliver fresh vegetables to markets everywhere.
4762	遲早	他遲早會知道。	He'll find out sooner or later.
4763	遲早	這件事遲早會被發現，不如現在就老實告訴老師比較好。	This will be discovered sooner or later, so it's better to honestly tell the teacher now.
4764	頭痛	我頭痛。	I have a headache.
4765	頭痛	熬夜之後我總是頭痛，所以現在盡量在十一點前睡覺。	I always get headaches after staying up, so now I try to sleep before eleven.
4766	乳液	我擦了乳液。	I put on lotion.
4767	乳液	冬天皮膚很乾，洗完澡後要馬上擦乳液才不會脫皮。	Skin is dry in winter, so apply lotion right after bathing to avoid peeling.
4768	忍耐	我已經忍耐很久了。	I've been enduring for a long time.
4769	忍耐	照顧生病的家人需要很大的忍耐，不能隨便發脾氣。	Caring for a sick family member takes great patience, and you can't lose your temper.
4770	珍珠奶茶	我要一杯珍珠奶茶。	I'd like a bubble tea.
4771	珍珠奶茶	珍珠奶茶是台灣發明的，現在在世界各地都很受歡迎。	Bubble tea was invented in Taiwan and is now popular around the world.
4772	辦簽證	我要去辦簽證。	I'm going to get a visa.
4773	辦簽證	辦簽證要準備護照、照片和申請表，審核大約要五個工作天。	To get a visa you need a passport, photo and application form, and processing takes about five working days.
4774	吃吃喝喝	週末就是吃吃喝喝。	Weekends are just eating and drinking.
4775	吃吃喝喝	我們一群朋友到鄉下，每天除了吃吃喝喝就是聊天、散步。	A group of friends went to the countryside and every day did nothing but eat, drink, chat and walk.
4776	上	書在桌子上。	The book is on the table.
4777	上	我媽每天早上都會去公園上山運動。	Every morning my mom goes up the hill at the park to exercise.
4778	已經	他已經走了。	He has already left.
4779	已經	我已經等了半個小時，朋友還是沒有出現。	I've already waited half an hour and my friend still hasn't shown up.
4780	經濟	經濟不太好。	The economy isn't doing very well.
4781	經濟	最近物價上漲，讓許多家庭的經濟壓力變大了。	With prices rising lately, many families are under more financial pressure.
4782	像	你長得像你爸。	You look like your dad.
4783	像	我很喜歡吃水果，像芒果、芭樂我都愛。	I love fruit, such as mangoes and guavas, I like them all.
4784	大家	大家好！	Hello everyone!
4785	大家	今天的聚餐大家一起分攤，每個人兩百塊就好。	Today we'll all split the cost of dinner, just two hundred dollars each.
4786	非常	這本書非常有趣。	This book is very interesting.
4787	非常	我非常感謝你上次在醫院陪我，真的幫了大忙。	I'm very grateful that you stayed with me at the hospital last time, it really helped a lot.
4788	玩	孩子在公園玩。	The kids are playing at the park.
4789	玩	週末我們要去墾丁玩，你要不要一起來？	We're going to Kenting for fun this weekend, do you want to come along?
4790	占	算命師會占卦。	Fortune tellers divine with hexagrams.
4791	占	我阿嬤過年前都會去廟裡占一卦，看看今年運氣如何。	Before the New Year, my grandma goes to the temple to divine a fortune and see how the year will go.
4792	男人	那個男人是誰？	Who is that man?
4793	男人	很多男人都不好意思說自己心情不好。	Many men are too embarrassed to say they feel down.
4794	別人	別打擾別人。	Don't bother other people.
4795	別人	不要老是拿自己跟別人比，這樣只會讓自己更不開心。	Don't always compare yourself with others, it only makes you unhappier.
4796	發表	他發表了一篇文章。	He published an article.
4797	發表	她在研討會上發表了研究結果，獲得很多掌聲。	She presented her research results at the seminar and received a lot of applause.
4798	加	麵裡要加蛋嗎？	Do you want to add an egg to the noodles?
4799	加	我每天喝咖啡都會加一點牛奶，不加糖。	I add a little milk to my coffee every day, but no sugar.
4800	擔心	別擔心。	Don't worry.
4801	擔心	我很擔心奶奶一個人住，所以每天都打電話問她。	I worry about Grandma living alone, so I call her every day.
4802	線	這條線太短了。	This string is too short.
4803	線	請站在黃線後面等車，這樣比較安全。	Please wait behind the yellow line, it's safer that way.
4804	不管	不管怎樣，我都支持你。	No matter what, I support you.
4805	不管	不管天氣多冷，他每天早上都會出門慢跑。	No matter how cold it is, he goes out jogging every morning.
4806	失敗	他考試失敗了。	He failed the exam.
4807	失敗	第一次做蛋糕雖然失敗了，但我學到很多東西。	My first attempt at making a cake failed, but I learned a lot.
4808	相同	我們的看法相同。	Our views are the same.
4809	相同	這兩支手機的外型相同，但價錢差了兩千多塊。	These two phones look identical, but the prices differ by over two thousand dollars.
4810	附近	這附近有超商嗎？	Is there a convenience store nearby?
4811	附近	我家附近新開了一間書店，假日我常去那裡看書。	A new bookstore opened near my home, and I often go read there on holidays.
4812	加上	三加上五是八。	Three plus five is eight.
4813	加上	今天下雨，加上又是下班時間，路上塞得很嚴重。	It's raining today, and on top of that it's rush hour, so traffic is badly jammed.
4814	強烈	風很強烈。	The wind is strong.
4815	強烈	昨天的地震很強烈，整棟大樓都在搖晃。	Yesterday's earthquake was intense, and the whole building was shaking.
4816	比如	我喜歡水果，比如芒果。	I like fruit, for example mango.
4817	比如	我想學一種樂器，比如吉他或烏克麗麗。	I want to learn an instrument, for example guitar or ukulele.
4818	表演	今晚有表演。	There's a performance tonight.
4819	表演	學校的才藝表演很精彩，我們班表演了一個舞蹈。	The school talent show was great, and our class performed a dance.
4820	類型	你喜歡哪種類型？	What type do you like?
4821	類型	我平常會看各種類型的電影，只有恐怖片不敢看。	I usually watch all kinds of movies, except horror films, which I don't dare watch.
4822	團結	大家要團結。	Everyone should be united.
4823	團結	在這次比賽中，全班同學團結一心，終於拿到了冠軍。	In this competition the whole class pulled together and finally won the championship.
4824	想到	我想到一個好主意。	I thought of a good idea.
4825	想到	我真沒想到，這麼小的店會有這麼好吃的牛肉麵。	I really didn't expect such a small shop to have such delicious beef noodles.
4826	班	你在哪個班？	Which class are you in?
4827	班	我趕不上末班車了，只好搭計程車回家。	I couldn't catch the last bus, so I had to take a taxi home.
4828	超	他超過我了。	He passed me.
4829	超	這台機車的車速超過了規定，被警察攔下來了。	This scooter went beyond the speed limit and was stopped by the police.
4830	侷	活動空間有點侷促。	The space for activities is a bit cramped.
4831	侷	不要把自己侷限在舒適圈裡，多去嘗試新事物。	Don't confine yourself to your comfort zone, try more new things.
4832	士兵	士兵在站崗。	The soldier is standing guard.
4833	士兵	那些士兵清晨就起床訓練，一直到中午才休息。	The soldiers get up early in the morning to train and only rest at noon.
4834	應當	你應當早點睡。	You should go to bed earlier.
4835	應當	每個人都應當遵守交通規則，不要闖紅燈。	Everyone should follow traffic rules and not run red lights.
4836	深入	我想深入了解。	I want to understand it in depth.
4837	深入	這篇報導深入探討了年輕人買不起房子的原因。	This report examines in depth why young people can't afford homes.
4838	義	做人要講義氣。	You should be loyal to your friends.
4839	義	他每個週末都去當義工，覺得這樣的生活很有意義。	He volunteers every weekend and finds this kind of life very meaningful.
4840	連接	電腦連接了網路。	The computer is connected to the internet.
4841	連接	這座新橋連接兩個城市，大大縮短了通勤時間。	This new bridge connects the two cities and greatly shortens commuting time.
4842	作業	功課寫完了嗎？	Have you finished your homework?
4843	作業	老師出了很多作業，我今晚可能要熬夜。	The teacher assigned a lot of homework, so I may stay up late tonight.
4844	固定	這個要固定好。	This needs to be fixed in place.
4845	固定	我們每週三晚上固定在公園跑步，已經兩年了。	We run in the park every Wednesday evening regularly, and it has been two years.
4846	慢慢	慢慢來。	Take your time.
4847	慢慢	你先慢慢吃，不用急，我們晚一點出門也沒關係。	Take your time eating, no rush, it's fine if we leave a bit later.
4848	流行	這種款式正在流行。	This style is in fashion.
4849	流行	最近流感流行，學校提醒同學要勤洗手、戴口罩。	The flu is going around lately, so the school reminds students to wash hands often and wear masks.
4850	老公	我老公在煮飯。	My husband is cooking.
4851	老公	我老公每天下班都會順便去市場買菜回來。	My husband stops by the market to pick up groceries on his way home from work every day.
4852	透過	我透過朋友認識他。	I got to know him through a friend.
4853	透過	你可以透過手機應用程式預約看診，不用再排隊了。	You can book a doctor's appointment via a mobile app, so no more queuing.
4854	事項	請注意以下事項。	Please note the following items.
4855	事項	出國前有幾項事項要確認，像是護照有效期限和簽證。	There are several items to check before going abroad, such as passport validity and visa.
4856	創立	他創立了這家店。	He founded this shop.
4857	創立	這間學校創立於一九五〇年代，到現在已經培養了很多人才。	This school was founded in the 1950s and has trained many talented people.
4858	壓	不要壓到花。	Don't press on the flowers.
4859	壓	最近工作壓力大，我常常壓得喘不過氣。	Work pressure has been heavy lately, and I often feel crushed.
4860	庫	倉庫在後面。	The warehouse is in the back.
4861	庫	貨物都放在倉庫裡，要用的時候再去庫房領。	The goods are stored in the warehouse, and you collect them from the stockroom when needed.
4862	擴張	這家公司在擴張。	This company is expanding.
4863	擴張	連鎖咖啡店近年快速擴張，幾乎每條街都看得到分店。	Coffee chains have expanded rapidly in recent years, and you can see a branch on nearly every street.
4864	消除	消除壓力。	Relieve stress.
4865	消除	這個清潔劑可以消除地板上的油漬，用起來很方便。	This cleaner can remove oil stains from the floor and is very convenient to use.
4866	答應	他答應幫我。	He agreed to help me.
4867	答應	我已經答應朋友週末陪他搬家，不能再去爬山了。	I've already promised my friend to help him move this weekend, so I can't go hiking.
4868	認定	大家都認定他是對的。	Everyone is convinced he is right.
4869	認定	警方認定這是一起意外，不是人為縱火。	The police determined it was an accident, not arson.
4870	配	這件襯衫配這條褲子。	Pair this shirt with these pants.
4871	配	紅酒配牛排最對味，我今天特地開了一瓶。	Red wine pairs best with steak, and I opened a bottle specially today.
4872	代替	我代替他去開會。	I'll go to the meeting in his place.
4873	代替	你可以用蜂蜜代替糖，這樣比較健康。	You can use honey instead of sugar, which is healthier.
4874	半島	台灣不是半島。	Taiwan is not a peninsula.
4875	半島	韓國位在朝鮮半島的南邊，那裡的泡菜跟烤肉很有名。	South Korea is located on the southern part of the Korean Peninsula, famous for kimchi and barbecue.
4876	定期	要定期檢查身體。	You should have regular check-ups.
4877	定期	這家工廠每個月定期檢查機器，確保一切正常。	This factory inspects the machines regularly every month to make sure everything is normal.
4878	抵制	大家都抵制這家店。	Everyone is boycotting this shop.
4879	抵制	消費者抵制這個品牌，因為它的廣告冒犯了很多人。	Consumers boycotted this brand because its advertisement offended many people.
4880	此事	此事我知道。	I'm aware of this matter.
4881	此事	此事關係重大，請各位不要隨便對外透露。	This matter is very important, so please don't casually disclose it to outsiders.
4882	眼	我看了一眼。	I took a look.
4883	眼	她眼睛不舒服，滴了眼藥水以後才好一點。	Her eyes were uncomfortable, and they felt better only after using eye drops.
4884	般	像天使一般。	Like an angel.
4885	般	他對待每個客人都像家人一般親切。	He treats every customer as warmly as family.
4886	送給	我送給她一本書。	I gave her a book.
4887	送給	這束花是我特別送給媽媽的母親節禮物。	This bouquet is a Mother's Day gift I specially gave to my mom.
4888	三星	這間飯店是三星級的。	This hotel is three-star.
4889	三星	那間餐廳被評為三星，所以每天都客滿，要提早訂位。	That restaurant was rated three stars, so it's fully booked every day and you must reserve early.
4890	冒	煙冒出來了。	Smoke is coming out.
4891	冒	鍋裡的湯冒著熱氣，聞起來好香。	The soup in the pot is steaming and smells wonderful.
4892	喔	好喔。	Okay.
4893	喔	你明天要記得帶傘喔，天氣預報說會下雨。	Remember to bring an umbrella tomorrow, the forecast says it will rain.
4894	實用	這個很實用。	This is very practical.
4895	實用	這本旅遊書很實用，裡面附了每個景點的交通資訊。	This travel book is very practical and includes transportation information for every spot.
4896	慾望	他的慾望很大。	His desires are great.
4897	慾望	購物慾望太強的人，常常在月底發現自己沒錢了。	People with too strong a desire to shop often find at month's end they have no money.
4898	春天	春天來了。	Spring has come.
4899	春天	春天的陽明山有很多花，假日總是擠滿了賞花的人。	In spring Yangmingshan has many flowers, and on holidays it is always packed with people viewing blossoms.
4900	沙	孩子在玩沙。	The kids are playing with sand.
4901	沙	海邊的沙很細，赤腳走在上面很舒服。	The sand at the beach is fine, and it's comfortable to walk on barefoot.
4902	獅子	獅子很大。	The lion is big.
4903	獅子	動物園裡的獅子趴在樹下睡覺，小朋友都看得入迷。	The lion in the zoo is sleeping under a tree, and the kids are completely absorbed watching.
4904	科研	他在做科研。	He is doing scientific research.
4905	科研	政府計畫增加科研經費，鼓勵年輕人投入研究工作。	The government plans to increase research funding to encourage young people to enter research.
4906	自信	你要有自信。	You must have confidence.
4907	自信	她上台演講時很有自信，一點也不緊張。	She speaks on stage with confidence and isn't nervous at all.
4908	贊成	我贊成。	I agree.
4909	贊成	大部分同事都贊成改成彈性上下班，只有少數人反對。	Most coworkers approve of switching to flexible working hours, and only a few oppose.
4910	限	每人限購兩個。	Limit two per person.
4911	限	這個優惠只限今天，過了今晚十二點就沒有了。	This offer is limited to today only and ends after midnight tonight.
4912	一號	下個月一號放假。	We have a holiday on the first of next month.
4913	一號	每個月一號，我媽都會到廟裡拜拜，祈求家人平安。	On the first of every month my mom goes to the temple to pray for her family's safety.
4914	入境	入境要填表格。	You need to fill out a form to enter the country.
4915	入境	旅客入境台灣時，需要先通過海關檢查才能領行李。	Travellers entering Taiwan must pass customs inspection before collecting their luggage.
4916	和尚	廟裡有一位和尚。	There's a monk in the temple.
4917	和尚	和尚每天早上四點起床誦經，過著簡單的生活。	The monk gets up at four every morning to chant sutras and leads a simple life.
4918	字母	我學英文字母。	I'm learning the English alphabet.
4919	字母	注音符號不是字母，而是用來標示中文發音的符號。	Zhuyin symbols are not letters but symbols used to mark Chinese pronunciation.
4920	後續	後續再通知你。	We'll notify you later.
4921	後續	後續處理的結果，我們會以簡訊方式通知您。	We will notify you of the follow-up result by text message.
4922	擼	他喜歡擼貓。	He likes petting cats.
4923	擼	天氣太熱，他擼起袖子，開始一起幫忙搬東西。	It was too hot, so he rolled up his sleeves and began helping move things.
4924	正規	這是正規的店。	This is a legitimate shop.
4925	正規	買藥一定要到正規的藥局，不要在網路上亂買。	Always buy medicine from a proper pharmacy and not randomly online.
4926	率領	他率領球隊出賽。	He leads the team into the match.
4927	率領	教授率領學生到山上做生態調查，一去就是三天。	The professor led students up the mountain for an ecological survey, staying three days.
4928	精靈	電影裡有精靈。	There are elves in the movie.
4929	精靈	這部童話故事裡的精靈會幫助迷路的小孩找到家。	The fairy in this fairy tale helps lost children find their way home.
4930	融入	我想融入新環境。	I want to blend into the new environment.
4931	融入	搬到新學校的第一個月，他努力融入班上的小團體。	In his first month at the new school, he worked hard to fit in with the class groups.
4932	遵循	大家要遵循規定。	Everyone should follow the rules.
4933	遵循	做實驗時，請遵循老師說明的每一個步驟，以免發生危險。	When doing experiments, please follow every step the teacher explains to avoid danger.
4934	黨內	黨內意見不一致。	Opinions within the party are divided.
4935	黨內	黨內初選結果出來後，各派系都表示會支持最後的人選。	After the party primary results came out, all the factions said they would support the final candidate.
4936	來臨	冬天來臨了。	Winter has arrived.
4937	來臨	颱風來臨前，大家都忙著囤貨，超市的貨架都空了。	Before the typhoon arrived, everyone stocked up and the supermarket shelves were emptied.
4938	列出	請列出你的需求。	Please list your needs.
4939	列出	我在出國前列出了要帶的東西，這樣就不會漏掉。	Before going abroad I made a list of things to take so I wouldn't forget anything.
4940	同行	我們可以同行。	We can go together.
4941	同行	他的同行都很佩服他，因為他的技術是業界最好的。	His peers in the trade admire him because his skill is the best in the industry.
4942	奪	小偷奪走了她的包包。	The thief snatched away her bag.
4943	奪	我們班在拔河比賽中奪得第一名，大家高興得跳起來。	Our class took first place in the tug-of-war, and everyone jumped for joy.
4944	帶給	他帶給我快樂。	He brings me joy.
4945	帶給	這場表演帶給觀眾許多感動，大家都紅了眼眶。	The performance gave the audience much emotion, and everyone's eyes reddened.
4946	扣	請扣好安全帶。	Please fasten your seat belt.
4947	扣	老闆說遲到會扣薪水，所以我現在每天都提早出門。	The boss said being late means a salary deduction, so I now leave early every day.
4948	文書	她負責文書工作。	She handles clerical work.
4949	文書	這份文書要先經過主管審核，再送去人事部門。	This document must first be reviewed by the supervisor and then sent to the HR department.
4950	欺負	不要欺負弟弟。	Don't bully your little brother.
4951	欺負	他在學校被同學欺負，回家後一直不敢跟爸媽說。	He was bullied at school, and after coming home was afraid to tell his parents.
4952	漢堡	我想吃漢堡。	I want to eat a burger.
4953	漢堡	週末弟弟吵著要吃漢堡，所以我們去了一間新開的速食店。	On the weekend my brother nagged to eat burgers, so we went to a newly opened fast-food place.
4954	目的地	我們快到目的地了。	We're nearly at the destination.
4955	目的地	出發前，我先把目的地輸入手機導航，以免迷路。	Before setting out I entered the destination into my phone's navigation to avoid getting lost.
4956	署	環保署公布了新規定。	The Environmental Protection Administration announced new rules.
4957	署	署立醫院的掛號費比較便宜，所以很多老人家都去那裡看病。	Fees at public hospitals are cheaper, so many elderly people go there for treatment.
4958	覺醒	他終於覺醒了。	He finally woke up to reality.
4959	覺醒	年輕人的環保意識覺醒後，越來越多人自備環保餐具。	After young people's environmental awareness awakened, more and more bring their own reusable utensils.
4960	軍區	這裡是軍區。	This is a military district.
4961	軍區	軍區司令向士兵說明了這次演習的目的與規定。	The military district commander explained the purpose and rules of this exercise to the soldiers.
4962	開創	他開創了新事業。	He started a new business.
4963	開創	創辦人開創了這個品牌，帶領公司走過了三十個年頭。	The founder started this brand and led the company through thirty years.
4964	魚類	海裡有許多魚類。	There are many types of fish in the sea.
4965	魚類	這個魚市場有各種新鮮魚類，我媽每週都會來買。	This fish market has all kinds of fresh fish, and my mom comes to buy every week.
4966	侵入	小偷侵入了房子。	The thief broke into the house.
4967	侵入	電腦遭駭客侵入，大量客戶資料被竊取。	The computer system was invaded by hackers and a large amount of customer data was stolen.
4968	券	我有一張折價券。	I have a discount coupon.
4969	券	這張餐券可以在全台的分店使用，期限到年底。	This meal voucher can be used at branches island-wide until the end of the year.
4970	單車	我騎單車上學。	I ride a bike to school.
4971	單車	假日我們全家騎單車沿著河濱公園，一路吹著涼爽的風。	On holidays our whole family cycles along the riverside park, enjoying a cool breeze.
4972	婚	他們下個月結婚。	They're getting married next month.
4973	婚	我同學的婚禮辦在海邊，大家都穿著輕鬆的衣服參加。	My classmate's wedding was held at the beach, and everyone wore casual clothes.
4974	幸好	幸好你來了。	Luckily you came.
4975	幸好	幸好有帶雨衣，不然騎機車回家一定會全身濕透。	Fortunately I brought a raincoat, or else riding home on my scooter I'd have been soaked.
4976	找回	我找回了錢包。	I got my wallet back.
4977	找回	手機遺失後，警察幫我找回了它，讓我鬆了一口氣。	After my phone was lost, the police helped me get it back, which was a great relief.
4978	星際	電影描寫星際旅行。	The movie depicts interstellar travel.
4979	星際	他很喜歡看星際探險的電影，夢想有一天能當太空人。	He loves interstellar adventure films and dreams of becoming an astronaut one day.
4980	毫無疑問	毫無疑問，他是對的。	Without a doubt, he's right.
4981	毫無疑問	毫無疑問，這是今年最好看的一部電影，大家一定要去看。	Without a doubt this is the best film this year, and everyone should go see it.
4982	牌子	這是什麼牌子？	What brand is this?
4983	牌子	門口掛了一塊牌子，寫著「今日休息」。	A sign hangs at the door saying "Closed today".
4984	稱作	這種魚被稱作旗魚。	This kind of fish is called swordfish.
4985	稱作	日式炸雞在台灣常被稱作鹽酥雞，很受夜市歡迎。	Fried chicken pieces are often called salt-and-pepper chicken in Taiwan and are popular at night markets.
4986	自豪	我為你自豪。	I'm proud of you.
4987	自豪	她為自己的家鄉感到自豪，常常向外國朋友介紹它。	She is proud of her hometown and often introduces it to foreign friends.
4988	說實話	說實話，我不太喜歡。	To tell the truth, I don't like it much.
4989	說實話	說實話，我昨天看到你的新髮型，覺得有點不習慣。	Frankly, when I saw your new hairstyle yesterday I felt a bit unaccustomed to it.
4990	郵政	我去郵政局寄信。	I'm going to the post office to mail a letter.
4991	郵政	郵政服務在過年期間會暫停，想寄包裹的人要提早。	Postal service pauses during New Year, so people who want to send parcels should do so early.
4992	預告	電影預告出來了。	The movie trailer is out.
4993	預告	氣象局預告下週有寒流，請大家注意保暖。	The weather bureau forecasts a cold snap next week, so everyone should keep warm.
4994	不宜	這裡不宜停車。	It's not advisable to park here.
4995	不宜	發燒時不宜洗熱水澡，應該好好休息並多喝水。	It's not advisable to take a hot bath when you have a fever; you should rest and drink more water.
4996	俘虜	士兵被俘虜了。	The soldier was captured.
4997	俘虜	戰爭結束後，雙方交換了俘虜，家人終於等到平安的消息。	After the war ended, both sides exchanged prisoners, and families finally got news of safety.
4998	冠	他戴著帽冠。	He wears a crown hat.
4999	冠	我們隊伍今年拿到了籃球賽的冠軍，大家都高興地抱在一起。	Our team won the basketball championship this year, and everyone hugged happily.
5000	取出	把手機取出來。	Take out the phone.
5001	取出	領錢的時候，記得把卡片從提款機取出，免得被別人拿走。	When withdrawing cash, remember to take the card out of the ATM so no one takes it.
5002	圍攻	敵人圍攻城市。	The enemy besieged the city.
5003	圍攻	那位政治人物在網路上被一群人圍攻，留言多到看不完。	That politician was attacked by a mob online, with more comments than anyone could read.
5004	女童	女童在玩球。	The little girl is playing with a ball.
5005	女童	一名女童在公園迷路了，警察花了半小時才找到她的家人。	A little girl got lost in the park, and it took the police half an hour to find her family.
5006	小於	三小於五。	Three is less than five.
5007	小於	這個箱子的重量小於五公斤，可以直接帶上飛機。	This box weighs less than five kilograms and can be taken directly onto the plane.
5008	忙碌	最近很忙碌。	I've been busy lately.
5009	忙碌	在忙碌的工作之餘，她還是會抽時間陪孩子玩。	Despite her busy work, she still finds time to play with her child.
5010	招收	學校招收新生。	The school is recruiting new students.
5011	招收	這家餐廳正在招收服務生，歡迎有經驗的人來應徵。	This restaurant is recruiting waiters, and experienced people are welcome to apply.
5012	放置	請放置在桌上。	Please place it on the table.
5013	放置	藥品應放置在乾燥陰涼的地方，並放在小孩拿不到的地方。	Medicine should be placed in a dry, cool place out of children's reach.
5014	桃花	桃花開了。	The peach blossoms are out.
5015	桃花	春天的時候，山上的桃花開滿了，吸引許多人去賞花。	In spring the mountain is covered with peach blossoms, attracting many to view them.
5016	治國	他懂得治國。	He knows how to run a country.
5017	治國	古代皇帝認為要先把家管好，才能治國平天下。	Ancient emperors believed that one must first manage the family well before ruling the country.
5018	燒燬	大火燒燬了房子。	The fire destroyed the house.
5019	燒燬	山林大火燒燬了好幾百公頃的樹木，居民們都很難過。	The forest fire burned hundreds of hectares of trees, and residents are heartbroken.
5020	直覺	我的直覺告訴我不對。	My intuition tells me something is wrong.
5021	直覺	女生的直覺很準，她一看到那個人就覺得不太可靠。	Women's intuition is accurate, and the moment she saw that person she felt he wasn't reliable.
5022	精神病	他有精神病。	He has a mental illness.
5023	精神病	精神病患需要家人的理解與陪伴，不應該被歧視。	People with mental illness need family understanding and company and shouldn't be discriminated against.
5024	胃	我胃不舒服。	My stomach is upset.
5025	胃	晚上吃太多宵夜會傷胃，醫生建議我早點吃晚餐。	Eating too much late-night snack harms the stomach, and the doctor advises me to eat dinner earlier.
5026	親近	她跟我很親近。	She is close with me.
5027	親近	這隻貓一開始很怕生，現在慢慢願意親近我了。	This cat was shy at first, but is slowly willing to get close to me.
5028	車間	工人在車間工作。	Workers work in the workshop.
5029	車間	車間裡的噪音很大，進去之前一定要戴耳塞。	The workshop is noisy, so you must wear earplugs before going in.
5030	開發者	他是遊戲開發者。	He is a game developer.
5031	開發者	這款應用程式的開發者會定期更新，修復使用者回報的問題。	The developer of this app updates it regularly and fixes issues reported by users.
5032	餐飲	他在餐飲業工作。	He works in the food and beverage industry.
5033	餐飲	餐飲業的工作時間很長，但是他很享受跟客人互動。	Working hours in catering are long, but he enjoys interacting with customers.
5034	到期	簽證快到期了。	The visa is about to expire.
5035	到期	信用卡到期之前，銀行會寄新的卡片給你。	Before the credit card expires, the bank will mail you a new card.
5036	提款機	提款機在哪裡？	Where is the ATM?
5037	提款機	深夜在提款機領錢時，要先注意四周有沒有可疑的人。	When withdrawing cash from an ATM late at night, first check for suspicious people around.
5038	素顏	她今天素顏。	She's bare-faced today.
5039	素顏	她素顏出門買早餐，結果遇到了老同事，覺得有點不好意思。	She went out for breakfast without makeup and ran into an old colleague, feeling a bit embarrassed.
5040	難搞	這個客人真難搞。	This customer is really difficult.
5041	難搞	那位主管很難搞，一件小事也要改好幾次才滿意。	That supervisor is hard to deal with, and even a small matter has to be revised several times before he's satisfied.
5042	前天	前天下雨了。	It rained the day before yesterday.
5043	前天	我前天才去過那家店，今天又想再去吃一次。	I just went to that shop the day before yesterday and want to eat there again today.
5044	個	我想買一個杯子。	I want to buy a cup.
5045	個	他每個週末都會帶狗去公園跑兩個小時。	Every weekend he takes his dog to the park to run for two hours.
5046	個	我想吃一個便當。	I want to eat a lunch box.
5047	個	我媽早上買了三個鳳梨，說要做鳳梨酥。	My mom bought three pineapples this morning and said she'd make pineapple cakes.
5048	可	這裡可以停車嗎?	Can I park here?
5049	可	這家餐廳的牛肉麵可好吃了,你一定要試試看。	The beef noodles at this restaurant are really good. You have to try them.
5050	可	這裡可以刷卡嗎？	Can I pay by card here?
5051	可	你可別忘了明天要交報告喔。	Don't you forget the report is due tomorrow, okay?
5052	必須	你必須先報名。	You have to sign up first.
5053	必須	進入醫院之前,所有人都必須戴口罩並量體溫。	Before entering the hospital, everyone must wear a mask and have their temperature taken.
5054	必須	你必須早點睡。	You have to go to bed earlier.
5055	必須	進入醫院前，所有訪客都必須先量體溫並戴口罩。	Before entering the hospital, all visitors must have their temperature taken and wear a mask.
5056	聽	我喜歡聽音樂。	I like listening to music.
5057	聽	我聽不太懂他的口音,可以請他再說一次嗎?	I can't quite understand his accent. Could you ask him to say it again?
5058	聽	我在聽音樂。	I'm listening to music.
5059	聽	我媽說她昨天在市場聽到一個很有趣的消息。	My mom said she heard some very interesting news at the market yesterday.
5060	有關	這件事跟我有關。	This matter concerns me.
5061	有關	如果你有任何與這次活動有關的問題,請直接聯絡我們。	If you have any questions related to this event, please contact us directly.
5062	有關	這和你有關嗎？	Does this have anything to do with you?
5063	有關	新聞說這起事件與食品安全有關，政府已經展開調查。	The news says the incident is related to food safety, and the government has launched an investigation.
5064	名	我的名字很好記。	My name is easy to remember.
5065	名	這次比賽有一百多名選手參加,競爭非常激烈。	More than a hundred contestants took part in this competition, and it was very fierce.
5066	進	請進,不用客氣。	Please come in, make yourself at home.
5067	進	我們的團隊今年進了決賽,大家都很興奮。	Our team made it to the finals this year, and everyone is excited.
5068	實現	我想實現我的夢想。	I want to realize my dream.
5069	實現	只要肯努力,總有一天你的願望會實現的。	As long as you work hard, your wish will come true one day.
5070	講	老師在講課。	The teacher is giving a lecture.
5071	講	你講話可以小聲一點嗎?寶寶剛睡著。	Could you keep your voice down? The baby just fell asleep.
5072	建議	我有一個建議。	I have a suggestion.
5073	建議	醫生建議我每天運動半小時,少吃油炸的東西。	The doctor recommended I exercise half an hour every day and eat less fried food.
5074	車	他的車是白色的。	His car is white.
5075	車	我已經等了二十分鐘,最後一班車還是沒來。	I've waited twenty minutes and the last bus still hasn't come.
5076	好像	他好像生病了。	He seems to be sick.
5077	好像	這張照片好像是在花蓮拍的,背景有山有海。	This photo looks like it was taken in Hualien, with mountains and sea in the background.
5078	汽車	他家有兩輛汽車。	His family has two cars.
5079	汽車	這家汽車公司最近推出了一款新的電動車。	This car company recently launched a new electric model.
5080	足球	我喜歡踢足球。	I like playing soccer.
5081	足球	每個週末早上,公園裡都有一群小朋友在踢足球。	Every weekend morning a group of kids plays soccer in the park.
5082	公里	學校離家兩公里。	The school is two kilometers from home.
5083	公里	我們昨天騎腳踏車沿著河邊騎了二十公里,累壞了。	Yesterday we rode our bikes twenty kilometers along the river and were exhausted.
5084	推動	政府正在推動節能計畫。	The government is promoting an energy-saving plan.
5085	推動	市政府積極推動垃圾分類,希望大家一起配合。	The city government is actively promoting waste sorting and hopes everyone will cooperate.
5086	訓練	球隊每天都要訓練。	The team trains every day.
5087	訓練	新進員工要先接受兩週的訓練,才能直接面對客人。	New employees must receive two weeks of training before dealing with customers directly.
5088	主張	他主張早點開始。	He advocates starting early.
5089	主張	很多家長主張學校應該減少功課,讓孩子多休息。	Many parents argue that schools should reduce homework and let kids rest more.
5090	回答	請回答我的問題。	Please answer my question.
5091	回答	老師問了一個很難的問題,同學們都不知道怎麼回答。	The teacher asked a difficult question, and no one knew how to answer.
5092	推進	工作正慢慢推進。	The work is slowly moving forward.
5093	推進	主管希望新專案能在今年底前順利推進到下一個階段。	The manager hopes the new project can move smoothly to the next stage by the end of this year.
5094	當年	當年他還是學生。	Back then he was still a student.
5095	當年	當年我們一起在小巷子裡吃宵夜的日子,真是讓人懷念。	I really miss those days back then when we ate late-night snacks together in the little alley.
5096	贏	我們隊贏了!	Our team won!
5097	贏	他下棋很厲害,我跟他下了三盤都沒贏過。	He's great at chess. I played him three games and never won.
5098	份	我要一份早餐。	I'd like one breakfast set.
5099	份	老闆,這份合約我已經簽好了,放在你桌上。	Boss, I've signed this contract and left it on your desk.
5100	少年	他還是個少年。	He's still a teenager.
5101	少年	這群少年每天放學後都在公園打籃球,看起來很開心。	These teenagers play basketball in the park after school every day and look happy.
5102	昨天	昨天我很早睡。	I went to bed early yesterday.
5103	昨天	昨天下班後,我在路上遇到小學同學,聊了很久。	After work yesterday, I ran into an elementary school classmate on the street and we chatted for a long time.
5104	給予	老師給予我很大的幫助。	The teacher gave me a great deal of help.
5105	給予	公司將給予表現優異的員工適當的獎勵。	The company will give appropriate rewards to outstanding employees.
5106	一生	我愛他一生。	I will love him all my life.
5107	一生	外公一生都在種田,從來沒有離開過這個小村子。	My grandfather farmed his whole life and never left this little village.
5108	及時	你來得很及時。	You came just in time.
5109	及時	多虧鄰居及時發現,才沒有造成更大的損失。	Thanks to the neighbor spotting it in time, there was no greater loss.
5110	展示	她展示了新手機。	She showed off the new phone.
5111	展示	展示櫃裡擺著很多老照片,讓人彷彿回到過去。	Many old photographs are displayed in the cabinet, making you feel like you've gone back in time.
5112	暫時	暫時先這樣吧。	Let's leave it like this for now.
5113	暫時	停車場暫時關閉,請把車停在對面的空地。	The parking lot is temporarily closed. Please park in the empty lot across the street.
5114	看起來	你看起來很累。	You look tired.
5115	看起來	這家店看起來很普通,沒想到裡面的咖啡這麼好喝。	This shop looks ordinary, but I didn't expect the coffee inside to be so good.
5116	記	我記得這件事。	I remember this.
5117	記	我常常忘記帶鑰匙,所以媽媽幫我記了一張提醒的紙條。	I often forget my keys, so my mom wrote a reminder note for me.
5118	魚	我喜歡吃魚。	I like eating fish.
5119	魚	爸爸今天去市場買了一尾新鮮的魚,晚上要煮湯。	Dad bought a fresh fish at the market today and will make soup tonight.
5120	加油	加油!你可以的!	Come on! You can do it!
5121	加油	車子沒油了,我們先去加油站加油再上高速公路。	The car is out of gas, so let's fill up at a gas station before getting on the freeway.
5122	對手	他的對手很強。	His opponent is strong.
5123	對手	兩個對手在決賽中勢均力敵,比賽打了整整三個小時。	The two opponents were evenly matched in the final, and the game lasted three whole hours.
5124	智慧	她很有智慧。	She is very wise.
5125	智慧	外婆常常用生活的智慧,幫我們解決很多小問題。	Grandma often uses her life wisdom to solve many of our little problems.
5126	皮膚	我的皮膚很乾。	My skin is very dry.
5127	皮膚	夏天出門要擦防曬乳,才不會曬傷皮膚。	In summer, put on sunscreen when you go out so you don't burn your skin.
5128	託	這件事就託你了。	I'm leaving this matter to you.
5129	託	託你的福,我的面試很順利,下週就開始上班了。	Thanks to you, my interview went smoothly, and I start work next week.
5130	養	我想養一隻狗。	I want to raise a dog.
5131	養	我養了兩隻貓,每天下班回家都要先餵牠們。	I keep two cats, and when I get home from work I feed them first.
5132	優先	老人和孕婦有優先權。	The elderly and pregnant women have priority.
5133	優先	捷運上有博愛座,請優先讓給需要的人。	There are priority seats on the MRT, so please give them first to those who need them.
5134	否認	他否認了。	He denied it.
5135	否認	雖然朋友一再問他,他還是否認自己知道這件事。	Even though his friends kept asking, he still denied knowing about it.
5136	寫作	她很喜歡寫作。	She loves writing.
5137	寫作	寫作需要每天練習,不能只靠靈感。	Writing takes daily practice; you can't rely only on inspiration.
5138	所屬	請寫下所屬部門。	Please write down your department.
5139	所屬	每位員工都要填寫所屬單位和聯絡電話。	Every employee must fill in their unit and contact number.
5140	標題	這篇文章的標題很吸引人。	This article's title is very eye-catching.
5141	標題	新聞標題寫得太誇張,點進去才發現內容根本不是這樣。	The news headline was exaggerated; when I clicked, the content wasn't like that at all.
5142	監控	這裡有監控。	There is monitoring here.
5143	監控	社區大樓裝了監控系統,保全二十四小時都在注意畫面。	The apartment building has a monitoring system, and the guards watch the screens twenty-four hours a day.
5144	落後	我們的成績落後了。	Our results have fallen behind.
5145	落後	我們這隊在上半場落後兩分,後來靠最後一球才追平。	Our team trailed by two points in the first half, and only equalized with the last goal.
5146	逐步	工作逐步完成。	The work is being completed step by step.
5147	逐步	公司將逐步調整薪資制度,讓員工的收入更穩定。	The company will gradually adjust the salary system to make employees' income more stable.
5148	一會	等一會就好了。	It'll be fine in a moment.
5149	一會	你先坐一會,我去泡茶,等一會兒他們就到了。	Sit down for a while; I'll go make tea, and they'll be here shortly.
5150	函數	他在學函數。	He is studying functions.
5151	函數	數學課上,老師教我們怎麼畫出一次函數的圖。	In math class, the teacher showed us how to graph a linear function.
5152	大廳	我們在大廳見。	Let's meet in the lobby.
5153	大廳	飯店大廳很寬敞,旅客可以在沙發上休息,等朋友來接。	The hotel lobby is spacious, and guests can rest on the sofas while waiting for friends.
5154	念	我在念大學。	I'm in university.
5155	念	老師請我們輪流念課文,我念得很緊張,聲音都在抖。	The teacher had us read the text aloud in turn, and I was so nervous my voice shook.
5156	會見	總統會見了外國的客人。	The president met with foreign guests.
5157	會見	市長將在明天上午會見各界代表,聽取大家的意見。	The mayor will meet representatives from all sectors tomorrow morning to hear their opinions.
5158	獎金	年底有獎金。	There's a bonus at year-end.
5159	獎金	老闆說這次專案成功,每個人都會拿到一筆獎金。	The boss said that because the project succeeded, everyone will receive a bonus.
5160	累計	累計已經一百人。	The total has reached a hundred people.
5161	累計	活動期間累計消費滿三千元,就可以兌換一份小禮物。	During the event, if your cumulative spending reaches 3,000 dollars, you can redeem a small gift.
5162	諾	我答應他,一諾千金。	I promised him; my word is my bond.
5163	諾	他向來重承諾,答應過的事一定會做到。	He always values his promises and will certainly do what he agreed to.
5164	青春	青春很短。	Youth is short.
5165	青春	那些在操場上奔跑的青春歲月,是我最難忘的回憶。	Those youthful years of running on the sports field are my most unforgettable memories.
5166	侵略	他們侵略別國。	They invaded another country.
5167	侵略	歷史課本裡提到,許多國家都曾經受到外來的侵略。	History textbooks mention that many countries were once subjected to foreign invasion.
5168	反擊	他們開始反擊了。	They started to fight back.
5169	反擊	球隊在下半場強力反擊,最後成功逆轉比分。	The team counterattacked strongly in the second half and ultimately turned the score around.
5170	大街	大街上很熱鬧。	The main street is lively.
5171	大街	過年的時候,大街小巷都掛滿了紅燈籠,氣氛很好。	During New Year, red lanterns hang on every street and alley, creating a great mood.
5172	干涉	別干涉我的事。	Don't interfere in my business.
5173	干涉	爸媽不想干涉我的選擇,只希望我過得開心。	My parents don't want to interfere with my choices and only want me to be happy.
5174	採	我們去採草莓。	Let's go pick strawberries.
5175	採	農夫一大早就到山上採茶,動作又快又準。	The farmer goes up the mountain early to pick tea, quick and precise.
5176	構造	這個機器的構造很簡單。	The structure of this machine is simple.
5177	構造	人體的構造非常複雜,醫學院的學生要念好幾年。	The structure of the human body is very complex, and medical students study it for years.
5178	激勵	老師的話激勵了我。	The teacher's words encouraged me.
5179	激勵	公司推出獎金制度來激勵員工,讓大家工作更有動力。	The company introduced a bonus scheme to motivate employees and boost their drive.
5180	發電	風力可以發電。	Wind power can generate electricity.
5181	發電	這座新建的發電廠使用太陽能,希望能減少空氣污染。	This new power plant uses solar energy, hoping to reduce air pollution.
5182	緩慢	車子緩慢前進。	The car moved forward slowly.
5183	緩慢	下班時間路上塞車,車流緩慢,走走停停花了一個小時。	It was rush hour with heavy traffic, and the stop-and-go flow took an hour.
5184	補貼	政府有補貼。	The government gives subsidies.
5185	補貼	政府補貼購買電動機車的民眾,最多可以拿到一萬元。	The government subsidizes people who buy electric scooters, up to ten thousand dollars.
5186	過分	你太過分了!	You've gone too far!
5187	過分	他說話過分直接,常常讓同事覺得不舒服。	He's overly blunt when he talks, and often makes coworkers uncomfortable.
5188	飲料	我要買飲料。	I want to buy a drink.
5189	飲料	超商的飲料正在特價,買二送一,我們多拿幾瓶回去吧。	Drinks at the convenience store are on sale, buy two get one free, so let's take a few bottles home.
5190	什	你在說什麼?	What are you saying?
5191	什	媽媽煮了一鍋什錦湯,裡面有蔬菜、菇類和豆腐。	Mom cooked a pot of assorted soup with vegetables, mushrooms and tofu.
5192	加盟	這家店是加盟店。	This shop is a franchise.
5193	加盟	他在加盟前評估了很久,才決定加入這個連鎖早餐店。	He evaluated for a long time before joining and deciding to join this breakfast chain.
5194	域名	我要買一個域名。	I want to buy a domain name.
5195	域名	他為了網站註冊了一個簡單好記的域名,方便客人搜尋。	He registered a simple, memorable domain name for his website so customers can find it easily.
5196	履行	請履行你的承諾。	Please fulfill your promise.
5197	履行	雙方必須履行合約上的責任,否則就要賠償。	Both sides must fulfill the duties in the contract or else pay compensation.
5198	抱歉	抱歉,我遲到了。	Sorry, I'm late.
5199	抱歉	很抱歉讓你等這麼久,路上塞車塞得很嚴重。	Sorry to keep you waiting so long; traffic was terrible on the road.
5200	暗示	他暗示我該走了。	He hinted that I should leave.
5201	暗示	老闆暗示今年可能不會發年終獎金,同事們聽了都很失望。	The boss hinted there may be no year-end bonus this year, and the coworkers were disappointed.
5202	滅	火滅了。	The fire went out.
5203	滅	消防隊員花了兩個小時,才把大火完全撲滅。	It took firefighters two hours to fully put out the big fire.
5204	短片	我拍了一支短片。	I filmed a short video.
5205	短片	她把旅行的短片剪好後,放到網路上,收到很多留言。	After editing her travel clips, she put them online and got lots of comments.
5206	聯合會	他參加了聯合會。	He joined the federation.
5207	聯合會	各地的農民聯合會共同發表聲明,要求政府改善收購價格。	Farmers' federations from various places jointly issued a statement asking the government to improve purchase prices.
5208	貪污	他被控貪污。	He was accused of corruption.
5209	貪污	貪污案件曝光之後,民眾對政府的信任大幅下降。	After the corruption case was exposed, public trust in the government dropped sharply.
5210	順	一路都很順利。	Everything went smoothly all the way.
5211	順	沿著這條路一直走,順便買個麵包回來好嗎?	Go straight down this road. Can you pick up a bread on the way back?
5212	乾脆	乾脆我們自己去吧。	We might as well just go ourselves.
5213	乾脆	等了半小時都沒公車,我乾脆叫計程車回家算了。	After half an hour without a bus, I simply took a taxi home instead.
5214	兩邊	路兩邊都有樹。	There are trees on both sides of the road.
5215	兩邊	兩邊的意見都有道理,所以我很難決定要支持哪一邊。	Both sides' opinions make sense, so it's hard for me to decide which to support.
5216	參選	他想參選市長。	He wants to run for mayor.
5217	參選	她宣布參選里長,希望能為社區多做一點事。	She announced she'll run for borough warden, hoping to do more for the neighborhood.
5218	增進	多運動可增進健康。	More exercise improves health.
5219	增進	公司辦員工旅遊,希望能增進同事之間的感情。	The company organizes trips to strengthen relationships among coworkers.
5220	導向	以客戶為導向。	Customer-oriented.
5221	導向	公司決定以客戶需求為導向,重新設計整個服務流程。	The company decided to be customer-needs oriented and redesign the whole service process.
5222	意識形態	這是意識形態的問題。	This is a matter of ideology.
5223	意識形態	兩黨的意識形態不同,所以在很多議題上吵個不停。	The two parties' ideologies differ, so they argue about many issues.
5224	擁護	大家都擁護他。	Everyone supports him.
5225	擁護	居民們擁護這個新計畫,因為它能改善社區的環境。	Residents back this new plan because it improves the neighborhood.
5226	未知	結果還是未知的。	The result is still unknown.
5227	未知	面對未知的未來,他選擇先把眼前的事情做好。	Facing an unknown future, he chose to first do well what lies ahead.
5228	派對	明天有派對。	There's a party tomorrow.
5229	派對	她在家裡辦了一場生日派對,邀請了十幾位朋友來玩遊戲。	She held a birthday party at home and invited a dozen friends to play games.
5230	珠寶	她喜歡珠寶。	She likes jewelry.
5231	珠寶	櫥窗裡擺著各種珠寶,在燈光下閃閃發亮。	The window displays all kinds of jewelry that sparkles under the lights.
5232	簽約	明天要簽約。	We're signing the contract tomorrow.
5233	簽約	兩家公司簽約之後,會正式展開長期合作。	After the two companies sign the contract, they'll formally begin long-term cooperation.
5234	處分	他受到處分。	He was disciplined.
5235	處分	學生作弊被發現,學校給予記過處分,並通知了家長。	The student was caught cheating, and the school issued a demerit and notified the parents.
5236	賭博	賭博是不好的。	Gambling is bad.
5237	賭博	賭博會讓人越陷越深,很多家庭因此欠了一大筆債。	Gambling pulls people deeper, and many families end up with big debts because of it.
5238	金牌	他拿到了金牌。	He won a gold medal.
5239	金牌	選手在奧運會上奪得金牌,回國時受到熱烈的歡迎。	The athlete won gold at the Olympics and received a warm welcome on returning home.
5240	順便	順便買杯咖啡。	Pick up a coffee on the way.
5241	順便	你去超商的話,可以順便幫我拿一下包裹嗎?	If you're going to the convenience store, could you pick up my package while you're at it?
5242	二次	這是第二次。	This is the second time.
5243	二次	第二次面試比第一次順利很多,我覺得有機會被錄取。	The second interview went much more smoothly than the first, and I think I have a chance of being hired.
5244	兵團	這支兵團駐守在邊界。	This corps is stationed at the border.
5245	兵團	歷史書上寫著,那支兵團在戰爭中連續打了好幾場勝仗。	The history book says that corps won several battles in a row during the war.
5246	可悲	這很可悲。	This is lamentable.
5247	可悲	明明有能力卻不敢嘗試,真是可悲。	It's sad to have the ability but not dare to try.
5248	大爺	他在店裡擺出大爺的樣子。	He acts like a lord in the shop.
5249	大爺	你以為你是大爺啊?吃完飯連碗都不收,還要別人伺候你。	Who do you think you are, a lord? You don't even clear your bowl and expect others to wait on you.
5250	屎	小狗在地上拉屎。	The puppy pooped on the ground.
5251	屎	帶狗出去散步,記得要撿狗屎,這是基本的公德心。	When walking your dog, remember to pick up dog poop; it's basic civic courtesy.
5252	恰當	這樣說不恰當。	It's not appropriate to put it that way.
5253	恰當	在正式場合穿牛仔褲不太恰當,你還是換一件襯衫吧。	Wearing jeans at a formal occasion isn't appropriate; you'd better change into a shirt.
5254	改建	這棟樓要改建。	This building will be rebuilt.
5255	改建	舊倉庫被改建成一間咖啡廳,保留了原來的紅磚牆。	The old warehouse was converted into a cafe, keeping its original red-brick walls.
5256	概況	請介紹一下概況。	Please give an overview.
5257	概況	簡報一開始,他先說明了公司的概況,再介紹新的產品。	At the start of the presentation he outlined the company's overview, then introduced the new product.
5258	演繹	這個故事被演繹成電影。	The story was adapted into a movie.
5259	演繹	這位歌手用自己的方式演繹這首老歌,聽起來特別有味道。	The singer interpreted this old song in her own way, which sounds especially full of flavor.
5260	盧	你不要一直盧我。	Stop nagging me.
5261	盧	他盧了我一個晚上,我才答應陪他去逛街。	He pestered me all evening before I agreed to go shopping with him.
5262	繁殖	兔子繁殖得很快。	Rabbits breed quickly.
5263	繁殖	春天是許多動物繁殖的季節,森林裡到處都是小動物。	Spring is the breeding season for many animals, and the forest is full of young creatures.
5264	見識	我想去見識一下。	I want to go see for myself.
5265	見識	第一次去歐洲旅行,讓我見識到不同國家的生活方式。	My first trip to Europe showed me different countries' ways of life.
5266	逃脫	囚犯想逃脫。	The prisoner wanted to escape.
5267	逃脫	他很幸運地從火場逃脫,只受了一點輕傷。	He luckily escaped from the fire with only a minor injury.
5268	難受	我肚子很難受。	My stomach feels awful.
5269	難受	看到他一個人坐在那裡哭,我心裡也覺得很難受。	Seeing him sit there crying alone made me feel terrible too.
5270	上門	客人上門了。	A customer has dropped in.
5271	上門	最近生意不好,很少有客人上門,老闆只好搞促銷。	Business is slow lately and few customers come in, so the boss has to run promotions.
5272	住所	請寫下你的住所。	Please write your residence.
5273	住所	搬了新住所之後,別忘了到戶政事務所辦理地址變更。	After moving to a new residence, don't forget to update your address at the household registration office.
5274	全場	全場都在鼓掌。	The entire audience is applauding.
5275	全場	歌手一開口,全場觀眾都安靜下來,專心聽他唱歌。	As the singer began, the whole audience quieted down and listened.
5276	協	請你協助我。	Please assist me.
5277	協	多虧鄰居的協助,我才能這麼快就搬完家。	Thanks to the neighbor's help, I was able to finish moving so quickly.
5278	單詞	我在背英文單詞。	I'm memorizing English vocabulary.
5279	單詞	每天背二十個單詞,一年之後英文程度會進步很多。	Memorize twenty words a day and your English will improve a lot in a year.
5280	天真	孩子的笑容很天真。	The child's smile is innocent.
5281	天真	你不要太天真了,天下沒有白吃的午餐。	Don't be too naive; there's no such thing as a free lunch.
5282	實事求是	做研究要實事求是。	Research must be based on facts.
5283	實事求是	他做事一向實事求是,從來不隨便誇大或隱瞞。	He's always practical and truth-seeking, never exaggerating or hiding things.
5284	役	他服役兩年。	He did two years of military service.
5285	役	台灣的男生年滿十八歲,要接受兵役檢查,並依規定服役。	Taiwanese males aged eighteen undergo a military service check and serve as required.
5286	抄	我抄筆記。	I copy the notes.
5287	抄	考試的時候絕對不可以抄別人的答案,被發現會被記過。	You must never copy others' answers in exams, and if caught you get a demerit.
5288	擔負	他擔負起責任。	He shouldered responsibility.
5289	擔負	爸爸一個人擔負全家的生活開銷,所以每天都工作到很晚。	Dad alone bears the family's living costs, so he works late every day.
5290	有望	我們有望贏。	We have a chance of winning.
5291	有望	這支球隊今年表現亮眼,有望拿下聯賽冠軍。	This team has performed brilliantly this year and is on course for the league title.
5292	毒藥	這是毒藥。	This is poison.
5293	毒藥	故事裡的壞皇后給公主吃了一顆毒藥蘋果,大家都很害怕。	In the story the wicked queen gave the princess a poisoned apple, and everyone was terrified.
5294	灌溉	農民在灌溉稻田。	Farmers are irrigating the rice paddies.
5295	灌溉	久旱不雨,水庫的水位下降,灌溉用水變得很緊張。	With a long drought the reservoir level dropped, and irrigation water is in short supply.
5296	發售	新手機明天發售。	The new phone goes on sale tomorrow.
5297	發售	這款遊戲預計下個月發售,很多玩家已經提前預訂了。	This game is scheduled for release next month, and many players have pre-ordered.
5298	竹	院子裡種了一些竹子。	There is some bamboo planted in the yard.
5299	竹	老師傅用竹編了一個籃子,手藝非常細緻,許多人都想買。	The old craftsman wove a basket from bamboo with delicate skill, and many want to buy it.
5300	老年	老年人要多運動。	Elderly people should exercise more.
5301	老年	外公進入老年之後,每天早上都去公園跟朋友下棋。	After entering old age, Grandpa plays chess with friends at the park every morning.
5302	衰退	經濟正在衰退。	The economy is declining.
5303	衰退	年紀大了,他的視力和記憶力都慢慢衰退,但他仍然很樂觀。	With age his eyesight and memory slowly decline, but he stays optimistic.
5304	賤	他賤價出售。	He sold at a very low price.
5305	賤	倉庫要清空,所有商品都賤價出售,數量有限,賣完為止。	The warehouse is being cleared and all items are sold at rock-bottom prices while stocks last.
5306	醜陋	這隻動物很醜陋。	This animal is ugly.
5307	醜陋	醜陋的外表不代表內心也醜陋,故事裡的野獸其實很善良。	An ugly exterior doesn't mean an ugly heart; the beast in the story is actually kind.
5308	頸	長頸鹿的頸很長。	A giraffe's neck is very long.
5309	頸	我整天坐在電腦前,頸部和肩膀都很痠,需要去按摩。	I sit at the computer all day and my neck and shoulders ache, so I need a massage.
5310	假日	假日我睡到中午。	On days off I sleep until noon.
5311	假日	假日的公路常常塞車,所以我們決定提早出發。	Highways are often jammed on holidays, so we decided to set off early.
5312	抱石	他週末去抱石。	He goes bouldering on weekends.
5313	抱石	抱石不需要繩子,但地上要鋪厚墊子,以免摔下來受傷。	Bouldering needs no rope, but thick mats are laid on the ground in case you fall and hurt yourself.
5314	素食	我吃素食。	I eat vegetarian.
5315	素食	這家素食餐廳的菜色很豐富,連不吃素的朋友也很喜歡。	This vegetarian restaurant has a rich menu that even non-vegetarian friends love.
5316	雨傘	我忘了帶雨傘。	I forgot my umbrella.
5317	雨傘	下大雨的時候,雨傘根本擋不住,衣服還是濕了一大半。	In heavy rain an umbrella can't keep you dry, and half my clothes got wet.
5318	有的	有的人愛吃辣。	Some people love spicy food.
5319	有的	教室裡有的同學在寫作業,有的同學在聊天,很熱鬧。	In the classroom some students are doing homework and some are chatting, so it's lively.
5320	月	這個月的水費很貴。	This month's water bill is high.
5321	月	我每個月都會固定存一點錢，月底再看看剩多少。	I put a bit of money aside every month and see what's left at month's end.
5322	可能	他可能在路上塞車。	He may be stuck in traffic.
5323	可能	明天可能會有颱風，公司說不一定要進辦公室。	A typhoon may hit tomorrow, and the company says we may not need to come in.
5324	其他	其他人都到了嗎？	Is everyone else here?
5325	其他	這道菜我吃過了，其他的你們可以點點看。	I've had this dish already; you can try ordering the others.
5326	服務	這家店的服務很好。	The service at this shop is great.
5327	服務	他在醫院服務了三十年，同事都很敬重他。	He served at the hospital for thirty years and his colleagues respect him a lot.
5328	教育	他很重視孩子的教育。	He cares a lot about his children's education.
5329	教育	政府打算增加教育預算，讓偏鄉學校也有好設備。	The government plans to raise the education budget so rural schools can have good equipment too.
5330	保護	請保護好你的眼睛。	Please take good care of your eyes.
5331	保護	保護環境，從少用塑膠袋開始。	Protecting the environment starts with using fewer plastic bags.
5332	英國	他在英國念書。	He studies in the UK.
5333	英國	我表姊明年要去英國留學，現在正在準備英文考試。	My cousin is going to study in the UK next year and is preparing for the English exams.
5334	多少	這個多少錢？	How much is this?
5335	多少	你一個月大概要花多少錢在交通上？	About how much do you spend on transportation a month?
5336	行動	我們必須馬上行動。	We must act right away.
5337	行動	行動電源沒電了，我的手機也快關機了。	The power bank is dead, and my phone is about to shut off too.
5338	官方	這是官方公告。	This is an official announcement.
5339	官方	官方網站已經公布了活動時間，你可以上去看看。	The official website has posted the event time; you can go take a look.
5340	記錄	請記錄今天的溫度。	Please record today's temperature.
5341	記錄	醫生把我的血壓記錄在病歷上，下次回診再比對。	The doctor recorded my blood pressure in my chart to compare at the next visit.
5342	報道	報紙報道了這場比賽。	The newspaper reported on this match.
5343	報道	根據新聞報道，明天北部會有大雨，出門記得帶傘。	According to news reports, there will be heavy rain in the north tomorrow, so take an umbrella.
5344	歡迎	歡迎光臨！	Welcome!
5345	歡迎	歡迎大家下週來參加我的生日派對。	Everyone is welcome to come to my birthday party next week.
5346	設備	健身房的設備很新。	The gym's equipment is new.
5347	設備	公司更新了辦公室的設備，網路也變快了。	The company upgraded the office equipment and the network got faster too.
5348	倒	小心別摔倒。	Be careful not to fall.
5349	倒	昨晚的強風把路邊的招牌吹倒了，今天早上還在整理。	The strong wind last night blew down a roadside sign, and it's still being cleaned up this morning.
5350	意識	他還沒有意識到問題。	He hasn't realized the problem yet.
5351	意識	環保意識提高後，越來越多人自備環保杯。	As environmental awareness has grown, more and more people bring their own cups.
5352	聯盟	他們組成了聯盟。	They formed an alliance.
5353	聯盟	各國組成貿易聯盟，希望降低彼此的關稅。	Countries formed a trade alliance hoping to lower tariffs on one another.
5354	下去	你先下去等我。	Go down first and wait for me.
5355	下去	這份工作雖然辛苦，但我還是想堅持下去。	This job is tough, but I still want to keep going.
5356	周	我家周圍很安靜。	It's quiet around my home.
5357	周	他騎腳踏車環島一周，只花了十天。	He cycled all the way around the island in only ten days.
5358	投入	他很投入工作。	He's very dedicated to his work.
5359	投入	他把大量時間投入學習中文，進步很快。	He puts a lot of time into studying Chinese and is improving fast.
5360	特點	這家店的特點是便宜。	This shop's special feature is being cheap.
5361	特點	這款手機最大的特點是電池特別耐用。	The biggest feature of this phone is its especially durable battery.
5362	超級	這碗麵超級好吃！	This bowl of noodles is super tasty!
5363	超級	超級市場週年慶，很多商品都打五折。	The supermarket's anniversary sale has many items at half price.
5364	作出	老闆作出了決定。	The boss made a decision.
5365	作出	經過幾次討論，委員會終於作出了最後的決議。	After several discussions, the committee finally reached a final resolution.
5366	審查	文件還在審查中。	The document is still under review.
5367	審查	這份申請要經過三個部門審查，大概需要兩週。	This application must be reviewed by three departments, which takes about two weeks.
5368	收	我收到你的信了。	I received your letter.
5369	收	下班前記得把桌上的東西收好，才不會弄丟。	Remember to put away your things before leaving work so nothing gets lost.
5370	立場	我們立場不同。	We have different positions.
5371	立場	每個人的立場不一樣，所以對這件事的看法也不同。	Everyone's standpoint differs, so views on this matter differ too.
5372	風格	他的穿衣風格很特別。	His dressing style is unique.
5373	風格	這家咖啡店的裝潢走的是日式簡約風格。	This coffee shop's decor is in a minimalist Japanese style.
5374	協調	大家需要協調一下。	We all need to coordinate a bit.
5375	協調	經過幾次協調，兩家公司終於達成共識。	After several rounds of coordination, the two companies finally reached a consensus.
5376	將會	明天將會下雨。	It will rain tomorrow.
5377	將會	下個月起，捷運的票價將會調整。	Starting next month, MRT fares will be adjusted.
5378	數學	我的數學不太好。	I'm not very good at math.
5379	數學	數學老師出了很多練習題，要我們週五前交。	The math teacher assigned lots of practice problems due by Friday.
5380	病毒	這種病毒傳得很快。	This virus spreads fast.
5381	病毒	醫生提醒大家勤洗手，才能避免病毒傳染。	The doctor reminds everyone to wash their hands often to avoid spreading the virus.
5382	西部	台灣西部人口很多。	Western Taiwan is heavily populated.
5383	西部	台灣西部有高鐵和高速公路，交通比東部方便許多。	Western Taiwan has high-speed rail and freeways, making transportation much easier than in the east.
5384	館	週末我們去博物館。	We're going to the museum this weekend.
5385	館	這間旅館離車站很近，櫃台二十四小時有人。	This hotel is near the station, and the front desk is staffed twenty-four hours.
5386	分配	我們先分配工作吧。	Let's assign the tasks first.
5387	分配	經理把新專案分配給三個小組，各自負責不同部分。	The manager assigned the new project to three teams, each handling a different part.
5388	封	他寄了一封信給我。	He sent me a letter.
5389	封	路面積水太深，附近的道路已經被封了。	The water on the road is too deep, so nearby roads have been closed off.
5390	旅行	我喜歡一個人旅行。	I like traveling alone.
5391	旅行	暑假我們計畫去歐洲旅行兩週，現在在查機票。	This summer we plan to travel to Europe for two weeks and are checking flights now.
5392	男女	男女都可以參加。	Both men and women can join.
5393	男女	這份工作不分男女，只要有興趣都可以來應徵。	This job is open to men and women alike; anyone interested can apply.
5394	記載	古書記載了這件事。	Old books recorded this matter.
5395	記載	古書記載，這座廟已經有三百多年的歷史。	Ancient books record that this temple has over three hundred years of history.
5396	餐廳	這間餐廳很好吃。	This restaurant is delicious.
5397	餐廳	週末的餐廳常常客滿，最好先訂位。	Restaurants are often full on weekends, so it's best to book ahead.
5398	入侵	駭客入侵了系統。	Hackers broke into the system.
5399	入侵	外來物種入侵後，本地的生態受到很大的影響。	After alien species invaded, the local ecology was greatly affected.
5400	哥	我哥在台北工作。	My older brother works in Taipei.
5401	哥	我哥比我大五歲，小時候常常帶我去騎腳踏車。	My brother is five years older than me and often took me biking as a kid.
5402	尚	時間尚早，不用急。	It's still early; no need to rush.
5403	尚	這件事尚未決定，請大家再等一等。	This hasn't been decided yet; please wait a little longer.
5404	打破	他不小心打破了杯子。	He accidentally broke the cup.
5405	打破	她在比賽中打破了全國紀錄，大家都為她鼓掌。	She broke the national record in the competition and everyone applauded her.
5406	橋	這座橋很長。	This bridge is very long.
5407	橋	走過那座橋，就能看到那間老廟。	Cross that bridge and you'll see the old temple.
5408	監管	政府加強食品監管。	The government is strengthening food oversight.
5409	監管	金融監管機關正在調查這起案件。	The financial regulators are investigating this case.
5410	葉	樹葉變黃了。	The leaves have turned yellow.
5411	葉	秋天一到，路邊的樹葉就一片一片掉下來。	When autumn comes, the leaves along the road fall one by one.
5412	通信	我們靠書信通信。	We correspond by letters.
5413	通信	那時沒有手機，他和朋友只能靠寫信通信，一封信要等好幾天。	There were no cell phones then, so he and his friends could only write letters, waiting days for each.
5414	下次	下次再一起吃飯。	Let's eat together next time.
5415	下次	下次你來台南，我帶你去吃真正的牛肉湯。	Next time you come to Tainan, I'll take you for real beef soup.
5416	剝奪	沒人能剝奪你的自由。	No one can take away your freedom.
5417	剝奪	他因為犯罪，被剝奪了公民權。	Because of his crime, he was stripped of his civil rights.
5418	夫婦	那對夫婦住在隔壁。	That couple lives next door.
5419	夫婦	這對夫婦開了一家小書店，已經經營二十年了。	This couple opened a small bookstore and has run it for twenty years.
5420	成分	這瓶飲料的成分是什麼？	What are the ingredients of this drink?
5421	成分	買保養品前我都會先看成分，避免過敏。	Before buying skincare I always check the ingredients to avoid allergies.
5422	果然	果然下雨了。	Sure enough, it rained.
5423	果然	我就說這家餐廳不錯，果然大家都說好吃。	I said this restaurant is good, and sure enough everyone says it's delicious.
5424	生意	春天一到，大地充滿生意。	When spring comes, the land is full of life.
5425	生意	一場春雨過後，枯黃的草地又恢復了生意。	After a spring rain, the withered grass regained its vitality.
5426	網路	這裡的網路很快。	The internet here is fast.
5427	網路	網路突然斷線，我的視訊會議也只好中斷。	The internet suddenly dropped, so my video meeting had to be interrupted.
5428	貫徹	要貫徹到底。	We must see it through.
5429	貫徹	公司要求每個部門貫徹環保政策，減少紙張使用。	The company requires every department to carry out the eco policy and cut paper use.
5430	驚人	他的進步很驚人。	His progress is astonishing.
5431	驚人	這款新遊戲的銷量很驚人，上市一天就賣完了。	This new game's sales are astonishing; it sold out on its first day.
5432	價值觀	每個人價值觀不同。	Everyone has different values.
5433	價值觀	家庭教育對孩子價值觀的形成有很大的影響。	Family upbringing greatly influences how a child's values form.
5434	向前	請向前走三步。	Please take three steps forward.
5435	向前	不管遇到什麼困難，我們都要繼續向前。	No matter what difficulties we meet, we keep moving forward.
5436	子彈	電影裡有很多子彈聲。	The movie has many gunshot sounds.
5437	子彈	子彈穿過了牆壁，現場一片混亂，警察立刻封鎖了出入口。	The bullet passed through the wall, the scene was chaotic, and police sealed off the exits at once.
5438	征服	他想征服這座山。	He wants to conquer this mountain.
5439	征服	他花了五年，才征服了世界上最高的幾座山。	It took him five years to conquer several of the world's highest mountains.
5440	政	他從政很多年了。	He's been in politics for many years.
5441	政	這項政策受到不少批評，政府也決定重新檢討。	This policy drew much criticism and the government decided to review it.
5442	氣體	空氣是氣體。	Air is a gas.
5443	氣體	瓦斯是一種易燃氣體，使用時要注意通風。	Gas is a flammable gas, so ensure ventilation when using it.
5444	片段	我只記得一些片段。	I only remember some fragments.
5445	片段	電影的最後一個片段，讓我感動得掉下眼淚。	The movie's final scene moved me to tears.
5446	碼頭	漁船停在碼頭。	Fishing boats are docked at the pier.
5447	碼頭	我們在碼頭等船，海風吹得有點冷。	We waited for the boat at the pier, and the sea wind was a bit cold.
5448	職能	每個部門的職能不同。	Each department has a different function.
5449	職能	新成立的小組職能是協調各部門，避免重複工作。	The new team's role is to coordinate departments and avoid duplicated work.
5450	走進	她走進教室。	She walked into the classroom.
5451	走進	我走進咖啡店，聞到一股濃濃的烘焙香。	I walked into the cafe and smelled a rich baking aroma.
5452	陰謀	這是一個陰謀。	This is a conspiracy.
5453	陰謀	警方破獲了一起陰謀，及時阻止了犯罪發生。	Police uncovered a plot and stopped the crime in time.
5454	三級	我們學校三級警戒時停課。	Our school suspended classes during Level 3 alert.
5455	三級	疫情三級警戒時，餐廳只能外帶，大家都在家工作。	During the Level 3 alert, restaurants were takeout only and everyone worked from home.
5456	內涵	這部電影很有內涵。	This movie has depth.
5457	內涵	他不太說話，但很有內涵，聊起來才知道什麼都懂。	He doesn't talk much but has depth; chatting with him you realize he knows everything.
5458	哼	他哼了一聲。	He snorted.
5459	哼	她一邊洗碗，一邊哼著歌。	She hummed a song while washing the dishes.
5460	存款	我的存款不多。	I don't have much in savings.
5461	存款	他把存款拿來買房子，每個月再慢慢還貸款。	He used his savings to buy a house and slowly repays the loan each month.
5462	從來不	我從來不喝咖啡。	I never drink coffee.
5463	從來不	他從來不遲到，所以大家都很信任他。	He is never late, so everyone trusts him.
5464	支出	每月支出很多。	Monthly expenses are high.
5465	支出	這個月的支出比收入多，所以我得好好想想怎麼省錢。	This month my spending exceeds my income, so I need to think about saving.
5466	此前	此前沒有人知道這件事。	No one knew about this before.
5467	此前	此前她從未去過國外，這次是第一次搭飛機。	She had never been abroad before; this is her first time on a plane.
5468	玫瑰	他送我一朵玫瑰。	He gave me a rose.
5469	玫瑰	情人節那天，花店裡的玫瑰全部賣光了。	On Valentine's Day the flower shop sold out of roses.
5470	糾正	老師糾正我的發音。	The teacher corrected my pronunciation.
5471	糾正	有人發現錯誤時，要用禮貌的方式糾正，不要讓對方難堪。	When pointing out a mistake, correct it politely and don't embarrass the person.
5472	衛	保全人員守衛著大門。	Security guards the gate.
5473	衛	國家的安全需要軍人來捍衛，也需要每個人的關心。	National security needs soldiers to defend it and everyone's concern.
5474	部位	你哪個部位痛？	Which part of your body hurts?
5475	部位	按摩時要避開受傷的部位，免得讓傷口更嚴重。	When massaging, avoid the injured area so as not to worsen it.
5476	一類	他們是同一類人。	They are the same type of person.
5477	一類	這一類書籍通常放在圖書館的二樓。	This kind of book is usually on the library's second floor.
5478	做事	他做事很認真。	He works very seriously.
5479	做事	做事要有計劃，才不會手忙腳亂。	Work with a plan so you won't be flustered.
5480	前夕	春節前夕，市場人潮擁擠。	On the eve of Lunar New Year, the market was packed.
5481	前夕	畢業典禮前夕，同學們都在教室裡布置會場。	On the eve of graduation, classmates were decorating the hall in the classroom.
5482	啤酒	我想喝啤酒。	I'd like a beer.
5483	啤酒	夏天吃完燒烤，來一杯冰啤酒最過癮。	After a summer barbecue, an ice-cold beer is the best.
5484	媒介	空氣是聲音的媒介。	Air is the medium of sound.
5485	媒介	網路成了現代人最重要的傳播媒介。	The internet has become modern people's most important medium.
5486	底下	桌子底下有一隻貓。	There's a cat under the table.
5487	底下	我把鑰匙放在花盆底下，你自己拿。	I put the key under the flowerpot; get it yourself.
5488	招標	政府公開招標。	The government is putting it out to open bidding.
5489	招標	這個工程已經公告招標，下個月會決定哪家公司得標。	The project has been put out to tender, and next month it will be decided which firm wins.
5490	早安	早安，今天好嗎？	Good morning, how are you today?
5491	早安	每天早上，他都會傳一張風景照和一句早安給我。	Every morning he sends me a scenery photo and a good morning.
5492	殼	蛋殼破了。	The eggshell cracked.
5493	殼	螃蟹的殼很硬，吃的時候要用工具敲開。	Crab shells are hard; use a tool to crack them open.
5494	瀏覽器	請更新瀏覽器。	Please update your browser.
5495	瀏覽器	這個網站在舊版瀏覽器上打不開，請換最新版本。	This website won't open in older browsers; please switch to the latest version.
5496	睡著	我看電影時睡著了。	I fell asleep during the movie.
5497	睡著	昨晚太累，我一躺下就睡著了。	I was so tired last night that I fell asleep the moment I lay down.
5498	航線	這條航線很熱門。	This flight route is popular.
5499	航線	因為颱風，從台北飛東京的航線有好幾班被取消。	Because of the typhoon, several flights on the Taipei-Tokyo route were canceled.
5500	豪華	這家飯店很豪華。	This hotel is luxurious.
5501	豪華	他們在豪華的餐廳辦了婚禮，花了不少錢。	They held their wedding at a luxurious restaurant and spent quite a bit.
5502	酸	檸檬很酸。	Lemons are sour.
5503	酸	爬完山後，我兩條腿又酸又痛。	After the hike, my legs were sore and aching.
5504	電影院	我們去電影院。	We're going to the cinema.
5505	電影院	這間電影院的座位很舒服，所以我常來。	The seats in this cinema are comfortable, so I come often.
5506	中立	他保持中立。	He stays neutral.
5507	中立	新聞報導應該保持中立，不要偏向任何一方。	News reports should stay neutral and not favor either side.
5508	八卦	這個圖案是八卦。	This pattern is the eight trigrams.
5509	八卦	廟門上畫著八卦，據說可以辟邪。	The eight trigrams are painted on the temple door and are said to ward off evil.
5510	取決於	這取決於你。	It depends on you.
5511	取決於	活動能不能舉辦，取決於當天的天氣。	Whether the event can be held depends on the weather that day.
5512	大雨	昨晚下了大雨。	It rained heavily last night.
5513	大雨	大雨讓路面積水，有些地方的公車也改道了。	The heavy rain flooded roads, and some buses were rerouted.
5514	展出	畫作正在展出。	The paintings are on display.
5515	展出	博物館展出了一批剛從國外借來的古董。	The museum exhibited a batch of antiques just borrowed from abroad.
5516	悠久	這座古城歷史悠久。	This ancient city has a long history.
5517	悠久	台灣擁有悠久的茶文化，每個季節都有不同的茶。	Taiwan has a long tea culture, with different teas in every season.
5518	改成	我想改成明天。	I'd like to change it to tomorrow.
5519	改成	會議的時間改成下午三點，請大家確認。	The meeting time is changed to 3 p.m.; please confirm.
5520	樓上	樓上很吵。	It's noisy upstairs.
5521	樓上	樓上的鄰居半夜還在拖椅子，吵得我睡不著。	The upstairs neighbor is still dragging chairs at midnight, and I can't sleep.
5522	演習	軍隊在演習。	The army is conducting a drill.
5523	演習	學校每學期都會舉辦地震演習，讓學生知道怎麼逃生。	The school holds an earthquake drill each semester so students know how to escape.
5524	盲目	不要盲目跟風。	Don't follow trends blindly.
5525	盲目	盲目地投資很危險，一定要先做功課。	Investing blindly is dangerous; do your homework first.
5526	織	她在織圍巾。	She's knitting a scarf.
5527	織	阿嬤會自己織毛衣，每年冬天都織一件給我們。	Grandma knits sweaters herself, making one for us every winter.
5528	視察	市長視察工地。	The mayor inspects the construction site.
5529	視察	部長下週要到南部視察水庫的狀況。	The minister will go south next week to inspect the reservoir.
5530	逃跑	小偷逃跑了。	The thief ran away.
5531	逃跑	看到警察走過來，他轉身就逃跑了。	Seeing the police approach, he turned and ran.
5532	難怪	難怪你這麼累。	No wonder you're so tired.
5533	難怪	原來他昨晚沒睡，難怪今天一直打哈欠。	So he didn't sleep last night; no wonder he keeps yawning today.
5534	上限	有人數上限。	There's a cap on numbers.
5535	上限	每個人購買的上限是兩張，賣完就沒有了。	The purchase limit is two per person, and once sold out that's it.
5536	住院	他生病住院了。	He got sick and was hospitalized.
5537	住院	奶奶下週要住院做檢查，我們輪流去照顧她。	Grandma is being hospitalized for tests next week, and we take turns caring for her.
5538	冷漠	他的態度很冷漠。	His attitude is cold.
5539	冷漠	現代人在大城市裡生活，有時候對鄰居也很冷漠。	Modern people in big cities are sometimes indifferent even to neighbors.
5540	受害人	受害人報警了。	The victim called the police.
5541	受害人	警方通知受害人到派出所做筆錄。	The police asked the victim to come to the station to give a statement.
5542	圓形	這是圓形的桌子。	This is a round table.
5543	圓形	這間餐廳的桌子都是圓形的，很適合朋友聚餐。	This restaurant's tables are all round, perfect for friends dining together.
5544	始建	此廟始建於清朝。	This temple was first built in the Qing dynasty.
5545	始建	這座古城堡始建於十七世紀，後來經過多次整修。	This old castle was first built in the seventeenth century and renovated many times since.
5546	峰會	各國領袖召開峰會。	World leaders are holding a summit.
5547	峰會	經濟峰會討論了氣候變遷，各國代表都發表了看法。	The economic summit discussed climate change, and delegates all gave their views.
5548	恥辱	這是一種恥辱。	This is a disgrace.
5549	恥辱	被冤枉成小偷，對他來說是一種恥辱。	Being falsely accused of theft was a humiliation to him.
5550	捐	我想捐血。	I'd like to donate blood.
5551	捐	我每個月都捐一點錢給育幼院，希望能幫到孩子們。	I donate a bit of money to an orphanage each month, hoping to help the kids.
5552	整治	政府整治河川。	The government is cleaning up the rivers.
5553	整治	市政府花了三年整治這條河，如今水質乾淨多了。	The city government spent three years restoring this river, and the water is much cleaner now.
5554	極品	這是極品茶葉。	This is top-grade tea.
5555	極品	這家店的牛肉麵堪稱極品，湯頭濃郁卻不油。	This shop's beef noodles are top-notch, with a rich yet not greasy broth.
5556	活潑	她很活潑。	She is lively.
5557	活潑	活潑的小孩在公園裡跑來跑去，笑聲不斷。	Lively kids ran around the park, laughing nonstop.
5558	物理學	他念物理學。	He studies physics.
5559	物理學	物理學家研究宇宙的規則，從最小的粒子到最大的星系。	Physicists study the universe's rules, from the smallest particles to the largest galaxies.
5560	知名度	他的知名度很高。	He has high name recognition.
5561	知名度	這家老店的知名度越來越高，常有觀光客專程來吃。	This old shop's fame keeps growing, and tourists often come just to eat here.
5562	紳士	他是個紳士。	He's a gentleman.
5563	紳士	這位紳士主動幫老太太提行李，讓人覺得很溫暖。	This gentleman offered to carry the old lady's luggage, which felt warm.
5564	舍	我住在學校的宿舍。	I live in the school dorm.
5565	舍	舍弟明年就要上大學了，現在正忙著準備考試。	My younger brother goes to college next year and is busy preparing for exams.
5566	認得	我認得這個字。	I recognize this character.
5567	認得	過了二十年，我還是一眼就認得出他。	After twenty years, I still recognized him at a glance.
5568	逃走	小偷逃走了。	The thief escaped.
5569	逃走	籠子沒關好，兔子趁機逃走了，我們找了好久才找到。	The cage wasn't shut properly and the rabbit escaped; it took us ages to find it.
5570	雙向	這是雙向道路。	This is a two-way road.
5571	雙向	好的溝通是雙向的，不是只有一個人在講話。	Good communication is two-way, not just one person talking.
5572	魔女	故事裡有魔女。	There's a witch in the story.
5573	魔女	童話中的魔女把公主變成了青蛙，讓王子很困擾。	In the fairy tale the witch turned the princess into a frog, troubling the prince.
5574	大概是	他沒回訊息，大概是睡著了。	He didn't reply; he's probably asleep.
5575	大概是	那間店今天沒開，大概是老闆去旅行了。	That shop is closed today, probably because the owner went traveling.
5576	沒落	傳統產業慢慢沒落。	Traditional industries are slowly declining.
5577	沒落	這條老街曾經很熱鬧，後來隨著商圈轉移而沒落。	This old street was once lively but declined as the commercial hub shifted.
5578	請客	今天我請客。	It's my treat today.
5579	請客	這次考試我考得不錯，所以晚上請客，大家想吃什麼？	I did well on the exam so I'm treating tonight; what does everyone want to eat?
5580	一條	我買了一條魚。	I bought a fish.
5581	一條	路口有一條小巷，裡面藏著一間很棒的咖啡店。	At the intersection is a small alley hiding a great cafe.
5582	我	我今天早上七點起床。	I got up at seven this morning.
5583	我	我的手機沒電了，可以借我充電嗎？	My phone is out of battery. Can I borrow a charger?
5584	看	我出去的時候，你幫我看一下家。	While I'm out, could you keep an eye on the house?
5585	看	媽媽在客廳看著弟弟寫功課。	Mom is in the living room watching my brother do his homework.
5586	嚮	她從小就嚮往大海。	Since childhood she has longed for the sea.
5587	嚮	那位嚮導帶我們走過山中的小路。	The guide led us along a mountain trail.
5588	還是	你要喝茶還是咖啡？	Do you want tea or coffee?
5589	還是	雖然下雨了，我們還是決定騎機車去海邊。	Even though it rained, we still decided to ride our scooters to the beach.
5590	分	把蛋糕分成四塊。	Cut the cake into four pieces.
5591	分	這筆獎金由大家平均分，每個人都有一份。	The bonus is split evenly, so everyone gets a share.
5592	話	他說的話我聽不懂。	I don't understand what he said.
5593	話	你有話就直接說，不用客氣。	If you have something to say, just say it. Don't hold back.
5594	未	我還未吃午餐。	I haven't had lunch yet.
5595	未	這件事尚未確定，請耐心等候通知。	This is not yet confirmed. Please wait patiently for a notice.
5596	傳統	這是傳統的做法。	This is the traditional way of doing it.
5597	傳統	在台灣，端午節吃粽子、划龍舟是很重要的傳統。	In Taiwan, eating zongzi and dragon boat racing at Dragon Boat Festival are important traditions.
5598	期間	暑假期間，我在咖啡店打工。	During summer vacation, I worked part-time at a café.
5599	期間	活動期間購買任何商品，都可以參加抽獎。	Anything purchased during the promotion period earns you a lottery entry.
5600	介紹	我來介紹一下，這是我同事。	Let me introduce you, this is my coworker.
5601	介紹	朋友介紹我去一家很好吃的牛肉麵店。	A friend recommended a really tasty beef noodle shop to me.
5602	正式	下週一正式上班。	I officially start work next Monday.
5603	正式	新的捷運路線將在明年正式通車。	The new MRT line will officially open next year.
5604	係	本公司係合法登記之企業。	This company is a legally registered business.
5605	係	此係學校規定，請同學務必遵守。	This is a school rule, and students must follow it.
5606	思想	他的思想很開放。	His way of thinking is very open-minded.
5607	思想	讀書不只是為了考試，更能讓我們有獨立的思想。	Reading isn't just for exams. It helps us develop independent thinking.
5608	穿	天氣冷，要多穿一點。	It's cold, so wear more layers.
5609	穿	這雙鞋穿起來很舒服，我走一整天都不會累。	These shoes are comfortable to wear, so I don't get tired walking all day.
5610	青年	這個營隊是為青年設計的。	This camp is designed for young people.
5611	青年	政府推出新方案，鼓勵青年回到家鄉創業。	The government launched a new program to encourage young people to start businesses in their hometowns.
5612	嘛	有話好好說嘛，不要生氣。	Come on, talk it out nicely. Don't get angry.
5613	嘛	這很簡單嘛，你多練習幾次就會了。	It's easy, you know. Just practice a few more times and you'll get it.
5614	無論	無論如何，我都會去。	No matter what, I'll go.
5615	無論	無論天氣好不好，他每天早上都會去公園跑步。	Whatever the weather, he goes jogging in the park every morning.
5616	醫生	我明天要看醫生。	I'm seeing a doctor tomorrow.
5617	醫生	醫生建議我少吃油炸食物，多喝水。	The doctor advised me to eat less fried food and drink more water.
5618	先進	這家醫院的設備很先進。	This hospital's equipment is very advanced.
5619	先進	台灣的半導體技術非常先進，在全世界都很有名。	Taiwan's semiconductor technology is very advanced and famous worldwide.
5620	尋找	我正在尋找一份新工作。	I'm looking for a new job.
5621	尋找	警方呼籲民眾協助尋找失蹤的小狗。	The police called on the public to help find the missing puppy.
5622	本來	我本來想去，後來下雨就算了。	I originally wanted to go, but it rained so I didn't.
5623	本來	這家店本來生意普通，上了電視後突然大紅。	This shop's business was ordinary at first, but after being on TV it suddenly took off.
5624	老闆	老闆，我要一份滷肉飯。	Boss, I'll have an order of braised pork rice.
5625	老闆	我們老闆人很好，過年還會包紅包給大家。	Our boss is very nice and even gives everyone red envelopes at New Year.
5626	隨	你隨我來。	Follow me.
5627	隨	出門時請隨身攜帶證件，隨時準備接受檢查。	When going out, please carry your ID with you, ready for inspection at any time.
5628	取	我去郵局取包裹。	I'm going to the post office to pick up a package.
5629	取	顧客可憑取貨通知，到櫃檯領取商品。	Customers can pick up their goods at the counter with the pickup notice.
5630	形象	他給人的形象很好。	He gives people a good impression.
5631	形象	這家公司很注重品牌形象，連包裝都請設計師處理。	This company cares about its brand image and even has designers handle the packaging.
5632	比例	男女比例大約一比一。	The ratio of men to women is about one to one.
5633	比例	地圖的比例是一比五萬，所以一公分代表五百公尺。	The map scale is 1:50,000, so one centimeter stands for 500 meters.
5634	複	作業做完要複習。	After finishing homework, you need to review.
5635	複	這個問題比想像中複雜，需要重複確認好幾次。	This problem is more complicated than imagined and needs to be double-checked several times.
5636	事物	他喜歡嘗試新事物。	He likes trying new things.
5637	事物	小孩子對周遭的事物總是充滿好奇心。	Children are always curious about the things around them.
5638	啥	你在說啥？	What are you talking about?
5639	啥	吃啥都行，只要不要太辣就好。	I'll eat anything, as long as it's not too spicy.
5640	建造	他們正在建造新橋。	They're building a new bridge.
5641	建造	這座廟是一百年前建造的，到現在還保存得很好。	This temple was built a hundred years ago and is still well preserved.
5642	武裝	警衛全副武裝站在門口。	The guards stood at the door fully armed.
5643	武裝	新聞說，邊境出現了一批武裝人員，附近居民被迫撤離。	The news said armed personnel appeared at the border, forcing nearby residents to evacuate.
5644	簽署	請在這裡簽署。	Please sign here.
5645	簽署	兩家公司昨天簽署了合作協議，預計下個月開始。	The two companies signed a cooperation agreement yesterday, starting next month.
5646	賺	他一個月賺多少錢？	How much does he earn a month?
5647	賺	這家店雖然小，但生意很好，每個月都賺不少。	Though small, this shop does great business and earns quite a bit every month.
5648	不必	你不必擔心。	You don't need to worry.
5649	不必	這只是小事，你不必放在心上，也不用特地道歉。	It's a small thing. You needn't take it to heart or specially apologize.
5650	呼籲	專家呼籲大家多運動。	Experts urge everyone to exercise more.
5651	呼籲	環保團體呼籲民眾少用塑膠袋，自備環保袋購物。	Environmental groups urge the public to use fewer plastic bags and bring their own.
5652	患者	醫院裡有很多患者。	There are many patients in the hospital.
5653	患者	糖尿病患者要特別注意飲食，不能吃太多甜食。	Diabetic patients must watch their diet and avoid too many sweets.
5654	決策	這是一項重要的決策。	This is an important decision.
5655	決策	公司的重大決策都要經過董事會討論才能決定。	Major company decisions have to be discussed by the board before being made.
5656	經費	學校經費很緊。	The school's funds are tight.
5657	經費	活動的經費由社區管理委員會負責，居民不需要另外付錢。	The community committee covers the event's funding, so residents don't pay extra.
5658	載	報紙上載有昨天比賽的結果。	The newspaper carried yesterday's match results.
5659	載	這本書記載了台灣早期的生活情形，很有參考價值。	This book records everyday life in early Taiwan and is very valuable.
5660	主辦	這場活動由市政府主辦。	This event is organized by the city government.
5661	主辦	主辦單位準備了點心和飲料，讓來賓可以自由取用。	The organizers prepared snacks and drinks for guests to help themselves.
5662	刪除	請刪除這張照片。	Please delete this photo.
5663	刪除	手機容量不夠，我只好刪除一些很久沒用的App。	My phone storage was full, so I had to delete some apps I hadn't used in ages.
5664	外面	外面在下雨。	It's raining outside.
5665	外面	外面的世界很大，你應該出去走走，多看看。	The outside world is big. You should go out and see more.
5666	建國	建國初期，生活很辛苦。	In the early years after the founding, life was hard.
5667	建國	爺爺說，建國以來這個國家變化很大。	Grandpa said this country has changed a lot since its founding.
5668	支	我買了一支筆。	I bought a pen.
5669	支	這支手機的電池很耐用，一次充飽可以用兩天。	This phone has a durable battery and lasts two days on a full charge.
5670	溫度	今天溫度很低。	The temperature is very low today.
5671	溫度	冷氣的溫度不要調太低，二十六度就很舒服了。	Don't set the air conditioner's temperature too low. Twenty-six degrees is comfortable.
5672	納	這些錢是用來繳納稅金的。	This money is for paying taxes.
5673	納	公司願意接納不同的意見，所以員工都敢說真話。	The company welcomes different opinions, so employees dare to speak honestly.
5674	說道	他笑著說道：「歡迎光臨。」	He smiled and said, "Welcome."
5675	說道	老師看了看成績單，輕聲說道：「你這次進步很多。」	The teacher looked at the report card and said softly, "You've improved a lot this time."
5676	錄	我用手機錄音。	I'm recording audio with my phone.
5677	錄	那場演講被完整地錄下來，放在網路上供大家觀看。	That speech was fully recorded and posted online for everyone to watch.
5678	內戰	這個國家發生了內戰。	A civil war broke out in this country.
5679	內戰	內戰結束後，人民花了很多年才重建家園。	After the civil war ended, it took the people years to rebuild their homes.
5680	回報	謝謝你，我一定會回報你。	Thank you, I'll definitely repay you.
5681	回報	完成任務後，請立即回報主管，讓他知道進度。	After finishing the task, report back to your supervisor right away so he knows the progress.
5682	影響力	他的影響力很大。	He has great influence.
5683	影響力	社群網站上的名人影響力很大，一句話就能帶動買氣。	Celebrities on social networks have great influence, and one remark can drive sales.
5684	時尚	她穿得很時尚。	She dresses very fashionably.
5685	時尚	這間店的衣服設計時尚，價格也不貴，很受學生歡迎。	Clothes here are stylish yet affordable, popular among students.
5686	爺爺	我爺爺很愛下棋。	My grandpa loves playing chess.
5687	爺爺	爺爺每天早上都去公園打太極拳，身體非常硬朗。	Grandpa does tai chi in the park every morning and is very healthy.
5688	粉絲	她有很多粉絲。	She has lots of fans.
5689	粉絲	這位歌手開演唱會時，粉絲們都舉著螢光棒一起大合唱。	When this singer holds concerts, fans wave glow sticks and sing along together.
5690	詩歌	我喜歡讀詩歌。	I like reading poetry.
5691	詩歌	國文課上，老師帶我們欣賞唐代的詩歌，並討論其中的意境。	In Chinese class, the teacher led us to appreciate Tang poetry and discuss its mood.
5692	隊長	他是籃球隊的隊長。	He's the captain of the basketball team.
5693	隊長	隊長在比賽前集合大家，提醒每個人要注意自己的位置。	Before the match, the captain gathered everyone and reminded each person to watch their position.
5694	企業家	他是成功的企業家。	He's a successful entrepreneur.
5695	企業家	這位企業家白手起家，現在經營著遍布全台的連鎖店。	This entrepreneur started from scratch and now runs chain stores all over Taiwan.
5696	南北	這條高速公路連接南北。	This freeway connects north and south.
5697	南北	高鐵南北往返只要不到兩個小時，現在很多人當天來回。	The high-speed rail makes a north-south trip in under two hours, so many go and return the same day.
5698	外資	外資進入台灣。	Foreign investment is entering Taiwan.
5699	外資	外資對台灣的半導體產業很有信心，每年都投入大量資金。	Foreign investors are confident in Taiwan's semiconductor industry and invest heavily every year.
5700	平安	祝你一路平安。	Wishing you a safe journey.
5701	平安	聽到你平安到家，大家才放心地睡覺了。	Hearing you got home safely, we could all finally sleep at ease.
5702	控	他被控偷東西。	He was accused of stealing.
5703	控	洗好的杯子要倒過來控乾，才不會留下水漬。	Washed cups should be turned upside down to drain, so no water marks are left.
5704	樂觀	她對未來很樂觀。	She's optimistic about the future.
5705	樂觀	雖然工作不順利，他還是很樂觀，相信明天會更好。	Though work isn't going well, he remains optimistic and believes tomorrow will be better.
5706	無聊	好無聊喔。	So boring.
5707	無聊	週末在家沒事做，只好滑手機打發無聊的時間。	With nothing to do at home on the weekend, I just scrolled my phone to kill the boredom.
5708	看出	我看出他很緊張。	I could tell he was nervous.
5709	看出	從她的表情，我一眼就看出她其實不太高興。	From her expression I could tell at a glance she wasn't very happy.
5710	罪犯	警察抓到了罪犯。	The police caught the criminal.
5711	罪犯	這些罪犯被關在監獄裡，有的人正在學習一技之長。	These criminals are in prison, and some are learning a skill.
5712	談論	大家都在談論這件事。	Everyone is talking about this.
5713	談論	午餐時，同事們談論著週末要去哪裡玩。	At lunch, coworkers talked about where to go on the weekend.
5714	酒吧	他在酒吧工作。	He works in a bar.
5715	酒吧	下班後，幾個朋友約在附近的酒吧小酌，聊聊近況。	After work, a few friends met at a nearby bar for a drink and a catch-up.
5716	體內	體內的水分不足。	The body lacks water.
5717	體內	運動讓體內的血液循環變好，人也比較有精神。	Exercise improves blood circulation in the body and boosts energy.
5718	侮辱	不要侮辱別人。	Don't insult others.
5719	侮辱	他覺得被侮辱了，一氣之下離開了會議室。	He felt insulted and walked out of the meeting room in anger.
5720	十五	今天是農曆十五。	Today is the fifteenth of the lunar month.
5721	十五	公車站離這裡只有十五分鐘的路程，走路就到了。	The bus stop is only a fifteen-minute walk from here.
5722	大使館	大使館在這附近。	The embassy is near here.
5723	大使館	他去大使館辦理簽證，要帶護照和兩張照片。	He went to the embassy to process his visa, bringing his passport and two photos.
5724	帝	古代的皇帝很有權力。	Ancient emperors were very powerful.
5725	帝	信徒相信上帝無所不在，總是看顧著人們。	Believers hold that God is everywhere and watches over people.
5726	排放	工廠排放廢氣。	Factories emit waste gas.
5727	排放	政府規定工廠排放汙水前，必須先經過處理，否則會被罰款。	The government requires factories to treat wastewater before discharge, or they'll be fined.
5728	架構	這篇文章的架構很清楚。	This article's structure is very clear.
5729	架構	工程師先設計好系統架構，再開始寫程式。	The engineers design the system architecture first and then start coding.
5730	炒	媽媽在炒青菜。	Mom is stir-frying vegetables.
5731	炒	有些人靠炒股賺錢，但也有人因此賠光積蓄。	Some people earn money speculating in stocks, but others lose all their savings.
5732	積分	我的會員積分有一千點。	I have a thousand membership points.
5733	積分	累積足夠的積分後，可以兌換免費的咖啡。	Once you've accumulated enough points, you can redeem a free coffee.
5734	腦	他的腦很靈活。	His mind is nimble.
5735	腦	昨晚沒睡好，今天一整天都昏昏沉沉，腦也轉不動。	I slept badly last night, so today I've been groggy and my brain won't work.
5736	轉載	文章轉載要經過同意。	Reprinting an article requires permission.
5737	轉載	這篇報導是從其他報紙轉載來的，並不是我們原創。	This report was reprinted from another newspaper, not our original.
5738	預言	他預言明天會下雨。	He predicted that it will rain tomorrow.
5739	預言	古書裡有一則預言，說五百年後會出現一位偉大的人物。	An old book holds a prophecy that a great figure would appear five hundred years later.
5740	事後	事後我才知道。	I only found out afterwards.
5741	事後	事後回想起來，那次失敗反而讓我學到最多。	In hindsight, that failure actually taught me the most.
5742	凡是	凡是會員都有優惠。	All members get discounts.
5743	凡是	凡是遲到的同學，都要在登記簿上簽名。	Any student who is late must sign the register.
5744	受過	他替朋友受過。	He took the blame for his friend.
5745	受過	明明是同事出錯，老闆卻要我替他受過，真讓人生氣。	It was my coworker's mistake, yet the boss made me take the blame. So frustrating.
5746	夜間	夜間行車要小心。	Be careful driving at night.
5747	夜間	夜間部的學生白天工作，晚上才來學校上課。	Evening-division students work by day and come to school at night.
5748	就此	就此結束吧。	Let's end it here.
5749	就此	兩人握手言和，這場長達多年的爭執就此畫下句點。	The two shook hands and made peace, ending the years-long quarrel there.
5750	戀	她戀上了咖啡。	She became attached to coffee.
5751	戀	阿嬤很戀家，不管孩子怎麼勸，都不願意搬到城市。	Grandma is attached to home and refuses to move to the city no matter how her kids persuade her.
5752	改稱	這條街改稱為中山路。	This street was renamed Zhongshan Road.
5753	改稱	這家公司後來改稱為國際集團，業務範圍也擴大了。	The company was later renamed the International Group, and its business scope expanded.
5754	概率	下雨的概率很高。	The probability of rain is high.
5755	概率	數學課上，老師教我們怎麼計算擲骰子的概率。	In math class the teacher taught us how to calculate dice probabilities.
5756	深深	我深深地鞠了一躬。	I bowed deeply.
5757	深深	這本書深深地影響了我，讓我對人生有了新的看法。	This book deeply influenced me and gave me a new view of life.
5758	用力	用力推門。	Push the door hard.
5759	用力	搬重物時，要彎膝蓋再用力，不然腰會受傷。	When lifting heavy things, bend your knees before exerting force or you'll hurt your back.
5760	統治者	國家需要好的統治者。	A country needs good rulers.
5761	統治者	歷史上，聰明的統治者會傾聽人民的聲音，才能長久地治理國家。	Historically, wise rulers listened to the people in order to govern long-term.
5762	行列	大家排成一個行列。	Everyone lined up in a row.
5763	行列	越來越多年輕人加入志工的行列，投入公益活動。	More and more young people are joining the ranks of volunteers in charity activities.
5764	趁	趁熱吃吧。	Eat it while it's hot.
5765	趁	趁著週末天氣好，我們一起去公園野餐，順便放風箏。	Let's take advantage of the nice weekend weather and picnic at the park and fly kites.
5766	鍵	按下這個鍵。	Press this key.
5767	鍵	鍵盤上的空白鍵最大，也是我最常按的一個鍵。	The spacebar on a keyboard is the biggest key and the one I press most.
5768	餘額	我的帳戶餘額不足。	My account balance is insufficient.
5769	餘額	刷卡前請先確認悠遊卡的餘額，才不會過閘門時被擋住。	Check your EasyCard balance before tapping so you won't be blocked at the gate.
5770	伯爵	他是一位伯爵。	He is an earl.
5771	伯爵	電影裡的伯爵住在古堡，常常舉辦華麗的舞會。	The count in the movie lives in a castle and often holds lavish balls.
5772	出動	警察出動了。	The police have been dispatched.
5773	出動	消防隊出動了十輛消防車，花了兩個小時才撲滅大火。	The fire department sent ten fire trucks and took two hours to put out the blaze.
5774	向來	他向來準時。	He's always punctual.
5775	向來	我向來不吃辣，所以朋友請客時都會特別幫我點不辣的。	I've never eaten spicy food, so friends always order non-spicy dishes for me.
5776	奠定	他奠定了成功的基礎。	He laid the foundation for success.
5777	奠定	老師從小教導的好習慣，為我將來的學習奠定了很好的基礎。	The good habits my teacher taught from a young age laid a solid foundation for my later learning.
5778	帕	他拿手帕擦汗。	He wipes sweat with a handkerchief.
5779	帕	氣象局說，這個颱風中心氣壓是九百六十百帕。	The weather bureau said this typhoon's central pressure is 960 hectopascals.
5780	戰後	戰後經濟開始恢復。	After the war, the economy began to recover.
5781	戰後	戰後的台灣百廢待舉，政府花了很多年才重建起來。	Postwar Taiwan needed rebuilding everywhere, and it took the government years to restore it.
5782	整整	我等了整整一個小時。	I waited a whole hour.
5783	整整	這場大雨整整下了三天，不少低窪地區都淹水了。	This heavy rain lasted a full three days, and many low-lying areas flooded.
5784	步伐	他的步伐很快。	His pace is fast.
5785	步伐	跟著鼓聲的節奏，隊伍整齊的步伐讓觀眾看得很入迷。	In time with the drumbeat, the troop's orderly stride captivated the audience.
5786	無形	空氣是無形的。	Air is invisible.
5787	無形	品牌是一種無形資產，但對公司的價值卻非常大。	A brand is an intangible asset, but is hugely valuable to a company.
5788	知識產權	知識產權需要保護。	Intellectual property needs protection.
5789	知識產權	簽訂這份協議的目的，是為了加強雙方在知識產權上的合作。	The agreement aims to strengthen both sides' cooperation on intellectual property.
5790	聖人	大家都稱他為聖人。	Everyone calls him a sage.
5791	聖人	孔子被尊稱為聖人，他的思想影響了華人社會兩千多年。	Confucius is revered as the Sage, and his thought has influenced Chinese societies for over two thousand years.
5792	解開	我解開了這個謎。	I solved this puzzle.
5793	解開	他花了很久才解開打結的鞋帶，已經快要遲到了。	It took him ages to untie his knotted shoelaces, and he was nearly late.
5794	運動會	下週要開運動會。	Sports day is next week.
5795	運動會	運動會那天，全班同學都穿著同色的班服，為接力賽的選手加油。	On sports day, the whole class wore matching shirts to cheer for the relay runners.
5796	電動	我弟弟愛打電動。	My brother loves playing video games.
5797	電動	他一放假就窩在房間打電動，常常一玩就是五六個小時。	When on vacation he stays in his room playing video games, often for five or six hours.
5798	下一代	我們要照顧下一代。	We must look after the next generation.
5799	下一代	父母都希望給下一代更好的生活環境和教育機會。	Parents all hope to give the next generation a better living environment and education.
5800	佔用	不要佔用別人的時間。	Don't take up other people's time.
5801	佔用	停車時請不要佔用兩個車位，這樣會影響其他人。	Please don't occupy two parking spaces, as that affects others.
5802	全美	這部電影在全美上映。	This film is released across the US.
5803	全美	這位歌手的新專輯在全美都很暢銷，他準備展開巡迴演唱。	The singer's new album sells well across the US, and he is preparing for a tour.
5804	卹	公司發給家屬撫卹金。	The company gave the family a condolence payment.
5805	卹	公務員因公殉職，家屬可以領取政府的撫卹。	When civil servants die in the line of duty, their families receive government compensation.
5806	嘴唇	冬天嘴唇很乾。	Lips get dry in winter.
5807	嘴唇	她的嘴唇都凍紫了，還一直說自己不冷。	Her lips turned purple from the cold, yet she kept saying she wasn't cold.
5808	太平	天下太平。	Peace under heaven.
5809	太平	爺爺常說，只要國家太平，百姓才有安穩的日子可以過。	Grandpa often says that only when the country is at peace can people live stable lives.
5810	實名制	買口罩要實名制。	Buying masks requires real-name registration.
5811	實名制	疫情期間，台灣推行口罩實名制，每個人都能公平買到口罩。	During the pandemic, Taiwan adopted real-name mask distribution so everyone could buy masks fairly.
5812	後方	請往後方移動。	Please move toward the rear.
5813	後方	後方來車請注意安全，前方車輛請保持距離。	Vehicles behind take care; vehicles ahead please keep your distance.
5814	投產	新工廠明年投產。	The new factory goes into production next year.
5815	投產	這條生產線預計下個月正式投產，屆時會增加一百個工作機會。	This production line is expected to start next month, creating a hundred jobs.
5816	擴充	我想擴充記憶體。	I want to expand the memory.
5817	擴充	餐廳生意太好，老闆決定擴充店面，多加二十個座位。	The restaurant is so busy that the owner decided to expand and add twenty seats.
5818	服役	他正在服役。	He's serving in the military.
5819	服役	弟弟明年要去服役，他說想先把駕照考到再入伍。	My brother will serve next year and wants to get a driver's license before enlisting.
5820	比特	一個位元組有八個比特。	A byte has eight bits.
5821	比特	比特幣的價格波動很大，投資前要先了解風險。	Bitcoin prices swing wildly, so understand the risks before investing.
5822	照明	這裡的照明不夠。	The lighting here isn't enough.
5823	照明	街道的照明設備老舊，晚上走路很容易發生危險。	The street lighting is old, and walking at night can be dangerous.
5824	盛行	這種髮型現在很盛行。	This hairstyle is very popular now.
5825	盛行	夏天的時候，海邊盛行衝浪運動，吸引許多年輕人前來。	In summer, surfing is popular at the beach and attracts many young people.
5826	簡易	這是簡易包裝。	This is simple packaging.
5827	簡易	這個簡易的組裝步驟只要十分鐘，連小孩子也能完成。	This simple assembly takes just ten minutes, and even children can do it.
5828	聯軍	聯軍進入了城市。	The allied forces entered the city.
5829	聯軍	歷史上，多國聯軍在戰爭中合作，最後打敗了共同的敵人。	In history, allied forces cooperated in war and finally defeated a common enemy.
5830	要死	今天熱得要死。	It's insanely hot today.
5831	要死	昨天加班到半夜，今天累得要死，只想趕快回家睡覺。	I worked overtime until midnight yesterday and am dead tired today, just wanting to get home and sleep.
5832	路口	在前面的路口左轉。	Turn left at the intersection ahead.
5833	路口	這個路口的紅燈特別長，等的時候我都會滑一下手機。	The red light at this intersection is particularly long, so I scroll my phone while waiting.
5834	長篇	這是一本長篇小說。	This is a long novel.
5835	長篇	老闆在會議上發表了長篇大論，大家聽到快睡著了。	The boss delivered a long-winded speech at the meeting, and everyone nearly fell asleep.
5836	飛船	飛船成功登陸火星。	The spaceship landed on Mars successfully.
5837	飛船	科幻電影裡的飛船能在宇宙中穿梭，帶著人類探索未知的星球。	Spaceships in sci-fi films travel through the cosmos, taking humans to explore unknown planets.
5838	功課	我今天的功課很多。	I have a lot of homework today.
5839	功課	寫完功課以後，媽媽才讓我玩一個小時的平板電腦。	Only after finishing homework does Mom let me use the tablet for an hour.
5840	搞定	放心，我來搞定。	Don't worry, I'll handle it.
5841	搞定	電腦當機的問題，同事花了十分鐘就搞定了。	My coworker fixed the computer crash in ten minutes.
5842	繁體	我學繁體字。	I'm learning traditional characters.
5843	繁體	台灣使用繁體中文，所以在這裡生活，看招牌和菜單都是繁體字。	Taiwan uses traditional Chinese, so signs and menus here are in traditional characters.
5844	電量	手機電量剩下百分之五。	The phone has 5% battery left.
5845	電量	出門前要確認電量夠不夠，不然在外面沒電會很麻煩。	Check your battery before going out, or running out outside is a hassle.
5846	帽	他戴著一頂帽子。	He's wearing a hat.
5847	帽	太陽太大，我戴上棒球帽，還塗了防曬乳才出門。	The sun was strong, so I put on a baseball cap and sunscreen before going out.
5848	而	這家店便宜而且好吃。	This place is cheap and delicious.
5849	而	這個問題看起來簡單,而實際上非常複雜。	This problem looks simple, but it's actually very complicated.
5850	如果	如果下雨,我們就不去。	If it rains, we won't go.
5851	如果	如果你有任何問題,隨時打電話給我。	If you have any questions, call me anytime.
5852	包括	價錢包括稅金。	The price includes tax.
5853	包括	這次旅費包括機票、住宿和每天的早餐。	The trip cost includes the flight, the hotel and breakfast every day.
5854	此	前方施工,此路不通。	Construction ahead; this road is closed.
5855	此	此處禁止停車,違者將被拖吊。	No parking here; violators will be towed.
5856	方式	換個方式試試。	Try a different way.
5857	方式	現在很多人習慣用手機支付的方式買東西。	Many people are now used to paying by phone when they shop.
5858	個人	這只是我個人的意見。	This is just my personal opinion.
5859	個人	個人資料請妥善保管,不要隨便給陌生人。	Keep your personal information safe and don't give it to strangers.
5860	視頻	他把拍好的視頻傳給了我。	He sent me the video he shot.
5861	如此	沒想到會如此順利。	I didn't expect it to go so smoothly.
5862	如此	他平時很安靜,今天卻如此興奮,真讓人意外。	He's usually quiet, so it's surprising he's so excited today.
5863	表現	你今天表現很好。	You did really well today.
5864	表現	他在面試時表現得很穩,老闆對他印象很好。	He performed steadily in the interview, and the boss was impressed.
5865	實施	新規定下個月實施。	The new rule takes effect next month.
5866	實施	政府從今年起實施垃圾分類,民眾要把回收物分開丟。	The government started enforcing waste sorting this year, so people must separate recyclables.
5867	說明	請你說明一下。	Please explain it a bit.
5868	說明	店員耐心地向我說明這支手機的使用方式。	The clerk patiently explained to me how to use this phone.
5869	大量	他喝了大量的水。	He drank a large amount of water.
5870	大量	這次颱風帶來大量的雨水,山區有可能發生土石流。	The typhoon brings heavy rainfall, and mudslides are possible in the mountains.
5871	死亡	這起意外造成一人死亡。	The accident caused one death.
5872	死亡	醫生說,這種病的死亡率已經比過去低了很多。	The doctor said the mortality rate of this illness is much lower than in the past.
5873	謝謝	謝謝你的幫忙。	Thanks for your help.
5874	謝謝	謝謝你昨天特地送我回家,下次換我請你吃飯。	Thanks for taking me home specially yesterday; next time dinner's on me.
5875	兄弟	他們是親兄弟。	They are real brothers.
5876	兄弟	我們三個兄弟小時候常常為了搶電視遙控器吵架。	We three brothers often fought over the TV remote as kids.
5877	態度	他的態度很好。	He has a good attitude.
5878	態度	面對客人的抱怨,店員還是保持有禮貌的態度。	Facing the customer's complaint, the clerk stayed polite.
5879	製作	他們正在製作蛋糕。	They're making a cake.
5880	製作	這家工作室專門製作手工皮件,每一件都要花好幾天。	This studio makes handmade leather goods, each taking several days.
5881	不可	這裡不可抽菸。	Smoking is not allowed here.
5882	不可	病人剛開完刀,在傷口癒合前不可提重物。	The patient just had surgery and must not lift heavy things until the wound heals.
5883	員工	這家公司員工很多。	This company has many employees.
5884	員工	老闆每年都會帶員工出國旅遊,大家感情都很好。	The boss takes the staff abroad every year, so everyone gets along well.
5885	按照	請按照順序排隊。	Please line up in order.
5886	按照	我們按照說明書的步驟,一個小時就把書櫃組好了。	Following the manual's steps, we put the bookcase together in an hour.
5887	理由	你有什麼理由?	What's your reason?
5888	理由	他遲到的理由是手機鬧鐘沒響,但老闆不太相信。	His excuse for being late was that his alarm didn't ring, but the boss didn't quite buy it.
5889	財產	這是他的私人財產。	This is his private property.
5890	財產	老先生把全部財產都捐給了慈善機構。	The old man donated all his assets to a charity.
5891	並非	事情並非如此。	It isn't really like that.
5892	並非	成功並非一朝一夕的事,需要長時間的努力。	Success doesn't happen overnight; it takes long-term effort.
5893	家人	我愛我的家人。	I love my family.
5894	家人	過年時,家人們都會回老家一起吃團圓飯。	At Lunar New Year, the whole family goes home for the reunion dinner.
5895	描述	請你描述一下。	Please describe it.
5896	描述	她向警察描述那個小偷的長相,警察一邊聽一邊記下來。	She described the thief's appearance to the police, who took notes as they listened.
5897	確保	請確保門已鎖好。	Please make sure the door is locked.
5898	確保	為確保大家的安全,這間教室最多只能容納五十個人。	To ensure everyone's safety, this classroom holds at most fifty people.
5899	食物	我愛吃辣的食物。	I love spicy food.
5900	食物	夏天食物很容易壞,剩下的記得放進冰箱。	Food spoils easily in summer, so put leftovers in the fridge.
5901	博物館	我們去博物館吧。	Let's go to the museum.
5902	博物館	這間博物館週一休館,所以我們只好改到星期二才去。	This museum is closed on Mondays, so we had to go on Tuesday instead.
5903	對待	他對待客人很親切。	He treats guests warmly.
5904	對待	我們應該用同樣的態度對待每一位同學,不要有偏見。	We should treat every classmate with the same attitude, without prejudice.
5905	既然	既然來了,就坐吧。	Since you're here, have a seat.
5906	既然	既然你不想去,那我們就改天再約吧。	Since you don't want to go, let's make plans another day.
5907	發起	他發起了一場活動。	He started an event.
5908	發起	同學們發起募款活動,幫助受災的家庭重建家園。	Classmates launched a fundraiser to help disaster-hit families rebuild their homes.
5909	視	請不要歧視別人。	Please don't discriminate against others.
5910	視	他把這份工作視為人生中最重要的挑戰。	He regards this job as the most important challenge of his life.
5911	首都	巴黎是法國的首都。	Paris is the capital of France.
5912	首都	日本的首都是東京,我去年夏天才第一次去。	Japan's capital is Tokyo, and I only went for the first time last summer.
5913	利潤	這家店利潤很高。	This shop has high profits.
5914	利潤	去年公司的利潤成長了一成,老闆決定發年終獎金。	Last year's profits grew ten percent, so the boss decided to give year-end bonuses.
5915	將來	你將來想做什麼?	What do you want to do in the future?
5916	將來	我想趁年輕多存點錢,將來才有選擇的自由。	I want to save while young so I'll have freedom of choice later.
5917	日期	請填寫日期。	Please fill in the date.
5918	日期	這罐牛奶的有效日期是下個月十號,記得趕快喝。	This milk expires on the tenth of next month, so drink it soon.
5919	當初	當初我不該答應。	I shouldn't have agreed back then.
5920	當初	當初買這間房子的時候,附近還是一大片稻田。	When we bought this house, the area was still a wide expanse of rice paddies.
5921	親	這是我的親姊姊。	This is my own older sister.
5922	親	她跟爸媽很親,每天都會打電話回家聊聊。	She's close to her parents and calls home to chat every day.
5923	頭髮	我的頭髮好長。	My hair is so long.
5924	頭髮	洗完頭髮後要吹乾,不然很容易感冒。	Dry your hair after washing it, or you'll catch a cold easily.
5925	內心	他內心很緊張。	He's very nervous inside.
5926	內心	雖然她臉上在笑,內心其實難過得不得了。	Although she was smiling, she was actually terribly sad inside.
5927	吻	他輕輕吻了她。	He kissed her gently.
5928	吻	孩子睡著前,媽媽在他額頭上吻了一下。	Before the child fell asleep, his mom kissed his forehead.
5929	封鎖	警方封鎖了現場。	Police sealed off the scene.
5930	封鎖	因為道路坍方,山上的公路被封鎖了,車子暫時過不去。	Because of a landslide, the mountain road was closed and cars can't pass for now.
5931	戰役	這是一場重要戰役。	This is an important battle.
5932	戰役	這場戰役持續了三個月,雙方都有很大的損失。	The campaign lasted three months, and both sides suffered heavy losses.
5933	查看	請查看信箱。	Please check your mailbox.
5934	查看	你可以用手機查看最新的班次時間,不用再跑去車站問。	You can check the latest schedule on your phone without going to the station to ask.
5935	登陸	颱風快登陸了。	The typhoon is about to make landfall.
5936	登陸	強烈颱風預計明天清晨從花蓮登陸,請民眾提前做好防颱準備。	The strong typhoon is expected to make landfall at Hualien tomorrow morning; please prepare in advance.
5937	舞蹈	她喜歡舞蹈。	She likes dance.
5938	舞蹈	學校的舞蹈社每年都會在校慶時表演,吸引了很多觀眾。	The school's dance club performs every anniversary and draws a big audience.
5939	近日	近日將公布結果。	The results will be announced in the next few days.
5940	近日	近日各地天氣不穩,請民眾外出時記得攜帶雨具。	The weather has been unstable lately, so please bring rain gear when going out.
5941	魯	他做事太魯莽了。	He acts too rashly.
5942	魯	別這麼魯莽,先想清楚再做決定。	Don't be so rash; think it through before deciding.
5943	其次	首先是品質,其次是價格。	Quality comes first, then price.
5944	其次	選手機最重要的是電池,其次才是外型和價錢。	When choosing a phone, battery matters most, and only then looks and price.
5945	壟斷	他們壟斷了市場。	They monopolize the market.
5946	壟斷	政府擔心少數幾家公司壟斷市場,所以修改了法規。	The government worried a few companies would monopolize the market and revised the rules.
5947	後期	影片已經進入後期製作。	The video has entered post-production.
5948	後期	這位畫家的後期作品,顏色比早期的更鮮豔大膽。	This painter's later works use bolder, more vivid colors than his early ones.
5949	晚安	晚安,明天見。	Good night, see you tomorrow.
5950	晚安	我媽每天晚上都會傳一則「晚安」的訊息給我。	My mom sends me a "good night" message every evening.
5951	牌	他在門口掛了一塊牌子。	He hung a sign at the door.
5952	牌	這個品牌的運動鞋很受年輕人歡迎。	This brand's sneakers are popular with young people.
5953	精	他今天精神很好。	He's in good spirits today.
5954	精	這是一場很精采的比賽,我們看得很過癮。	It was a wonderful match, and we really enjoyed watching it.
5955	誌	我訂了一本雜誌。	I subscribed to a magazine.
5956	誌	他在日誌裡記下每天的心情,已經寫了三年。	He records his daily mood in a journal and has done so for three years.
5957	隱藏	他隱藏了真正的想法。	He hid his real thoughts.
5958	隱藏	這個遊戲裡有一個隱藏關卡,要找到特別的道具才能進去。	This game has a hidden level you can enter only by finding a special item.
5959	低於	溫度低於十度。	The temperature is below ten degrees.
5960	低於	氣溫低於十度時,氣象局會發布低溫特報。	When the temperature drops below ten degrees, the weather bureau issues a cold advisory.
5961	古典	我喜歡古典音樂。	I like classical music.
5962	古典	這間咖啡店的裝潢走古典風格,讓人覺得很優雅。	This café is decorated in a classical style, which feels very elegant.
5963	太太	王太太在家嗎?	Is Mrs. Wang home?
5964	太太	陳太太每天早上都會帶著小狗到公園散步。	Mrs. Chen takes her little dog for a walk in the park every morning.
5965	平方千米	這座公園佔地兩平方千米。	This park covers two square kilometers.
5966	平方千米	這座國家公園的面積有一百多平方千米,走一天也走不完。	This national park covers over a hundred square kilometers; you can't finish it in a day.
5967	控股	他們公司控股一家銀行。	Their company holds a controlling stake in a bank.
5968	控股	這家投資公司控股了好幾間餐廳,生意越做越大。	This investment firm holds controlling shares in several restaurants, and the business keeps growing.
5969	樂隊	他加入了樂隊。	He joined the band.
5970	樂隊	學校的樂隊正在操場上練習,鼓聲傳得很遠。	The school band is practicing on the field, and the drumbeats carry far.
5971	瀏覽	我在瀏覽網站。	I'm browsing a website.
5972	瀏覽	我習慣睡前瀏覽一下新聞,看看今天發生了什麼事。	I like to skim the news before bed to see what happened today.
5973	盜	他的錢包被人盜走了。	His wallet was stolen.
5974	盜	網路上有很多盜版的影片,請大家不要下載。	There are many pirated videos online; please don't download them.
5975	總人口	總人口在減少。	The total population is decreasing.
5976	總人口	台灣的總人口大約是兩千三百萬,其中有不少是老年人。	Taiwan's total population is about 23 million, with many elderly people.
5977	親戚	過年時親戚都來了。	All the relatives came at the New Year.
5978	親戚	我的親戚大多住在南部,只有過年才有機會見面。	Most of my relatives live in the south, and I only see them at New Year.
5979	遷	我們公司下個月要搬遷。	Our company is relocating next month.
5980	遷	許多年輕人為了工作機會,從鄉下遷到大城市。	Many young people moved from the countryside to big cities for work.
5981	首席	她是首席小提琴手。	She is the principal violinist.
5982	首席	這位首席設計師為公司設計了第一個商標。	This chief designer created the company's first logo.
5983	休閒	我喜歡休閒活動。	I like leisure activities.
5984	休閒	週末我喜歡穿休閒服,到公園散步或和朋友聊天。	On weekends I like wearing casual clothes and walking in the park or chatting with friends.
5985	勞工	他是一名勞工。	He is a laborer.
5986	勞工	政府修改法律,希望能保障勞工的基本權益。	The government amended the law to protect workers' basic rights.
5987	境	這裡的環境很安靜。	The environment here is very quiet.
5988	境	遇到困境的時候,朋友的鼓勵讓我撐了過來。	When I hit hard times, my friends' encouragement got me through.
5989	川	我很想吃四川菜。	I really want Sichuan food.
5990	川	山川美景讓我們這一趟旅行格外難忘。	The mountains and rivers made this trip especially memorable.
5991	拍賣	這幅畫被拍賣了。	This painting was auctioned.
5992	拍賣	這個週末有一場古董拍賣會,許多收藏家都會到場。	There's an antique auction this weekend, and many collectors will attend.
5993	會計	她是會計。	She's an accountant.
5994	會計	公司的會計每個月都要核對帳目,確保沒有錯誤。	The company's accountant checks the accounts every month to make sure there are no mistakes.
5995	演唱會	我買了演唱會的票。	I bought concert tickets.
5996	演唱會	昨晚的演唱會很熱鬧,歌迷們從頭到尾都跟著大合唱。	Last night's concert was lively, with fans singing along from start to finish.
5997	碰到	我今天碰到老朋友。	I ran into an old friend today.
5998	碰到	我在超商碰到小學同學,聊了一下才知道他也搬到這一區了。	I bumped into an elementary classmate at the convenience store and learned he moved to this area too.
5999	職員	他是公司的職員。	He is a company employee.
6000	職員	銀行的職員正耐心地向老先生說明如何使用提款機。	The bank clerk patiently explained to the old man how to use the ATM.
6001	贊同	我贊同你的看法。	I agree with your view.
6002	贊同	大部分同學都贊同這個方案,所以最後順利通過了。	Most classmates approved of this proposal, so it passed smoothly.
6003	露	太陽從雲後面露出來了。	The sun came out from behind the clouds.
6004	露	他不想讓別人知道,但說話時還是不小心露出了緊張的表情。	He didn't want others to know, but still accidentally showed a nervous look while speaking.
6005	二十	我今年二十歲。	I'm twenty this year.
6006	二十	二十歲那年,我第一次一個人搭飛機到國外念書。	At twenty, I flew abroad alone for the first time to study.
6007	公社	歷史課本介紹了人民公社。	The history textbook introduces the people's commune.
6008	公社	那個年代的農民都住在公社裡,一起工作和吃飯。	In those days farmers lived in communes, working and eating together.
6009	友	他是我的好友。	He is my good friend.
6010	友	我們是在網路上認識的網友,後來真的見面了。	We met online as net friends and later met in person.
6011	壞事	他沒做過壞事。	He's never done anything bad.
6012	壞事	別急著下結論,不然反而會壞事。	Don't rush to conclusions, or you'll ruin things.
6013	尺度	尺度要拿捏好。	You have to get the balance right.
6014	尺度	這部電影的尺度比較大,不太適合小孩子看。	This movie is quite explicit and isn't suitable for children.
6015	成交	好,成交!	Okay, deal!
6016	成交	他們談了一個下午,房子終於以八百萬元成交。	After an afternoon of talks, the house finally sold for eight million dollars.
6017	改良	這個配方改良過了。	This recipe has been improved.
6018	改良	這家店改良了傳統配方,讓蛋糕吃起來沒那麼甜。	This shop improved the traditional recipe so the cake isn't so sweet.
6019	機動	我們可以機動調整。	We can adjust flexibly.
6020	機動	公司採用機動工時,員工可以自己選擇上下班時間。	The company uses flexible hours, and staff can choose when to start and finish.
6021	漁業	漁業是重要產業。	Fishing is an important industry.
6022	漁業	這個小漁村主要靠漁業維生,居民每天清晨就出海。	This small fishing village lives on fishing, and residents go to sea at dawn.
6023	相連	兩個房間相連。	The two rooms are connected.
6024	相連	這兩棟大樓有走廊相連,下雨天也不會淋濕。	These two buildings are linked by a corridor, so you won't get wet when it rains.
6025	老子	他生氣地說:「老子不幹了!」	He said angrily, "I quit!"
6026	老子	他喝醉後大吼:「老子才不怕你們!」	After getting drunk he roared, "I'm not afraid of you lot!"
6027	訊息	我收到一則訊息。	I received a message.
6028	訊息	我傳了訊息給他,但是他到現在還沒回。	I sent him a message, but he still hasn't replied.
6029	逃避	你不能逃避。	You can't run away.
6030	逃避	遇到問題時,逃避只會讓事情變得更糟。	Avoiding problems only makes things worse.
6031	降落	飛機要降落了。	The plane is about to land.
6032	降落	因為大霧,飛機無法降落,只好改到別的機場。	Because of heavy fog the plane couldn't land and was diverted to another airport.
6033	一則	一則省錢,一則環保。	On one hand it saves money, on the other it's eco-friendly.
6034	一則	一則怕你擔心,二則怕你分心,所以我沒告訴你。	For one thing I feared you'd worry, for another that you'd be distracted, so I didn't tell you.
6035	偽造	他偽造文件。	He forged documents.
6036	偽造	警方查獲一批偽造的鈔票,正在追查來源。	Police seized a batch of counterfeit banknotes and are tracing the source.
6037	勛章	他得到一枚勛章。	He received a medal.
6038	勛章	這位老兵胸前的勛章,是對他多年貢獻的肯定。	The medal on this veteran's chest recognizes his years of service.
6039	地板	地板很乾淨。	The floor is clean.
6040	地板	他把玩具散落在地板上,害我差點踩到。	He scattered toys on the floor, and I almost stepped on them.
6041	宣揚	他在宣揚理念。	He is promoting his ideas.
6042	宣揚	這位作家想透過書宣揚環保的理念,希望更多人愛護地球。	This writer wants to spread environmental ideas through books so more people care for the Earth.
6043	引領	他引領大家前進。	He leads everyone forward.
6044	引領	這位老師引領學生探索科學的世界,讓大家愛上實驗。	This teacher guides students through the world of science and makes them love experiments.
6045	掃描	請掃描這個條碼付款。	Please scan this barcode to pay.
6046	掃描	辦理報到時,工作人員會用手機掃描你的QR code。	At check-in, staff will scan your QR code with a phone.
6047	書面	請提供書面資料。	Please provide written materials.
6048	書面	這件事請用書面通知,不要只用口頭說明。	Please notify in writing on this matter, not just verbally.
6049	沮喪	他覺得很沮喪。	He feels dejected.
6050	沮喪	面試沒有通過,他心情有點沮喪,但很快又振作起來。	He failed the interview and felt down, but soon cheered up.
6051	現身	明星現身了。	The star has appeared.
6052	現身	那位許久不見的歌手終於現身,台下的歌迷尖叫連連。	The singer unseen for ages finally appeared, and fans screamed.
6053	笨蛋	你這個笨蛋!	You silly goose!
6054	笨蛋	我又把鑰匙忘在家裡了,我真是個笨蛋。	I left my keys at home again; I'm such an idiot.
6055	菩薩	廟裡供奉著菩薩。	A bodhisattva is enshrined in the temple.
6056	菩薩	我阿嬤每天早上都會到廟裡拜菩薩,保佑全家平安。	My grandma worships the Bodhisattva at the temple every morning, praying for the family's safety.
6057	變換	燈光不斷變換顏色。	The lights keep changing colors.
6058	變換	舞台上的燈光不停變換顏色,讓表演更加精采。	The stage lights kept changing colors, making the show more spectacular.
6059	金色	麥田是金色的。	The wheat field is golden.
6060	金色	夕陽把整片海面染成金色,許多遊客都停下來拍照。	The sunset dyed the whole sea golden, and many tourists stopped to take photos.
6061	香煙	廟裡香煙繚繞。	Incense smoke swirls in the temple.
6062	香煙	每逢初一十五,這座老廟總是香煙不斷,信徒絡繹不絕。	On the 1st and 15th, this old temple is full of incense smoke and a steady flow of worshippers.
6063	中毒	他吃壞東西中毒了。	He got poisoned from bad food.
6064	中毒	夏天吃海鮮要小心,不新鮮的話容易食物中毒。	Be careful with seafood in summer; if not fresh, it easily causes food poisoning.
6065	倒數	新年快到了,我們一起倒數吧。	The new year is almost here; let's count down together.
6066	倒數	跨年夜,大家聚集在廣場上一起倒數,等著煙火升空。	On New Year's Eve, everyone gathers at the square to count down and wait for fireworks.
6067	分行	我去銀行分行辦事。	I'm going to a bank branch to do business.
6068	分行	這家銀行在全台有兩百多間分行,辦事很方便。	This bank has over two hundred branches island-wide, so it's convenient.
6069	史料	這是珍貴的史料。	This is valuable historical material.
6070	史料	研究員到圖書館翻閱大量史料,想還原當年事件的真相。	The researcher read through lots of historical materials in the library to uncover the truth.
6071	均衡	飲食要均衡。	Your diet should be balanced.
6072	均衡	想要保持健康,飲食要均衡,不要只吃肉或只吃菜。	To stay healthy, keep a balanced diet and don't eat only meat or only vegetables.
6073	姬	古代宮中有許多舞姬。	There were many dancing girls in ancient palaces.
6074	姬	這部動漫裡的歌姬擁有一副天籟般的嗓音。	The songstress in this anime has a heavenly voice.
6075	崔	遠方的山勢崔嵬,雲霧繚繞。	The distant mountains loom high, wreathed in mist.
6076	恰恰	我來的時間恰恰好。	I arrived at exactly the right time.
6077	恰恰	他說的話恰恰相反,讓我們感到很意外。	What he said was exactly the opposite, which surprised us.
6078	捧	他捧著一束花。	He holds a bouquet in both hands.
6079	捧	她雙手捧著剛做好的蛋糕,小心翼翼地走到桌子前。	She carried the freshly made cake in both hands, carefully walking to the table.
6080	數年	我住在這裡數年了。	I've lived here for several years.
6081	數年	經過數年的努力,他終於把小攤販變成了連鎖店。	After several years of effort, he finally turned a small stall into a chain.
6082	榜樣	他是我的榜樣。	He is my role model.
6083	榜樣	爸爸以身作則,是孩子最好的榜樣。	Dad leads by example and is the child's best role model.
6084	流亡	他流亡海外。	He lives in exile abroad.
6085	流亡	戰爭開始後,許多人被迫流亡他國,不知道何時才能回家。	After the war started, many were forced into exile and don't know when they can go home.
6086	特種	他加入了特種部隊。	He joined the special forces.
6087	特種	特種車輛必須通過嚴格的檢驗,才能上路行駛。	Special vehicles must pass strict inspection before they can go on the road.
6088	矮	他個子很矮。	He is short.
6089	矮	這道牆太矮了,擋不住外面的噪音和視線。	This wall is too low to block outside noise and sight.
6090	結尾	這個故事的結尾很感人。	The ending of this story is touching.
6091	結尾	這部電影的結尾出乎意料,看完後我跟朋友討論了很久。	The ending was unexpected, and I discussed it with friends for a long time.
6092	自衛	他是為了自衛。	He did it in self-defense.
6093	自衛	這名店員為了自衛,拿起掃把阻擋歹徒。	To defend himself, the clerk picked up a broom to block the robber.
6094	診所	我去診所看醫生。	I'm going to the clinic to see a doctor.
6095	診所	巷口那間小診所的醫生很親切,看病也不用等很久。	The doctor at the little clinic at the alley's end is friendly, and there's no long wait.
6096	辛	你辛苦了,先休息吧。	You've worked hard; take a rest first.
6097	辛	這道菜加了很多辣椒,味道辛辣,吃了讓人直流汗。	This dish has lots of chili and is fiery, making you sweat.
6098	陣容	這個樂團陣容很強。	This band has a strong lineup.
6099	陣容	這次音樂祭的陣容十分強大,有很多大家熟悉的歌手。	The festival's lineup is very strong, with many familiar singers.
6100	驢	那隻驢子拉著一車貨。	That donkey pulls a cartload of goods.
6101	驢	在鄉下,農夫趕著驢子載著蔬菜去市場賣。	In the countryside, the farmer drives a donkey carrying vegetables to sell at the market.
6102	台階	台階有點滑。	The steps are a bit slippery.
6103	台階	老廟前有一百多級台階,爬上去之後大家都氣喘吁吁。	There are over a hundred steps before the old temple, and everyone was out of breath at the top.
6104	書桌	書桌上有一盞燈。	There's a lamp on the desk.
6105	書桌	他把書桌整理乾淨,才開始專心寫功課。	He tidied his desk before starting to focus on homework.
6106	腳踏車	我騎腳踏車上學。	I ride my bicycle to school.
6107	腳踏車	週末我們沿著河濱公園騎腳踏車,風吹在臉上很舒服。	On weekends we cycle along the riverside park, and the breeze feels nice.
6108	…死了	今天累死了。	I'm dead tired today.
6109	…死了	這個週末熱死了,我整天都躲在冷氣房。	This weekend was boiling hot, so I stayed in the air-conditioned room all day.
6110	買菜	我媽去買菜了。	My mom went grocery shopping.
6111	買菜	我外婆每天早上都會去傳統市場買菜,因為那裡的蔬菜比較新鮮。	My grandma shops at the traditional market every morning because the vegetables are fresher there.
6112	大	這個西瓜好大喔。	This watermelon is so big!
6113	大	我哥比我大三歲，現在在竹科上班。	My brother is three years older than me and works at the Science Park now.
6114	前	前面有一家超商。	There's a convenience store up ahead.
6115	前	他前年搬到台中，現在在那裡開咖啡店。	He moved to Taichung the year before last and now runs a café there.
6116	覺得	我覺得有點冷。	I feel a bit cold.
6117	覺得	我覺得這部電影的結局太突然了，你覺得呢？	I think this movie's ending is too abrupt. What do you think?
6118	之後	吃完飯之後再說吧。	Let's talk after we eat.
6119	之後	下課之後，我們幾個同學約了去打籃球。	After class, a few of us classmates arranged to play basketball.
6120	而且	這家很好吃，而且不貴。	This place is tasty, and not expensive either.
6121	而且	這間房子離車站很近，而且附近有市場，生活很方便。	This house is close to the station, and there's a market nearby too, so life is convenient.
6122	政策	新政策下個月上路。	The new policy takes effect next month.
6123	政策	政府推出新的補助政策，希望減輕年輕人的租屋負擔。	The government rolled out a new subsidy policy to ease young people's rent burden.
6124	以下	以下是今天的菜單。	Below is today's menu.
6125	以下	十二歲以下的小朋友，進場免費。	Children aged twelve and under get in free.
6126	擁有	她擁有一間小書店。	She owns a small bookstore.
6127	擁有	他從小就擁有很好的語言天分，學什麼都很快。	He's had a great gift for languages since childhood and picks up anything quickly.
6128	不僅	這家店不僅好吃，也很便宜。	This place is not only delicious but also cheap.
6129	不僅	她不僅會彈鋼琴，還自己寫歌，朋友都很佩服她。	She not only plays piano but writes her own songs, and her friends admire her.
6130	最高	這是全台最高的大樓。	This is the tallest building in Taiwan.
6131	最高	玉山是台灣最高的山，海拔將近四千公尺。	Yushan is Taiwan's highest mountain, at nearly four thousand meters.
6132	仍然	他仍然在等你。	He's still waiting for you.
6133	仍然	雖然已經過了十年，她仍然記得第一天上班的情形。	Even after ten years, she still remembers her first day at work.
6134	式	這是一家日式料理店。	This is a Japanese-style restaurant.
6135	式	這個房間是現代式的裝潢，簡單又明亮。	This room has a modern-style decor, simple and bright.
6136	真是	今天真是太熱了。	It's really too hot today.
6137	真是	真是的，你怎麼又忘了帶鑰匙？	Honestly, how did you forget your keys again?
6138	開放	博物館週末開放參觀。	The museum is open to visitors on weekends.
6139	開放	這座公園每天早上六點開放，晚上十點關閉。	This park opens at six every morning and closes at ten at night.
6140	各國	各國代表都來了。	Representatives from every country came.
6141	各國	各國的飲食習慣不同，所以出國前最好先做功課。	Eating habits differ from country to country, so do your homework before going abroad.
6142	正常	一切都很正常。	Everything is normal.
6143	正常	醫生說你的血壓正常，不用太擔心。	The doctor says your blood pressure is normal, so don't worry too much.
6144	過來	你過來一下。	Come over here for a second.
6145	過來	這麼多工作我一個人忙不過來，可以請你幫我嗎？	I can't handle this much work alone; could you help me?
6146	傳	傳一張照片給我。	Send me a photo.
6147	傳	你把會議時間傳到群組裡，大家才不會忘記。	Post the meeting time in the group chat so nobody forgets.
6148	安排	你幫我安排一下。	Please arrange it for me.
6149	安排	週末的行程我已經安排好了，早上先去爬山，下午看電影。	I've arranged the weekend plans: a hike in the morning, a movie in the afternoon.
6150	更新	手機該更新了。	The phone needs an update.
6151	更新	系統更新完成後，請重新啟動電腦。	After the system update finishes, please restart the computer.
6152	網友	網友們都在留言。	Netizens are all leaving comments.
6153	網友	這則新聞出來後，不少網友在底下留言表達看法。	After this news came out, many netizens left comments sharing their views.
6154	鏈接	請點選下方鏈接。	Please click the link below.
6155	包含	價錢包含稅金。	The price includes tax.
6156	包含	這個套餐包含一杯飲料和一份小菜。	This set meal includes a drink and a side dish.
6157	幾年	他在台灣住了好幾年。	He has lived in Taiwan for quite a few years.
6158	幾年	過了幾年，這條街完全變了樣，連老店都搬走了。	A few years later, this street had changed completely, and even the old shops moved away.
6159	機制	這是新的機制。	This is a new mechanism.
6160	機制	學校建立了通報機制，一發現問題就能馬上處理。	The school set up a reporting mechanism so problems can be handled as soon as they're found.
6161	良好	他的成績良好。	His grades are good.
6162	良好	良好的睡眠習慣，對身體健康很有幫助。	Good sleep habits are very helpful for your health.
6163	主持	他主持這場會議。	He is chairing this meeting.
6164	主持	這個節目由她主持，已經三年了。	She has hosted this show for three years.
6165	命運	命運很難說。	Fate is hard to predict.
6166	命運	他相信自己的命運是掌握在自己手裡的。	He believes his fate is in his own hands.
6167	幸運	你真幸運！	You're so lucky!
6168	幸運	今天很幸運地趕上最後一班車，不然就得走路回家了。	I was lucky enough to catch the last bus today; otherwise I'd have walked home.
6169	森林	森林裡很涼。	It's cool in the forest.
6170	森林	阿里山的森林在清晨會起霧，很多人特地早起去看。	The forest in Alishan gets misty at dawn, and many people get up early just to see it.
6171	組合	這是新的顏色組合。	This is a new color combination.
6172	組合	這個樂團是由四個高中同學組合而成的。	This band was formed by four high school classmates.
6173	走向	河流的走向由北到南。	The river runs from north to south.
6174	走向	這齣戲的劇情走向完全出乎大家的意料。	The way the plot of this show develops took everyone by surprise.
6175	不該	你不該說謊。	You shouldn't lie.
6176	不該	他不該一個人半夜在外面亂晃，家人都很擔心。	He shouldn't wander around outside alone at midnight; his family is worried.
6177	品質	這家的品質很好。	The quality here is very good.
6178	品質	他們的產品品質穩定，所以客人才會一直回購。	Their product quality is consistent, which is why customers keep buying.
6179	微	他微笑著點頭。	He nodded with a smile.
6180	微	今天的風微涼，很適合出去散步。	The wind is slightly cool today, perfect for a walk.
6181	此次	此次活動很成功。	This event was a great success.
6182	此次	此次颱風造成南部多處淹水，請民眾注意安全。	This typhoon caused flooding in many parts of the south; please stay safe.
6183	簡介	這是公司簡介。	This is a company profile.
6184	簡介	網站上有這位作者的簡介，你可以先看一下。	The website has a short bio of this author; take a look first.
6185	賽	今天有一場籃球賽。	There's a basketball game today.
6186	賽	這次的校際賽，我們班拿到第一名。	In this inter-school competition, our class won first place.
6187	不見	我的錢包不見了。	My wallet is missing.
6188	不見	昨天才買的傘，今天就不見了，真是莫名其妙。	I bought this umbrella just yesterday and it's gone today; what a mystery.
6189	分開	他們分開了。	They broke up.
6190	分開	這兩種垃圾要分開丟，不能放在一起。	These two kinds of trash must be thrown away separately, not together.
6191	在家	我今天在家。	I'm at home today.
6192	在家	週末我喜歡在家看書，不想出門。	On weekends I like to read at home and don't want to go out.
6193	差不多	兩個差不多大。	The two are about the same size.
6194	差不多	我們差不多該出發了，不然會趕不上車。	We should be leaving soon, or we'll miss the train.
6195	排	他排在我前面。	He's in line in front of me.
6196	排	小籠包店外排了一長串人，我們等了快一個小時。	A long line formed outside the soup dumpling shop, and we waited almost an hour.
6197	活著	他還活著。	He's still alive.
6198	活著	能健康地活著，比什麼都重要。	Being alive and healthy matters more than anything.
6199	競賽	他參加數學競賽。	He's joining a math competition.
6200	競賽	這項全國競賽吸引了上百所學校報名參加。	This national contest drew hundreds of schools to sign up.
6201	謀殺	這是一起謀殺案。	This is a murder case.
6202	謀殺	警方懷疑這是一起謀殺案，正在調查現場。	The police suspect this is a murder and are investigating the scene.
6203	鎮壓	警方鎮壓了抗議。	The police suppressed the protest.
6204	鎮壓	軍隊鎮壓了這場叛亂，但付出了很大的代價。	The army put down this rebellion, but at a great cost.
6205	任期	市長的任期是四年。	The mayor's term is four years.
6206	任期	總統的任期是四年，最多可以連任一次。	The president's term is four years, with at most one reelection.
6207	去世	他爺爺去世了。	His grandfather passed away.
6208	去世	我外婆去年去世了，我們全家都很想念她。	My grandma passed away last year, and our whole family misses her.
6209	富有	他很富有。	He's very wealthy.
6210	富有	這個故事富有教育意義，很適合小朋友閱讀。	This story is rich in educational value and ideal for kids to read.
6211	排除	先排除這個選項。	Rule out this option first.
6212	排除	工人已經排除路上的障礙物，車子可以通行了。	Workers cleared the obstacles from the road, and vehicles can pass now.
6213	油	鍋裡要放一點油。	Put a little oil in the pan.
6214	油	車子沒油了，我們先去加油站吧。	The car is out of gas; let's go to the gas station first.
6215	研究生	他是研究生。	He's a graduate student.
6216	研究生	研究生通常要花一兩年寫論文，壓力很大。	Graduate students usually spend a year or two on a thesis, which is stressful.
6217	落	我把傘落在公車上了。	I left my umbrella on the bus.
6218	落	我出門太急，把手機落在家裡了，一整天都沒辦法聯絡。	I left in such a rush that I left my phone at home and couldn't be reached all day.
6219	週期	這個週期是三個月。	This cycle is three months.
6220	週期	月亮的圓缺有固定的週期，大約是一個月。	The moon's phases follow a fixed cycle of about a month.
6221	不利	這對我們不利。	This is unfavorable for us.
6222	不利	天氣對比賽不利，主辦單位決定延期。	The weather is unfavorable for the game, so the organizers decided to postpone.
6223	分手	他們分手了。	They broke up.
6224	分手	他們交往三年之後，因為異地而分手了。	After three years together, they broke up because of the distance.
6225	國內外	國內外遊客都很喜歡這裡。	Domestic and foreign tourists all like this place.
6226	國內外	這位作家的作品在國內外都得過獎。	This writer's works have won awards both at home and abroad.
6227	封閉	道路被封閉了。	The road has been closed off.
6228	封閉	因為土石流，山區的道路暫時封閉。	Because of a mudslide, the mountain road is temporarily closed.
6229	截圖	我截圖給你看。	I'll screenshot it for you.
6230	截圖	你可以把這個頁面截圖傳給我嗎？我想存起來。	Can you screenshot this page and send it to me? I want to save it.
6231	暴露	不要暴露個資。	Don't expose your personal data.
6232	暴露	長時間暴露在陽光下，皮膚很容易曬傷。	Long exposure to sunlight easily burns your skin.
6233	法治	法治很重要。	The rule of law is important.
6234	法治	一個國家要進步，必須先有健全的法治。	For a country to progress, it must first have a sound rule of law.
6235	王子	王子騎著白馬。	The prince rides a white horse.
6236	王子	童話故事裡，王子最後和公主結婚了。	In the fairy tale, the prince finally married the princess.
6237	稱之為	人們稱之為母親河。	People call it the mother river.
6238	稱之為	這種現象，科學家稱之為溫室效應。	Scientists call this phenomenon the greenhouse effect.
6239	興起	手搖飲料興起了。	Bubble-tea shops have taken off.
6240	興起	近年來，露營在台灣興起，週末的營地常常客滿。	In recent years camping has taken off in Taiwan, and campsites are often full on weekends.
6241	超市	我去超市買菜。	I'm going to the supermarket for groceries.
6242	超市	這家超市晚上九點以後，蔬菜和麵包都會打折。	After nine p.m. this supermarket discounts its vegetables and bread.
6243	難題	這是個難題。	This is a tough problem.
6244	難題	這個難題讓全公司都傷透了腦筋。	This difficult problem has given the whole company a headache.
6245	不止	不止一個人這樣說。	More than one person says so.
6246	不止	這家店的客人不止本地人，也有很多外國觀光客。	This shop's customers aren't only locals; there are many foreign tourists too.
6247	冰	水結成冰了。	The water has turned to ice.
6248	冰	夏天我最愛吃冰，尤其是芒果冰。	In summer I love shaved ice, especially mango shaved ice.
6249	器官	心臟是重要的器官。	The heart is an important organ.
6250	器官	他簽了器官捐贈同意書，希望能幫助需要的人。	He signed an organ donation consent form, hoping to help those in need.
6251	密度	人口密度很高。	The population density is high.
6252	密度	台北的人口密度高，所以房子都蓋得很高。	Taipei's population density is high, so buildings are built tall.
6253	情侶	公園裡有很多情侶在散步。	Lots of couples are strolling in the park.
6254	情侶	情侶套餐買一送一，所以很多人都約對象一起吃。	The couples' set is buy-one-get-one, so many people invite their partner to eat.
6255	散	繩子散開了。	The rope came loose.
6256	散	行李沒綁好，東西散了一地。	The luggage wasn't tied properly, and things scattered all over the floor.
6257	法制	法制健全，社會才會穩定。	Society is stable only when the legal system is sound.
6258	法制	學校請專家來為同學講解法制教育。	The school invited an expert to teach students about the legal system.
6259	當下	當下我嚇了一跳。	I was startled on the spot.
6260	當下	當下最重要的是把眼前的事做好，不要想太多。	What matters most right now is doing the task at hand well, without overthinking.
6261	編劇	他是電影的編劇。	He's the movie's screenwriter.
6262	編劇	這部戲的編劇花了兩年時間，才把劇本寫完。	The screenwriter spent two years finishing the script of this drama.
6263	覺	我想睡個午覺。	I want to take a nap.
6264	覺	昨晚沒睡好，中午一定要補個覺。	I slept badly last night, so I must catch up on sleep at noon.
6265	鍛鍊	我每天鍛鍊身體。	I exercise every day.
6266	鍛鍊	爺爺每天早上都去公園鍛鍊，所以身體很硬朗。	Grandpa exercises in the park every morning, so he's quite hale and hearty.
6267	上台	他上台領獎。	He went on stage to receive the award.
6268	上台	輪到我上台報告，我緊張得腦筋一片空白。	When it was my turn to present on stage, my mind went blank from nerves.
6269	側	請往右側站。	Please stand to the right side.
6270	側	他習慣側著睡，這樣比較不會打呼。	He's used to sleeping on his side, which makes him snore less.
6271	剪	我去剪頭髮。	I'm going to get a haircut.
6272	剪	她把花剪下來，插在花瓶裡。	She cut the flowers and put them in a vase.
6273	喜	我喜歡喝熱茶。	I like drinking hot tea.
6274	喜	她收到禮物，臉上露出歡喜的笑容。	She got a gift and a joyful smile appeared on her face.
6275	孕婦	這是孕婦專用座位。	This is a seat reserved for pregnant women.
6276	孕婦	孕婦要避免吃生魚片和喝酒，對寶寶比較好。	Pregnant women should avoid sashimi and alcohol, which is better for the baby.
6277	康	祝您身體安康。	Wishing you good health.
6278	康	他最近多運動，身體康復得很快。	He's been exercising more lately, and his body recovered quickly.
6279	指向	時鐘指向十二點。	The clock points to twelve.
6280	指向	調查結果都指向同一個答案，就是需要更多預算。	The survey results all point to the same answer: more budget is needed.
6281	明朝	今夜好好休息，明朝再出發。	Rest well tonight and set out again tomorrow morning.
6282	明朝	他說明朝一早就要搭船離開這座小島。	He said he'll take a boat off this island early tomorrow morning.
6283	比如說	我喜歡水果，比如說芒果。	I like fruit, for example mango.
6284	比如說	台灣有很多好吃的小吃，比如說滷肉飯、蚵仔煎。	Taiwan has many tasty snacks, such as braised pork rice and oyster omelets.
6285	為首	以經理為首的團隊來了。	The team headed by the manager has arrived.
6286	為首	以經理為首的團隊，今天上午到客戶那裡簡報。	The team led by the manager gave a presentation at the client's this morning.
6287	知識分子	他是知識分子。	He is an intellectual.
6288	知識分子	知識分子應該對社會問題有自己的想法，不要只是跟著大家說。	Intellectuals should have their own views on social issues rather than echo others.
6289	脈	醫生幫我把脈。	The doctor took my pulse.
6290	脈	台灣的中央山脈很高，有許多登山步道。	Taiwan's Central Mountain Range is tall, with many hiking trails.
6291	評為	他被評為最佳員工。	He was named employee of the year.
6292	評為	這家餐廳被評為本年度最受歡迎的餐廳。	This restaurant was voted the most popular restaurant of the year.
6293	逃離	他逃離了火場。	He escaped from the fire.
6294	逃離	居民在地震後匆忙逃離了大樓。	Residents hurriedly fled the building after the earthquake.
6295	限於	活動限於會員參加。	The event is limited to members.
6296	限於	優惠限於台灣地區使用，海外不能用。	The offer is limited to use in Taiwan and not valid overseas.
6297	下游	這條河的下游有一座小村莊。	There's a small village downstream on this river.
6298	下游	工廠把廢水排進河裡，下游的居民受到影響。	The factory dumped wastewater into the river, affecting residents downstream.
6299	充電	你的手機充電了嗎？	Did you charge your phone?
6300	充電	他利用週末去上課充電，希望能提升自己的能力。	He recharges by taking classes on weekends, hoping to improve his skills.
6301	半天	我等了半天。	I waited for ages.
6302	半天	我找了半天，才發現鑰匙在口袋裡。	I searched for ages before finding the keys in my pocket.
6303	塑造	她想塑造專業的形象。	She wants to build a professional image.
6304	塑造	這部電影成功塑造了一個善良又倔強的角色。	This movie successfully created a kind but stubborn character.
6305	寬容	老師對學生很寬容。	The teacher is lenient with students.
6306	寬容	對別人寬容一點，也是在對自己好。	Being more tolerant of others is also being good to yourself.
6307	後台	演員在後台化妝。	The actors are putting on makeup backstage.
6308	後台	演出前，歌手在後台緊張地等待上場。	Before the show, the singer waited nervously backstage.
6309	掩飾	他想掩飾錯誤。	He tries to cover up his mistake.
6310	掩飾	她笑著掩飾自己的緊張，不想讓別人看出來。	She covered her nervousness with a smile, not wanting others to notice.
6311	未成年	他還未成年。	He's still underage.
6312	未成年	未成年者不得購買菸酒，店員會要求出示證件。	Minors may not buy cigarettes or alcohol, and clerks ask to see ID.
6313	洩漏	瓦斯洩漏了。	The gas leaked.
6314	洩漏	公司的機密資料被洩漏，老闆非常生氣。	The company's confidential data was leaked, and the boss was furious.
6315	畢	他明年就要畢業了。	He graduates next year.
6316	畢	大學畢業後，我先去當兵，再找工作。	After college graduation, I'll serve in the military first and then look for a job.
6317	糖果	小朋友愛吃糖果。	Kids love candy.
6318	糖果	萬聖節時，小朋友穿著奇裝異服到處要糖果。	On Halloween, kids in costumes go around asking for candy.
6319	處理器	這台電腦的處理器很快。	This computer's processor is fast.
6320	處理器	新手機換了更快的處理器，玩遊戲也不會卡。	The new phone has a faster processor, so games don't lag.
6321	賜	感謝老天賜給我們這麼好的天氣。	Thank heaven for granting us such lovely weather.
6322	賜	皇帝賜了他一塊玉，表示對他的信任。	The emperor bestowed a piece of jade on him as a sign of trust.
6323	長遠	要有長遠的計畫。	You need a long-term plan.
6324	長遠	政府的政策應該以長遠的利益為考量，不能只看眼前。	Government policy should consider long-term benefits, not just immediate ones.
6325	體育場	體育場很大。	The stadium is large.
6326	體育場	運動會在學校的體育場舉行，吸引了很多家長來加油。	Sports day was held in the school stadium, drawing many parents to cheer.
6327	乳房	乳房檢查很重要。	Breast exams are important.
6328	乳房	醫生提醒女性每年定期做乳房檢查，及早發現問題。	Doctors remind women to get regular breast exams every year to catch problems early.
6329	健	我每週去健身房兩次。	I go to the gym twice a week.
6330	健	爺爺每天散步，保持身體強健。	Grandpa walks every day to keep his body strong.
6331	創下	創下新紀錄。	Set a new record.
6332	創下	這部電影上映第一天，票房就創下新紀錄。	On its opening day this movie set a new box-office record.
6333	同等	兩人同等重要。	The two are equally important.
6334	同等	學歷同等的求職者中，公司會優先錄取有經驗的人。	Among applicants with equal education, the company hires those with experience first.
6335	堅守	護理師堅守崗位，照顧每一位病人。	The nurses stay at their posts, caring for every patient.
6336	堅守	他堅守自己的原則，不管別人怎麼說都不退讓。	He sticks to his principles and won't yield no matter what others say.
6337	存放	行李可以存放在這裡。	Luggage can be stored here.
6338	存放	車站有投幣式置物櫃，旅客可以存放行李。	The station has coin lockers where travelers can store luggage.
6339	幕	夜幕低垂，街燈亮了起來。	Night fell and the street lamps came on.
6340	幕	舞台的幕緩緩拉開，觀眾安靜下來。	The stage curtain slowly opened and the audience fell quiet.
6341	憂鬱	他最近很憂鬱。	He's been depressed lately.
6342	憂鬱	連續下了好幾天雨，心情難免有點憂鬱。	After several days of rain, it's natural to feel a bit gloomy.
6343	接吻	他們在接吻。	They are kissing.
6344	接吻	電影裡的男女主角在雨中接吻。	The leads in the movie kiss in the rain.
6345	旅遊業	旅遊業受疫情影響。	The tourism industry was hit by the pandemic.
6346	旅遊業	台灣的旅遊業在疫情後慢慢恢復，飯店和民宿都忙了起來。	Taiwan's tourism industry gradually recovered after the pandemic, and hotels and B&Bs got busy.
6347	樣式	這個包包的樣式很新。	This bag's style is new.
6348	樣式	這兩款手機的樣式不同，但功能差不多。	These two phones differ in style but have similar functions.
6349	淚水	淚水流下來了。	Tears rolled down.
6350	淚水	聽到這個好消息，她忍不住流下喜悅的淚水。	Hearing the good news, she couldn't help shedding tears of joy.
6351	王室	王室成員出席了典禮。	Members of the royal family attended the ceremony.
6352	王室	這座宮殿過去是王室居住的地方。	This palace used to be where the royal family lived.
6353	社會學	他學社會學。	He studies sociology.
6354	社會學	社會學研究人與人之間的互動，以及社會如何運作。	Sociology studies how people interact and how society functions.
6355	線下	這個課程有線下教學。	This course has offline classes.
6356	線下	疫情之後，很多店家開始重視線下活動。	After the pandemic, many shops began to value offline events.
6357	艙	乘客進入機艙。	Passengers enter the cabin.
6358	艙	經濟艙的位子比較窄，但機票便宜很多。	Economy class seats are narrower, but tickets are much cheaper.
6359	說起	說起這件事我就生氣。	Mentioning this makes me angry.
6360	說起	說起台灣的小吃，我第一個想到的就是滷肉飯。	Speaking of Taiwanese snacks, the first thing I think of is braised pork rice.
6361	迷人	她的笑容很迷人。	Her smile is charming.
6362	迷人	夜晚的海邊燈光閃爍，景色迷人。	The seaside at night glitters with lights, a captivating view.
6363	隱形	他每天戴隱形眼鏡。	He wears contact lenses every day.
6364	隱形	這架軍機具備隱形功能，雷達很難偵測到。	This military aircraft has stealth capability and is hard for radar to detect.
6365	高尚	他的品格高尚。	He has noble character.
6366	高尚	她把賺來的錢都捐出去，這種高尚的行為讓人佩服。	She donated all she earned, and such noble conduct is admirable.
6367	壓住了	風很大，我用石頭壓住了紙。	The wind was strong, so I weighed the paper down with a stone.
6368	壓住了	他用手壓住了傷口，血很快就止住了。	He pressed on the wound with his hand, and the bleeding soon stopped.
6369	機率	明天下雨的機率很高。	The chance of rain tomorrow is high.
6370	機率	氣象局預測，明天下雨的機率高達八成。	The Weather Bureau forecasts an 80 percent chance of rain tomorrow.
6371	行動電源	我帶了行動電源。	I brought a power bank.
6372	行動電源	出門前記得把行動電源充滿，手機沒電就麻煩了。	Remember to fully charge your power bank before leaving; a dead phone is trouble.
6373	一步	再走一步就到了。	One more step and we're there.
6374	一步	計畫要一步一步來，不要太急。	Plans must be done step by step; don't rush.
6375	外帶	我要外帶。	I'd like takeout.
6376	外帶	這家店的飲料可以外帶，也可以在店裡喝。	Drinks here can be taken out or enjoyed in the shop.
