6377	與	本公司與多家學校合作，推廣環保教育。	Our company partners with several schools to promote environmental education.
6378	與	市政府將與民眾一起討論新公園的設計。	The city government will discuss the design of the new park together with residents.
6379	現在	現在幾點了？	What time is it now?
6380	現在	我現在在忙，等一下再回你訊息好嗎？	I'm busy right now. Can I reply to your message in a bit?
6381	一些	我買了一些水果。	I bought some fruit.
6382	一些	最近壓力有點大，我想找一些朋友出來聊聊天。	I've been stressed lately, so I want to get a few friends together to chat.
6383	影響	天氣會影響心情。	The weather affects your mood.
6384	影響	長期熬夜會影響健康，也會影響隔天的工作表現。	Staying up late for a long time hurts your health and your work performance the next day.
6385	得到	他得到了第一名。	He won first place.
6386	得到	我寫信給客服，終於得到了退款的回覆。	I wrote to customer service and finally got a reply about the refund.
6387	以後	以後再說吧。	Let's talk about it later.
6388	以後	畢業以後，我想去國外工作一兩年看看。	After graduating, I want to try working abroad for a year or two.
6389	縣	他住在苗栗縣。	He lives in Miaoli County.
6390	縣	新竹縣的天氣很乾燥，冬天風也特別大。	The weather in Hsinchu County is dry, and the wind is especially strong in winter.
6391	基本	基本上我都在家煮飯。	Basically, I cook at home.
6392	基本	學好一門語言，最基本的就是每天花時間練習。	The most basic thing in learning a language is spending time practicing every day.
6393	舉行	婚禮在週六舉行。	The wedding will be held on Saturday.
6394	舉行	畢業典禮將於下週五上午十點在體育館舉行。	The graduation ceremony will be held in the gymnasium at 10 a.m. next Friday.
6395	堅持	你要堅持下去。	You have to keep going.
6396	堅持	他每天早上都堅持跑步，已經持續兩年了。	He insists on running every morning and has kept it up for two years.
6397	自然	我愛大自然。	I love nature.
6398	自然	說話要自然一點，不要太緊張，慢慢講就好。	Speak more naturally, don't be too nervous, just go slowly.
6399	四	我家有四個人。	There are four people in my family.
6400	四	每個月第四個週六，社區都會舉辦跳蚤市場。	On the fourth Saturday of each month, the neighborhood holds a flea market.
6401	東	太陽從東邊升起。	The sun rises in the east.
6402	東	這條路一直往東走，就會看到海邊的小漁港。	Keep going east along this road and you'll see a small fishing harbor by the sea.
6403	裡面	盒子裡面有什麼？	What's inside the box?
6404	裡面	冰箱裡面還有半個西瓜，你要不要拿出來吃？	There's half a watermelon in the fridge. Do you want to take it out and eat it?
6405	作家	她是個作家。	She's a writer.
6406	作家	這位作家的新書上週出版，書店裡擺了一整排。	This author's new book came out last week, and the bookstore put out a whole row.
6407	廣泛	這本書讀者很廣泛。	This book has a wide readership.
6408	廣泛	這種手機遊戲被廣泛使用，從小學生到阿公阿嬤都在玩。	This mobile game is widely played, from elementary school kids to grandparents.
6409	網址	請給我網址。	Please give me the URL.
6410	網址	我把訂位的網址傳給你了，記得在今晚前完成預約。	I sent you the booking URL. Remember to finish the reservation before tonight.
6411	麵	我想吃麵。	I want to eat noodles.
6412	麵	夜市那家牛肉麵的麵很有嚼勁，湯頭也很濃。	The noodles at that beef noodle stall at the night market are chewy and the broth is rich.
6413	商品	商品很便宜。	The goods are cheap.
6414	商品	這項商品買二送一，只到這個週日，要買要快。	This item is buy two, get one free, only until this Sunday, so hurry.
6415	捲	請捲起袖子。	Please roll up your sleeves.
6416	捲	她把毛巾捲起來放進行李箱，再塞進兩雙襪子。	She rolled up the towel, put it in the suitcase, and stuffed in two pairs of socks.
6417	男子	那個男子很高。	That man is very tall.
6418	男子	一名男子昨晚在巷口撿到錢包，主動交給了警方。	A man found a wallet at the end of an alley last night and handed it to police on his own.
6419	貨幣	台灣的貨幣是新台幣。	Taiwan's currency is the New Taiwan dollar.
6420	貨幣	出國旅行前，要先把貨幣換成當地使用的錢。	Before traveling abroad, you need to exchange your currency for the local money.
6421	亂	房間好亂。	The room is such a mess.
6422	亂	別亂丟垃圾，要丟進垃圾車旁邊的回收桶。	Don't litter. Throw it in the recycling bin next to the garbage truck.
6423	實踐	要實踐承諾。	You must keep your promise.
6424	實踐	環保不能只是口號，要從日常生活中一點一滴實踐。	Environmentalism can't just be slogans. It has to be practiced bit by bit in daily life.
6425	損失	我們損失很大。	We suffered big losses.
6426	損失	這場大水造成農民不小的損失，政府正在評估補助。	The flood caused farmers considerable losses, and the government is evaluating subsidies.
6427	社會主義	他在研究社會主義。	He is studying socialism.
6428	社會主義	這門課會討論社會主義的歷史，也比較不同國家的制度。	This course discusses the history of socialism and compares systems across countries.
6429	領	我去領包裹。	I'm going to pick up a package.
6430	領	領薪水那天，我都會先去提款機領一些現金，再轉帳給我媽。	On payday I first withdraw some cash at the ATM, then transfer money to my mom.
6431	原本	我原本想去。	I originally wanted to go.
6432	原本	原本約好今天見面，但朋友臨時有事，就改到下週了。	We'd originally agreed to meet today, but my friend had something come up, so we moved it to next week.
6433	尚未	他尚未回覆。	He hasn't replied yet.
6434	尚未	本次活動尚未確定舉辦時間，請留意官方網站的通知。	The date for this event hasn't been set yet. Please watch for official announcements.
6435	日常	這是日常工作。	This is routine work.
6436	日常	這部漫畫畫的是上班族的日常生活，讀起來好有共鳴。	This comic depicts office workers' everyday life, and it's very relatable.
6437	相互	我們相互幫忙。	We help each other.
6438	相互	鄰居之間相互照顧，讓整個社區的氣氛變得很溫暖。	Neighbors looking out for each other makes the whole community feel warm.
6439	解放	週五下班真是解放。	Getting off work on Friday is such a liberation.
6440	解放	用洗碗機之後，我終於解放了雙手，晚上可以多看一集影集。	With the dishwasher, my hands were finally freed and I can watch one more episode at night.
6441	體驗	我想體驗一下。	I want to experience it.
6442	體驗	這次旅行讓我體驗到原住民部落的生活，感覺很特別。	This trip let me experience life in an indigenous village, and it felt special.
6443	前面	前面有人。	There's someone ahead.
6444	前面	前面那個路口右轉，就能看到我說的那家早餐店。	Turn right at the intersection ahead and you'll see the breakfast shop I mentioned.
6445	尋求	請尋求幫助。	Please seek help.
6446	尋求	遇到困難時，別害怕尋求家人和朋友的幫忙。	When you hit trouble, don't be afraid to seek help from family and friends.
6447	早已	大家早已離開了。	Everyone had already left.
6448	早已	老闆早已知道這件事，只是一直沒有說出來。	The boss already knew about this long ago and just didn't say anything.
6449	登記	請先登記。	Please register first.
6450	登記	搬家以後要去戶政事務所登記新地址，才可以領到新的證件。	After moving you must register the new address at the household registration office to get new documents.
6451	觀念	他的觀念很新。	His ideas are very modern.
6452	觀念	老一輩的觀念比較保守，所以我們得花時間慢慢溝通。	The older generation's views are more conservative, so we need time to talk it through.
6453	顯得	他顯得很緊張。	He seems very nervous.
6454	顯得	房間換成白色的牆壁之後，整個空間顯得更明亮、更大。	With white walls, the whole room looks brighter and bigger.
6455	做法	這個做法不錯。	This approach is good.
6456	做法	這道菜的做法很簡單，只要先炒香蒜頭，再放進青菜就好。	The recipe is simple: fry garlic until fragrant, then add the greens.
6457	合同	我簽了合同。	I signed the contract.
6458	合同	簽合同之前，請先仔細看清楚每一條內容，有問題要馬上問。	Before signing the contract, read every clause carefully and ask right away if you have questions.
6459	害	你別害我。	Don't get me in trouble.
6460	害	我昨天忘了關瓦斯，差點害全家人出事，真是嚇了一大跳。	I forgot to turn off the gas yesterday and nearly put the whole family in danger. It gave me a big scare.
6461	戲劇	我喜歡戲劇。	I love theater.
6462	戲劇	她大學念的是戲劇系，畢業後在劇團工作了五年。	She studied drama in college and worked at a theater troupe for five years after graduating.
6463	權益	要保障消費者權益。	We must protect consumers' rights.
6464	權益	員工的權益很重要，公司應該依法提供保險和特休。	Employees' rights matter, and companies should provide insurance and paid leave as required by law.
6465	硬	這個麵包很硬。	This bread is hard.
6466	硬	這張床太硬了，我睡了一晚，隔天腰酸背痛。	This bed is too hard. After a night on it my back ached all next day.
6467	藥品	這是藥品。	This is medicine.
6468	藥品	藥品要放在小孩拿不到的地方，使用前也要看清楚說明書。	Medicine should be kept out of children's reach, and read the instructions before use.
6469	運	我今天很走運。	I'm lucky today.
6470	運	貨車把新沙發運到家裡，兩個工人合力搬上了四樓。	The truck delivered the new sofa, and two workers carried it up to the fourth floor together.
6471	上學	我要去上學。	I'm going to school.
6472	上學	我弟每天騎腳踏車上學，遇到下雨天才讓我媽載他。	My brother bikes to school every day, and only on rainy days does Mom drive him.
6473	制裁	他們受到制裁。	They were sanctioned.
6474	制裁	許多國家對這個國家實施經濟制裁，希望促使它改變政策。	Many countries imposed economic sanctions on this nation, hoping to push it to change its policy.
6475	大賽	他參加大賽。	He entered the grand contest.
6476	大賽	學校今年舉辦歌唱大賽，報名的同學多到要分成兩天比賽。	The school held a singing contest this year, with so many signups it was split over two days.
6477	惡心	我覺得惡心。	I feel nauseous.
6478	惡心	坐在後座看手機，我開始頭暈惡心，只好請司機靠邊停車。	Looking at my phone in the back seat made me dizzy and sick, so I asked the driver to pull over.
6479	本國	本國的學生很多。	There are many local students.
6480	本國	本國的農產品品質很好，所以出口到許多國家。	Our country's agricultural products are of good quality and exported to many countries.
6481	現狀	現狀不錯。	The current situation is fine.
6482	現狀	我不滿足於現狀，所以決定下班後去學一門新的技術。	I'm not satisfied with the status quo, so I decided to learn a new skill after work.
6483	綁	請綁好鞋帶。	Please tie your shoelaces.
6484	綁	她出門前把頭髮綁成馬尾，這樣騎車比較不會被風吹亂。	Before leaving she tied her hair in a ponytail so the wind wouldn't mess it up on her ride.
6485	讚	我給你按讚。	I'll give you a like.
6486	讚	朋友發了出遊的照片，我看了好羨慕，馬上按了一個讚。	My friend posted trip photos, and I was so envious and immediately liked them.
6487	頓	我吃了一頓好料。	I had a good meal.
6488	頓	今天辛苦了，晚上我請你吃一頓大餐，好好犒賞自己。	You've worked hard today. I'll treat you to a big dinner tonight as a reward.
6489	偶爾	我偶爾運動。	I exercise occasionally.
6490	偶爾	偶爾下班後，我會一個人去河邊走走，放空腦袋。	Once in a while after work I go for a walk by the river alone and clear my mind.
6491	同胞	他是我的同胞。	He is my compatriot.
6492	同胞	颱風過後，各地同胞紛紛捐款，幫助受災的家庭重建家園。	After the typhoon, compatriots everywhere donated money to help affected families rebuild.
6493	姓	你姓什麼？	What's your surname?
6494	姓	我姓陳，是台灣最常見的姓氏之一，一個班上常常有好幾個人姓陳。	My surname is Chen, one of the most common in Taiwan, and a class often has several Chens.
6495	影	地上有一個影子。	There's a shadow on the ground.
6496	影	他的身影消失在人群中，我追了半天還是沒找到他。	His figure vanished into the crowd, and I chased for ages without finding him.
6497	攝影師	他是攝影師。	He is a photographer.
6498	攝影師	婚禮上的攝影師跟拍了一整天，拍下很多感人的畫面。	The wedding photographer shot all day and captured many touching moments.
6499	步驟	請照步驟做。	Please follow the steps.
6500	步驟	組裝書架一共有五個步驟，只要照著圖片做就不會出錯。	Assembling the bookshelf takes five steps, and you won't go wrong if you follow the pictures.
6501	煮	我來煮飯。	I'll cook.
6502	煮	媽媽煮了一鍋湯，等大家回家就可以喝了。	Mom cooked a pot of soup, ready for everyone when they get home.
6503	眼中	在孩子眼中，爸爸是英雄。	In a child's eyes, Dad is a hero.
6504	眼中	在她眼中，這隻小狗不只是寵物，而是家人。	In her eyes, this puppy is not just a pet but family.
6505	罷了	我只是說說罷了。	I was just saying.
6506	罷了	他只是開個玩笑罷了，你不用這麼認真，更不必生氣。	He was just joking, so no need to take it so seriously, let alone get angry.
6507	謊言	那是個謊言。	That was a lie.
6508	謊言	謊言說多了，連自己都分不清楚哪些是真的，哪些是假的。	After telling enough lies, you can't tell which parts are true and which are false.
6509	采	他精神很有神采。	He looks full of spirit.
6510	采	昨天的球賽非常精采，最後一分鐘才逆轉得分，大家都喊得好大聲。	Yesterday's game was fantastic, with a turnaround in the last minute, and everyone shouted loudly.
6511	高清	這是高清電視。	This is an HD TV.
6512	高清	我換了一台高清電視，連球員臉上的汗水都看得一清二楚。	I got an HD TV, and I can see even the sweat on the players' faces.
6513	信念	他有堅定的信念。	He has firm conviction.
6514	信念	她始終抱著「努力不會白費」的信念，終於考上了理想的學校。	She always held the belief that effort won't be wasted, and finally got into her dream school.
6515	半個	我吃半個蘋果。	I'll eat half an apple.
6516	半個	這個計畫我們只花了半個月就完成了，比預期快很多。	We finished this project in just half a month, much faster than expected.
6517	大氣	大氣很乾淨。	The air is clean.
6518	大氣	這件外套設計得很大氣，穿起來有質感，也不容易過時。	This jacket has an elegant design, looks high-quality, and won't go out of style easily.
6519	帶走	請不要帶走。	Please don't take it away.
6520	帶走	離開教室前，請把自己的東西帶走，垃圾也一起帶走。	Before leaving the classroom, take your belongings and your trash with you.
6521	接待	我來接待客人。	I'll receive the guests.
6522	接待	飯店櫃檯的接待人員很親切，還主動幫我們叫計程車。	The hotel front desk staff were friendly and called a taxi for us on their own.
6523	校	請去學校。	Please go to school.
6524	校	校慶那天，全校師生都會在操場上表演，還會有園遊會。	On school anniversary day, all teachers and students perform on the field, with a bazaar.
6525	烏	天上有烏雲。	There are dark clouds in the sky.
6526	烏	烏鴉在電線桿上叫個不停，看起來快要下大雨了。	Crows keep cawing on the utility pole, and it looks like heavy rain is coming.
6527	窗口	請到那個窗口。	Please go to that counter.
6528	窗口	繳稅請到一樓的窗口辦理，辦完後記得保留收據。	Pay taxes at the first-floor counter and keep the receipt afterward.
6529	臭	這個味道很臭。	This smells bad.
6530	臭	我最怕臭豆腐的味道，但是我朋友超愛，每次逛夜市都要吃。	I hate the smell of stinky tofu, but my friend loves it and has it every time at the night market.
6531	近年	近年來天氣變化很大。	Weather has changed a lot in recent years.
6532	近年	近年台灣的咖啡文化很興盛，每條街上都有好幾間咖啡店。	In recent years Taiwan's coffee culture has flourished, with several cafes on every street.
6533	頭部	頭部受傷了。	His head was injured.
6534	頭部	騎車摔倒時，安全帽保護了他的頭部，所以他只受了輕傷。	When he fell off his scooter, the helmet protected his head, so he only had minor injuries.
6535	五十	這件五十元。	This costs fifty dollars.
6536	五十	今年是我爸爸五十歲生日，我們打算全家一起出國慶祝。	This year is Dad's fiftieth birthday, and we plan to celebrate abroad as a family.
6537	共同體	這是社區共同體。	This is a community.
6538	共同體	鄰居們組成了一個共同體，一起種菜、分享食物，也互相照顧。	Neighbors formed a community, growing vegetables, sharing food and looking after each other.
6539	反饋	請給我反饋。	Please give me feedback.
6540	反饋	客人的反饋對我們很重要，我們會根據意見調整菜單。	Customer feedback matters to us, and we adjust the menu according to it.
6541	壽命	手機的壽命有限。	A phone's lifespan is limited.
6542	壽命	隨著醫學進步，台灣人的平均壽命逐年增加，已經超過八十歲。	With medical progress, Taiwan's average life expectancy keeps rising and now exceeds eighty.
6543	小麥	小麥是食物。	Wheat is a food.
6544	小麥	麵粉是用小麥磨成的，所以麵包和麵條都是小麥做的。	Flour is milled from wheat, so bread and noodles are made from wheat.
6545	憑借	憑借努力成功。	Success through effort.
6546	憑借	他憑借多年的經驗，很快就找到問題所在，大家都很佩服。	Relying on years of experience, he quickly found the issue, and everyone admired him.
6547	擬定	我來擬定計畫。	I'll draw up the plan.
6548	擬定	我們先擬定旅行的預算，再決定要去哪個國家。	We'll first draft the travel budget, then decide which country to visit.
6549	根據地	這裡是我們的根據地。	This is our base of operations.
6550	根據地	登山隊把山腳的小鎮當成根據地，補給完畢後才往山上出發。	The climbing team used the foothill town as their base and set off after resupplying.
6551	海邊	我們去海邊。	We're going to the beach.
6552	海邊	週末我們開車到海邊吹風，順便吃了剛釣到的新鮮魚。	On the weekend we drove to the seaside to enjoy the breeze and ate freshly caught fish.
6553	甜	這個西瓜很甜。	This watermelon is sweet.
6554	甜	我不喜歡太甜的飲料，所以都點半糖或微糖。	I don't like overly sweet drinks, so I order half or low sugar.
6555	累積	錢慢慢累積。	Money builds up slowly.
6556	累積	這幾年他累積了不少經驗，終於有機會升為主管。	He has accumulated much experience these years and finally has a chance to become a supervisor.
6557	蝦	我愛吃蝦。	I love eating shrimp.
6558	蝦	夜市裡有一攤炸蝦，酥脆的外皮配上甜甜的醬，我每次都忍不住多買一份。	A night market stall sells fried shrimp with a crispy coating and sweet sauce, and I always buy extra.
6559	走過	他走過來了。	He walked over.
6560	走過	每天上班我都會走過一條老街，經過賣早餐的小攤和便利商店。	Every day I walk through an old street past the breakfast stand and a convenience store on my way to work.
6561	鋪	我來鋪床。	I'll make the bed.
6562	鋪	工人們正在路上鋪柏油，所以今天這條路暫時封閉。	Workers are paving the road with asphalt, so it's closed today.
6563	颶風	颶風來了。	A hurricane is coming.
6564	颶風	新聞說颶風正從海上逼近美國東岸，居民必須提前撤離。	The news says a hurricane is approaching the US east coast and residents must evacuate early.
6565	代表性	這是代表性的作品。	This is a representative work.
6566	代表性	這道菜是台灣最有代表性的小吃之一，外國朋友來都想嘗嘗。	This dish is among Taiwan's most representative snacks, and foreign friends all want to try it.
6567	冰箱	冰箱裡有牛奶。	There's milk in the fridge.
6568	冰箱	冰箱快要壞了，聲音很大，找人來修還是直接換一台好呢？	The fridge is nearly dead and loud. Should we get it fixed or just replace it?
6569	吊	把衣服吊起來。	Hang up the clothes.
6570	吊	工人用起重機把大型的招牌吊到大樓的外牆上。	Workers used a crane to hoist the large sign onto the building's outer wall.
6571	天體	太陽是天體。	The sun is a celestial body.
6572	天體	天文社的同學用望遠鏡觀察各種天體，像是月亮、木星和土星。	Astronomy club members use telescopes to watch celestial bodies like the moon, Jupiter and Saturn.
6573	巡邏	警察在巡邏。	The police are on patrol.
6574	巡邏	晚上社區的志工會輪流巡邏，確保大家的安全。	At night volunteers in the community take turns patrolling to keep everyone safe.
6575	慣例	這是慣例。	This is the usual practice.
6576	慣例	按照慣例，公司每年尾牙都會抽獎，大家都很期待。	By custom, the company has a raffle at its year-end banquet every year, and everyone looks forward to it.
6577	放手	我不想放手。	I don't want to let go.
6578	放手	孩子長大了，爸媽要學會放手，讓他自己做決定。	The child has grown, so parents must learn to let go and let him decide.
6579	樹木	公園裡有很多樹木。	The park has many trees.
6580	樹木	夏天，濃密的樹木讓公園涼爽很多，大家都來這裡散步。	In summer the dense trees make the park much cooler, and everyone comes to walk.
6581	激光	激光很亮。	The laser is bright.
6582	省長	他是省長。	He is a provincial governor.
6583	省長	新上任的省長在記者會上承諾，會改善偏遠地區的交通。	The newly appointed governor promised at a press conference to improve transport in remote areas.
6584	羨慕	我很羨慕你。	I really envy you.
6585	羨慕	看到朋友全家一起出國旅行，我真的好羨慕。	Seeing my friend's whole family travel abroad together, I really envy them.
6586	親屬	他是我的親屬。	He's my relative.
6587	親屬	醫院規定探病時間只開放給病人的親屬，且一次不超過兩位。	The hospital allows only the patient's relatives to visit, no more than two at a time.
6588	進出	請注意進出安全。	Please mind your safety entering and exiting.
6589	進出	這棟大樓的進出都要刷卡，沒有卡的訪客得在一樓登記。	Entering and leaving this building requires swiping a card, and visitors without one register on the first floor.
6590	雕像	廣場上有一座雕像。	There's a statue in the square.
6591	雕像	博物館門口的雕像是藝術家花了兩年時間用大理石雕成的。	The statue at the museum entrance was carved from marble by an artist over two years.
6592	下崗	工人下崗了。	The worker was laid off.
6593	下崗	工廠關閉後，許多員工被迫下崗，只好四處找新的工作。	After the factory closed, many employees were laid off and had to look for new jobs.
6594	併購	他們併購了公司。	They acquired the company.
6595	併購	這家大企業併購了好幾家小公司，成為業界最大的集團。	This large firm acquired several small companies and became the industry's biggest group.
6596	公子	令公子在哪裡讀書？	Where does your son study?
6597	公子	那位公子哥兒出手大方，每天都開著跑車到處玩。	That rich young man spends lavishly and drives a sports car everywhere every day.
6598	叉	請給我一支叉子。	Please give me a fork.
6599	叉	他用叉子叉起一塊蛋糕，小心地放進嘴裡。	He speared a piece of cake with a fork and carefully put it in his mouth.
6600	嚴謹	他做事很嚴謹。	He works rigorously.
6601	嚴謹	這份研究報告的資料很嚴謹，每個數字都附上了出處。	This research report's data is rigorous, with a source for every number.
6602	失效	藥已經失效了。	The medicine has expired.
6603	失效	優惠券已經失效，不能再用，下次記得在期限內使用。	The coupon has expired and can't be used. Next time use it before the deadline.
6604	寬鬆	這件衣服很寬鬆。	This garment is loose.
6605	寬鬆	我喜歡穿寬鬆的衣服，因為在家工作的時候比較舒服。	I like loose clothes because they're comfortable when working from home.
6606	得不到	我得不到答案。	I can't get an answer.
6607	得不到	最想要的東西往往得不到，所以我們才會更珍惜已經擁有的。	What we want most often can't be had, so we cherish what we already have.
6608	抨擊	他抨擊政策。	He criticized the policy.
6609	抨擊	這篇社論嚴厲抨擊政府的環保政策，認為根本不夠落實。	This editorial harshly attacked the government's environmental policy as not enforced enough.
6610	攝像頭	這個攝像頭很清楚。	This surveillance camera is clear.
6611	期貨	他買期貨。	He trades futures.
6612	期貨	期貨市場風險很高，沒有經驗的人最好不要輕易嘗試。	The futures market is high risk, so inexperienced people shouldn't try it lightly.
6613	民用	這是民用電。	This is civilian electricity.
6614	民用	這架無人機是民用的，一般人買來拍照或拍影片都沒有問題。	This drone is for civilian use, and ordinary people can use it for photos or videos.
6615	無恥	真是無恥！	How shameless!
6616	無恥	他犯了錯還把責任推給別人，真是無恥到了極點。	He made a mistake and blamed others, which is utterly shameless.
6617	發酵	麵團正在發酵。	The dough is fermenting.
6618	發酵	麵糰要放在溫暖的地方發酵一個小時，才會膨脹變軟。	Dough must ferment in a warm place for an hour to expand and soften.
6619	筑	古人彈筑唱歌。	People of old played the zhu lute and sang.
6620	耕地	這是耕地。	This is farmland.
6621	耕地	都市擴張佔用了許多耕地，政府正在研究如何保護農田。	Urban expansion has taken up much farmland, and the government is studying how to protect it.
6622	裸體	畫裡人物是裸體。	The figure in the painting is nude.
6623	裸體	美術館展出了一幅古典的裸體畫，家長們帶著孩子觀賞時一臉尷尬。	The museum showed a classical nude painting, and parents looked awkward viewing it with kids.
6624	走勢	走勢向上。	The trend is up.
6625	走勢	分析師認為，下半年的股市走勢將受到利率變化的影響。	Analysts think the stock market's trend in the second half will be shaped by interest rate changes.
6626	金剛	他像金剛一樣強壯。	He's as strong as King Kong.
6627	金剛	廟裡的金剛神像威風凜凜，據說可以保護信徒平安。	The temple's guardian statues look imposing and are said to protect worshippers.
6628	顯示器	這個顯示器很大。	This monitor is big.
6629	顯示器	我換了一台新的顯示器，畫面更清楚，眼睛也比較不容易痠。	I got a new monitor with a clearer image that tires my eyes less.
6630	保暖	冬天要保暖。	Keep warm in winter.
6631	保暖	寒流來襲，出門前記得多穿一層外套、戴上圍巾，才能好好保暖。	A cold wave is coming, so wear an extra coat and a scarf before going out to stay warm.
6632	房租	房租很貴。	Rent is expensive.
6633	房租	我每個月的薪水有三分之一都拿去付房租，所以很少出去玩。	A third of my monthly salary goes to rent, so I rarely go out.
6634	紓壓	我需要紓壓。	I need to de-stress.
6635	紓壓	我喜歡在下班後去運動或泡澡來紓壓，這樣第二天比較有精神。	I like exercising or soaking in a bath after work to de-stress, which gives me energy for the next day.
6636	隔天	隔天我就回家了。	I went home the next day.
6637	隔天	昨晚熬夜看球賽，隔天早上差點起不來，上班一直打哈欠。	I stayed up for the game last night and could barely get up the next morning, yawning at work.
6638	星期天	星期天我休息。	I rest on Sundays.
6639	星期天	星期天早上，我通常會睡到自然醒，再去巷口的早餐店買蛋餅。	On Sunday mornings I usually sleep in and then buy an egg pancake at the corner breakfast shop.
6640	說	他想遊說大家一起參加，但是沒有人答應。	He tried to talk everyone into joining, but nobody agreed.
6641	用	你可以用我的充電器。	You can use my charger.
6642	用	我媽都用這個鍋子煮湯，煮出來特別好喝。	My mom always uses this pot to make soup, and it comes out especially tasty.
6643	你們	你們吃飽了嗎？	Have you all eaten?
6644	你們	你們什麼時候要來我家玩？我可以先準備一些點心。	When are you guys coming over to my place? I can get some snacks ready first.
6645	技術	他的技術很好。	His skills are very good.
6646	技術	這位師傅修理冷氣的技術很專業，大家都推薦他。	This technician is very professional at repairing air conditioners, and everyone recommends him.
6647	成	這件事終於成了！	It finally worked out!
6648	成	他花了三年的時間，終於把這本小說寫成了。	It took him three years, but he finally finished writing this novel.
6649	位	請問幾位？	How many people, please?
6650	位	這位先生，您的位子在窗邊，請往這邊走。	Sir, your seat is by the window. Please come this way.
6651	總統	總統今天發表談話。	The president gave a speech today.
6652	總統	新任總統將在五月二十日宣誓就職。	The new president will be sworn in on May 20.
6653	基礎	基礎很重要。	The basics are important.
6654	基礎	學語言要先打好基礎，不能一開始就急著說得很流利。	To learn a language you need a solid foundation first. You can't rush to be fluent right away.
6655	藝術	她很喜歡藝術。	She really likes art.
6656	藝術	週末的藝術市集有很多年輕人的手作作品，值得去逛逛。	The weekend art market has lots of handmade works by young people and is worth a visit.
6657	增長	今年的收入增長了不少。	This year's income grew quite a bit.
6658	增長	隨著年紀增長，我越來越喜歡在家安靜地看書。	As I get older, I like quietly reading at home more and more.
6659	行政	她在公司做行政工作。	She does administrative work at the company.
6660	行政	新的行政大樓下個月啟用，各部門都要開始搬家了。	The new administration building opens next month, and every department has to start moving.
6661	回來	爸爸回來了。	Dad is back.
6662	回來	你什麼時候回來？我在家煮好飯等你。	When will you be back? I'll have dinner cooked at home waiting for you.
6663	模式	我的手機現在是靜音模式。	My phone is on silent mode right now.
6664	模式	疫情之後，很多公司改成遠距上班的工作模式。	After the pandemic, many companies switched to a remote work model.
6665	西	太陽從西邊下山。	The sun sets in the west.
6666	西	往西走兩個路口，就可以看到那間郵局。	Go west two blocks and you'll see the post office.
6667	作者	這本書的作者是誰？	Who is the author of this book?
6668	作者	這位作者的新書下個月出版，粉絲們都很期待。	This author's new book comes out next month, and fans are really looking forward to it.
6669	律師	我朋友是律師。	My friend is a lawyer.
6670	律師	簽約之前，最好先請律師看一下合約內容。	Before signing, it's best to have a lawyer look over the contract.
6671	編輯	她在出版社當編輯。	She works as an editor at a publishing house.
6672	編輯	我先用手機編輯影片，再上傳到網路。	I edit the video on my phone first, then upload it online.
6673	不得	禁止吸菸，不得進入。	No smoking. No entry.
6674	不得	考試期間，不得使用手機或與他人交談。	During the exam, you may not use a phone or talk with others.
6675	喝	我想喝水。	I want to drink some water.
6676	喝	天氣太熱，我一回到家就先喝了兩杯冰涼的綠茶。	It was too hot, so as soon as I got home I drank two glasses of iced green tea.
6677	推出	公司推出了新產品。	The company launched a new product.
6678	推出	這家連鎖咖啡店每年夏天都會推出限定口味的冰沙。	This coffee chain launches limited-edition flavored smoothies every summer.
6679	男性	男性和女性都可以參加。	Both men and women can join.
6680	男性	調查顯示，現在越來越多男性願意請育嬰假在家照顧小孩。	A survey shows that more and more men are willing to take parental leave to look after their kids at home.
6681	貿易	台灣的貿易很發達。	Taiwan's trade is very developed.
6682	貿易	兩國之間的貿易往來越來越頻繁，進出口數字也創下新高。	Trade between the two countries is getting more frequent, and import and export figures hit a new high.
6683	事務	他負責公司的行政事務。	He is in charge of the company's administrative affairs.
6684	事務	這位老師除了教書，還要處理許多學校的行政事務。	Besides teaching, this teacher also handles many school administrative matters.
6685	小組	我們有一個學習小組。	We have a study group.
6686	小組	老師把全班分成五個小組，每組要討論一個不同的題目。	The teacher divided the class into five groups, each to discuss a different topic.
6687	日子	今天是個特別的日子。	Today is a special day.
6688	日子	搬到鄉下以後，日子過得簡單又安靜，我很喜歡。	Since moving to the countryside, my days have been simple and quiet, and I like it a lot.
6689	糧食	那個地區的糧食不夠。	That area doesn't have enough food.
6690	糧食	新聞報導說，乾旱讓當地的糧食價格漲了一倍。	The news said that drought had doubled local food prices.
6691	鬥爭	這個故事講的是一場鬥爭。	This story is about a struggle.
6692	鬥爭	公司裡的權力鬥爭讓很多員工感到很累，紛紛想離職。	The power struggle inside the company wears out many employees, and they want to quit one after another.
6693	厲害	你好厲害喔！	You're so awesome!
6694	厲害	他才學了三個月吉他，就彈得這麼厲害，我真的很佩服。	He's only been learning guitar for three months and already plays this well. I really admire him.
6695	局	警察局在對面。	The police station is across the street.
6696	局	昨天我們打了三局撲克牌，我一局都沒贏。	Yesterday we played three rounds of cards, and I didn't win a single one.
6697	有趣	這本書很有趣。	This book is very interesting.
6698	有趣	老師講課很有趣，同學們都不想下課。	The teacher's lessons are so fun that students don't want class to end.
6699	秒	再等我三秒。	Wait for me three more seconds.
6700	秒	他以只差零點一秒的成績，錯過了奧運金牌。	He missed the Olympic gold medal by just one tenth of a second.
6701	請求	我有一個請求。	I have a request.
6702	請求	他向老闆請求多給他一週的時間，才能把報告做完。	He asked the boss for one more week so he could finish the report.
6703	上午	上午我有課。	I have class in the morning.
6704	上午	明天上午九點，我要帶阿公去醫院檢查身體。	Tomorrow at nine a.m. I'm taking grandpa to the hospital for a check-up.
6705	合適	這雙鞋很合適。	These shoes fit well.
6706	合適	我找了好幾個月，才找到一間價錢合適、離公司也近的房子。	I searched for several months before finding a place with a suitable price that's also close to the office.
6707	強化	我們要強化安全措施。	We need to strengthen security measures.
6708	強化	教練安排了新的訓練，目的是強化球員的體能和反應。	The coach set up new training aimed at strengthening the players' fitness and reactions.
6709	欣賞	我欣賞他的誠實。	I admire his honesty.
6710	欣賞	週末我喜歡去美術館，慢慢欣賞每一幅畫。	On weekends I like to visit art museums and slowly appreciate each painting.
6711	種種	種種原因讓我不得不換工作。	All sorts of reasons forced me to change jobs.
6712	種種	搬家過程中遇到種種困難，幸好有朋友幫忙才順利完成。	We ran into all kinds of difficulties during the move, and thanks to friends' help we got it done smoothly.
6713	負	他負責打掃。	He is in charge of cleaning.
6714	負	出了問題我來負責，你們不用擔心。	If anything goes wrong I'll take responsibility, so you needn't worry.
6715	上去	我們走上去吧。	Let's walk up.
6716	上去	電梯壞了，你要從樓梯上去，十樓很高喔。	The elevator is broken, so you have to go up the stairs, and the tenth floor is high.
6717	再說	這件事以後再說。	We'll talk about it later.
6718	再說	現在天氣不好，我們先回家，旅行的事等天氣好了再說吧。	The weather's bad now. Let's go home first and talk about the trip when it clears up.
6719	地下	地下一樓有停車場。	The first basement level has a parking lot.
6720	地下	這家地下室的小酒吧很隱密，沒有人帶路就找不到。	The little bar in this basement is so hidden that you can't find it without someone showing you the way.
6721	帶領	老師帶領我們參觀。	The teacher led us on a visit.
6722	帶領	在他的帶領下，這支小團隊順利完成了公司最大的專案。	Under his leadership this small team completed the company's biggest project smoothly.
6723	提前	會議提前到九點。	The meeting was moved up to nine.
6724	提前	如果要去人多的景點，最好提前訂票，不然可能會買不到。	If you're going to a crowded attraction, it's best to book tickets in advance, or you may not be able to get any.
6725	決	他還沒決定。	He hasn't decided yet.
6726	決	你的問題我們很快就能解決，不用太擔心。	We can solve your problem quickly, so don't worry too much.
6727	答	請回答我的問題。	Please answer my question.
6728	答	考試的時候，每題要仔細想過，再把答案寫在答案卷上。	During the exam, think carefully through each question and then write your answer on the answer sheet.
6729	認同	我很認同你的看法。	I really agree with your view.
6730	認同	在這個團隊裡，每個人都需要有被認同的感覺，才會願意努力。	In this team, everyone needs to feel acknowledged before they're willing to work hard.
6731	都市	這座都市很大。	This city is huge.
6732	都市	生活在都市裡雖然方便，但是空氣和噪音常常讓人覺得很累。	Living in a city is convenient, but the air and noise often tire you out.
6733	付	你付錢了嗎？	Did you pay?
6734	付	這次的聚餐我來付，下次再換你請客。	I'll pay for this get-together, and next time it's your treat.
6735	千	這件衣服要一千塊。	This piece of clothing costs a thousand dollars.
6736	千	活動現場擠進了上千位粉絲，大家都想親眼看到偶像。	Over a thousand fans packed into the venue, all wanting to see their idol in person.
6737	定位	這個APP可以定位。	This app can locate you.
6738	定位	手機開啟定位之後，叫車軟體就能找到你所在的位置。	Once location is turned on, the ride-hailing app can find where you are.
6739	抗戰	爺爺經歷過抗戰。	Grandpa lived through the War of Resistance.
6740	抗戰	歷史課本裡，抗戰的八年是一段很艱苦的時期。	In the history textbook, the eight years of the War of Resistance were a very hard period.
6741	決心	我下定決心要減肥。	I'm determined to lose weight.
6742	決心	他下定決心戒菸，因為醫生說他的肺已經出現問題了。	He was determined to quit smoking because the doctor said there were already problems with his lungs.
6743	直升機	天上有一架直升機。	There's a helicopter in the sky.
6744	直升機	救難直升機趕到山區，把受傷的登山客送到醫院。	The rescue helicopter rushed to the mountains and flew the injured hiker to the hospital.
6745	舞	她會跳舞。	She can dance.
6746	舞	晚會上大家一起跳舞，又唱又笑，氣氛非常熱鬧。	At the party everyone danced together, singing and laughing, and the mood was lively.
6747	逾	申請已逾期。	The application is overdue.
6748	逾	逾期未繳費者，將被收取額外的滯納金，請及早處理。	Those who haven't paid by the deadline will be charged a late fee, so please handle it early.
6749	不明	原因還不明。	The cause is still unclear.
6750	不明	警方呼籲民眾，如果看到來路不明的包裹，千萬不要打開。	Police urge the public not to open any package of unknown origin.
6751	划	我們去划船吧。	Let's go rowing.
6752	划	週末我們到日月潭划獨木舟，湖面很平靜，景色漂亮極了。	On the weekend we paddled a canoe on Sun Moon Lake. The water was calm and the scenery gorgeous.
6753	園	公園裡有很多花。	There are lots of flowers in the park.
6754	園	我們幼稚園的老師每天都帶小朋友到園子裡玩沙子。	Our kindergarten teacher takes the kids to the garden to play in the sand every day.
6755	專利	這項技術有專利。	This technology is patented.
6756	專利	公司花了五年研發，終於取得了新電池的專利。	The company spent five years on R&D and finally obtained a patent for the new battery.
6757	戰勝	我們戰勝了對手。	We defeated our opponent.
6758	戰勝	她花了兩年時間，終於戰勝了病魔，重新回到工作崗位。	It took her two years to beat the illness and finally return to work.
6759	有意	他有意報名這次活動。	He intends to sign up for this event.
6760	有意	有意購買的客人，請在下週五前與我們聯絡。	Customers interested in purchasing, please contact us before next Friday.
6761	海灘	海灘上有很多人。	There are lots of people on the beach.
6762	海灘	暑假的海灘擠滿了遊客，孩子們在沙灘上堆城堡。	In summer vacation the beach is packed with tourists, and kids build castles in the sand.
6763	甲	合約上的甲方是這家公司。	The party A in the contract is this company.
6764	甲	這次比賽，甲隊以三比二贏了乙隊，現場觀眾都很興奮。	In this game Team A beat Team B three to two, and the crowd was excited.
6765	等到	等到天黑才回家。	We didn't go home until dark.
6766	等到	等到你有空的時候，我們再一起去吃那間新開的火鍋店。	When you have time, let's go eat at that new hot pot place together.
6767	董事	他是公司的董事。	He is a director of the company.
6768	董事	董事會昨天開會，決定今年不發股利，把資金用在新工廠上。	The board met yesterday and decided not to pay dividends this year and to use the funds for a new factory.
6769	軍方	軍方發表了聲明。	The military issued a statement.
6770	軍方	軍方表示，今天的演習是例行的，請民眾不用緊張。	The military said today's drill is routine and that the public need not be alarmed.
6771	雷	外面在打雷。	It's thundering outside.
6772	雷	下午打雷又下大雨，我們只好取消去海邊的行程。	It thundered and poured in the afternoon, so we had to cancel the trip to the beach.
6773	不顧	他不顧家人反對。	He went against his family's objections.
6774	不顧	消防員不顧危險衝進火場，救出了被困在裡面的孩子。	Firefighters rushed into the fire regardless of danger and rescued the child trapped inside.
6775	出版社	他在出版社工作。	He works at a publishing house.
6776	出版社	這家出版社專門出兒童繪本，每年都會舉辦新書發表會。	This publisher specializes in children's picture books and holds a new-book launch every year.
6777	圍	大家圍在桌子旁邊。	Everyone gathered around the table.
6778	圍	天氣很冷，她在脖子上圍了一條厚厚的圍巾。	It was cold, so she wrapped a thick scarf around her neck.
6779	將領	這位將領很有威望。	This general has great prestige.
6780	將領	歷史課本裡提到，這位將領帶領軍隊打了好幾場重要的戰役。	The history textbook mentions that this general led the army in several important battles.
6781	態	她的狀態不錯。	She is in good shape.
6782	態	出門前先看看身體狀態，覺得不舒服就不要硬撐。	Before going out check how you feel, and don't force yourself if you feel unwell.
6783	施行	新法令下個月施行。	The new law takes effect next month.
6784	施行	這項規定自明年一月一日起施行，違反的人將被罰款。	This rule takes effect from January first next year, and violators will be fined.
6785	涵蓋	課程涵蓋三個主題。	The course covers three topics.
6786	涵蓋	這份保險涵蓋了意外傷害、住院和手術，保障相當完整。	This insurance covers accidental injury, hospitalization and surgery, giving fairly complete protection.
6787	直轄市	台北是直轄市。	Taipei is a special municipality.
6788	直轄市	台灣目前有六個直轄市，包括台北、新北、桃園、台中、台南和高雄。	Taiwan currently has six special municipalities: Taipei, New Taipei, Taoyuan, Taichung, Tainan and Kaohsiung.
6789	美味	這道菜很美味。	This dish is delicious.
6790	美味	阿嬤用古早味的方法煮的滷肉飯特別美味，大家都吃了兩碗。	The braised pork rice grandma cooks in the old way is especially delicious, and everyone had two bowls.
6791	誘惑	這塊蛋糕真是誘惑。	This cake is such a temptation.
6792	誘惑	減肥的時候最難抵抗的就是美食的誘惑，尤其是深夜的時候。	The hardest thing to resist when dieting is the temptation of delicious food, especially late at night.
6793	闡述	他闡述了自己的看法。	He explained his views.
6794	闡述	在會議上，她詳細闡述了新計畫的內容與預期的效果。	At the meeting she explained in detail the content of the new plan and its expected results.
6795	中介	他在找房屋中介。	He's looking for a real estate agent.
6796	中介	透過中介找房子要付一個月房租當服務費，所以我決定自己找。	Finding a place through an agent costs a month's rent as a fee, so I decided to look myself.
6797	兌換	我要兌換外幣。	I want to exchange foreign currency.
6798	兌換	這張點數卡可以到櫃檯兌換小禮物，不過要在月底前用完。	This points card can be redeemed for a small gift at the counter, but it must be used by the end of the month.
6799	協作	我們需要協作。	We need to collaborate.
6800	協作	這個專案需要不同部門協作，每個人的意見都很重要。	This project needs different departments to collaborate, and everyone's opinions matter.
6801	坐下	請坐下。	Please sit down.
6802	坐下	大家先坐下來喝杯茶，慢慢聊，不用急。	Everyone sit down and have a cup of tea first and chat slowly. No hurry.
6803	密集	這裡的住宅很密集。	Houses here are densely packed.
6804	密集	連續一個月的密集訓練之後，球隊的表現進步了很多。	After a month of intensive training the team improved a lot.
6805	忽然	天忽然黑了。	It suddenly got dark.
6806	忽然	我正在煮飯，忽然想起忘了買醬油，只好跑去超商一趟。	I was cooking when I suddenly remembered I'd forgotten to buy soy sauce, so I had to run to the convenience store.
6807	推文	她發了一則推文。	She posted a tweet.
6808	推文	這則推文被轉發了上萬次，很多人在底下留言討論。	This tweet was shared tens of thousands of times, and many left comments below to discuss.
6809	有利於	運動有利於健康。	Exercise is good for health.
6810	有利於	政府推出新政策，希望有利於中小企業的發展。	The government introduced a new policy hoping to benefit the development of small and medium enterprises.
6811	泄露	公司的機密被泄露了。	The company's secrets were leaked.
6812	泄露	有人把客戶的個人資料泄露到網路上，公司正在調查是誰做的。	Someone leaked customers' personal data online, and the company is investigating who did it.
6813	物種	這是新的物種。	This is a new species.
6814	物種	很多稀有物種因為棲地被破壞而面臨絕種的危機。	Many rare species face extinction because their habitats are being destroyed.
6815	程式	他在學寫程式。	He's learning to write code.
6816	程式	這支程式有一個小錯誤，所以每次打開都會當機。	There's a small bug in this program, so it crashes every time it's opened.
6817	花錢	我不想亂花錢。	I don't want to spend money carelessly.
6818	花錢	她從來不亂花錢，每個月都存下一部分薪水。	She never spends money recklessly and saves part of her salary each month.
6819	證件	請出示證件。	Please show your ID.
6820	證件	辦手機門號需要帶身分證和第二證件，缺一不可。	Applying for a phone number requires your ID card and a second ID, and neither can be omitted.
6821	還原	電腦壞了，我想還原系統。	My computer broke and I want to restore the system.
6822	還原	專家花了三年時間，才把這幅古畫還原成原來的樣子。	Experts took three years to restore this ancient painting to its original appearance.
6823	難得	難得你有空。	It's rare that you're free.
6824	難得	難得家人都有空，我們這個週末一起去外婆家吃飯吧。	It's rare for the whole family to be free, so let's go to grandma's house for a meal this weekend.
6825	中央政府	中央政府公布了新政策。	The central government announced a new policy.
6826	中央政府	中央政府與地方政府要密切合作，才能讓政策順利推動。	The central government and local governments must cooperate closely to make policy work.
6827	內政	這是內政問題。	This is an internal affairs matter.
6828	內政	內政部今天宣布，新的身分證將從明年開始換發。	The Ministry of the Interior announced today that new ID cards will be issued starting next year.
6829	參謀	他是我的參謀。	He's my adviser.
6830	參謀	公司老闆有一位很可靠的參謀，每次做重要決定都會先問他。	The boss has a very reliable adviser and asks him before every major decision.
6831	外星人	你相信有外星人嗎？	Do you believe in aliens?
6832	外星人	弟弟小時候一直說自己看到了外星人，結果是一架直升機。	When my brother was little he kept saying he saw aliens, and it turned out to be a helicopter.
6833	小事	這只是小事。	This is only a small matter.
6834	小事	別為了一點小事發脾氣，大家都是同事，以後還要相處。	Don't lose your temper over a small thing. We're colleagues and have to get along later.
6835	心理學	她念心理學。	She studies psychology.
6836	心理學	心理學的課程很有趣，可以讓人更了解自己和別人。	Psychology courses are interesting and help you understand yourself and others better.
6837	攜手	讓我們攜手合作。	Let's join hands and work together.
6838	攜手	兩家公司攜手推出聯名商品，上市第一天就被搶購一空。	The two companies joined hands to launch co-branded products, which were bought out on the first day.
6839	業主	業主不同意。	The owner doesn't agree.
6840	業主	大樓的業主們開會討論更換電梯的費用該怎麼分攤。	The building owners met to discuss how to share the cost of replacing the elevator.
6841	滅絕	恐龍已經滅絕了。	Dinosaurs went extinct.
6842	滅絕	許多動物因為人類的破壞而滅絕，環保團體呼籲大家保護棲地。	Many animals have gone extinct because of human damage, and environmental groups urge everyone to protect habitats.
6843	盒子	盒子裡有什麼？	What's in the box?
6844	盒子	奶奶把舊照片都收在一個小盒子裡，偶爾拿出來翻一翻。	Grandma keeps all the old photos in a small box and takes them out to look at from time to time.
6845	縣城	縣城的夜晚很安靜。	Nights in the county town are quiet.
6846	縣城	他從小在鄉下長大，上高中後才第一次進縣城。	He grew up in the countryside and only went to the county town for the first time in high school.
6847	裝修	我們在裝修房子。	We're renovating the house.
6848	裝修	新房子裝修花了三個月，不但換了地板，廚房也全部重做。	Renovating the new house took three months, replacing the floor and redoing the whole kitchen.
6849	迴避	他故意迴避我。	He avoids me on purpose.
6850	迴避	面對記者的問題，部長一直迴避，沒有正面回答。	Faced with reporters' questions, the minister kept dodging and didn't answer directly.
6851	陷阱	小心有陷阱。	Beware of traps.
6852	陷阱	網路上說可以輕鬆賺錢的廣告，往往都是詐騙的陷阱。	Ads online saying you can easily make money are often scam traps.
6853	三分之一	三分之一的人遲到了。	A third of the people were late.
6854	三分之一	我的薪水有三分之一拿來繳房租，所以只能省著用。	A third of my salary goes to rent, so I have to be thrifty.
6855	休	你累了，休息一下吧。	You're tired. Take a break.
6856	休	下個月我要休兩週的假，帶爸媽去歐洲玩。	Next month I'll take two weeks off to take my parents to Europe.
6857	先驅	他是環保運動的先驅。	He's a pioneer of the environmental movement.
6858	先驅	這位學者是台灣語言研究的先驅，培養了許多後輩。	This scholar is a pioneer of linguistic research in Taiwan and trained many successors.
6859	化妝	她在化妝。	She's putting on makeup.
6860	化妝	出門前她花了二十分鐘化妝，卻因為下雨全都被淋花了。	She spent twenty minutes putting on makeup before going out, and the rain ruined it all.
6861	哲	這是先哲的話。	These are the words of an ancient sage.
6862	哲	先哲留下的智慧，到了現代仍然對我們很有幫助。	The wisdom left by ancient sages still helps us in modern times.
6863	大姐	大姐在做飯。	Big sister is cooking.
6864	大姐	大姐比我大八歲，她從小就像媽媽一樣照顧我。	My eldest sister is eight years older than me and looked after me like a mother from childhood.
6865	寒冷	今天很寒冷。	It's very cold today.
6866	寒冷	寒冷的冬夜裡，一碗熱騰騰的薑母鴨最能溫暖身體。	On a cold winter night, a bowl of steaming ginger duck warms the body best.
6867	影展	我們去看影展。	We're going to a film festival.
6868	影展	金馬影展每年吸引許多影迷，大家會為了搶票而熬夜上網。	The Golden Horse Film Festival draws many fans each year, who stay up online to snatch tickets.
6869	扶持	政府要扶持小企業。	The government should support small businesses.
6870	扶持	地方政府推出補助，扶持年輕人在家鄉創業。	Local government introduced subsidies to support young people starting businesses in their hometown.
6871	擁擠	車廂裡很擁擠。	The train car is crowded.
6872	擁擠	上下班時間，月台上非常擁擠，要很小心才不會被推擠。	During rush hour the platform is very crowded, and you must be careful not to get jostled.
6873	有事	我明天有事。	I have something on tomorrow.
6874	有事	如果有事要晚點到，請先打電話跟老師說一聲。	If something comes up and you'll be late, please call the teacher first.
6875	殘疾人	殘疾人也有工作權。	Disabled people also have the right to work.
6876	濃	這杯茶太濃了。	This tea is too strong.
6877	濃	天氣太冷，早上起了濃濃的霧，開車要特別小心。	It was cold and a thick fog formed in the morning, so drive extra carefully.
6878	病情	他的病情穩定了。	His condition has stabilized.
6879	病情	醫生說病情已經好轉，但是還需要再觀察幾天才能出院。	The doctor said the condition has improved but needs a few more days of observation before discharge.
6880	竣工	大樓即將竣工。	The building is about to be completed.
6881	竣工	新的體育館預定年底竣工，到時候可以容納上萬名觀眾。	The new stadium is scheduled for completion by year end and can then hold tens of thousands of spectators.
6882	老媽	我老媽很囉嗦。	My mom is nagging.
6883	老媽	我老媽每次打電話都問我有沒有吃飯，其實她只是想念我。	Every time my mom calls she asks whether I've eaten, but really she just misses me.
6884	表格	請填寫這份表格。	Please fill out this form.
6885	表格	我用電腦做了一份表格，記錄每個月的收入和支出。	I made a table on the computer to track monthly income and spending.
6886	賞	老闆賞了我一筆獎金。	The boss gave me a bonus.
6887	賞	春天到公園賞花，是很多老人家最喜歡的休閒活動。	Going to the park in spring to view flowers is many older people's favorite pastime.
6888	鄉下	我外婆住在鄉下。	My grandma lives in the countryside.
6889	鄉下	鄉下的空氣很新鮮，晚上還能聽到青蛙和蟲的叫聲。	The air in the countryside is fresh, and at night you can hear frogs and insects.
6890	風情	這裡有異國風情。	This place has an exotic flavor.
6891	風情	這條老街充滿懷舊風情，讓人彷彿回到了幾十年前的台灣。	This old street is full of nostalgic charm, as if taking you back decades to Taiwan.
6892	保重	你要保重身體。	Take care of yourself.
6893	保重	天氣變冷了，出國念書要多保重，不要感冒了。	The weather is getting cold, so take good care of yourself studying abroad and don't catch a cold.
6894	打招呼	見到老師要打招呼。	Say hello when you see the teacher.
6895	打招呼	鄰居見面都會互相打招呼，有時候還會送自己種的菜。	Neighbors greet each other when they meet and sometimes give vegetables they grew.
6896	盤子	盤子在桌上。	The plate is on the table.
6897	盤子	媽媽把炒好的青菜裝進盤子裡，端到桌上，大家就開動了。	Mom put the stir-fried greens on a plate and brought it to the table, and everyone started eating.
6898	醬油	請給我一瓶醬油。	Please give me a bottle of soy sauce.
6899	醬油	滷肉的時候要加醬油和冰糖，這樣顏色才漂亮，味道也比較甜。	When braising pork, add soy sauce and rock sugar for a nice color and a sweeter taste.
6900	台北	我住在台北。	I live in Taipei.
6901	台北	台北冬天常常下雨，出門一定要帶傘，不然會淋濕。	It often rains in Taipei in winter, so always bring an umbrella or you'll get wet.
6902	都	我們都累了。	We're all tired.
6903	都	你都幾歲了，還這麼愛撒嬌啦。	You're already how old, and you're still so clingy.
6904	由	這件事由我來處理。	I'll handle this matter.
6905	由	本次活動由市政府主辦，歡迎民眾免費參加。	This event is hosted by the city government, and the public is welcome to join for free.
6906	不會	他不會遲到。	He won't be late.
6907	不會	我不會騎機車，所以每天都搭公車上班。	I don't know how to ride a scooter, so I take the bus to work every day.
6908	因此	他生病了，因此沒來。	He was sick, so he didn't come.
6909	因此	這個週末有颱風，因此學校宣布停課一天。	There's a typhoon this weekend, so the school announced a day off.
6910	家	我家有四個人。	There are four people in my family.
6911	家	巷口新開了一家早餐店，我每天上班前都會去買。	A new breakfast shop opened at the end of the alley, and I buy from it every day before work.
6912	之間	我們之間沒有祕密。	There are no secrets between us.
6913	之間	這條路介於火車站和市場之間，平常車子很多。	This road lies between the train station and the market, and there is usually a lot of traffic.
6914	科技	科技進步得很快。	Technology is advancing fast.
6915	科技	這家科技公司最近推出了一款新的智慧手錶。	This tech company recently released a new smartwatch.
6916	同	我們同年出生。	We were born in the same year.
6917	同	我和同事同一天進公司，現在已經是無話不談的好朋友。	My coworker and I joined the company on the same day, and now we're good friends who tell each other everything.
6918	經	他每天早上念經。	He chants scriptures every morning.
6919	經	這件事經過老師說明以後，大家才終於明白。	Only after the teacher explained it did everyone finally understand.
6920	可是	我想去，可是沒時間。	I want to go, but I don't have time.
6921	可是	這雙鞋很好看，可是穿起來有點緊，我還在猶豫。	These shoes look nice, but they're a bit tight, so I'm still hesitating.
6922	組成	水由氫和氧組成。	Water is made up of hydrogen and oxygen.
6923	組成	我們幾個朋友組成了一支籃球隊，每週六一起打球。	A few of us friends formed a basketball team and play together every Saturday.
6924	只能	我只能等。	I can only wait.
6925	只能	車子壞在半路，我們只能打電話請拖吊車來。	The car broke down halfway, so we could only call a tow truck.
6926	明顯	差別很明顯。	The difference is obvious.
6927	明顯	做了三個月的運動，他的身材明顯變好了。	After three months of exercise, his physique has clearly improved.
6928	職業	你的職業是什麼？	What is your occupation?
6929	職業	很多小孩都把當醫生當成將來想從事的職業。	Many kids see being a doctor as the profession they want to pursue in the future.
6930	人數	今天人數不多。	There aren't many people today.
6931	人數	報名人數已經超過一百人，我們得換一間大一點的教室。	More than a hundred people have signed up, so we need to switch to a bigger classroom.
6932	左右	他三十歲左右。	He is around thirty years old.
6933	左右	我大概六點左右到家，你先不用等我吃飯。	I'll probably get home around six, so don't wait for me to eat.
6934	第二	他是第二名。	He came in second.
6935	第二	我第二次來這間咖啡店，老闆已經記得我喝什麼了。	This is my second time at this cafe, and the owner already remembers what I drink.
6936	面	這個面很大。	This surface is large.
6937	面	我跟他見過一面，不過沒有說過話。	I met him once, but we never spoke.
6938	卡	我忘了帶卡。	I forgot to bring my card.
6939	卡	我的信用卡被機器卡住了，一直拿不出來。	My credit card got stuck in the machine and I couldn't get it out.
6940	怕	我怕蟲。	I'm afraid of bugs.
6941	怕	我怕你會冷，所以多帶了一件外套給你。	I was afraid you'd be cold, so I brought an extra jacket for you.
6942	漂亮	你的裙子很漂亮。	Your skirt is very pretty.
6943	漂亮	這個寫得真漂亮，是你自己做的嗎？	This is done so beautifully, did you make it yourself?
6944	設施	公園的設施很新。	The park facilities are new.
6945	設施	這間游泳池的設施很完善，連更衣室都很乾淨。	This swimming pool has complete facilities, and even the changing rooms are clean.
6946	體現	這個作品體現了傳統文化。	This work embodies traditional culture.
6947	體現	他的行動體現出一個老師對學生的關心。	His actions reflect a teacher's care for his students.
6948	大概	大概十點到。	I'll arrive around ten.
6949	大概	他大概是睡過頭了，所以到現在都還沒來。	He probably overslept, which is why he still hasn't come.
6950	打算	你打算去哪裡？	Where do you plan to go?
6951	打算	我打算明年存夠錢，就去歐洲自助旅行一個月。	I plan to save enough money next year and travel around Europe on my own for a month.
6952	當局	當局正在處理這件事。	The authorities are handling this matter.
6953	當局	當局已經宣布，明天起將加強檢查各夜市的衛生。	The authorities have announced that starting tomorrow, hygiene checks at night markets will be stepped up.
6954	運輸	貨物用船運輸。	Goods are transported by ship.
6955	運輸	颱風期間，海上運輸大多會暫停，水果價格也跟著上漲。	During typhoons sea transportation mostly stops, and fruit prices rise too.
6956	兒	他有一個兒子。	He has a son.
6957	兒	我阿姨的女兒在國外念書，每年過年才回來。	My aunt's daughter studies abroad and only comes back for New Year.
6958	大小	大小剛好。	The size is just right.
6959	大小	這件外套大小正好，我穿起來一點也不緊。	This jacket is just the right size, and it doesn't feel tight at all.
6960	承諾	我承諾會來。	I promise to come.
6961	承諾	老闆承諾年底會發獎金，大家工作都更有動力了。	The boss promised bonuses at year end, and everyone is more motivated at work.
6962	熱情	老闆很熱情。	The owner is very warm.
6963	熱情	這家店的店員很熱情，還送了我們一小碟小菜。	The staff here are very friendly, and they even gave us a small side dish.
6964	背後	他在我背後。	He is behind me.
6965	背後	不要在別人背後說壞話，這樣很不禮貌。	Don't say bad things behind people's backs, it's very impolite.
6966	適當	這個時間很適當。	This time is appropriate.
6967	適當	吃飯要適當，不要吃得太飽，這樣對腸胃比較好。	Eat in moderation, not too full, it's better for your stomach.
6968	信心	我對你有信心。	I have confidence in you.
6969	信心	考試前她很有信心，結果拿到了班上的最高分。	She was confident before the exam and ended up with the highest score in the class.
6970	塔	那座塔很高。	That tower is very tall.
6971	塔	我們爬上寶塔頂端，可以看到整個城市的夜景。	We climbed to the top of the pagoda and could see the night view of the whole city.
6972	房屋	這間房屋很舊。	This house is old.
6973	房屋	颱風過後，有不少房屋的屋頂被吹走了，需要重新修理。	After the typhoon, many houses had their roofs blown off and need repairs.
6974	準確	時間很準確。	The time is accurate.
6975	準確	氣象預報這次很準確，真的在下午三點開始下雨。	The weather forecast was accurate this time, and it really started raining at three in the afternoon.
6976	腿	我的腿很痛。	My legs hurt a lot.
6977	腿	昨天爬了五個小時的山，今天我的兩條腿又酸又痛。	After hiking for five hours yesterday, both my legs are sore and aching today.
6978	運營	這條路線正常運營。	This route is running normally.
6979	運營	這家新創公司運營了三年，終於開始賺錢了。	This startup has been operating for three years and has finally started to turn a profit.
6980	付出	他付出了很多。	He put in a lot.
6981	付出	為了這份工作，她付出了好幾年的時間和心力。	For this job, she invested years of time and effort.
6982	勇氣	你很有勇氣。	You have a lot of courage.
6983	勇氣	她終於鼓起勇氣，向老闆提出了加薪的要求。	She finally summoned the courage to ask the boss for a raise.
6984	大使	大使今天抵達台北。	The ambassador arrived in Taipei today.
6985	大使	新任大使在記者會上說，希望加強兩國的文化交流。	The newly appointed ambassador said at the press conference that he hopes to strengthen cultural exchange between the two countries.
6986	強迫	不要強迫我。	Don't force me.
6987	強迫	老師不會強迫學生參加課後補習，是否參加由家長決定。	The teacher won't force students to attend after-school cram classes, and it's up to parents.
6988	放心	你放心吧。	Don't worry.
6989	放心	孩子自己搭車上學，我實在不太放心，只好每天打電話確認。	I'm not at ease with my child taking the bus to school alone, so I call every day to check.
6990	無人	這裡無人居住。	Nobody lives here.
6991	無人	無人機在空中拍下整座城市的畫面，看起來非常壯觀。	The drone filmed the whole city from the air, and it looks spectacular.
6992	綠	紅燈變綠了。	The red light turned green.
6993	綠	等綠燈亮了才可以過馬路，這是最基本的交通規則。	You can only cross the road when the green light is on, which is the most basic traffic rule.
6994	譜	這首歌有譜。	This song has sheet music.
6995	譜	我想買一本食譜，學著做幾道簡單的家常菜。	I want to buy a recipe book and learn to make a few simple home dishes.
6996	開車	你會開車嗎？	Can you drive?
6997	開車	我爸習慣開車上班，因為搭捷運要換兩次車。	My dad is used to driving to work since taking the MRT requires two transfers.
6998	何時	你何時有空？	When are you free?
6999	何時	請問下一班高鐵何時出發？我想確認一下時間。	When does the next high-speed rail train depart? I'd like to confirm the time.
7000	友好	他很友好。	He is friendly.
7001	友好	兩所學校簽下了友好學校的合約，每年互相交換學生。	The two schools signed a sister-school agreement and exchange students every year.
7002	專輯	她出了新專輯。	She released a new album.
7003	專輯	這張專輯一共收錄十首歌，每一首我都聽了好幾遍。	This album contains ten songs, and I've listened to each of them several times.
7004	接到	我接到一通電話。	I received a phone call.
7005	接到	昨天接到學校的通知，說下週一要停課一天。	Yesterday I received a notice from the school saying classes will be suspended next Monday.
7006	決賽	明天是決賽。	The final is tomorrow.
7007	決賽	我們隊伍打進了決賽，所有人都為了比賽練習到很晚。	Our team made it to the final, and everyone practiced late for the match.
7008	祈禱	我為你祈禱。	I'll pray for you.
7009	祈禱	每到考試前，我阿嬤都會到廟裡祈禱孫子順利考上。	Before every exam, my grandma goes to the temple to pray that her grandson passes.
7010	蛋	我吃了一顆蛋。	I ate an egg.
7011	蛋	早上我通常煎兩顆蛋，配一杯豆漿。	In the morning I usually fry two eggs and have a cup of soy milk.
7012	運動員	他是運動員。	He is an athlete.
7013	運動員	這位運動員為了比賽，每天早上五點就起床訓練。	For the competition, this athlete gets up at five every morning to train.
7014	不算	這不算貴。	This isn't expensive.
7015	不算	今天不算太冷，穿一件薄外套就夠了。	It's not too cold today, and a thin jacket is enough.
7016	列入	名字列入名單。	The name is added to the list.
7017	列入	這幾棵老樹被列入保護名單，不能隨便砍掉。	These old trees were put on the protection list and cannot be cut down casually.
7018	圖像	螢幕上有圖像。	There's an image on the screen.
7019	圖像	這個軟體可以把文字轉換成圖像，用起來很方便。	This software can convert text into images and is very convenient.
7020	尊敬	我很尊敬老師。	I respect my teacher greatly.
7021	尊敬	他對長輩一向很尊敬，每次見面都先問好。	He has always been respectful toward his elders and greets them first every time.
7022	戰術	這是新的戰術。	This is a new tactic.
7023	戰術	教練在中場休息時調整了戰術，球隊才逆轉比賽。	The coach adjusted the tactics at halftime, and the team turned the game around.
7024	更換	請更換電池。	Please replace the batteries.
7025	更換	機車的輪胎磨損了，需要儘快更換，以免出意外。	The scooter tires are worn and need replacing soon to avoid accidents.
7026	注重	他很注重健康。	He pays great attention to health.
7027	注重	這家餐廳很注重食材的新鮮，每天早上都去市場挑菜。	This restaurant emphasizes ingredient freshness and picks vegetables at the market every morning.
7028	現行	現行制度有問題。	The current system has problems.
7029	現行	依照現行的規定，外籍人士也可以申請這項補助。	Under the current rules, foreigners can also apply for this subsidy.
7030	穩	車子開得很穩。	The car drives steadily.
7031	穩	這張桌子不太穩，坐上去可能會搖晃，要小心。	This table isn't very stable and may wobble when you sit on it, so be careful.
7032	艦隊	艦隊出海了。	The fleet put to sea.
7033	艦隊	一支艦隊在海上巡邏，保護附近的貨船安全通過。	A fleet patrols the sea to protect nearby cargo ships passing safely.
7034	跟蹤	有人在跟蹤他。	Someone is tailing him.
7035	跟蹤	警方跟蹤嫌犯好幾天，終於在火車站把他逮捕。	The police tailed the suspect for days and finally arrested him at the train station.
7036	隨即	他說完隨即離開。	After saying that, he left immediately.
7037	隨即	警鈴一響，保全人員隨即趕到現場查看。	As soon as the alarm sounded, the security guards rushed to check the scene.
7038	下列	請看下列說明。	Please see the following instructions.
7039	下列	下列物品請勿帶入展覽室：食物、飲料與大型背包。	The following items may not be brought into the exhibition room: food, drinks and large backpacks.
7040	共和	這個國家是共和國。	This country is a republic.
7041	共和	中華民國於一九一二年成立，是亞洲第一個共和政體。	The Republic of China was founded in 1912 and was Asia's first republic.
7042	喬	那棵樹是喬木。	That tree is a tall tree.
7043	喬	公園裡有很多高大的喬木，夏天提供大片的樹蔭。	The park has many tall trees that provide wide shade in summer.
7044	客氣	你別客氣。	Don't be polite.
7045	客氣	他對每個人都很客氣，所以大家都喜歡他。	He is polite to everyone, so everyone likes him.
7046	快點	快點，要遲到了！	Hurry up, we're going to be late!
7047	快點	你快點吃，電影再十分鐘就要開演了。	Eat quickly, the movie starts in ten minutes.
7048	政變	發生政變了。	A coup has occurred.
7049	政變	新聞說這個國家昨晚發生政變，軍方已控制了首都。	The news says a coup took place in the country last night and the military has taken control of the capital.
7050	殺手	他是一個殺手。	He is a killer.
7051	殺手	這部電影的主角是一名殺手，但他其實很善良。	The protagonist of this movie is a hit man, but he's actually kind.
7052	生產力	生產力提高了。	Productivity has increased.
7053	生產力	新機器上線之後，工廠的生產力明顯提升，成本也降低了。	After the new machine went online, the factory's productivity rose noticeably and costs fell.
7054	索	他向我索取資料。	He asked me for the data.
7055	索	警察到處搜索，希望找到走失的小孩。	The police searched everywhere, hoping to find the missing child.
7056	要素	時間是成功的要素。	Time is a key factor in success.
7057	要素	好的簡報必須具備三個要素：清楚、簡短、有重點。	A good presentation needs three elements: clarity, brevity and focus.
7058	野生	這是野生動物。	This is a wild animal.
7059	野生	在這座山裡，有機會看到野生的獼猴跟山羌。	In these mountains you may see wild macaques and muntjacs.
7060	一貫	他一貫的作風。	It's his consistent style.
7061	一貫	這家老店一貫堅持用新鮮食材，所以客人才會一直回來。	This old shop has consistently insisted on fresh ingredients, which is why customers keep coming back.
7062	倡導	我們倡導環保。	We advocate environmental protection.
7063	倡導	學校倡導大家自備水壺，減少使用寶特瓶。	The school advocates that everyone bring their own water bottle to reduce plastic bottle use.
7064	制訂	公司正在制訂新規定。	The company is drawing up new rules.
7065	制訂	教育部制訂了新的課程標準，預計明年開始實施。	The Ministry of Education formulated new curriculum standards, expected to take effect next year.
7066	商家	商家在做促銷。	The merchants are running a promotion.
7067	商家	不少商家在雙十一推出了折扣，吸引大家上網購物。	Many merchants offered discounts on Double Eleven to attract people to shop online.
7068	威	他很有威嚴。	He has great authority.
7069	威	新來的教官很有威嚴，學生看到他都不敢說話。	The new military instructor has great authority, and students dare not speak when they see him.
7070	幾點	現在幾點？	What time is it now?
7071	幾點	明天的會議是幾點開始？我需要提早準備資料。	What time does tomorrow's meeting start? I need to prepare materials earlier.
7072	拒	他拒收禮物。	He refused to accept the gift.
7073	拒	孩子一聽到要去看牙醫就抗拒，怎麼哄都不肯出門。	The child resists as soon as he hears about the dentist and won't leave the house however I coax him.
7074	既有	既有的資料夠用了。	The existing data is enough.
7075	既有	新制度會先沿用既有的流程，再逐步調整。	The new system will first keep the existing procedures and gradually adjust them.
7076	歷程	這是成長的歷程。	This is a process of growth.
7077	歷程	回顧創業的歷程，她覺得最困難的是第一年。	Looking back on the course of starting her business, she thinks the first year was the hardest.
7078	濕地	這裡有一片濕地。	There is a wetland here.
7079	濕地	冬天有很多候鳥飛來這片濕地，吸引不少賞鳥的人。	In winter many migratory birds fly to this wetland, attracting bird-watchers.
7080	睏	我好睏。	I'm so sleepy.
7081	睏	吃完午飯就特別睏，我得去泡杯咖啡才撐得住。	I get especially sleepy after lunch and need to make a coffee to keep going.
7082	股價	今天股價下跌了。	The stock price fell today.
7083	股價	這家公司公布財報之後，股價馬上漲了百分之五。	After the company released its earnings report, its share price immediately rose five percent.
7084	設法	我們設法解決。	We'll try to solve it.
7085	設法	你設法聯絡看看他，確認明天的會議有沒有改時間。	Try to find a way to contact him and confirm whether tomorrow's meeting time has changed.
7086	近來	近來天氣很好。	The weather has been nice lately.
7087	近來	近來物價上漲得很快，我們買菜時都要精打細算。	Prices have been rising fast lately, so we have to budget carefully when buying groceries.
7088	附加	這是附加條件。	This is an additional condition.
7089	附加	手機殼是附加的配件，需要另外購買。	The phone case is an add-on accessory that must be bought separately.
7090	黨派	他不屬於任何黨派。	He doesn't belong to any party.
7091	黨派	各黨派的候選人在電視上辯論，吸引了不少人觀看。	Candidates of different parties debated on TV, attracting many viewers.
7092	借款	他向銀行借款。	He borrowed money from the bank.
7093	借款	為了買房子，他們向銀行辦了三十年的借款。	To buy a house, they took out a thirty-year loan from the bank.
7094	加密	文件要加密。	The file needs to be encrypted.
7095	加密	為了保護隱私，聊天軟體會自動將對話內容加密。	To protect privacy, the chat app automatically encrypts the conversation.
7096	國家隊	他入選了國家隊。	He was selected for the national team.
7097	國家隊	國家隊的選手每天都在訓練中心練習，為了亞運做準備。	National team players practice at the training centre every day to prepare for the Asian Games.
7098	安心	你安心休息。	Rest easy.
7099	安心	有保險之後，我們出國玩就比較安心了。	With insurance, we feel more at ease travelling abroad.
7100	延遲	飛機延遲起飛。	The flight's takeoff is delayed.
7101	延遲	因為天氣不好，高鐵班次延遲了二十分鐘，乘客都在月台上等。	Due to bad weather, the high-speed rail was delayed twenty minutes and passengers waited on the platform.
7102	指望	不要指望他。	Don't count on him.
7103	指望	你別指望天上掉下來禮物，想要的東西得自己去努力爭取。	Don't count on gifts falling from the sky, you have to work for what you want.
7104	智力	小孩的智力發展很快。	Children's intellect develops fast.
7105	智力	玩益智遊戲可以訓練智力，也能增進專注力。	Playing puzzle games can train intelligence and improve concentration.
7106	永	我永不放棄。	I'll never give up.
7107	永	這座紀念館永遠對民眾免費開放，歡迎隨時來參觀。	This memorial hall is permanently open to the public for free, so feel free to visit anytime.
7108	獎學金	她拿到獎學金。	She received a scholarship.
7109	獎學金	為了減輕家裡的負擔，他努力讀書，每學期都申請獎學金。	To ease the burden on his family, he studies hard and applies for a scholarship every semester.
7110	站臺	月台上有站臺。	There's a platform at the station.
7111	站臺	火車進站前，乘客請站在黃線後面的站臺等候。	Before the train arrives, passengers please wait on the platform behind the yellow line.
7112	艾滋病	艾滋病需要治療。	AIDS needs treatment.
7113	艾滋病	學校邀請醫師來演講，教導同學如何預防艾滋病。	The school invited a doctor to give a talk teaching students how to prevent AIDS.
7114	警察局	警察局在前面。	The police station is up ahead.
7115	警察局	我的錢包被偷了，馬上就到附近的警察局報案。	My wallet was stolen, and I went right away to a nearby police station to report it.
7116	重申	我再重申一次。	Let me reiterate once more.
7117	重申	主管在會議上重申，上班時間不可以在辦公室打私人電話。	The supervisor reiterated at the meeting that personal calls shouldn't be made in the office during working hours.
7118	養成	我想養成好習慣。	I want to form good habits.
7119	養成	他每天早起，慢慢養成了運動的習慣。	He gets up early every day and gradually formed an exercise habit.
7120	丟臉	這樣很丟臉。	This is so embarrassing.
7121	丟臉	在大家面前跌倒真的好丟臉，我的臉都紅了。	Falling in front of everyone was really embarrassing, and my face turned red.
7122	信徒	廟裡有很多信徒。	There are many believers in the temple.
7123	信徒	每個週日，信徒們都會到教堂做禮拜，一起唱歌祈禱。	Every Sunday the believers go to church for worship, singing and praying together.
7124	分局	他到分局報案。	He went to the precinct to report a case.
7125	分局	警察分局就在市場隔壁，所以附近很少發生小偷事件。	The police precinct is next to the market, so thefts rarely happen nearby.
7126	句子	這個句子很短。	This sentence is short.
7127	句子	老師要我們用「雖然」造一個句子，我想了很久才寫好。	The teacher asked us to make a sentence with "although", and I thought a long time before writing it.
7128	地形	這裡的地形很複雜。	The terrain here is complicated.
7129	地形	爬山前先看一下地形圖，才知道哪一段路比較陡。	Before hiking, look at the topographic map to know which stretch is steeper.
7130	妥善	請妥善保管。	Please keep it safe.
7131	妥善	車子停好之後，請妥善保管貴重物品，以免被偷。	After parking, please keep valuables properly to avoid theft.
7132	山頂	山頂很冷。	It's cold on the mountaintop.
7133	山頂	我們凌晨出發，終於在日出前爬到山頂，看見雲海。	We set out before dawn and finally reached the summit before sunrise, seeing the sea of clouds.
7134	恐怖分子	他是恐怖分子。	He is a terrorist.
7135	恐怖分子	機場加強了安全檢查，防止恐怖分子帶危險物品上飛機。	The airport strengthened security checks to prevent terrorists from bringing dangerous items on planes.
7136	挽救	我們要挽救他。	We have to save him.
7137	挽救	醫生努力挽救病人的生命，終於讓他度過危險期。	The doctors worked to save the patient's life and finally got him through the critical period.
7138	散文	她喜歡寫散文。	She likes writing essays.
7139	散文	這本散文集記錄了作者在鄉下生活的點點滴滴，文字很溫暖。	This essay collection records the author's life in the countryside, and the writing is warm.
7140	業界	業界很看好他。	The industry has high hopes for him.
7141	業界	這間公司的待遇在業界算是前段，所以很多人想進來。	This company's pay is among the top in the industry, so many people want to join.
7142	注釋	書的下面有注釋。	There are notes at the bottom of the book.
7143	注釋	這本古文選集每一篇都有詳細的注釋，幫助讀者看懂。	Every piece in this classical Chinese anthology has detailed annotations to help readers understand.
7144	片子	這片子很好看。	This film is very good.
7145	片子	昨晚我和朋友租了一部老片子，一邊吃爆米花一邊看。	Last night my friend and I rented an old film and watched it while eating popcorn.
7146	督察	他是督察。	He is an inspector.
7147	督察	教育局會派督察到各校檢查，確認學生的營養午餐是否安全。	The education bureau sends inspectors to each school to check whether student lunches are safe.
7148	紫	我喜歡紫色。	I like purple.
7149	紫	這朵花是紫色的，在綠葉中特別顯眼。	This flower is purple and stands out among the green leaves.
7150	臨近	考試臨近了。	The exam is drawing near.
7151	臨近	臨近過年，市場裡的人潮越來越多，到處都在買年貨。	With the New Year drawing near, crowds at the market keep growing, and everyone is buying New Year goods.
7152	討	他向我討錢。	He asked me for money.
7153	討	她被朋友笑說是討債鬼，因為每次聚餐都遲到。	She is teased by friends as a nuisance because she's late for every gathering.
7154	輪流	我們輪流洗碗。	We take turns washing dishes.
7155	輪流	家裡三個兄弟姊妹輪流照顧生病的阿嬤，沒有人覺得累。	The three siblings take turns looking after sick Grandma, and nobody feels tired.
7156	阻撓	沒有人阻撓他。	Nobody obstructs him.
7157	阻撓	鄰居一再阻撓施工，工程因此拖了好幾個月。	The neighbours repeatedly obstructed the construction, so the project was delayed for months.
7158	駱駝	駱駝在沙漠裡走。	The camel walks in the desert.
7159	駱駝	動物園的駱駝背上有兩個駝峰，小朋友看了都很好奇。	The zoo's camel has two humps on its back, and kids are curious when they see it.
7160	口香糖	我想嚼口香糖。	I want to chew gum.
7161	口香糖	吃完大蒜之後嚼一片口香糖，可以讓口氣清新一點。	After eating garlic, chewing a piece of gum can freshen your breath.
7162	散步	我們去散步。	Let's go for a walk.
7163	散步	晚飯後，我跟媽媽常常沿著河邊散步，邊走邊聊天。	After dinner my mom and I often walk along the river, chatting as we go.
7164	背包	他背著背包。	He carries a backpack.
7165	背包	我的背包裡總是放著水壺、雨傘跟一小包衛生紙。	My backpack always has a water bottle, an umbrella and a small pack of tissues.
7166	鬆了一口氣	我終於鬆了一口氣。	I finally breathed a sigh of relief.
7167	鬆了一口氣	聽到檢查結果沒有問題，全家人都鬆了一口氣。	Hearing the test results were fine, the whole family let out a sigh of relief.
7168	月台	月台上有很多人。	There are lots of people on the platform.
7169	月台	火車快進站了，請大家站在月台的黃線後面等候。	The train is about to arrive, so please wait behind the yellow line on the platform.
7170	于	他生于台南,長大後搬到台北。	He was born in Tainan and moved to Taipei when he grew up.
7171	于	本公司成立于二〇〇五年,專門做網路服務。	Our company was founded in 2005 and specializes in online services.
7172	于	我們老闆姓于，大家都叫他于老闆。	Our boss's surname is Yu, and everyone calls him Boss Yu.
7173	所	我家附近有一所小學。	There is an elementary school near my home.
7174	所	這就是我所知道的全部,其他的我真的不清楚。	That's all I know. As for the rest, I really don't know.
7175	所	這是我所擔心的事。	This is what I'm worried about.
7176	所	我家附近新開了一所幼兒園，很多家長都想送小孩去。	A new kindergarten opened near my home, and many parents want to send their kids there.
7177	比	我比弟弟高。	I'm taller than my younger brother.
7178	比	今年夏天比去年熱多了,冷氣一直開著。	This summer is much hotter than last year, and the air conditioner has been on constantly.
7179	比	今天比昨天冷。	Today is colder than yesterday.
7180	比	這家店的珍珠奶茶比隔壁那家便宜十塊，而且更好喝。	This shop's bubble tea is ten dollars cheaper than the one next door, and tastes better too.
7181	這裡	我家就在這裡。	My home is right here.
7182	這裡	這裡的夜景很美,很多人晚上都會來散步。	The night view here is beautiful, and many people come for a walk in the evening.
7183	這裡	你住在這裡嗎？	Do you live here?
7184	這裡	這裡的冷氣太強了，可以幫我調高一點嗎？	The air conditioning here is too strong. Could you turn it up a bit?
7185	獲得	他獲得了第一名。	He won first place.
7186	獲得	這部電影在國際影展上獲得很高的評價。	This film received high praise at the international film festival.
7187	獲得	她獲得了第一名。	She won first place.
7188	獲得	這家餐廳連續三年獲得消費者的好評，生意一直很好。	This restaurant has won praise from customers for three years running, and business is always good.
7189	市	我住在台北市。	I live in Taipei City.
7190	市	每個週末,公園旁邊都有一個很熱鬧的市集。	Every weekend there's a lively market next to the park.
7191	髮	她的頭髮很長。	Her hair is very long.
7192	髮	我今天要去髮廊剪頭髮,順便染個顏色。	I'm going to the hair salon today to get a haircut and maybe a dye job.
7193	彆	他今天心情不好,說話有點彆扭。	He's in a bad mood today and is acting a bit awkward.
7194	彆	我們吵架以後,見面時總覺得彆扭。	Since our fight, it always feels awkward when we meet.
7195	造成	下雨造成交通不方便。	The rain made traffic inconvenient.
7196	造成	昨晚的大雨造成多處淹水,不少民眾受到影響。	Last night's heavy rain caused flooding in many places and affected quite a few residents.
7197	手	我的手很冷。	My hands are cold.
7198	手	出門前記得洗手,回到家也要再洗一次喔。	Remember to wash your hands before going out, and again when you get home.
7199	音樂	我喜歡聽音樂。	I like listening to music.
7200	音樂	他一邊做菜,一邊用手機播放輕鬆的音樂。	While cooking, he plays relaxing music on his phone.
7201	實行	公司下個月開始實行彈性上班制度。	The company will start implementing flexible working hours next month.
7202	實行	這個計畫很好,可是真的要實行並不容易。	This plan is great, but it's not easy to actually carry it out.
7203	現場	我們到了演唱會現場。	We arrived at the concert venue.
7204	現場	記者在事故現場進行直播,警方已經封鎖了道路。	The reporter is broadcasting live from the accident scene, and police have blocked off the road.
7205	農民	農民正在田裡工作。	The farmers are working in the field.
7206	農民	颱風過後,許多農民的菜園都被吹壞了。	After the typhoon, many farmers' vegetable plots were wrecked by the wind.
7207	剛	我剛到家。	I just got home.
7208	剛	我剛想打電話給你,你就先打來了,真巧!	I was just about to call you when you called first. What a coincidence!
7209	數量	這個商品數量有限。	The quantity of this product is limited.
7210	數量	演唱會的票數量很少,一開賣就被搶光了。	There were very few concert tickets, and they were snapped up as soon as sales began.
7211	資本	做生意需要資本。	Doing business requires capital.
7212	資本	他用存了十年的資本,開了一家小小的咖啡店。	He opened a small cafe with capital he had saved for ten years.
7213	人生	人生很短。	Life is short.
7214	人生	人生就像爬山,有上坡也有下坡,慢慢走就好。	Life is like climbing a mountain, with ups and downs. Just take it slowly.
7215	基金	他買了一檔基金。	He bought a fund.
7216	基金	這個基金會長期幫助偏鄉的孩子,有許多民眾捐款支持。	This foundation has long helped children in remote areas, and many people donate to support it.
7217	效果	這個藥很有效果。	This medicine is very effective.
7218	效果	這支廣告的效果很好,商品一上架就賣完了。	This ad worked very well, and the product sold out as soon as it went on the shelves.
7219	福利	公司的福利不錯。	The company's benefits are pretty good.
7220	福利	這家公司的福利很好,除了年終獎金,還有員工旅遊。	This company has great benefits, with year-end bonuses and employee trips.
7221	通知	公司通知我明天開會。	The company notified me of tomorrow's meeting.
7222	通知	學校寄了一封通知給家長,說明下週的校外教學。	The school sent a notice to parents about next week's field trip.
7223	全世界	全世界都知道他。	The whole world knows him.
7224	全世界	珍珠奶茶是台灣發明的,現在全世界都有人喝。	Bubble tea was invented in Taiwan, and now people drink it all over the world.
7225	市長	市長今天會來。	The mayor is coming today.
7226	市長	市長在記者會上說,新的公車路線下個月開通。	At the press conference, the mayor said the new bus route opens next month.
7227	極	這道菜極好吃。	This dish is extremely tasty.
7228	極	他的表現好極了,連老闆都忍不住稱讚。	His performance was excellent, so much so that even the boss couldn't help praising him.
7229	聽說	聽說明天會下雨。	I hear it's going to rain tomorrow.
7230	聽說	聽說巷口新開了一家早餐店,我們明天早上去吃吃看吧。	I heard a new breakfast place opened at the end of the alley. Let's try it tomorrow morning.
7231	不行	不行,太危險了。	No, it's too dangerous.
7232	不行	這家店只收現金,不行刷卡,你身上有帶錢嗎?	This shop takes cash only; you can't use a card. Do you have money on you?
7233	同一	我們住在同一棟樓。	We live in the same building.
7234	同一	我們上同一堂課,可是他坐在最後一排,所以我沒看到他。	We're in the same class, but he sat in the back row, so I didn't see him.
7235	年底	年底我要回家。	I'm going home at the end of the year.
7236	年底	每到年底,公司就特別忙,大家都在趕著結算帳目。	Every year-end, the company gets especially busy as everyone rushes to close the books.
7237	本地	他是本地人。	He is a local.
7238	本地	這家餐廳用的是本地食材,所以特別新鮮。	This restaurant uses local ingredients, so everything is especially fresh.
7239	空氣	今天空氣很好。	The air is nice today.
7240	空氣	山上的空氣很新鮮,一下車就讓人覺得整個人都放鬆了。	The mountain air is fresh, and you feel relaxed the moment you get out of the car.
7241	講話	他講話很快。	He talks fast.
7242	講話	校長在開學典禮上講話,同學們都安靜地聽著。	The principal gave a speech at the opening ceremony, and the students listened quietly.
7243	一級	這是一級產品。	This is a top-grade product.
7244	一級	這間餐廳被評為一級衛生餐廳,可以放心用餐。	This restaurant is rated top-grade for hygiene, so you can eat there with confidence.
7245	叫做	這個叫做鳳梨酥。	This is called pineapple cake.
7246	叫做	這種把冰塊刨細的甜點,在台灣叫做剉冰。	In Taiwan, this dessert of finely shaved ice is called shaved ice.
7247	年前	年前要大掃除。	We need to do a big clean before New Year.
7248	年前	年前銀行很忙,最好早點去辦事。	Banks are busy before the New Year, so it's best to go early.
7249	根	我買了一根香蕉。	I bought a banana.
7250	根	那棵老樹的根很深,颱風來了也不會倒。	That old tree has deep roots and won't fall even when a typhoon comes.
7251	知名	他是知名的作家。	He's a well-known writer.
7252	知名	這家知名的小吃店,從早到晚都有人在排隊。	At this famous snack shop, there's a line from morning to night.
7253	課	我今天有三堂課。	I have three classes today.
7254	課	這學期我選了一門心理學的課,每週二下午上。	This semester I took a psychology course, held on Tuesday afternoons.
7255	黑暗	房間裡一片黑暗。	The room is pitch dark.
7256	黑暗	停電的時候,整條街陷入黑暗,大家只好點蠟燭。	During the power outage, the whole street fell into darkness and people had to light candles.
7257	公告	公司有新的公告。	The company has a new announcement.
7258	公告	公告欄上寫著,下週一全校停課一天,請同學注意。	The notice board says classes are canceled for the whole school next Monday, so students take note.
7259	哇	哇,好大的蛋糕!	Wow, what a big cake!
7260	哇	哇,你怎麼這麼快就做完了?太厲害了吧!	Wow, how did you finish so fast? That's amazing!
7261	導彈	新聞報導了導彈的事。	The news reported on the missile.
7262	導彈	軍方宣布成功試射一枚新型導彈,引起各國關注。	The military announced a successful test of a new missile, drawing attention from other countries.
7263	持	請持票入場。	Please enter with your ticket.
7264	持	她一手持傘,一手拿著飲料,走得很小心。	With an umbrella in one hand and a drink in the other, she walked carefully.
7265	此後	此後他再也沒有遲到。	From then on, he was never late again.
7266	此後	他在那場比賽中受傷了,此後就很少再參加比賽。	He was injured in that competition and rarely took part in matches afterward.
7267	社交	我不太愛社交。	I don't really like socializing.
7268	社交	現在很多人在社交軟體上分享生活,但我比較少發文。	Many people now share their lives on social apps, but I rarely post.
7269	術	他會魔術。	He knows magic tricks.
7270	術	醫術再高明的醫生,也需要病人的配合才能治好病。	No matter how skilled a doctor's medical skill is, the patient's cooperation is needed to recover.
7271	遭受	他遭受了損失。	He suffered a loss.
7272	遭受	許多農民在颱風中遭受嚴重的損失,政府已經提出補助方案。	Many farmers suffered heavy losses in the typhoon, and the government has proposed a subsidy plan.
7273	下令	政府下令停課。	The government ordered classes to be suspended.
7274	下令	縣長下令封閉山路,以免有人在大雨中發生危險。	The county magistrate ordered the mountain road closed so no one would be in danger in the heavy rain.
7275	前提	有一個前提。	There is one prerequisite.
7276	前提	在不影響工作的前提下,公司允許員工彈性上下班。	On the premise of not affecting work, the company allows flexible working hours.
7277	夫妻	他們是夫妻。	They are husband and wife.
7278	夫妻	這對夫妻一起經營早餐店,每天凌晨四點就起床準備。	This couple runs a breakfast shop together and gets up at four every morning to prepare.
7279	感動	這個故事讓我很感動。	This story really moved me.
7280	感動	他在雨中等了我兩個小時,我真的很感動。	He waited for me in the rain for two hours, and I was really touched.
7281	松	院子裡有一棵松樹。	There's a pine tree in the yard.
7282	松	山上的松樹在風中沙沙作響,聞起來有淡淡的香氣。	The pine trees on the mountain rustle in the wind and smell faintly fragrant.
7283	甚	他的聲音甚大。	His voice is very loud.
7284	甚	此事影響甚大,請各位務必謹慎處理。	This matter has a very great impact, so please handle it with extreme care.
7285	維修	冷氣壞了,要找人維修。	The air conditioner is broken; we need someone to repair it.
7286	維修	電梯正在維修中,請改走樓梯,造成不便敬請見諒。	The elevator is under maintenance. Please use the stairs and excuse the inconvenience.
7287	貨物	貨物已經送到。	The goods have arrived.
7288	貨物	港口每天有大量貨物進出,工作人員從早忙到晚。	Large amounts of cargo come and go at the port daily, and the staff are busy from morning to night.
7289	額	這個金額太大了。	This amount is too large.
7290	額	活動名額有限,想參加的人請盡快報名。	Places in the event are limited, so those who want to join should register soon.
7291	倉庫	貨在倉庫裡。	The goods are in the warehouse.
7292	倉庫	倉庫裡堆滿了紙箱,工人正在一個一個搬到卡車上。	The warehouse is stacked with cartons, and workers are moving them onto trucks one by one.
7293	合格	他考試合格了。	He passed the exam.
7294	合格	這家食品工廠通過檢查,所有產品都是合格的。	This food factory passed inspection, and all of its products are up to standard.
7295	好奇	孩子很好奇。	The child is curious.
7296	好奇	我好奇地問她為什麼要養這麼多隻貓,她說因為牠們都很可愛。	Curious, I asked her why she keeps so many cats, and she said it's because they're all cute.
7297	引入	公司引入了新系統。	The company introduced a new system.
7298	引入	這道菜引入了南洋的香料,味道變得很特別。	This dish brought in Southeast Asian spices, giving it a very special flavor.
7299	擅長	她擅長畫畫。	She's good at drawing.
7300	擅長	我不擅長做菜,但我很擅長洗碗,所以我們分工合作。	I'm not good at cooking but I'm good at washing dishes, so we split the work.
7301	檢察	檢察官在調查這件案子。	The prosecutor is investigating this case.
7302	檢察	檢察機關已經展開調查,預計下週公布結果。	The prosecution has begun its investigation and expects to announce results next week.
7303	無效	這張優惠券已經無效。	This coupon is no longer valid.
7304	無效	吃了這種藥還是沒有好,看來對我無效,需要換一種。	I still haven't recovered after taking this medicine; it seems ineffective for me and I need another.
7305	相機	我買了一台新相機。	I bought a new camera.
7306	相機	出國旅行的時候,他一定會帶相機,把美麗的風景都拍下來。	When he travels abroad he always brings a camera to capture beautiful scenery.
7307	缺點	每個人都有缺點。	Everyone has shortcomings.
7308	缺點	這支手機的缺點是電池不耐用,充一次電只能用半天。	The downside of this phone is its battery, which lasts only half a day per charge.
7309	說服	我說服不了他。	I couldn't persuade him.
7310	說服	她花了一個晚上說服爸媽,讓她去國外交換學生。	She spent an evening persuading her parents to let her go abroad as an exchange student.
7311	配備	警察配備了新裝備。	The police were equipped with new gear.
7312	配備	這輛新車配備了多項安全功能,讓開車的人更安心。	This new car comes equipped with multiple safety features, giving drivers more peace of mind.
7313	驚喜	這是一個驚喜!	This is a surprise!
7314	驚喜	朋友偷偷準備了生日蛋糕,讓我又驚喜又感動。	My friends secretly prepared a birthday cake, which was a happy surprise and touched me.
7315	使用者	使用者可以免費下載。	Users can download it for free.
7316	使用者	這款軟體的使用者越來越多,公司因此推出了新的功能。	This software has more and more users, so the company released new features.
7317	十九	他今年十九歲。	He's nineteen this year.
7318	十九	十九號窗口現在可以辦理,請拿著號碼牌過去。	Window nineteen is available now, so please go over with your number ticket.
7319	外貿	他在外貿公司上班。	He works at a foreign trade company.
7320	外貿	台灣的外貿很發達,電子產品是最重要的出口項目之一。	Taiwan's foreign trade is well-developed, and electronic products are among its key exports.
7321	市委	市委今天開了會。	The municipal committee held a meeting today.
7322	挑	我挑了這件。	I picked this one.
7323	挑	她挑了很久,才選到一件適合面試穿的襯衫。	She spent a long time choosing before finding a shirt right for the interview.
7324	本科	他是本科生。	He is an undergraduate.
7325	本科	她本科念的是歷史,後來才轉去讀新聞研究所。	She studied history as an undergraduate and later switched to a journalism graduate program.
7326	火災	大樓發生了火災。	A fire broke out in the building.
7327	火災	為了預防火災,每層樓都裝了滅火器和煙霧偵測器。	To prevent fires, every floor has fire extinguishers and smoke detectors.
7328	禮拜	我每個禮拜都去運動。	I work out every week.
7329	禮拜	下禮拜三是我同事的生日,我們打算中午幫他慶祝。	Next Wednesday is my coworker's birthday, and we plan to celebrate at lunch.
7330	脆弱	小孩子很脆弱。	Small children are fragile.
7331	脆弱	他看起來很堅強,其實內心很脆弱,需要有人陪伴。	He looks strong but is actually fragile inside and needs company.
7332	身材	她身材很好。	She has a nice figure.
7333	身材	他每天跑步,所以身材維持得很好,看起來比實際年齡年輕。	He runs every day, so he keeps a fine build and looks younger than his age.
7334	颱風	明天有颱風。	There's a typhoon tomorrow.
7335	颱風	颱風天不用上班上課,可是我們也不能出門,在家煮泡麵吃。	On typhoon days there's no work or school, but we can't go out either, so we eat instant noodles at home.
7336	人事	他負責公司的人事。	He handles the company's personnel.
7337	人事	公司下個月有人事異動,不少同事會調到不同的部門。	The company has personnel changes next month, and many colleagues will transfer to different departments.
7338	冷戰	他們正在冷戰。	They're giving each other the silent treatment.
7339	冷戰	姊姊和媽媽因為小事冷戰了好幾天,誰都不想先開口。	My sister and Mom gave each other the cold shoulder for days over something small, neither wanting to speak first.
7340	受不了	我真的受不了了!	I really can't take it anymore!
7341	受不了	這幾天又悶又熱,晚上沒開冷氣根本受不了。	It's been stuffy and hot these days, and without air conditioning at night it's unbearable.
7342	外觀	這台手機外觀很時尚。	This phone looks stylish.
7343	外觀	這棟大樓的外觀設計很特別,很多人都特地來拍照。	The exterior design of this building is unique, and many people come specially to take photos.
7344	尚書	古代的尚書是高級官員。	An ancient shangshu was a high official.
7345	尚書	歷史課本裡說,尚書負責處理朝廷的政務,地位相當於現在的部長。	History textbooks say a shangshu handled court affairs, with a rank equal to today's minister.
7346	應有	每個人都有應有的權利。	Everyone has the rights they deserve.
7347	應有	這家店的服務水準,已經達到客人應有的期待。	This shop's service has reached the level customers expect.
7348	收取	店家會收取服務費。	The shop charges a service fee.
7349	收取	停車場依時間收取費用,每小時三十元。	The parking lot charges by the hour, thirty dollars per hour.
7350	楚	我看不清楚。	I can't see clearly.
7351	楚	他受傷後,每天都忍受著痛楚,但還是堅持上班。	After his injury, he endured pain every day yet still insisted on working.
7352	液體	這是一種液體。	This is a kind of liquid.
7353	液體	水、牛奶和果汁都是液體,可以倒進杯子裡。	Water, milk and juice are all liquids and can be poured into cups.
7354	生病	我弟弟生病了。	My younger brother is sick.
7355	生病	生病的時候要多休息、多喝水,不要硬撐著去上班。	When you're sick, rest more and drink more water; don't push yourself to work.
7356	終極	這是終極目標。	This is the ultimate goal.
7357	終極	這場比賽是今年的終極對決,全國的球迷都在電視機前守候。	This match is the year's ultimate showdown, with fans nationwide waiting before their TVs.
7358	蠻	這家店蠻好吃的。	This place is pretty good.
7359	蠻	今天蠻冷的,出門最好多穿一點,我剛才差點就凍僵了。	It's quite cold today, so dress warmer; I nearly froze just now.
7360	起床	我七點起床。	I get up at seven.
7361	起床	鬧鐘響了三次我才爬起床,結果差點趕不上第一班公車。	I only got out of bed after the alarm rang three times and nearly missed the first bus.
7362	錫	這是用錫做的。	This is made of tin.
7363	錫	包裝食物時,她習慣用錫箔紙把便當包起來保溫。	When packing food, she habitually wraps the lunch box in aluminum foil to keep it warm.
7364	飼養	他飼養了一隻鳥。	He keeps a bird.
7365	飼養	在公寓裡飼養寵物,必須先確認管理規約是否允許。	Before keeping pets in an apartment, you must first check whether the building rules allow it.
7366	以致	他太累,以致睡著了。	He was so tired that he fell asleep.
7367	以致	他前一晚熬夜打電動,以致隔天上課整天都沒精神。	He stayed up late gaming the night before, with the result that he was listless all day in class.
7368	出任	他出任公司總經理。	He took up the post of company general manager.
7369	出任	她將於下個月出任新成立的文化局局長,負責推動地方藝文活動。	She will take the post of head of the newly established Culture Bureau next month, in charge of promoting local arts activities.
7370	名聲	他的名聲很好。	He has a good reputation.
7371	名聲	這家小吃店靠著好口碑,名聲傳得很遠,連外縣市的人都特地來吃。	Through word of mouth, this snack shop's reputation spread far, even drawing people from other counties.
7372	奉	謹奉上禮物。	Respectfully presenting this gift.
7373	奉	她每天早上都會奉上一杯茶給神明,希望家人平安。	Every morning she offers a cup of tea to the gods, hoping her family stays safe.
7374	左邊	郵局在左邊。	The post office is on the left.
7375	左邊	你站在我左邊,等一下拍照的時候,記得笑一笑。	Stand on my left, and remember to smile when we take the photo.
7376	成年人	他是成年人了。	He's an adult now.
7377	成年人	成年人要為自己的行為負責,不能再依賴父母。	Adults must take responsibility for their actions and can't depend on their parents anymore.
7378	散發	花散發著香氣。	The flowers give off a fragrance.
7379	散發	街上有人在散發傳單,內容是新開張的餐廳優惠活動。	Someone is handing out flyers on the street about a new restaurant's promotion.
7380	歌聲	她的歌聲很好聽。	Her singing voice is lovely.
7381	歌聲	夜晚的街頭傳來歌聲,原來是一位街頭藝人在唱歌。	Singing drifted along the night street; it was a busker.
7382	火焰	火焰很大。	The flames are big.
7383	火焰	營火的火焰在夜裡跳動,大家圍坐在一起唱歌聊天。	The campfire flames danced in the night as everyone sat around singing and chatting.
7384	看似	看似簡單,其實不容易。	It looks simple but isn't easy.
7385	看似	這家店看似普通,但是只要吃過一次,大家都會愛上。	This shop looks ordinary, but anyone who tries it once will love it.
7386	而後	先洗手,而後吃飯。	Wash your hands first, then eat.
7387	而後	他先在國外念了兩年書,而後回到台灣開了自己的工作室。	He first studied abroad two years, then returned to Taiwan and opened his own studio.
7388	解析	老師解析了這道題。	The teacher analyzed this problem.
7389	解析	這篇報導深入解析了房價上漲的原因,讀完之後很有收穫。	This report deeply analyzes why housing prices rose, and I gained a lot from reading it.
7390	進軍	公司進軍國外市場。	The company is entering overseas markets.
7391	進軍	這家台灣品牌計畫明年進軍日本,在東京開第一家分店。	This Taiwanese brand plans to enter Japan next year and open its first branch in Tokyo.
7392	電車	我們坐電車去。	We'll go by tram.
7393	電車	在東京搭電車很方便,但是上下班時間人多得誇張。	Taking the train in Tokyo is convenient, but at rush hour it's absurdly crowded.
7394	下旬	下旬我有空。	I'm free in the last third of the month.
7395	下旬	畢業典禮訂在六月下旬,請大家提前安排好時間。	The graduation ceremony is scheduled for late June, so please arrange your time ahead.
7396	依次	請依次排隊。	Please line up in order.
7397	依次	學生依次走上台,從校長手中領取畢業證書。	The students went up on stage in turn to receive their diplomas from the principal.
7398	公職	他想考公職。	He wants to take the civil service exam.
7399	公職	考上公職之後,工作比較穩定,所以很多年輕人都想考。	After passing the civil service exam the job is stable, so many young people want to take it.
7400	反之	努力就會進步,反之就會落後。	Work hard and you'll improve; otherwise you'll fall behind.
7401	反之	多吃蔬菜對身體好,反之,常吃油炸食物就容易發胖。	Eating vegetables is good for you; conversely, eating lots of fried food makes you gain weight.
7402	因應	我們要因應變化。	We must adapt to the changes.
7403	因應	為了因應天氣變熱,公司決定提早一小時下班,讓員工避開高溫。	To cope with the hot weather, the company decided to finish an hour early so employees avoid the heat.
7404	奏	樂團開始演奏。	The band began to play.
7405	奏	樂手們合奏了一首輕快的曲子,現場的氣氛一下子熱了起來。	The musicians performed a lively piece together, and the atmosphere warmed up instantly.
7406	專心	上課要專心。	Pay attention in class.
7407	專心	你專心一點,先把這份報告寫完,其他事情晚一點再說。	Concentrate, finish this report first, and deal with other things later.
7408	復合	他們復合了。	They got back together.
7409	復合	分手半年後,兩個人因為一次偶然的機會復合了。	Half a year after breaking up, the two got back together by chance.
7410	抽菸	這裡禁止抽菸。	Smoking is prohibited here.
7411	抽菸	爸爸為了健康戒了抽菸,現在每天早上都去公園散步。	For his health Dad quit smoking and now walks in the park every morning.
7412	收看	歡迎收看新聞。	Welcome to the news.
7413	收看	感謝大家收看本節目,我們下週同一時間再見。	Thank you for watching our program, and we'll see you at the same time next week.
7414	杆	旗杆很高。	The flagpole is tall.
7415	杆	橋上的欄杆是新油漆的,請小朋友不要靠上去。	The railing on the bridge is freshly painted, so please keep children from leaning on it.
7416	水源	這裡的水源很乾淨。	The water source here is clean.
7417	水源	為了保護水源,政府禁止在水庫附近蓋工廠。	To protect water sources, the government bans building factories near the reservoir.
7418	無非	他無非是想賺錢。	He's just trying to earn money.
7419	無非	她這麼做無非是想引起大家的注意,並沒有惡意。	She did it merely to get everyone's attention, with no ill intent.
7420	盒	我買了一盒餅乾。	I bought a box of cookies.
7421	盒	這個禮盒裡有六塊鳳梨酥,包裝很漂亮,適合送人。	This gift box has six pineapple cakes in nice packaging, good for giving.
7422	築	鳥在築巢。	The bird is building a nest.
7423	築	工人正在築一道堤防,以防止下次大雨時河水氾濫。	Workers are building an embankment to stop the river flooding in the next heavy rain.
7424	聖母	教堂裡有聖母像。	There's a statue of the Virgin Mary in the church.
7425	聖母	巴黎聖母院的火災,讓全世界的人都覺得很可惜。	The fire at Notre-Dame de Paris saddened people around the world.
7426	複合	這是複合詞。	This is a compound word.
7427	複合	這種複合材料又輕又堅固,常用在腳踏車和運動器材上。	This composite material is light and sturdy, often used in bikes and sports equipment.
7428	趕走	把蚊子趕走。	Chase the mosquitoes away.
7429	趕走	他拿著掃把,把跑進店裡的野狗趕走了,客人都鬆了一口氣。	He chased away the stray dog that ran into the shop with a broom, and customers breathed a sigh of relief.
7430	長子	他是家中長子。	He's the eldest son of the family.
7431	長子	長子要照顧弟妹,所以他從小就很成熟懂事。	As the eldest son he looks after younger siblings, so he's been mature and sensible since childhood.
7432	風雨	外面風雨很大。	It's very windy and rainy outside.
7433	風雨	他們一起走過風雨,感情比一般夫妻更深厚。	They've gone through hardships together, and their bond is deeper than most couples'.
7434	刷卡	可以刷卡嗎?	Can I pay by card?
7435	刷卡	這家店可以刷卡,不過一千元以下要加收手續費。	This shop takes cards, but there's a fee for purchases under a thousand dollars.
7436	插隊	不要插隊!	Don't cut in line!
7437	插隊	有人在隊伍中間插隊,後面的人很生氣,大聲叫他去後面排。	Someone cut into the middle of the line, and the people behind got angry and told him to go to the back.
7438	能幹	她很能幹。	She is very capable.
7439	能幹	新來的助理做事又快又準,是個能幹的年輕人。	The new assistant works fast and accurately, a capable young person.
7440	默認	默認設定是中文。	The default setting is Chinese.
7441	默認	手機的默認語言是英文,所以我進去設定裡面改成中文。	The phone's default language is English, so I changed it to Chinese in the settings.
7442	寸	這條魚有一寸長。	This fish is one inch long.
7443	寸	一寸光陰一寸金,考試前千萬不要浪費時間。	Time is gold; don't waste a moment before exams.
7444	什麼	你在吃什麼？	What are you eating?
7445	什麼	我今天沒什麼胃口，只想喝點熱湯。	I don't have much of an appetite today; I just want some hot soup.
7446	政府	政府宣布調整基本工資。	The government announced an adjustment to the minimum wage.
7447	政府	市政府下個月將開放一座新公園，歡迎市民參觀。	The city government will open a new park next month; residents are welcome to visit.
7448	快	請快一點，要遲到了。	Please hurry, we're going to be late.
7449	快	公車快到站了，你把手機收起來，準備下車。	The bus is about to arrive; put your phone away and get ready to get off.
7450	自	我自己搭公車去學校。	I take the bus to school by myself.
7451	自	這些水果自南部運來，所以特別新鮮。	These fruits are shipped from the south, so they're especially fresh.
7452	朋友	我有個朋友住在高雄。	I have a friend who lives in Kaohsiung.
7453	朋友	昨天朋友約我去看球賽，結果下大雨取消了。	A friend invited me to a ball game yesterday, but it was canceled because of heavy rain.
7454	哪裏	你住在哪裏？	Where do you live?
7455	哪裏	我的鑰匙到底放在哪裏了？我找了半天都找不到。	Where on earth did I put my keys? I've searched for ages and can't find them.
7456	進入	請從這裡進入。	Please enter from here.
7457	進入	比賽進入最後一局，現場氣氛非常緊張。	The game entered its last inning and the atmosphere in the stadium was very tense.
7458	專業	他的專業是電機工程。	His field is electrical engineering.
7459	專業	選專業的時候，除了興趣，也要想想以後的工作機會。	When choosing a major, besides interest, think about future job opportunities.
7460	負責	誰負責這個專案？	Who's in charge of this project?
7461	負責	他負責接待客人，我負責準備資料。	He's in charge of receiving guests and I'm in charge of preparing the materials.
7462	形成	水氣遇冷會形成露珠。	Water vapor forms dewdrops when it gets cold.
7463	形成	好習慣要從小培養，長期下來才會慢慢形成。	Good habits must be cultivated from childhood; they form gradually over time.
7464	農業	台灣的農業很發達。	Taiwan's agriculture is well developed.
7465	農業	南部的農業以稻米和水果為主，每年都吸引不少遊客。	Agriculture in the south centers on rice and fruit, and draws quite a few visitors each year.
7466	媽媽	媽媽，我回來了！	Mom, I'm home!
7467	媽媽	媽媽說今晚要煮火鍋，叫我們先去買菜。	Mom says she's making hot pot tonight and told us to go buy groceries first.
7468	消息	有什麼新消息嗎？	Any news?
7469	消息	我剛收到消息，明天的會議改到下午兩點了。	I just heard that tomorrow's meeting has been moved to 2 p.m.
7470	跑	他每天早上跑步。	He runs every morning.
7471	跑	我跑了一整圈操場，累得滿頭大汗。	I ran a whole lap of the field and am drenched in sweat.
7472	其它	其它的問題，我們明天再討論。	We'll discuss the other issues tomorrow.
7473	其它	清單上沒寫到的其它項目，請你自己補充。	For other items not on the list, please add them yourself.
7474	提	我幫你提行李。	I'll carry your luggage for you.
7475	提	我想提一個建議，下次開會時間可以早一點。	I'd like to make a suggestion: the next meeting could be a bit earlier.
7476	記得	你記得關燈嗎？	Do you remember to turn off the lights?
7477	記得	我記得小時候，阿公常帶我去河邊釣魚。	I remember that when I was little, my grandpa often took me fishing by the river.
7478	主義	他是個理想主義者。	He's an idealist.
7479	主義	他不喜歡拍馬屁，更討厭形式主義。	He dislikes flattery and hates empty formalism even more.
7480	因素	天氣是一個因素。	The weather is one factor.
7481	因素	房價高低受很多因素影響，例如地點和交通。	House prices are affected by many factors, such as location and transportation.
7482	措施	政府採取了新措施。	The government took new measures.
7483	措施	為了防止感染，學校加強了消毒措施，也要求學生量體溫。	To prevent infection, the school stepped up disinfection measures and asks students to take their temperature.
7484	發出	冷氣機發出奇怪的聲音。	The air conditioner is making a strange noise.
7485	發出	公司已向全體員工發出通知，請大家週五前完成健康檢查。	The company sent a notice to all staff asking everyone to finish their health checkups by Friday.
7486	連續	他連續三天加班。	He worked overtime three days in a row.
7487	連續	連續下了一星期的雨，衣服怎麼晾都不乾。	It rained for a whole week straight, and clothes just won't dry.
7488	公平	這樣做不公平。	It's not fair to do it this way.
7489	公平	比賽規則必須公平，才能讓每個選手都有機會。	The rules must be fair so every player has a chance.
7490	就業	畢業後我想在台北就業。	After graduating I want to find a job in Taipei.
7491	就業	現在就業市場競爭很激烈，新鮮人很需要實習經驗。	The job market is very competitive now, and fresh graduates really need internship experience.
7492	時刻	這是重要的時刻。	This is an important moment.
7493	時刻	關鍵時刻，他總是能保持冷靜。	At critical moments, he can always stay calm.
7494	維持	請維持秩序。	Please keep order.
7495	維持	醫生說要維持規律的作息，身體才會慢慢恢復。	The doctor says to keep a regular routine so your body recovers gradually.
7496	一致	大家的意見一致。	Everyone's opinions agree.
7497	一致	兩份報告的結果一致，所以我們很有信心。	The results of the two reports are consistent, so we're quite confident.
7498	反而	我吃了藥反而更不舒服。	After taking the medicine I felt worse instead.
7499	反而	他沒有生氣，反而笑著跟我說沒關係。	He wasn't angry; instead he smiled and told me it was fine.
7500	島	台灣是個島。	Taiwan is an island.
7501	島	我們坐船到島上玩，晚上看到滿天星星。	We took a boat to the island to play and saw a sky full of stars at night.
7502	暴力	不要使用暴力。	Don't use violence.
7503	暴力	學校舉辦了反暴力講座，提醒學生遇到霸凌要告訴老師。	The school held an anti-violence talk reminding students to tell a teacher if they're bullied.
7504	睡覺	我要去睡覺了。	I'm going to bed.
7505	睡覺	睡覺前別一直滑手機，不然會很難入睡。	Don't keep scrolling your phone before bed, or it'll be hard to fall asleep.
7506	記憶	我的記憶力不太好。	My memory isn't very good.
7507	記憶	那間老房子裡有我童年最美好的記憶。	That old house holds my fondest childhood memories.
7508	麻煩	不好意思，麻煩你了。	Sorry, thanks for the trouble.
7509	麻煩	搬家真的很麻煩，要打包又要找貨運。	Moving is really a hassle; you have to pack and find a mover.
7510	加速	火車開始加速了。	The train started to speed up.
7511	加速	政府想加速審查流程，讓民眾更快拿到補助。	The government wants to speed up the review process so people get subsidies sooner.
7512	對話	我們的對話很愉快。	Our conversation was pleasant.
7513	對話	這本英文教材每一課都有一段對話，很適合練習口說。	Each lesson in this English textbook has a dialogue, perfect for speaking practice.
7514	有所	他的表現有所進步。	His performance has improved somewhat.
7515	有所	比起去年，今年的銷售量有所成長。	Compared with last year, sales have grown somewhat this year.
7516	目	他目不轉睛地看著我。	He stared at me without blinking.
7517	目	請你過目一下這份合約，沒問題我就簽名。	Please look over this contract, and if it's fine I'll sign.
7518	談判	雙方正在談判。	The two sides are negotiating.
7519	談判	工會與公司談判了三天，終於達成協議。	The union and the company negotiated for three days and finally reached an agreement.
7520	黑色	我喜歡黑色的鞋子。	I like black shoes.
7521	黑色	他穿著黑色西裝，看起來很正式。	He wore a black suit and looked very formal.
7522	公寓	我住在老公寓。	I live in an old apartment building.
7523	公寓	這棟公寓沒有電梯，搬家具要走樓梯上五樓。	This apartment building has no elevator, so moving furniture means carrying it up five flights.
7524	國防	國防預算增加了。	The defense budget has increased.
7525	國防	立法院正在討論明年的國防預算。	The Legislative Yuan is discussing next year's defense budget.
7526	工會	他加入了工會。	He joined the labor union.
7527	工會	工會要求公司改善加班制度，也希望能調整薪水。	The union asked the company to improve its overtime system and hopes to adjust salaries.
7528	指定	請在指定地點集合。	Please gather at the designated place.
7529	指定	老師指定我們讀這本小說，下週要交心得。	The teacher assigned us this novel, with a reflection due next week.
7530	步	他走了幾步。	He took a few steps.
7531	步	學中文不要急，要一步一步來，慢慢累積。	Don't rush when learning Chinese; take it step by step and build up slowly.
7532	祝	祝你生日快樂！	Happy birthday to you!
7533	祝	我們在卡片上寫了祝福，祝她早日康復。	We wrote well wishes on the card, wishing her a speedy recovery.
7534	街頭	街頭有人在表演。	Someone is performing on the street.
7535	街頭	很多年輕人喜歡在街頭唱歌，希望被人看見。	Many young people like to sing on the street, hoping to be noticed.
7536	遭遇	他遭遇了困難。	He met with difficulties.
7537	遭遇	她遭遇車禍之後，花了半年才完全康復。	After her car accident, it took half a year to fully recover.
7538	之所以	我之所以來，是想幫你。	The reason I came is that I want to help you.
7539	之所以	他之所以遲到，是因為路上發生了事故。	The reason he was late is that there was an accident on the road.
7540	勝	我們隊這次勝了。	Our team won this time.
7541	勝	這場比賽我們以三分的差距獲勝。	We won this game by a margin of three points.
7542	如同	她對我如同親姊妹。	She is like a sister to me.
7543	如同	夕陽如同一顆橘色的球，慢慢沉入海平面。	The sun, like an orange ball, slowly sank into the sea.
7544	承受	他承受很大的壓力。	He is under a lot of pressure.
7545	承受	這座橋最多只能承受十噸的重量。	This bridge can only bear ten tons at most.
7546	橋梁	這座橋梁很老了。	This bridge is very old.
7547	橋梁	政府正在檢查全國的橋梁，確保安全。	The government is inspecting bridges nationwide to ensure safety.
7548	痛	我肚子好痛。	My stomach hurts a lot.
7549	痛	昨天跌倒，膝蓋到現在還很痛。	I fell yesterday and my knee still hurts.
7550	美術	我喜歡上美術課。	I like art class.
7551	美術	她從小學美術，現在在一家設計公司工作。	She studied art from childhood and now works at a design company.
7552	購物	我喜歡網路購物。	I like online shopping.
7553	購物	週末的購物中心人很多，結帳要排很久。	The mall is crowded on weekends, and checkout lines are long.
7554	一時	我一時想不起來。	I can't think of it for the moment.
7555	一時	他一時衝動就辭職了，現在有點後悔。	He quit on an impulse and now regrets it a little.
7556	克服	我要克服恐懼。	I want to overcome my fear.
7557	克服	她克服了怕水的心理，現在已經學會游泳。	She overcame her fear of water and has now learned to swim.
7558	哎	哎，你看那邊！	Hey, look over there!
7559	哎	哎，我又忘了帶鑰匙，只好打電話叫我媽來開門。	Ugh, I forgot my keys again and had to call my mom to open the door.
7560	宣告	法官宣告開庭。	The judge declared the court in session.
7561	宣告	政府宣告取消防疫限制，大家終於能自由出入了。	The government declared an end to the epidemic restrictions, and everyone can finally come and go freely.
7562	惡	我昨晚做了惡夢。	I had a nightmare last night.
7563	惡	那位鄰居態度惡劣，大家都不太想跟他來往。	That neighbor has a nasty attitude and nobody wants to deal with him.
7564	新興	這是新興產業。	This is an emerging industry.
7565	新興	新興的電動車產業吸引了許多年輕工程師加入。	The emerging electric vehicle industry has attracted many young engineers.
7566	治安	這裡的治安很好。	Public order here is good.
7567	治安	台灣的治安不錯，半夜在街上走也很安全。	Taiwan's public safety is good; it's safe to walk the streets even at midnight.
7568	獨自	他獨自旅行。	He travels alone.
7569	獨自	她獨自一人搬到台北，努力打拚了五年。	She moved to Taipei on her own and has worked hard for five years.
7570	稅收	政府的稅收增加了。	Government tax revenue has increased.
7571	稅收	稅收主要用在教育、交通和健保等公共支出上。	Tax revenue is mainly used for public spending like education, transportation and health insurance.
7572	自覺	他自覺做錯了事。	He felt he had done something wrong.
7573	自覺	我自覺最近進步不少，但老師說還要再多練習。	I feel I've improved a lot lately, but the teacher says I need more practice.
7574	跳舞	她很會跳舞。	She dances well.
7575	跳舞	週末晚上，我們一群朋友去舞蹈教室跳舞。	On weekend nights, a group of us friends go to the dance studio to dance.
7576	集合	請在門口集合。	Please assemble at the entrance.
7577	集合	明天早上七點在學校門口集合，遲到的人自己搭車過去。	Meet at the school gate at seven tomorrow morning; latecomers should get there on their own.
7578	不安	我心裡很不安。	I feel very uneasy.
7579	不安	聽說颱風要來了，大家都有點不安。	Hearing that a typhoon is coming, everyone feels a bit uneasy.
7580	兼職	我在找兼職工作。	I'm looking for a part-time job.
7581	兼職	學生在假日做兼職，可以賺零用錢，也能累積經驗。	Students working part-time on holidays can earn pocket money and gain experience.
7582	單身	他目前單身。	He is currently single.
7583	單身	很多年輕人覺得單身也很自在，不急著結婚。	Many young people find being single comfortable and aren't in a hurry to marry.
7584	室內	室內很涼快。	It's cool indoors.
7585	室內	下雨天我們把活動移到室內舉行，大家玩得很開心。	On the rainy day we moved the activity indoors and everyone had fun.
7586	性命	他救了我的性命。	He saved my life.
7587	性命	不要拿自己的性命開玩笑，開車一定要繫安全帶。	Don't gamble with your life; always wear a seat belt when driving.
7588	效力	這張優惠券還有效力嗎？	Is this coupon still valid?
7589	效力	這份合約從簽字那天起生效，有三年的法律效力。	This contract takes effect from the signing day and has three years of legal force.
7590	氛圍	餐廳的氛圍很溫馨。	The restaurant has a cozy atmosphere.
7591	氛圍	公司希望營造輕鬆的氛圍，讓同事更願意分享想法。	The company hopes to create a relaxed atmosphere so colleagues will share ideas more willingly.
7592	申報	出國要申報現金。	You must declare cash when going abroad.
7593	申報	民眾可以上網申報稅金，不需要親自跑稅務機關。	People can file taxes online without going to the tax office in person.
7594	終結	這場戰爭終於終結了。	This war has finally come to an end.
7595	終結	他的一句話，終結了這場持續好幾天的爭論。	One sentence from him ended the argument that lasted several days.
7596	見證	我見證了這一切。	I witnessed all this.
7597	見證	這座老橋見證了小鎮一百年來的變化。	This old bridge has witnessed the town's changes over a hundred years.
7598	開門	請你幫我開門。	Please open the door for me.
7599	開門	這家早餐店早上五點就開門，常常一開門就有客人。	This breakfast shop opens at five a.m., often with customers waiting as soon as it opens.
7600	下屬	他有三位下屬。	He has three subordinates.
7601	下屬	好主管會關心下屬，不會只要求他們加班。	A good boss cares about subordinates and doesn't just demand overtime.
7602	傳出	屋裡傳出笑聲。	Laughter came from the house.
7603	傳出	隔壁突然傳出很大的聲音，我們都嚇了一跳。	A loud noise suddenly came from next door and startled us.
7604	勇士	他是真正的勇士。	He's a true warrior.
7605	勇士	故事裡的勇士打敗了巨龍，保護了村莊。	In the story the warrior beat the dragon and protected the village.
7606	嘴裡	他嘴裡塞滿了食物。	His mouth is stuffed with food.
7607	嘴裡	別嘴裡有東西的時候說話，這樣很不禮貌。	Don't talk with food in your mouth; it's rude.
7608	學說	這是他提出的學說。	This is the theory he proposed.
7609	學說	達爾文的演化學說，改變了人們對生命的看法。	Darwin's theory of evolution changed how people view life.
7610	弱點	每個人都有弱點。	Everyone has weaknesses.
7611	弱點	他的弱點是太容易緊張，一上台就忘詞。	His weakness is getting too nervous; he forgets his lines once on stage.
7612	振興	政府想振興經濟。	The government wants to revive the economy.
7613	振興	地方政府推出振興券，希望帶動當地商店的買氣。	The local government issued stimulus vouchers hoping to boost local shops' sales.
7614	時空	時空改變了。	Time and place have changed.
7615	時空	這部小說的時空背景設定在一百年後的台北。	This novel is set in Taipei a hundred years in the future.
7616	民生	政府關心民生問題。	The government cares about livelihood issues.
7617	民生	菜價和油價都和民生有關，大家特別在意。	Vegetable and fuel prices affect livelihoods, so everyone cares a lot.
7618	無所謂	我無所謂，你決定。	I don't mind; you decide.
7619	無所謂	吃什麼我都無所謂，只要不太辣就好。	I don't care what we eat, as long as it's not too spicy.
7620	私	這是我的私事。	This is my private matter.
7621	私	他在公司私下幫朋友處理事情，被老闆發現了。	He privately handled things for a friend at the company and the boss found out.
7622	草原	草原上有很多羊。	There are many sheep on the grassland.
7623	草原	我夢想有一天能去蒙古草原騎馬。	I dream of riding horses on the Mongolian steppe someday.
7624	賴	星期天我常賴床。	I often sleep in on Sundays.
7625	賴	他欠了錢卻想賴帳，朋友們都很生氣。	He owes money but wants to dodge the debt, and his friends are angry.
7626	釘	牆上有一根釘子。	There's a nail in the wall.
7627	釘	他用錘子把釘子釘進牆壁，掛上一幅畫。	He hammered a nail into the wall and hung a picture.
7628	預警	氣象局發出預警。	The weather bureau issued a warning.
7629	預警	地震預警系統能在地震來臨前幾秒發出警報。	The earthquake early-warning system can sound an alert seconds before the quake.
7630	交付	貨物已經交付客戶了。	The goods have been delivered to the customer.
7631	交付	房子要在年底前交付給買家，所以工人們都在趕工。	The house must be handed over to the buyer by year end, so the workers are rushing.
7632	其間	其間發生了很多事。	A lot happened in the interim.
7633	其間	兩次考試的其間，同學們都忙著複習。	Between the two exams, classmates were busy reviewing.
7634	可謂	他可謂是專家。	He could be called an expert.
7635	可謂	這次比賽可謂精彩萬分，觀眾一直歡呼到最後。	This match was truly thrilling, and the crowd cheered until the end.
7636	奔	孩子們奔向海邊。	The kids ran toward the sea.
7637	奔	為了趕上最後一班車，他一路狂奔到車站。	To catch the last bus, he ran all the way to the station.
7638	巨額	他欠了巨額債務。	He owes an enormous debt.
7639	巨額	這次詐騙案造成民眾損失巨額金額，警方已成立專案小組。	The scam caused huge losses to the public, and police set up a task force.
7640	戰區	這裡是戰區。	This is a war zone.
7641	戰區	戰區的居民每天都生活在不安之中。	Residents of the war zone live in unease every day.
7642	敲	有人在敲門。	Someone is knocking on the door.
7643	敲	他敲了很久的門，裡面都沒有人回應。	He knocked for a long time and no one inside responded.
7644	正要	我正要出門。	I was just about to go out.
7645	正要	我正要睡覺，朋友就傳訊息來聊天了。	I was just about to sleep when a friend messaged me to chat.
7646	灰色	我喜歡灰色的衣服。	I like gray clothes.
7647	灰色	灰色的天空讓人心情不太好，好像快下雨了。	The gray sky dampens the mood; it looks like it's about to rain.
7648	看好	請幫我看好行李。	Please keep an eye on my luggage.
7649	看好	出門時請看好小孩，不要讓他亂跑。	Keep an eye on your child when out; don't let him run around.
7650	耳	我的耳朵很痛。	My ear hurts a lot.
7651	耳	他戴著耳機，什麼都聽不見，連我叫他都沒聽到。	He had earphones on and heard nothing; he didn't even hear me call him.
7652	解答	老師解答了問題。	The teacher answered the questions.
7653	解答	客服人員耐心解答我的疑問，讓我很放心。	The customer service rep patiently answered my questions, which put me at ease.
7654	進駐	新公司進駐大樓。	A new company moved into the building.
7655	進駐	這棟新大樓已經有好幾家公司進駐，一樓也開了咖啡店。	Several companies have moved into this new building, and a cafe opened on the first floor.
7656	震動	手機在震動。	The phone is vibrating.
7657	震動	地震的時候，整棟大樓都在震動，大家嚇了一跳。	During the earthquake, the whole building shook and everyone was startled.
7658	下落	他的下落不明。	His whereabouts are unknown.
7659	下落	失蹤的小狗至今下落不明，主人很擔心。	The missing puppy is still unaccounted for, and its owner is worried.
7660	侵佔	敵軍侵佔了領土。	The enemy army seized the territory.
7661	侵佔	歷史上曾有外國勢力侵佔這座島，後來才被趕走。	Historically foreign powers occupied this island before being driven out.
7662	分會	這是台北分會。	This is the Taipei chapter.
7663	分會	這個協會在各縣市都有分會，會員可以就近參加活動。	This association has chapters in every county and city, so members can join activities nearby.
7664	可樂	我想喝可樂。	I'd like a cola.
7665	可樂	吃炸雞的時候，來一杯冰可樂最對味。	With fried chicken, an ice-cold cola is just right.
7666	地處	這座城市地處山谷。	This city lies in a valley.
7667	地處	這個小鎮地處偏遠，交通比較不方便，卻有很美的風景。	This town is remote and less accessible but has beautiful scenery.
7668	子公司	他在子公司工作。	He works at the subsidiary.
7669	子公司	母公司在南部設立了一家子公司，專門生產電子零件。	The parent company set up a subsidiary in the south that makes electronic parts.
7670	市政	市政工作很忙。	City administration work is busy.
7671	市政	市長說，市政建設要以市民的需求為優先。	The mayor said municipal projects should prioritize citizens' needs.
7672	感應	門有感應功能。	The door has a sensor function.
7673	感應	這個垃圾桶有感應裝置，手一靠近蓋子就會打開。	This trash can has a sensor; the lid opens when a hand approaches.
7674	掙錢	他辛苦掙錢。	He earns money with hard work.
7675	掙錢	他辛苦掙錢養家，從來不抱怨，家人都很感謝他。	He works hard to support his family without complaint, and they're grateful to him.
7676	斤	我買了兩斤蘋果。	I bought two catties of apples.
7677	斤	一台斤等於六百公克，菜市場的小販還是習慣用斤來算。	A Taiwanese catty is six hundred grams, and market vendors still price by the catty.
7678	標識	請看路上的標識。	Please look at the signs on the road.
7679	標識	每個包裝上都有清楚的標識，註明成分和有效日期。	Each package has a clear label showing ingredients and expiry date.
7680	消費品	超市賣很多消費品。	Supermarkets sell many consumer goods.
7681	消費品	隨著物價上漲，日常消費品的價格也一路攀升。	As prices rise, the cost of everyday consumer goods keeps climbing.
7682	獨裁者	他是個獨裁者。	He is a dictator.
7683	獨裁者	歷史上的獨裁者通常不允許人民表達不同意見。	Dictators in history usually don't allow people to voice dissent.
7684	礦業	礦業曾經很發達。	Mining used to be thriving.
7685	礦業	九份曾經因為礦業興盛而繁榮，現在變成熱門觀光景點。	Jiufen once prospered from mining and has now become a popular tourist spot.
7686	維權	消費者要維權。	Consumers should defend their rights.
7687	維權	發生糾紛時，消費者可以向消保官維權，保障自己的權益。	In disputes, consumers can turn to consumer protection officers to defend their rights.
7688	茶葉	我買了一些茶葉。	I bought some tea leaves.
7689	茶葉	這罐茶葉是朋友從阿里山帶回來的，泡起來很香。	This tin of tea was brought back from Alishan by a friend and smells lovely brewed.
7690	警	他向警察報案。	He reported it to the police.
7691	警	路邊的標語警告大家，前方道路施工，請小心駕駛。	The roadside sign warns everyone of road construction ahead; drive carefully.
7692	過得	你最近過得好嗎？	How have you been lately?
7693	過得	我在國外過得很好，你不用擔心。	I'm doing well abroad; no need to worry.
7694	電氣	這是電氣設備。	This is electrical equipment.
7695	電氣	電氣設備老舊可能引發火災，所以要定期檢查。	Old electrical equipment may cause fires, so check it regularly.
7696	黑幫	黑幫分子被抓了。	The gang members were arrested.
7697	黑幫	這部電影描寫黑幫之間的鬥爭，場面緊張刺激。	This movie depicts struggles between gangs, with tense and exciting scenes.
7698	室內設計	她學室內設計。	She studies interior design.
7699	室內設計	好的室內設計，能讓小房子看起來更寬敞。	Good interior design can make a small home look more spacious.
7700	滷肉飯	我午餐吃了一碗滷肉飯。	I had a bowl of braised pork rice for lunch.
7701	滷肉飯	台灣各地的滷肉飯味道不同，北部和南部的做法差很多。	Braised pork rice tastes different across Taiwan, and northern and southern versions differ a lot.
7702	跌倒	他在雨中跌倒了。	He fell in the rain.
7703	跌倒	老人家跌倒很危險，所以浴室最好放防滑墊。	Falls are dangerous for the elderly, so it's best to put non-slip mats in the bathroom.
7704	臺北	他在臺北工作。	He works in Taipei.
7705	臺北	從臺北到台中，搭高鐵大約一個小時。	From Taipei to Taichung, the high-speed rail takes about an hour.
7706	你	你吃飽了嗎？	Are you full?
7707	你	你下班後有空的話，要不要一起去運動？	If you're free after work, do you want to work out together?
7708	又	他又遲到了。	He's late again.
7709	又	這家店又好吃又便宜，難怪每天都客滿。	This place is both tasty and cheap, no wonder it's full every day.
7710	時候	你什麼時候下班？	When do you get off work?
7711	時候	小時候，我常常跟阿嬤去市場買菜。	When I was little, I often went to the market with Grandma.
7712	不要	不要在這裡抽菸。	Don't smoke here.
7713	不要	不要一直滑手機，眼睛會壞掉喔。	Don't keep scrolling on your phone, you'll ruin your eyes.
7714	因	因下雨，比賽延期了。	Because of rain, the match was postponed.
7715	因	本次活動因人數不足而取消，敬請見諒。	This event is cancelled due to insufficient sign-ups. We apologize.
7716	那些	那些書是誰的？	Whose are those books?
7717	那些	那些以前的同學，我們已經很多年沒聯絡了。	Those old classmates, we haven't been in touch for many years.
7718	民主	台灣是民主國家。	Taiwan is a democracy.
7719	民主	民主制度讓每個人都有投票的權利。	A democratic system gives everyone the right to vote.
7720	利用	我利用午休時間背單字。	I use my lunch break to memorize vocabulary.
7721	利用	很多上班族會利用通勤時間聽廣播節目。	Many office workers use their commute to listen to radio shows.
7722	比賽	明天有一場籃球比賽。	There's a basketball game tomorrow.
7723	比賽	這次作文比賽有一百多個同學報名參加。	Over a hundred students signed up for this essay contest.
7724	全部	作業我全部寫完了。	I've finished all of my homework.
7725	全部	這些衣服全部都打七折，只到今天為止。	All of these clothes are 30% off, today only.
7726	理論	這只是理論，實際做起來很難。	That's just theory. In practice it's hard.
7727	理論	這個理論聽起來有道理，但還需要更多實驗來證明。	This theory sounds reasonable, but more experiments are needed to prove it.
7728	內部	這棟大樓的內部很新。	The inside of this building is very new.
7729	內部	這是公司的內部資料，請不要外傳。	This is internal company information. Please don't share it outside.
7730	拉	用力拉門才打得開。	You have to pull the door hard to open it.
7731	拉	他在公園裡拉小提琴，路人都停下來聽。	He played the violin in the park, and passersby stopped to listen.
7732	絕對	這絕對是個好機會。	This is absolutely a great opportunity.
7733	絕對	你放心，我絕對不會把這個祕密說出去。	Don't worry, I will never tell anyone this secret.
7734	黑	天黑了，我們回家吧。	It's getting dark. Let's go home.
7735	黑	我今天穿一件黑色的外套，配白色的鞋子。	I'm wearing a black jacket today with white shoes.
7736	城	這座城很古老。	This town is very old.
7737	城	我們沿著古城的城牆慢慢走，邊走邊拍照。	We walked slowly along the old city wall, taking photos as we went.
7738	現實	現實有時很殘酷。	Reality can be harsh sometimes.
7739	現實	夢想很美好，但現實是房租和生活費都要錢。	Dreams are lovely, but in reality rent and living costs take money.
7740	鎮	這個小鎮很安靜。	This little town is very quiet.
7741	鎮	鎮上只有一條老街，假日卻擠滿了觀光客。	The town has only one old street, but it's packed with tourists on holidays.
7742	出口	請從左邊的出口出去。	Please exit through the exit on the left.
7743	出口	台灣出口很多電子產品到世界各地。	Taiwan exports lots of electronic products around the world.
7744	師	他是我的鋼琴老師。	He's my piano teacher.
7745	師	醫師、律師和會計師都是需要考照的專業工作。	Doctors, lawyers and accountants are all professions that require a license exam.
7746	案	警方正在調查這個案子。	The police are investigating this case.
7747	案	這份提案已經送交董事會，下週會有結果。	This proposal has been submitted to the board, and results will come next week.
7748	英雄	他是我心中的英雄。	He's my hero.
7749	英雄	消防員衝進火場救出小孩，被大家稱為英雄。	The firefighter rushed into the fire and saved a child, and everyone called him a hero.
7750	電	手機沒電了。	The phone is out of battery.
7751	電	昨晚颱風來襲，停電了整整三個小時。	The typhoon struck last night and the power was out for a full three hours.
7752	品牌	這個品牌很有名。	This brand is very famous.
7753	品牌	很多年輕人偏愛本土設計師創立的服飾品牌。	Many young people prefer clothing brands founded by local designers.
7754	心裡	我心裡有點緊張。	I'm feeling a little nervous inside.
7755	心裡	她嘴上沒說什麼，心裡卻一直在想那件事。	She said nothing, but she kept thinking about it in her heart.
7756	測試	明天有英文測試。	There's an English test tomorrow.
7757	測試	新軟體上線前，工程師會做很多次測試。	Before new software goes live, engineers run many tests.
7758	議員	議員在會議上發言。	The councilor spoke at the meeting.
7759	議員	市議員到社區參加座談會，聽居民談對交通的意見。	The city councilor attended a community forum to hear residents' views on traffic.
7760	令人	這個消息令人難過。	This news is saddening.
7761	令人	她的演講令人印象深刻，台下掌聲不斷。	Her speech was impressive, and applause kept coming from the audience.
7762	地點	開會的地點在哪？	Where is the meeting held?
7763	地點	婚禮的時間和地點已經確定，請大家預留時間。	The wedding's time and place have been set. Please save the date.
7764	意	我不太同意你的意見。	I don't quite agree with your opinion.
7765	意	他送我這份禮物是一番好意，我當然要收下。	He gave me this gift out of goodwill, so of course I'll accept it.
7766	治理	政府正努力治理空氣汙染。	The government is working hard to control air pollution.
7767	治理	河川治理需要長期的規劃，還要居民配合不亂丟垃圾。	River management needs long-term planning, and residents must cooperate by not littering.
7768	總部	公司總部在台北。	The company's headquarters is in Taipei.
7769	總部	這家連鎖咖啡店的總部設在高雄，全台有兩百間分店。	This coffee chain is headquartered in Kaohsiung, with two hundred branches islandwide.
7770	轉變	他的態度轉變了。	His attitude has changed.
7771	轉變	疫情之後，許多公司的工作方式有了很大的轉變。	After the pandemic, many companies' ways of working changed greatly.
7772	人為	這次火災是人為的。	This fire was man-made.
7773	人為	調查結果顯示，這次意外並非天災，而是人為疏失。	The investigation showed the accident wasn't a natural disaster but human error.
7774	噸	這輛卡車載了三噸貨物。	This truck carries three tons of cargo.
7775	噸	港口每天都有幾千噸的貨物進出，工人非常忙碌。	Thousands of tons of cargo pass through the port daily, keeping workers busy.
7776	憑	憑票入場。	Admission with a ticket.
7777	憑	憑這張優惠券，你可以免費升級一杯飲料的尺寸。	With this coupon, you can upgrade a drink size for free.
7778	消滅	我們要消滅蚊子。	We want to wipe out mosquitoes.
7779	消滅	為了消滅蟑螂，我們請專業人員來家裡噴藥。	To get rid of the cockroaches, we asked professionals to spray at our home.
7780	職	她在公司擔任要職。	She holds an important position in the company.
7781	職	他因為身體不好，決定辭職回老家休養。	Due to poor health, he decided to resign and rest in his hometown.
7782	造	工廠在造新的機器。	The factory is building new machines.
7783	造	這間工廠專門製造自行車零件，產品銷售到世界各地。	This factory makes bicycle parts and sells them worldwide.
7784	人性	這是人性的弱點。	This is a weakness of human nature.
7785	人性	好的電影不只是特效，更要寫出人性的複雜。	A good film isn't just effects. It has to show the complexity of human nature.
7786	劉	我同事姓劉。	My coworker's surname is Liu.
7787	劉	那位姓劉的老師教我們數學，大家都很喜歡他。	The teacher surnamed Liu teaches us math and everyone likes him.
7788	大批	有大批遊客湧進來。	A large number of tourists poured in.
7789	大批	新貨剛到，大批商品正在整理，請稍等一下。	New stock just arrived and large batches are being sorted. Please wait a moment.
7790	形態	水有三種形態。	Water has three forms.
7791	形態	雲的形態不同，代表天氣可能會有不同的變化。	Different cloud shapes can signal different weather changes.
7792	教會	姐姐教會我煮飯。	My sister taught me how to cook.
7793	教會	他花了一個下午，耐心教會爺爺怎麼用手機傳訊息。	He spent an afternoon patiently teaching Grandpa how to send messages on his phone.
7794	無關	這跟你無關。	This has nothing to do with you.
7795	無關	這次爭執與錢無關，而是我們對事情的看法不同。	This quarrel has nothing to do with money, but with our different views.
7796	線路	這條公車線路很方便。	This bus route is very convenient.
7797	線路	電工說房子的線路太舊，必須全部換新才安全。	The electrician said the wiring in the house is too old and has to be replaced for safety.
7798	負擔	這筆費用我可以負擔。	I can afford this expense.
7799	負擔	房貸的負擔很重，所以他每個月都要省吃儉用。	The mortgage burden is heavy, so he has to live frugally every month.
7800	難民	難民需要幫助。	Refugees need help.
7801	難民	許多難民離開家園，來到鄰近的國家尋求安全。	Many refugees left their homes and came to neighboring countries seeking safety.
7802	兵	他在當兵。	He's serving in the military.
7803	兵	台灣的男生滿十八歲後要當兵，有些人會利用空檔學習新技能。	Taiwanese men must serve in the military after eighteen, and some use spare time to learn new skills.
7804	塞	別把這麼多東西塞進包包。	Don't stuff so many things into the bag.
7805	塞	下班時間路上塞車，原本半小時的路走了快一個半小時。	Traffic was jammed at rush hour, and a half-hour trip took nearly an hour and a half.
7806	恩	我永遠記得你的恩情。	I'll always remember your kindness.
7807	恩	感恩節那天，我們全家一起吃了一頓豐盛的晚餐。	On Thanksgiving, our whole family had a hearty dinner together.
7808	望	我望著窗外的雨。	I gaze out the window at the rain.
7809	望	媽媽望子成龍，所以把所有的期望都放在哥哥身上。	Mom hoped her son would excel and put all her hopes on my brother.
7810	玩具	弟弟有很多玩具。	My little brother has lots of toys.
7811	玩具	生日那天，姑姑送了我一組積木玩具，我玩了一整天。	On my birthday Aunt gave me a set of building-block toys, and I played all day.
7812	結局	這部電影的結局很感人。	This film's ending is very moving.
7813	結局	大家都希望這個故事能有一個圓滿的結局。	Everyone hopes this story will have a happy ending.
7814	護士	護士幫我量血壓。	The nurse took my blood pressure.
7815	護士	護士小心地替病人換藥，還親切地問他覺得好一點了沒。	The nurse carefully changed the patient's dressing and kindly asked if he felt better.
7816	面向	這個問題有很多面向。	This issue has many aspects.
7817	面向	看事情要從不同的面向思考，才不會被單一的觀點限制。	See things from different angles so you're not limited by a single viewpoint.
7818	保衛	士兵保衛國家。	Soldiers defend the nation.
7819	保衛	居民團結起來，保衛自己的家園不被破壞。	Residents united to protect their homeland from being destroyed.
7820	口味	我喜歡清淡的口味。	I like mild flavors.
7821	口味	每個人的口味不同，有人愛吃辣，有人只吃甜的。	Everyone's tastes differ: some love spicy, others only eat sweet.
7822	天地	這裡別有天地。	This place is a world of its own.
7823	天地	旅行讓我看見更廣闊的天地，也讓我更了解自己。	Traveling shows me a broader world and helps me understand myself better.
7824	弱	這個隊伍的實力比較弱。	This team is relatively weak.
7825	弱	她從小身體就弱，一換季節就容易感冒。	She's been frail since she was little and catches colds whenever the seasons change.
7826	擦	請擦桌子。	Please wipe the table.
7827	擦	出門前記得擦防曬乳，不然皮膚會曬傷。	Remember to put on sunscreen before going out, or your skin will get sunburned.
7828	欠	我欠你一頓飯。	I owe you a meal.
7829	欠	他欠了朋友一筆錢，一直沒辦法還清。	He owes a friend some money and has never been able to repay it.
7830	燃料	汽車需要燃料。	Cars need fuel.
7831	燃料	燃料價格上漲，使得運輸成本跟著增加。	Fuel prices rose, raising transportation costs as well.
7832	砍	他用斧頭砍樹。	He chops trees with an axe.
7833	砍	為了蓋新房子，工人們砍掉了後院那幾棵老樹。	To build a new house, workers cut down the old trees in the backyard.
7834	考驗	這是一個考驗。	This is a test.
7835	考驗	颱風的考驗讓我們發現，社區的排水系統需要大幅改善。	The typhoon put us to the test, showing the neighborhood's drainage system needs major improvement.
7836	譯	這本書翻譯得很好。	This book is well translated.
7837	譯	她把一篇中文新聞譯成英文，再請朋友幫忙檢查。	She translated a Chinese news article into English and asked a friend to check it.
7838	錯過	我錯過了末班車。	I missed the last bus.
7839	錯過	別錯過這個機會，下次不知道什麼時候才會再有。	Don't miss this opportunity. Who knows when the next one will come.
7840	魅力	她很有魅力。	She is very charming.
7841	魅力	這座小城靠著獨特的老街魅力，吸引了大批觀光客。	This small town draws many tourists with the charm of its unique old street.
7842	健全	制度要健全。	The system should be sound.
7843	健全	公司的福利制度越健全，員工越願意長期留下來。	The more sound a company's benefits system is, the more willing employees are to stay long-term.
7844	參議員	參議員發表了演說。	The senator gave a speech.
7845	參議員	美國的參議員由各州選出，任期六年。	US senators are elected by each state to six-year terms.
7846	失誤	這是我的失誤。	This was my mistake.
7847	失誤	裁判出現失誤，讓比賽結果引起很多爭議。	The referee's error caused much controversy over the match result.
7848	平靜	湖面很平靜。	The lake surface is calm.
7849	平靜	經過一段時間，她的心情才慢慢平靜下來。	After some time, her mood gradually calmed down.
7850	提取	我去銀行提取現金。	I'm going to the bank to withdraw cash.
7851	提取	旅客可到服務台提取寄放的行李，請出示領取單。	Travelers can collect stored luggage at the service desk with the claim slip.
7852	森	這裡的樹林很森嚴。	The woods here are quite forbidding.
7853	森	深夜的老宅看起來陰森森的，我們都不敢進去。	The old house at midnight looked eerie, and none of us dared go in.
7854	營造	她想營造溫馨的氣氛。	She wants to create a warm atmosphere.
7855	營造	餐廳用暖黃的燈光和輕音樂，營造出悠閒舒適的用餐環境。	The restaurant uses warm yellow lights and soft music to create a relaxed dining environment.
7856	筆記	我上課都會做筆記。	I take notes in class.
7857	筆記	考試前一天，同學借我筆記，我熬夜把重點都看完。	The day before the exam, a classmate lent me notes, and I stayed up to go over the key points.
7858	舒適	這張椅子很舒適。	This chair is comfortable.
7859	舒適	飯店的房間乾淨又舒適，我們住得很滿意。	The hotel room was clean and comfortable, and we were very satisfied.
7860	逝世	老先生昨天逝世了。	The old gentleman passed away yesterday.
7861	逝世	這位知名作家於今晨逝世，享年八十五歲。	This well-known writer passed away this morning at the age of eighty-five.
7862	首位	他排在第一，是首位。	He's at the top, in first place.
7863	首位	她是公司歷史上首位女性總經理，獲得了許多肯定。	She is the first female CEO in the company's history and has earned much recognition.
7864	人民法院	案件交給人民法院審理。	The case was handed to the people's court for trial.
7865	人民法院	大陸的人民法院依法處理各種民事和刑事案件。	Courts in mainland China handle civil and criminal cases according to law.
7866	分解	水可以分解成氫和氧。	Water can be broken down into hydrogen and oxygen.
7867	分解	老師把困難的題目分解成幾個小步驟，讓我們比較好懂。	The teacher broke the hard problem into small steps so we could understand it better.
7868	右派	他是右派的代表。	He is a representative of the right wing.
7869	右派	報紙分析說，這項政策受到右派政黨的支持，左派則反對。	The newspaper analyzed that right-wing parties back this policy while the left opposes it.
7870	太子	太子是皇位的繼承人。	The crown prince is the heir to the throne.
7871	太子	故事裡的太子為了拯救人民，離開宮殿到遠方冒險。	The crown prince in the story left the palace to adventure far away to save his people.
7872	巨人	故事裡有一個巨人。	There's a giant in the story.
7873	巨人	傳說中的巨人一步就能跨過一座山，嚇得村民們都躲了起來。	The legendary giant could cross a mountain in one step, scaring villagers into hiding.
7874	手工	這是手工餅乾。	These are handmade cookies.
7875	手工	這家店賣的手工皂用天然材料製成，味道很淡雅。	The handmade soap sold here is made from natural ingredients and has a subtle scent.
7876	救助	志工救助流浪狗。	Volunteers help stray dogs.
7877	救助	政府提供急難救助金，協助遭遇意外的家庭度過難關。	The government offers emergency relief funds to help families through accidents.
7878	樣本	請提供樣本。	Please provide a sample.
7879	樣本	問卷調查的樣本越多，結果就越有參考價值。	The more samples in a survey, the more valuable the results are.
7880	滲透	雨水滲透了牆壁。	Rainwater seeped through the wall.
7881	滲透	潮濕的空氣滲透進整間屋子，連衣服都有一股霉味。	The damp air permeated the whole house, and even clothes smelled musty.
7882	瘦	他最近瘦了很多。	He has lost a lot of weight lately.
7883	瘦	這件褲子穿起來有點瘦，我想換大一號的。	These pants are a bit tight, so I want a bigger size.
7884	總監	他是公司的設計總監。	He is the company's design director.
7885	總監	廣告公司的創意總監負責審核每一支廣告，確保品質。	The ad agency's creative director reviews each ad to ensure quality.
7886	製品	這是塑膠製品。	This is a plastic product.
7887	製品	乳製品要放冰箱保存，不然很容易壞掉。	Dairy products must be refrigerated or they spoil easily.
7888	路邊	路邊有一家小店。	There's a small shop by the roadside.
7889	路邊	路邊的攤販在賣烤地瓜，香味讓人忍不住停下腳步。	A roadside vendor sells roasted sweet potatoes, and the aroma stops people in their tracks.
7890	長官	長官，報告完畢。	Sir, report completed.
7891	長官	新兵向長官敬禮，大聲回答「是」。	The recruits saluted the officer and loudly answered "yes."
7892	高溫	今天高溫三十七度。	Today's high is thirty-seven degrees.
7893	高溫	高溫天氣持續好幾天，政府呼籲民眾多喝水，避免中暑。	The hot weather lasted several days, and the government urged people to drink water and avoid heatstroke.
7894	來源於	這個故事來源於民間傳說。	This story originates from folk legends.
7895	來源於	許多台灣小吃的靈感來源於早期的移民生活。	Many Taiwanese snacks have origins in the lives of early immigrants.
7896	初次	初次見面，請多指教。	Nice to meet you for the first time.
7897	初次	初次搭飛機的小朋友既興奮又緊張，一直東張西望。	The child flying for the first time was both excited and nervous, looking around constantly.
7898	售價	這件衣服的售價是五百元。	This clothing item sells for five hundred dollars.
7899	售價	新手機的售價比去年貴了兩成，很多人都在觀望。	The new phone's price is 20% higher than last year, and many are waiting and seeing.
7900	妹	我有一個妹妹。	I have a younger sister.
7901	妹	姊妹倆長得很像，常常被人誤認成雙胞胎。	The two sisters look so alike that they're often mistaken for twins.
7902	幅度	氣溫下降的幅度很大。	The temperature fell by a large margin.
7903	幅度	政府宣布明年薪資將調升，幅度大約百分之三。	The government announced wages will rise next year by about three percent.
7904	手錶	我戴了一支手錶。	I wear a watch.
7905	手錶	爸爸送我一支機械手錶當作畢業禮物，我每天都戴著。	Dad gave me a mechanical watch as a graduation gift, and I wear it every day.
7906	日誌	我每天寫日誌。	I write a journal every day.
7907	日誌	工程師查看系統日誌，發現了錯誤發生的原因。	The engineer checked the system log and found the cause of the error.
7908	毆打	他毆打了別人。	He beat someone up.
7909	毆打	新聞報導一名男子在路邊毆打店員，警方已介入調查。	News reported a man beating a clerk on the roadside, and police have begun investigating.
7910	熱心	她是個熱心的人。	She is a warm-hearted person.
7911	熱心	社區裡有一位熱心的阿姨，常常幫忙照顧鄰居的小孩。	A kind auntie in the neighborhood often helps look after neighbors' children.
7912	禁令	政府發布了禁令。	The government issued a ban.
7913	禁令	新的禁令規定，餐廳內不得提供免洗塑膠餐具。	The new ban stipulates that restaurants may not provide disposable plastic tableware.
7914	膜	傷口上要貼一層膜。	A film must be put over the wound.
7915	膜	為了保護手機螢幕，我買了一張保護膜貼上去。	To protect my phone screen, I bought a screen protector and stuck it on.
7916	語氣	他的語氣很溫和。	His tone is mild.
7917	語氣	用比較客氣的語氣說話，對方比較容易接受你的意見。	Speaking in a more polite tone makes the other person more receptive to your opinion.
7918	遺忘	時間會讓人遺忘悲傷。	Time makes people forget sorrow.
7919	遺忘	那個小村莊彷彿被世界遺忘，生活步調慢得像是時光停滯。	That small village seems forgotten by the world, with a pace so slow time seems to have stopped.
7920	霍	他霍地站了起來。	He suddenly stood up.
7921	霍	聽到好消息，他霍然起身，開心地跳了起來。	Hearing the good news, he sprang to his feet and jumped for joy.
7922	不便	這樣做有點不便，換個方法吧。	That's a bit inconvenient, so let's try another way.
7923	不便	施工期間造成的不便，敬請見諒。	We apologize for the inconvenience caused during construction.
7924	侵權	這是侵權行為。	This is an infringement.
7925	侵權	未經許可使用別人的圖片屬於侵權，可能會被罰款。	Using others' images without permission is infringement and may incur a fine.
7926	公關	她在公司負責公關。	She handles public relations at the company.
7927	公關	發生危機時，公關部門要立刻發表聲明，回應外界的疑問。	In a crisis, the PR department must issue a statement right away to respond to outside questions.
7928	反射	鏡子會反射光線。	Mirrors reflect light.
7929	反射	陽光在水面上反射出一片金光，閃閃發亮，美得像畫一樣。	Sunlight reflects off the water in golden glimmers, beautiful as a painting.
7930	國情	每個國家的國情不同。	Every country's circumstances differ.
7931	國情	政策要符合國情，不能完全照搬別國的做法。	Policies should suit the national situation, not copy other countries wholesale.
7932	奔馳	火車在鐵軌上奔馳。	The train speeds along the tracks.
7933	奔馳	駿馬在草原上奔馳，揚起了一陣塵土。	The steed galloped across the grassland, kicking up dust.
7934	尋	我在尋找工作。	I'm looking for a job.
7935	尋	為了尋回走失的小狗，她在附近貼了好多尋狗啟事。	To find her lost puppy, she put up many missing-dog notices nearby.
7936	復習	考試前要好好復習。	Review well before exams.
7937	復習	我習慣把上課的內容當天復習一遍，這樣記得比較牢。	I review the day's lessons the same day, which helps me remember better.
7938	拉丁	他在學拉丁文。	He is learning Latin.
7939	拉丁	醫學名詞大多來自拉丁文，所以學醫的人也得學一點拉丁語。	Most medical terms come from Latin, so medical students also learn some Latin.
7940	收養	他們收養了一隻狗。	They adopted a dog.
7941	收養	這對夫妻收養了一個孩子，把他當親生的一樣疼愛。	The couple adopted a child and love him as their own.
7942	村里	這是一個小村里。	This is a small village.
7943	村里	村里的老人常聚在廟前下棋聊天，氣氛很輕鬆。	The village elders gather in front of the temple to play chess and chat in a relaxed way.
7944	水電	水電費這個月比較貴。	This month's water and electricity bill is higher.
7945	水電	新房子裝潢前，要先找水電師傅檢查管線有沒有問題。	Before renovating a new house, get a plumber and electrician to check the pipes and wiring.
7946	燦爛	陽光很燦爛。	The sunshine is brilliant.
7947	燦爛	她的笑容像春天的花朵一樣燦爛，讓周圍的人都感到開心。	Her smile is as radiant as spring flowers, cheering everyone around.
7948	相片	牆上掛著家人的相片。	Family photos hang on the wall.
7949	相片	阿嬤把年輕時的相片放在小木盒裡，常常拿出來看。	Grandma keeps photos from her youth in a small wooden box and often looks at them.
7950	紀委	大陸的紀委正在調查。	The discipline commission in mainland China is investigating.
7951	紀委	新聞報導，中央紀委今天通報了一起違紀案件的處理結果。	News reported that the central discipline commission announced the result of a disciplinary case today.
7952	膚色	每個人的膚色不同。	Everyone has a different skin color.
7953	膚色	不論膚色或國籍，我們都應該尊重彼此，友善相處。	Regardless of skin color or nationality, we should respect each other and get along kindly.
7954	解脫	終於考完試，我覺得好解脫。	I finally finished my exams and feel so relieved.
7955	解脫	長期照顧病人的家屬，常常在病人過世後同時感到悲傷與解脫。	Families who care long-term for patients often feel both grief and relief after they pass.
7956	軍艦	軍艦停靠在港口。	The warship is docked in the harbor.
7957	軍艦	海軍的軍艦正在演習，岸邊有許多民眾圍觀拍照。	The navy's warships were on exercise, with many people watching and taking photos from shore.
7958	闖	不要闖紅燈。	Don't run red lights.
7959	闖	年輕人到大城市闖一闖，累積經驗，將來才有更多選擇。	Young people try their luck in big cities to gain experience and have more options later.
7960	饒	媽媽饒了我這一次。	Mom let me off this once.
7961	饒	做小生意的老闆看我是熟客，買二送一還饒了我一袋小菜。	The small business owner saw I'm a regular, and threw in a bag of side dishes with a buy-two-get-one deal.
7962	台灣	我在台灣長大。	I grew up in Taiwan.
7963	台灣	台灣四面環海，有很多新鮮的海產和美味的小吃。	Taiwan is surrounded by sea and has plenty of fresh seafood and delicious snacks.
7964	早知道	早知道我就不來了。	If I had known, I wouldn't have come.
7965	早知道	早知道會塞車，我就搭捷運了，現在可能已經到了。	If I had known there'd be traffic, I'd have taken the MRT and might already be there.
7966	腰帶	這條腰帶是皮做的。	This belt is made of leather.
7967	腰帶	褲子太鬆了，我繫了一條腰帶，才不會一直往下掉。	The pants were too loose, so I wore a belt so they won't keep slipping.
7968	瞭解	我瞭解你的意思。	I understand what you mean.
7969	瞭解	多瞭解一個地方的文化，旅行起來就更有意思。	The more you understand a place's culture, the more interesting traveling there is.
7970	拉麵	我最愛吃拉麵。	I love ramen the most.
7971	拉麵	日本拉麵的湯頭很濃，我每次都會加點一份叉燒。	Japanese ramen broth is rich, and I always order extra chashu.
7972	併	請把這兩張表併起來。	Please combine these two tables.
7973	併	兩間分店決定併成一間,以節省房租。	The two branches decided to merge into one to save on rent.
7974	最	這是我最愛的歌。	This is my favorite song.
7975	最	他是我們班上最會唱歌的人。	He's the best singer in our class.
7976	應該	你應該早點睡。	You should go to bed earlier.
7977	應該	他說五點會到,現在應該快到了吧。	He said he'd arrive at five, so he should be almost here by now.
7978	萬	這支手機要兩萬元。	This phone costs twenty thousand dollars.
7979	萬	這場演唱會吸引了超過三萬名歌迷到場。	The concert drew more than thirty thousand fans.
7980	歲	我弟今年十歲。	My little brother is ten this year.
7981	歲	我奶奶今年八十歲了,每天早上還去公園運動。	My grandma is eighty this year and still exercises in the park every morning.
7982	報告	我要交報告了。	I'm about to hand in my report.
7983	報告	老闆要我下週一前把這份報告整理好。	The boss wants me to get this report in order before next Monday.
7984	達	他達到了目標。	He reached his goal.
7985	達	參加活動的人數達到五百人,主辦單位非常滿意。	The turnout reached five hundred people, and the organizers were very pleased.
7986	小時	我睡了八個小時。	I slept for eight hours.
7987	小時	從台北搭高鐵到高雄,大約只要一個半小時。	Taking the high-speed rail from Taipei to Kaohsiung takes only about an hour and a half.
7988	路	前面的路很窄。	The road ahead is narrow.
7989	路	我不太認得路,所以一直靠手機導航。	I don't know the way well, so I keep relying on my phone's navigation.
7990	德國	他在德國念書。	He studies in Germany.
7991	德國	我哥哥最近買了一台德國製的咖啡機。	My older brother recently bought a German-made coffee machine.
7992	那裡	那裡有一間書店。	There's a bookstore over there.
7993	那裡	聽說那裡的夜景很漂亮,我們週末過去看看吧。	I heard the night view there is beautiful; let's go check it out this weekend.
7994	字	這個字怎麼念?	How do you pronounce this character?
7995	字	我的字寫得不好看,所以每天都練習寫一頁。	My handwriting isn't pretty, so I practice a page every day.
7996	減少	我想減少吃糖。	I want to cut down on sugar.
7997	減少	公司決定減少加班,讓員工有更多時間陪家人。	The company decided to reduce overtime so employees have more time with family.
7998	軍事	他喜歡看軍事新聞。	He likes watching military news.
7999	軍事	這座博物館展出了許多軍事歷史的照片和文物。	This museum displays many photos and artifacts of military history.
8000	再次	謝謝你再次幫忙。	Thanks for helping again.
8001	再次	這部電影太好看了,我打算再次買票進去看一遍。	This movie is so good that I plan to buy a ticket and watch it once more.
8002	政權	政權和平轉移了。	Power was transferred peacefully.
8003	政權	新聞報導,那個國家的政權在一夜之間垮台了。	The news reported that the country's regime collapsed overnight.
8004	設立	學校設立了獎學金。	The school set up a scholarship.
8005	設立	為了照顧長輩,社區今年在公園旁設立了日間關懷據點。	To look after seniors, the neighborhood set up a day-care center by the park this year.
8006	云	古人云:有備無患。	As the ancients said, being prepared prevents trouble.
8007	云	做事要有自己的想法,不要只是人云亦云。	Have your own ideas and don't just parrot what others say.
8008	團隊	我們是一個團隊。	We are a team.
8009	團隊	這個專案能完成,要感謝整個團隊這幾個月的努力。	We owe the completion of this project to the whole team's effort these months.
8010	擔任	他擔任班長。	He serves as class president.
8011	擔任	她從去年開始擔任公司的行銷主管,工作很忙。	She became the company's marketing manager last year and is very busy.
8012	皆	他們兩人皆是醫生。	Both of them are doctors.
8013	皆	凡本校學生,皆可免費借用圖書館的討論室。	All students of this school may borrow the library discussion rooms for free.
8014	路線	這條路線比較近。	This route is shorter.
8015	路線	我研究了好幾條登山路線,最後選了最輕鬆的那一條。	I looked at several hiking routes and chose the easiest one.
8016	依然	他依然很開心。	He is still happy.
8017	依然	過了這麼多年,那家老店的味道依然沒變。	After so many years, that old shop tastes just the same.
8018	導演	他想當導演。	He wants to be a director.
8019	導演	這位導演的新電影預計下個月上映。	This director's new film is due out next month.
8020	故	他無故缺席了。	He was absent without reason.
8021	故	由於天候不佳,故本次活動順延一週,敬請見諒。	Due to bad weather, this event is postponed a week; we apologize for the inconvenience.
8022	競爭	市場競爭很激烈。	Market competition is fierce.
8023	競爭	這兩家手搖飲料店在同一條街上競爭,都推出買一送一。	These two bubble tea shops compete on the same street, both offering buy-one-get-one-free.
8024	丈夫	她的丈夫是醫生。	Her husband is a doctor.
8025	丈夫	我同事的丈夫常常幫忙接小孩放學,所以她可以安心加班。	My coworker's husband often picks up the kids from school, so she can work overtime at ease.
8026	可怕	這部電影好可怕。	This movie is so scary.
8027	可怕	昨晚的雷聲太可怕了,連家裡的狗都躲到床底下。	The thunder last night was so frightening that even our dog hid under the bed.
8028	左	請向左轉。	Please turn left.
8029	左	郵局就在前面的紅綠燈左邊,過馬路就看得到。	The post office is on the left of the traffic light ahead; you'll see it once you cross.
8030	替	我替你拿。	I'll carry it for you.
8031	替	他生病了,我今天要替他上班。	He's sick, so I have to cover his shift today.
8032	破	杯子破了。	The cup broke.
8033	破	他的球鞋穿到都破了,還捨不得丟掉。	His sneakers are worn through, yet he can't bear to throw them away.
8034	試驗	他們在做試驗。	They're running an experiment.
8035	試驗	這種新藥還在試驗階段,預計明年才會上市。	This new drug is still in trials and will come out next year.
8036	黨員	他是這個政黨的黨員。	He is a member of this party.
8037	黨員	黨員大會今天投票,選出新的黨主席。	The party congress voted today to elect a new chairperson.
8038	十	我有十本書。	I have ten books.
8039	十	十月的台灣天氣很舒服,很適合去爬山。	Taiwan's weather in October is pleasant, great for hiking.
8040	屁股	我的屁股好痛。	My butt really hurts.
8041	屁股	他滑倒時屁股先著地,痛得半天站不起來。	He fell on his butt and was in too much pain to stand for a while.
8042	朝	清朝是最後一個朝代。	The Qing was the last dynasty.
8043	朝	她朝我揮揮手,然後轉身走進了校門。	She waved at me, then turned and walked through the school gate.
8044	相似	我們的想法很相似。	Our ideas are very similar.
8045	相似	這兩家店的菜單很相似,連價錢都差不多。	The menus at these two shops are similar, even the prices.
8046	試	我想試試看。	I want to give it a try.
8047	試	這件衣服可以試穿嗎?我想去更衣室試一下。	Can I try this on? I'd like to go to the fitting room.
8048	一同	我們一同出發。	We set out together.
8049	一同	明天請各位同仁一同到會議室,聽聽新計畫的說明。	Tomorrow, please join together in the meeting room to hear about the new plan.
8050	共享	室友共享一台洗衣機。	The roommates share one washing machine.
8051	共享	現在很多人用共享的方式租車,不再自己買車。	Many people now rent cars through sharing services instead of buying their own.
8052	商	我們去商場逛逛。	Let's browse the shopping mall.
8053	商	這項產品是由台灣廠商研發的,下個月在各大商場開賣。	This product was developed by a Taiwanese manufacturer and goes on sale in major stores next month.
8054	局長	局長正在開會。	The bureau chief is in a meeting.
8055	局長	衛生局長呼籲民眾,天氣變冷後要多注意保暖。	The health bureau chief urged the public to keep warm as the weather turns cold.
8056	抗日	我們看了一部抗日電影。	We watched an anti-Japanese war movie.
8057	抗日	這座紀念館介紹了抗日戰爭時期許多人的故事。	This memorial hall tells the stories of many people during the War of Resistance against Japan.
8058	檢測	他去醫院做檢測。	He went to the hospital for a test.
8059	檢測	這家工廠每天都要檢測水質,確保符合環保標準。	This factory tests its water quality daily to ensure it meets environmental standards.
8060	眾	眾人都笑了。	Everyone laughed.
8061	眾	這位老師深受眾多學生的喜愛。	This teacher is loved by many students.
8062	藍	天空好藍。	The sky is so blue.
8063	藍	我最喜歡那件深藍色的外套,穿起來很好搭配。	I like that dark blue jacket most; it's easy to match.
8064	進展	工作有進展了。	The work has made progress.
8065	進展	專案這個星期有了很大的進展,下週就可以交給客戶。	The project made great progress this week and can be delivered to the client next week.
8066	一道	我們一道去吧。	Let's go together.
8067	一道	下班後,同事們約好一道去吃火鍋。	After work, the coworkers agreed to go have hot pot together.
8068	初中	我爸爸初中畢業後就開始工作了。	My dad started working after finishing junior high.
8069	大膽	你好大膽!	You're so bold!
8070	大膽	她很大膽,第一次出國就自己一個人去背包旅行。	She's bold; on her first trip abroad she went backpacking alone.
8071	悲劇	這是一場悲劇。	This is a tragedy.
8072	悲劇	這齣悲劇的結局讓全場的觀眾都哭了。	The ending of this tragedy made the entire audience cry.
8073	期望	我對你有很高的期望。	I have high expectations of you.
8074	期望	父母的期望有時候會變成孩子的壓力。	Parents' expectations sometimes become pressure for the child.
8075	玻璃	玻璃杯破了。	The glass cup broke.
8076	玻璃	不小心打破了窗戶的玻璃,我趕快向房東道歉。	I accidentally broke the window glass and quickly apologized to the landlord.
8077	絕不	我絕不放棄。	I will never give up.
8078	絕不	他保證絕不再遲到,所以老闆才原諒他。	He promised never to be late again, so the boss forgave him.
8079	變態	蝌蚪會變態成青蛙。	Tadpoles metamorphose into frogs.
8080	變態	有個變態一直跟蹤她,她嚇得立刻報警。	A pervert kept following her, and she was so scared she called the police right away.
8081	響	手機響了。	The phone rang.
8082	響	半夜鬧鐘突然響了起來,把全家人都吵醒了。	The alarm suddenly rang at midnight and woke the whole family.
8083	信用	他的信用很好。	He has good credit.
8084	信用	這家店從不亂漲價,所以累積了很好的信用。	This shop never hikes prices unfairly, so it has built up great trust.
8085	同年	他們同年出生。	They were born in the same year.
8086	同年	我跟我表哥同年,只是他比我早幾個月出生。	My cousin and I are the same age; he was just born a few months earlier.
8087	始	比賽開始了。	The game has started.
8088	始	他始終相信自己一定做得到。	He always believed he could do it.
8089	強姦	那名男子因強姦罪被判刑十年。	The man was sentenced to ten years for rape.
8090	擬	公司擬增設分店。	The company plans to open more branches.
8091	擬	市政府擬於下個月公布新的交通管制辦法,目前正在徵求意見。	The city government plans to announce new traffic control measures next month and is now seeking opinions.
8092	欺騙	不要欺騙我。	Don't deceive me.
8093	欺騙	那個詐騙集團欺騙了很多老人,騙走他們的積蓄。	That scam ring cheated many elderly people out of their savings.
8094	無論如何	無論如何都要去。	I have to go no matter what.
8095	無論如何	無論如何,明天的報告一定要準時交,不能再拖了。	In any case, tomorrow's report must be in on time; no more delays.
8096	看待	你怎麼看待這件事?	How do you view this matter?
8097	看待	每個人看待問題的角度不同,所以才會有不同的意見。	Everyone views problems from a different angle, hence different opinions.
8098	罪行	他承認了罪行。	He admitted his crime.
8099	罪行	法官說,這名被告的罪行嚴重,必須接受懲罰。	The judge said the defendant's crime was serious and he must be punished.
8100	論述	他的論述很清楚。	His argument is very clear.
8101	論述	這篇文章用很多數據來論述少子化會帶來的問題。	This article uses lots of data to discuss the problems a low birth rate brings.
8102	醒	我醒了。	I'm awake.
8103	醒	早上被鬧鐘叫醒後,我又賴床了十分鐘才起來。	After the alarm woke me up, I lingered in bed ten more minutes.
8104	體會	我很有體會。	I know it well from experience.
8105	體會	直到自己當了爸爸,我才真正體會到父母的辛苦。	Only after becoming a father did I truly appreciate my parents' hardship.
8106	便利	這裡交通很便利。	Transport is very convenient here.
8107	便利	手機支付讓我們在買東西時更加便利,不用再帶錢包。	Mobile payment makes shopping more convenient; no need to carry a wallet.
8108	十八	我今年十八歲。	I'm eighteen this year.
8109	十八	滿十八歲就能投票,第一次投票的年輕人特別興奮。	You can vote at eighteen, and first-time young voters are especially excited.
8110	大國	這兩個大國正在談貿易。	These two major powers are negotiating trade.
8111	大國	這兩個大國的領導人今天在會議上討論了貿易問題。	The leaders of these two major powers discussed trade at the meeting today.
8112	師傅	師傅,請問怎麼走?	Excuse me, sir, how do I get there?
8113	師傅	計程車師傅很熱心,還主動幫我們把行李搬上車。	The taxi driver was kind and even helped load our luggage.
8114	排隊	請排隊。	Please line up.
8115	排隊	那家早餐店很有名,每天早上都有人排隊等著買。	That breakfast place is famous, and people queue up to buy every morning.
8116	某人	某人偷吃了我的蛋糕。	Someone ate my cake.
8117	某人	他在報告裡提到,某人曾經私下找過他談這件事。	He mentioned in the report that a certain person had privately approached him about this.
8118	炮	這味藥材要經過炮製才能入藥。	This herb must be processed by roasting before it can be used as medicine.
8119	炮	老中醫用火慢慢炮製藥材,讓藥性更溫和。	The old herbalist slowly roasts the herbs over fire to make them milder.
8120	空調	空調壞了,好熱。	The AC is broken; it's so hot.
8121	空調	這間辦公室的空調系統剛換新的,不會再有怪味了。	The office's air-conditioning system was just replaced, so no more odd smells.
8122	臨床	他有豐富的臨床經驗。	He has rich clinical experience.
8123	臨床	醫學系的學生要到醫院做臨床實習,學習怎麼照顧病人。	Medical students do clinical internships at hospitals to learn how to care for patients.
8124	轟炸	城市遭到轟炸。	The city was bombed.
8125	轟炸	戰爭期間,許多城市遭到轟炸,居民被迫逃離家園。	During the war, many cities were bombed and residents were forced to flee.
8126	領取	請到櫃台領取。	Please collect it at the counter.
8127	領取	領取包裹的時候要帶身分證,不然店員不會把包裹給你。	Bring your ID to pick up the parcel, or the clerk won't hand it over.
8128	人質	歹徒挾持了人質。	The criminal took a hostage.
8129	人質	警方和歹徒談判了好幾個小時,最後成功救出所有人質。	After hours of negotiation, police rescued all the hostages.
8130	出名	他一夜之間出名了。	He became famous overnight.
8131	出名	這家店的鹽酥雞很出名,每天都有很多人來買。	This shop's salt-and-pepper fried chicken is famous, with many buyers every day.
8132	叢林	叢林裡有很多動物。	There are many animals in the jungle.
8133	叢林	探險隊在叢林裡走了三天,終於找到了那座失落的古城。	The expedition walked three days in the jungle and finally found the lost ancient city.
8134	夥	我們這一夥人很要好。	Our group is very close.
8135	夥	有一夥小偷在附近出沒,大家要鎖好門窗。	A gang of thieves is around, so lock your doors and windows.
8136	己	嚴以律己,寬以待人。	Be strict with yourself and lenient with others.
8137	己	不要只顧著利己,也要想想別人的感受。	Don't only think of your own benefit; consider others' feelings too.
8138	手槍	電影裡的壞人拿著手槍。	The villain in the movie holds a pistol.
8139	手槍	警察發現嫌犯身上藏著一把手槍,馬上將他制伏。	Police found a pistol hidden on the suspect and subdued him at once.
8140	敗	球隊以三比一敗給了對手。	The team lost to its opponent three to one.
8141	敗	雖然這次考試失敗了,但我會從錯誤中學習。	I failed this exam, but I'll learn from my mistakes.
8142	此類	此類問題很常見。	Problems of this kind are common.
8143	此類	此類商品容易受潮,請存放在乾燥的地方。	Such goods are prone to dampness, so store them in a dry place.
8144	潮流	這是最新的潮流。	This is the latest trend.
8145	潮流	年輕人總是跟著潮流走,所以流行的東西變得特別快。	Young people follow trends, so what's fashionable changes very fast.
8146	瞎	別瞎說。	Don't talk nonsense.
8147	瞎	我瞎猜了一個答案,沒想到居然是對的。	I made a wild guess, and it turned out to be right.
8148	胖子	他不是胖子。	He isn't fat.
8149	胖子	他以前是個胖子,後來靠運動和飲食控制瘦了二十公斤。	He used to be fat, but lost twenty kilos through exercise and diet.
8150	評審	評審正在打分數。	The judges are scoring.
8151	評審	這次比賽的評審都是業界有名的專家,所以大家都很緊張。	The judges of this contest are renowned industry experts, so everyone is nervous.
8152	運送	貨車運送蔬菜。	The truck transports vegetables.
8153	運送	這些新鮮的海產是用冷凍貨車從港口運送過來的。	This fresh seafood was brought from the port by refrigerated truck.
8154	隊友	我的隊友很強。	My teammate is strong.
8155	隊友	比賽中,隊友把球傳給我,我順利投進了三分球。	In the game my teammate passed me the ball and I sank a three-pointer.
8156	上空	鳥群飛過城市上空。	A flock of birds flew over the city.
8157	上空	今天早上,一群白鷺鷥飛過了城市的上空,畫面很美。	This morning a flock of egrets flew over the city, and the sight was lovely.
8158	充實	生活過得很充實。	Life is full and rewarding.
8159	充實	暑假打工、學英文,還學了游泳,讓我過得很充實。	Working part-time, learning English and swimming made my summer very fulfilling.
8160	半夜	半夜有人敲門。	Someone knocked at midnight.
8161	半夜	半夜突然下起大雷雨,我被吵醒後就再也睡不著了。	A thunderstorm suddenly started at midnight, and I couldn't sleep after being woken.
8162	報刊	他喜歡讀報刊。	He likes reading newspapers and periodicals.
8163	報刊	圖書館的報刊區每天都有最新的報紙和雜誌可以閱讀。	The library's periodicals section has the latest newspapers and magazines daily.
8164	寫下	請寫下你的名字。	Please write down your name.
8165	寫下	我習慣在睡前寫下今天發生的事,這樣就不容易忘記。	I write down what happened today before bed so I won't forget.
8166	律	他是一位律師。	He is a lawyer.
8167	律	我們要依法律規定做事,不能隨意違規。	We must act according to the law and not break rules at will.
8168	推銷	他在推銷保險。	He is selling insurance.
8169	推銷	那個業務員一直向我推銷新產品,我實在不好意思拒絕。	The salesperson kept pitching me the new product, and I felt too awkward to refuse.
8170	朗	今天天氣晴朗。	The weather is clear today.
8171	朗	他的笑聲很爽朗,讓整個房間都變得熱鬧起來。	His laughter is hearty and livens up the whole room.
8172	津貼	新進員工可以領交通津貼。	New employees can receive a commuting allowance.
8173	津貼	新進員工每個月可以領到三千元的交通津貼。	New employees get a 3,000-dollar commuting allowance monthly.
8174	留意	請留意腳下。	Please watch your step.
8175	留意	出門前請留意天氣預報,免得被突然的大雨淋濕。	Before going out, check the weather forecast so a sudden downpour doesn't soak you.
8176	精心	這是精心準備的。	This was carefully prepared.
8177	精心	媽媽精心準備了一桌好菜,慶祝我順利畢業。	Mom carefully prepared a table of good dishes to celebrate my graduation.
8178	處決	犯人被處決了。	The prisoner was executed.
8179	處決	那個國家宣布處決一名重刑犯,引起國際間的討論。	That country announced the execution of a serious offender, stirring international debate.
8180	資產階級	資產階級掌握了大部分財富。	The bourgeoisie held most of the wealth.
8181	資產階級	歷史課本說,工業革命使資產階級的力量日益增強。	The history textbook says the Industrial Revolution strengthened the bourgeoisie's power.
8182	鏡	我的眼鏡不見了。	My glasses are missing.
8183	鏡	她對著鏡子整理頭髮,然後才出門上班。	She fixed her hair in the mirror before going to work.
8184	體力	我的體力不好。	My stamina isn't good.
8185	體力	爬山需要很好的體力,所以我最近每天都去慢跑。	Hiking requires good stamina, so I've been jogging daily lately.
8186	乙	他的成績是乙等。	His grade is B.
8187	乙	合約裡,簽約的一方稱為甲方,另一方稱為乙方。	In the contract, one party is called Party A and the other Party B.
8188	做飯	我媽在做飯。	My mom is cooking.
8189	做飯	我下班回家後還要做飯,有時候真的很想叫外送。	I still have to cook after getting home from work and sometimes really want to order delivery.
8190	前鋒	他是球隊的前鋒。	He is the team's forward.
8191	前鋒	這位前鋒速度很快,常常一個人突破對手的防線。	This forward is fast and often breaks through defenses alone.
8192	吉他	他會彈吉他。	He can play guitar.
8193	吉他	我哥哥從高中開始學吉他,現在已經可以彈很多首歌了。	My older brother began learning guitar in high school and can now play many songs.
8194	堅信	我堅信他是清白的。	I firmly believe he is innocent.
8195	堅信	她堅信只要努力,夢想一定有實現的一天。	She firmly believes that with effort, her dream will come true someday.
8196	字樣	盒子上有「易碎」字樣。	The box has the words "fragile" on it.
8197	字樣	包裹上寫著「小心輕放」的字樣,但還是被摔壞了。	The parcel was marked "handle with care" but still got broken.
8198	師範	他念師範大學。	He studies at a teachers' university.
8199	師範	他畢業於師範大學,現在在國小當老師。	He graduated from a normal university and now teaches at an elementary school.
8200	憂慮	我很憂慮。	I'm very worried.
8201	憂慮	父母對孩子的未來總是有點憂慮,擔心他吃苦。	Parents are always a bit anxious about their child's future, worrying he'll suffer.
8202	接口	這台電腦有三個USB接口。	This computer has three USB ports.
8203	旅行社	我找旅行社訂機票。	I'm booking flights through a travel agency.
8204	旅行社	這家旅行社推出了五天四夜的日本行程,價格很划算。	This travel agency offers a five-day, four-night Japan tour at a good price.
8205	模塊	這個軟體分成幾個模塊。	This software is divided into several modules.
8206	涼	今天天氣很涼。	The weather is cool today.
8207	涼	夏天晚上吹著涼風,在陽台喝茶特別舒服。	On summer nights, drinking tea on the balcony in the cool breeze is especially pleasant.
8208	獵人	獵人進了森林。	The hunter entered the forest.
8209	獵人	原住民的獵人熟悉山林,能從腳印判斷動物去了哪裡。	Indigenous hunters know the mountains and can tell from footprints where an animal went.
8210	示威者	示威者在街上遊行。	Demonstrators march in the street.
8211	示威者	示威者高舉標語,要求政府正視勞工的權益。	Protesters held up banners demanding the government address workers' rights.
8212	緊緊	他緊緊抱著我。	He holds me tightly.
8213	緊緊	孩子緊緊抓著媽媽的手,不敢放開。	The child clung tightly to mom's hand, afraid to let go.
8214	船員	船員在甲板上工作。	The crew work on the deck.
8215	船員	海上風浪很大,船員們緊緊抓住繩子,以免被浪捲走。	The waves were huge, and the crew gripped the ropes to avoid being swept away.
8216	說謊	他說謊了。	He lied.
8217	說謊	小孩說謊的時候,眼睛常常不敢看大人。	When kids lie, they often dare not look adults in the eye.
8218	述	請你簡單陳述一下。	Please give a brief account.
8219	述	他把自己的經歷敘述得非常生動,大家都聽得入迷。	He narrated his experience so vividly that everyone was spellbound.
8220	際	國際比賽就要開始了。	The international competition is about to begin.
8221	際	新年到來之際,大家互相祝福身體健康。	As the new year arrives, everyone wishes each other good health.
8222	高大	他長得很高大。	He is tall and big.
8223	高大	那棵高大的老樹已經有三百年的歷史,是村子的象徵。	That towering old tree is three hundred years old and symbolizes the village.
8224	塞車	今天好塞車。	Traffic is so bad today.
8225	塞車	連假的第一天,國道塞車塞得很嚴重,原本兩小時的車程變成五小時。	On the first day of the long weekend, the freeway was jammed, turning a two-hour drive into five.
8226	椅	請把椅子搬過來。	Please bring the chair over.
8227	椅	這張辦公椅可以調整高度,坐很久也不會腰痠。	This office chair is height-adjustable, so sitting long won't make your back ache.
8228	行充	我隨身帶著行充。	I carry a power bank with me.
8229	行充	手機快沒電了,我趕緊從包包拿出行充來充電。	My phone was nearly dead, so I quickly took the power bank out of my bag to charge it.
8230	一位	這裡有一位客人。	There's a guest here.
8231	一位	我們公司有一位同事下個月要結婚了,大家正在討論要送什麼禮物。	A coworker of ours is getting married next month, and we're discussing what gift to give.
8232	衰	今天真衰,一出門就下雨。	What bad luck today; it rained the moment I stepped out.
8233	衰	人老了,視力和聽力都會慢慢衰退。	As people age, eyesight and hearing gradually decline.
8234	自己	你自己來吧。	Do it yourself.
8235	自己	週末我喜歡自己煮飯，不想出去吃。	On weekends I like cooking for myself instead of eating out.
8236	地區	這個地區常下雨。	It rains often in this area.
8237	地區	北部地區明天有大雷雨，出門請記得帶傘。	Thunderstorms are expected across northern Taiwan tomorrow; remember your umbrella.
8238	重要	健康最重要。	Health matters most.
8239	重要	明天的會議很重要，請大家千萬不要遲到。	Tomorrow's meeting is important; please, nobody be late.
8240	即	即日起開放報名。	Registration opens from today.
8241	即	請於收到通知後三日內回覆，逾期即視為放棄。	Please reply within three days of the notice; after that it will be treated as a forfeit.
8242	資料	請把資料寄給我。	Please send me the data.
8243	資料	我在網路上查資料，準備下週的報告。	I'm looking up information online to prepare for next week's report.
8244	機構	這是一個公益機構。	This is a nonprofit organization.
8245	機構	他在一家國際金融機構工作，常常要出差。	He works at an international financial institution and travels often.
8246	先	你先走吧。	You go first.
8247	先	我先去洗個澡，等一下再陪你看電影。	I'll take a shower first, then watch the movie with you.
8248	根本	他根本不知道這件事。	He doesn't know about this at all.
8249	根本	你根本沒有仔細看就說不好，這樣對他不公平。	You said it was bad without even looking carefully; that's unfair to him.
8250	以為	我以為今天放假。	I thought today was a day off.
8251	以為	我以為你已經回家了，原來你還在公司。	I thought you had gone home; turns out you're still at the office.
8252	民族	這個民族有自己的語言。	This ethnic group has its own language.
8253	民族	台灣是個多元民族的社會，每個民族都有自己的節慶。	Taiwan is a multi-ethnic society, and each group has its own festivals.
8254	保證	我保證不會遲到。	I promise I won't be late.
8255	保證	這家店保證所有蔬菜都是當天早上現摘的。	This shop guarantees that all its vegetables are picked fresh that morning.
8256	意義	這個決定很有意義。	This decision is very meaningful.
8257	意義	對我來說，這張舊照片的意義比它的價錢重要得多。	To me, this old photo's significance matters far more than its price.
8258	第一次	這是我第一次搭高鐵。	This is my first time taking the high-speed rail.
8259	第一次	第一次到朋友家作客，我緊張得不知道該說什麼。	On my first visit to a friend's home, I was so nervous I didn't know what to say.
8260	面積	這間套房的面積很小。	This studio is very small in area.
8261	面積	這間房子的面積大約三十坪，三房兩廳。	This house is about thirty ping in area, with three bedrooms and two living areas.
8262	回家	我要回家了。	I'm going home now.
8263	回家	下班後我想直接回家，煮一鍋熱湯麵來吃。	After work I want to go straight home and cook a pot of hot noodle soup.
8264	版本	這是最新版本。	This is the latest version.
8265	版本	你的手機版本太舊了，所以這個App打不開。	Your phone's version is too old, which is why this app won't open.
8266	重	這次不算，我們重來吧。	That one doesn't count; let's do it again.
8267	重	這部電影太好看，我打算週末再重看一遍。	This movie is so good I plan to watch it again this weekend.
8268	克	這包糖重一百克。	This bag of sugar weighs a hundred grams.
8269	克	這碗牛肉麵的牛肉大約有一百五十克，吃起來很過癮。	The beef in this bowl of beef noodles is about 150 grams, very satisfying.
8270	對象	這項活動的對象是學生。	This activity is aimed at students.
8271	對象	她最近在相親，希望能遇到適合的對象。	She's been going on blind dates lately, hoping to meet a suitable partner.
8272	李	我喜歡吃李子。	I like eating plums.
8273	李	李子醃過之後酸酸甜甜的，很適合當零食。	Pickled plums are sweet and sour, perfect as a snack.
8274	背景	照片的背景是一座山。	The photo's background is a mountain.
8275	背景	要了解這起事件，必須先知道它的歷史背景。	To understand this incident, you first need to know its historical background.
8276	集	我追完了第一集。	I finished watching episode one.
8277	集	這部戲一共三十集，我花了兩個週末才追完。	This series has thirty episodes, and it took me two weekends to finish.
8278	各位	各位好。	Hello, everyone.
8279	各位	各位同學，請把手機調成靜音，考試要開始了。	Everyone, please silence your phones; the exam is about to start.
8280	待	我在家待了一天。	I stayed home all day.
8281	待	這次出差我會在台南待三天，順便吃小吃。	On this business trip I'll stay in Tainan for three days and try the street food.
8282	民間	這是民間傳說。	This is a folk legend.
8283	民間	這個故事在民間流傳了很多年，每個地方的版本都不一樣。	This story has circulated among the people for years, and every region has its own version.
8284	觀察	我在觀察小鳥。	I'm watching the little birds.
8285	觀察	醫生說要再觀察兩天，才能決定要不要開刀。	The doctor says he needs two more days of observation before deciding on surgery.
8286	交	請交作業。	Please hand in your homework.
8287	交	房租要在每個月五號以前交給房東。	The rent must be paid to the landlord before the fifth of each month.
8288	因而	他努力學習，因而通過了考試。	He studied hard and therefore passed the exam.
8289	因而	這一帶交通方便，因而吸引不少年輕人搬來。	This area has convenient transportation and thus attracts many young people to move in.
8290	心中	他心中很難過。	He feels very sad inside.
8291	心中	她心中一直有個夢想，就是開一家小書店。	She has always had a dream in her heart: to open a little bookstore.
8292	海軍	他在海軍服役。	He serves in the navy.
8293	海軍	海軍的軍艦今天抵達港口，開放民眾參觀。	The navy's warship arrived at port today and is open to visitors.
8294	罵	媽媽罵了我。	Mom scolded me.
8295	罵	他因為上班遲到，被老闆罵了一頓。	He got scolded by the boss for being late to work.
8296	追求	他追求自己的夢想。	He pursues his dreams.
8297	追求	她追求的不是高薪，而是能有彈性的工作時間。	What she's after isn't a high salary but flexible working hours.
8298	今晚	今晚吃火鍋。	We're having hot pot tonight.
8299	今晚	今晚有颱風，建議大家早點回家。	There's a typhoon tonight, so everyone should head home early.
8300	回去	我要回去了。	I'm heading back now.
8301	回去	太晚了，我送你回去吧。	It's too late; let me take you back.
8302	想象	我無法想象沒有手機的生活。	I can't imagine life without a phone.
8303	想象	小孩的想象力很豐富，常常畫出奇怪的動物。	Kids have rich imaginations and often draw strange animals.
8304	治	這種病很難治。	This illness is hard to cure.
8305	治	他的病拖了很久，終於治好了。	His illness dragged on a long time but was finally cured.
8306	美好	今天是美好的一天。	Today is a beautiful day.
8307	美好	回想起大學時代，那些美好的日子現在還讓人懷念。	Thinking back to college, I still miss those wonderful days.
8308	輛	路邊停了三輛機車。	Three scooters are parked by the road.
8309	輛	這輛公車每十分鐘一班，所以不用等太久。	This bus comes every ten minutes, so you don't have to wait long.
8310	之類	我愛吃蘋果、香蕉之類的水果。	I love fruit like apples and bananas.
8311	之類	超商有賣飯糰、三明治之類的東西，你可以先墊墊肚子。	The convenience store sells things like rice balls and sandwiches; you can have something first.
8312	前來	歡迎前來參觀。	Welcome to visit.
8313	前來	感謝各位前來參加我們的婚禮。	Thank you all for coming to our wedding.
8314	報導	新聞報導說明天會下雨。	The news report says it will rain tomorrow.
8315	報導	這則報導引起很多人討論。	This report triggered a lot of discussion.
8316	幻想	小孩喜歡幻想。	Kids like to fantasize.
8317	幻想	別再幻想中樂透了，還是腳踏實地工作吧。	Stop fantasizing about winning the lottery and just work steadily.
8318	摸	不要摸小狗。	Don't touch the puppy.
8319	摸	這件毛衣摸起來很柔軟。	This sweater feels very soft to the touch.
8320	演講	他明天要演講。	He's giving a speech tomorrow.
8321	演講	校長在畢業典禮上發表演講，鼓勵大家勇敢追夢。	The principal gave a speech at graduation, encouraging everyone to chase their dreams.
8322	純	這是純棉的。	This is pure cotton.
8323	純	這杯果汁是純的，沒有加糖也沒有加水。	This juice is pure, with no added sugar or water.
8324	貴	這家店很貴。	This shop is expensive.
8325	貴	這支手機太貴了，我想再等等，看會不會降價。	This phone is too expensive; I'll wait to see if the price drops.
8326	院長	他是醫院的院長。	He is the hospital's director.
8327	院長	院長親自到病房探望病人，大家都很感動。	The director personally visited patients in the ward, and everyone was touched.
8328	個體	每個人都是獨立的個體。	Everyone is an independent individual.
8329	個體	每個個體都不一樣，不能用同一套標準要求大家。	Every individual is different, so you can't hold everyone to the same standard.
8330	各界	各界人士都來了。	People from all walks of life came.
8331	各界	各界紛紛捐款，幫助受災的民眾重建家園。	People from all sectors donated to help disaster victims rebuild their homes.
8332	局面	局面很緊張。	The situation is tense.
8333	局面	比賽進入下半場，雙方打成平手，局面變得很緊張。	The game entered the second half tied, and the situation became tense.
8334	揭露	記者揭露了弊案。	The reporter exposed the scandal.
8335	揭露	這則報導揭露了不少食品業者的違規行為。	This report exposed violations by quite a few food businesses.
8336	湖	湖水很藍。	The lake water is very blue.
8337	湖	日月潭是台灣最有名的湖，每年都有很多遊客。	Sun Moon Lake is Taiwan's most famous lake, with many visitors every year.
8338	秩序	請維持秩序。	Please keep order.
8339	秩序	活動現場人很多，工作人員正在維持秩序。	The event is crowded, and staff are keeping order.
8340	表情	他的表情很嚴肅。	His expression is very serious.
8341	表情	聽到好消息，她臉上露出驚喜的表情。	Hearing the good news, a look of pleasant surprise came over her face.
8342	遺產	他繼承了遺產。	He inherited an estate.
8343	遺產	這座古城被列為世界文化遺產。	This ancient city was listed as a World Cultural Heritage site.
8344	中午	中午吃什麼？	What shall we eat for lunch?
8345	中午	我中午通常在公司附近買個便當。	I usually grab a lunch box near the office at noon.
8346	前者	前者比較貴，但比較好吃。	The former is pricier but tastier.
8347	前者	在這兩項計畫中，前者需要更多時間，但預算比較少。	Of these two plans, the former takes more time but costs less.
8348	城鄉	城鄉生活步調不太一樣。	The pace of life differs between city and countryside.
8349	城鄉	政府推動城鄉均衡發展，希望縮小資源上的落差。	The government promotes balanced urban-rural development to narrow the resource gap.
8350	小鎮	這是個小鎮。	This is a small town.
8351	小鎮	這個山腳下的小鎮很安靜，週末有很多人來這裡喝咖啡。	This small town at the foot of the mountain is quiet, and many come for coffee on weekends.
8352	扎	他不小心被玫瑰的刺扎到手。	He accidentally got pricked by a rose thorn.
8353	扎	護士在我的手臂上扎了一針。	The nurse stuck a needle in my arm.
8354	有利	這對你有利。	This is to your advantage.
8355	有利	多喝水對身體健康有利。	Drinking more water is good for your health.
8356	海岸	海岸線很長。	The coastline is long.
8357	海岸	東部的海岸線很漂亮，一邊是山，一邊是海。	The east coast is beautiful, with mountains on one side and sea on the other.
8358	產物	這是時代的產物。	This is a product of its era.
8359	產物	這道菜是不同文化交流的產物。	This dish is a product of exchange between different cultures.
8360	第二天	第二天我就發燒了。	The next day I came down with a fever.
8361	第二天	我們到了花蓮，第二天才開始下雨。	We arrived in Hualien, and it only started raining the next day.
8362	苦	這個藥很苦。	This medicine is very bitter.
8363	苦	他從小家裡很窮，吃了不少苦才有今天。	His family was poor growing up, and he went through much hardship to get here.
8364	躲	小貓躲在桌子下。	The kitten is hiding under the table.
8365	躲	外面下大雨，我們先躲進騎樓等一下。	It's pouring outside; let's take shelter under the arcade for a bit.
8366	響應	大家響應環保。	Everyone responds to the call for environmental protection.
8367	響應	許多民眾響應政府的號召，一起做資源回收。	Many people answered the government's call and recycled together.
8368	也好	這樣也好。	That's fine too.
8369	也好	你選這個也好，那個也好，我都沒意見。	Whether you pick this one or that one, I have no opinion.
8370	分散	大家分散坐吧。	Let's all sit apart.
8371	分散	疫情期間，工作人員分散到不同樓層辦公。	During the pandemic, staff spread across different floors to work.
8372	國營	這是國營企業。	This is a state-run enterprise.
8373	國營	台灣的一些國營事業，過去幾年陸續民營化。	Some of Taiwan's state-run enterprises have been privatized over the past few years.
8374	寵物	你有養寵物嗎？	Do you have a pet?
8375	寵物	這家旅館可以帶寵物入住，但要先預約。	This hotel allows pets, but you need to book first.
8376	愛心	她很有愛心。	She is very caring.
8377	愛心	這間店把賣不完的麵包捐給育幼院，大家都誇他們很有愛心。	This shop donates unsold bread to an orphanage, and everyone praises their kindness.
8378	方言	他會說很多種方言。	He speaks many dialects.
8379	方言	台灣的客家話和閩南語是兩種不同的方言。	Hakka and Hokkien in Taiwan are two different dialects.
8380	消耗	跑步很消耗體力。	Running burns a lot of energy.
8381	消耗	游泳消耗的熱量比散步多很多。	Swimming burns far more calories than walking.
8382	監測	空氣品質需要監測。	Air quality needs monitoring.
8383	監測	氣象局持續監測颱風的動向，並隨時發布最新消息。	The Weather Bureau keeps monitoring the typhoon's movement and issues updates at any time.
8384	缺陷	這個產品有缺陷。	This product has a defect.
8385	缺陷	工廠發現零件有缺陷，所以整批都要回收。	The factory found a defect in the parts, so the whole batch must be recalled.
8386	誇張	你太誇張了。	You're exaggerating.
8387	誇張	這個故事聽起來有點誇張，我不太相信是真的。	This story sounds a bit exaggerated; I don't quite believe it's true.
8388	間接	這是間接的影響。	This is an indirect influence.
8389	間接	他不是直接告訴我，而是透過朋友間接讓我知道。	He didn't tell me directly but let me know indirectly through a friend.
8390	不住	這個杯子太燙，我拿不住。	This cup is too hot; I can't hold it.
8391	不住	聽到那個笑話，大家都忍不住笑了出來。	Hearing that joke, everyone couldn't help laughing.
8392	債券	他買了政府債券。	He bought government bonds.
8393	債券	債券比股票風險低，所以比較適合保守的投資人。	Bonds are lower risk than stocks, so they suit conservative investors.
8394	動物園	我們去動物園。	We're going to the zoo.
8395	動物園	木柵動物園是台北最受歡迎的親子景點之一。	The Muzha Zoo is one of Taipei's most popular family destinations.
8396	囚犯	囚犯逃走了。	The prisoner escaped.
8397	囚犯	囚犯在獄中學會了做麵包，出獄後開了一家店。	The inmate learned to bake bread in prison and opened a shop after his release.
8398	安定	他現在的生活很安定。	His life is stable now.
8399	安定	搬到新環境之後，孩子花了一點時間才安定下來。	After moving to the new environment, the child took some time to settle down.
8400	彈藥	彈藥用完了。	The ammunition ran out.
8401	彈藥	軍隊的彈藥已經不足，必須等待補給。	The army's ammunition is running short and must await resupply.
8402	捐贈	他捐贈了一批書。	He donated a batch of books.
8403	捐贈	這位企業家捐贈了一千萬給偏鄉學校，蓋了新的圖書館。	This entrepreneur donated ten million to a rural school to build a new library.
8404	景區	這是熱門景區。	This is a popular scenic area.
8405	景區	假日景區的停車位一位難求，建議搭乘接駁車。	Parking at scenic areas is hard to find on holidays, so take the shuttle.
8406	水準	他的水準很高。	His standard is very high.
8407	水準	這家餐廳的服務水準一直很穩定。	This restaurant's service standard has always been consistent.
8408	無需	入場無需門票。	No ticket is needed for entry.
8409	無需	現場無需預約，直接來就可以。	No reservation is needed on site; just come.
8410	礦	這座山以前有礦。	This mountain used to have mines.
8411	礦	這座山曾經有礦，現在已經廢棄，變成了觀光景點。	This mountain once had a mine; now it's abandoned and has become a tourist spot.
8412	致力	他致力於教育。	He devotes himself to education.
8413	致力	這家公司長期致力於保護海洋環境。	This company has long worked to protect the marine environment.
8414	誤解	這是個誤解。	This is a misunderstanding.
8415	誤解	他說的話被大家誤解了，其實他並沒有惡意。	His words were misunderstood by everyone; he actually meant no harm.
8416	遍	這本書我看了三遍。	I've read this book three times.
8417	遍	我找遍了整個房子，還是找不到我的鑰匙。	I searched the whole house but still can't find my keys.
8418	階	這個樓梯有二十階。	This staircase has twenty steps.
8419	階	上樓的時候，小朋友一階一階慢慢爬。	Going upstairs, the child climbed one step at a time.
8420	世紀末	世紀末的時候，大家都在討論新千年。	At the end of the century, everyone was talking about the new millennium.
8421	世紀末	世紀末大家都擔心電腦會出問題。	At the turn of the century, everyone worried computers would malfunction.
8422	內在	比起外表，內在更重要。	Compared to looks, what's inside matters more.
8423	內在	他很有內在美，總是默默幫助別人。	He has inner beauty and quietly helps others.
8424	厭惡	他很厭惡說謊。	He detests lying.
8425	厭惡	我最厭惡有人在安靜的地方大聲講電話。	I hate it most when people talk loudly on the phone in quiet places.
8426	外出	我要外出。	I'm going out.
8427	外出	老闆今天外出開會，下午三點才會回來。	The boss is out at a meeting today and won't be back until three.
8428	對策	想想對策吧。	Let's think of a countermeasure.
8429	對策	政府正在研究對策，希望減少房價上漲帶來的問題。	The government is studying countermeasures to reduce problems caused by rising housing prices.
8430	心想	我心想他應該會來。	I thought to myself that he would probably come.
8431	心想	她看著天空，心想明天應該會放晴。	She looked at the sky, thinking it would probably clear up tomorrow.
8432	搜尋	我在搜尋資料。	I'm searching for information.
8433	搜尋	你可以在網路上搜尋關鍵字，馬上就能找到答案。	You can search keywords online and find the answer immediately.
8434	林業	林業很重要。	Forestry is important.
8435	林業	這個山區以前以林業為主，現在轉型發展觀光。	This mountain area used to rely on forestry and has now shifted to tourism.
8436	消化	吃太快不好消化。	Eating too fast makes it hard to digest.
8437	消化	這麼多資訊，我需要一點時間消化。	With this much information, I need some time to absorb it.
8438	發展中國家	這是發展中國家。	This is a developing country.
8439	發展中國家	很多發展中國家正努力改善教育和醫療。	Many developing countries are working hard to improve education and healthcare.
8440	終端	這條鐵路的終端是花蓮。	This railway's terminus is Hualien.
8441	終端	公司更換了辦公室的終端設備。	The company replaced the office's terminal equipment.
8442	行事	他行事很低調。	He acts very low-key.
8443	行事	他一向行事謹慎，做任何決定都會先想清楚。	He always acts cautiously and thinks things through before any decision.
8444	身心	身心都累了。	Body and mind are both tired.
8445	身心	這個週末去山上走走，讓身心都好好放鬆一下。	Take a walk in the mountains this weekend and let your body and mind relax.
8446	闡明	他闡明了自己的立場。	He made his position clear.
8447	闡明	總經理在會中闡明公司的立場，希望大家都能理解。	The general manager clarified the company's stance at the meeting, hoping everyone understands.
8448	黨組	黨組開會了。	The party group is holding a meeting.
8449	黨組	報導指出，該部門黨組今天召開會議，討論人事安排。	Reports say the department's party group met today to discuss personnel arrangements.
8450	交戰	兩軍交戰。	The two armies are fighting.
8451	交戰	兩國在邊境交戰多日，造成大量平民傷亡。	The two countries fought at the border for days, causing many civilian casualties.
8452	傳教	他到國外傳教。	He went abroad to do missionary work.
8453	傳教	早年有許多外國傳教士來台灣，蓋了教會和學校。	In earlier days many foreign missionaries came to Taiwan and built churches and schools.
8454	動人	她的歌聲很動人。	Her singing is moving.
8455	動人	這個故事很動人，很多人看完都哭了。	This story is touching, and many people cried after reading it.
8456	吸血鬼	吸血鬼怕大蒜。	Vampires fear garlic.
8457	吸血鬼	萬聖節的時候，他打扮成吸血鬼去參加派對。	At Halloween he dressed up as a vampire to go to the party.
8458	增添	幾盆小花增添了生氣。	A few potted flowers add liveliness.
8459	增添	幾盆小花為客廳增添了不少生氣。	A few potted flowers added quite some life to the living room.
8460	完備	這間健身房設備完備。	This gym is fully equipped.
8461	完備	公司制度完備，新人進來也比較容易上手。	The company has a complete system, so newcomers get up to speed easily.
8462	序列	這些數字有固定的序列。	These numbers follow a fixed sequence.
8463	序列	基因的序列決定了生物的許多特徵。	The sequence of genes determines many traits of living things.
8464	戰友	他和戰友感情很好。	He is close with his army buddies.
8465	戰友	當兵時認識的戰友，到現在每年還會聚一次。	The army buddies he met in service still get together once a year.
8466	換取	她用自己的畫換取了一頓午餐。	She traded her painting for a lunch.
8467	換取	他用辛勤的勞動換取微薄的收入。	He earned a meager income in exchange for hard labor.
8468	昔日	昔日的好友，如今很少聯絡。	Old friends of the past rarely keep in touch now.
8469	昔日	這個老街區保留了昔日的風貌。	This old district preserves its former look.
8470	檔次	這家店的檔次很高。	This shop is high-end.
8471	檔次	這家餐廳的檔次不低，吃一頓飯要上千元。	This restaurant is quite upscale; a meal costs over a thousand dollars.
8472	清算	這家公司正在清算。	This company is being liquidated.
8473	清算	公司經營不善，最後只好進行清算。	The company was poorly run and ended up having to liquidate.
8474	環繞	山環繞著小鎮。	Mountains surround the town.
8475	環繞	小鎮被青山環繞，空氣特別清新。	The town is surrounded by green hills, and the air is especially fresh.
8476	禁忌	這是禁忌。	This is taboo.
8477	禁忌	在台灣，過年時說不吉利的話是一種禁忌。	In Taiwan, saying unlucky words during Lunar New Year is a taboo.
8478	縮寫	筆記裡我常用縮寫。	I often use abbreviations in my notes.
8479	縮寫	他把長長的公司名稱縮寫成三個字母，方便大家記住。	He abbreviated the long company name to three letters so everyone could remember it.
8480	華麗	這件禮服很華麗。	This gown is gorgeous.
8481	華麗	宴會廳裝潢得很華麗，水晶燈閃閃發亮。	The banquet hall is gorgeously decorated, with sparkling crystal chandeliers.
8482	警衛	大樓有警衛。	The building has a security guard.
8483	警衛	警衛在門口檢查每一位訪客的證件。	The guard checks every visitor's ID at the door.
8484	連環	高速公路發生連環車禍。	A pile-up occurred on the freeway.
8485	連環	這起連環車禍造成三人受傷，路況一度癱瘓。	The pile-up injured three people and briefly paralyzed traffic.
8486	難免	剛開始難免緊張。	It's natural to be nervous at first.
8487	難免	第一次上台報告，難免會緊張，不要太擔心。	Presenting on stage the first time, it's inevitable to be nervous; don't worry too much.
8488	鴉片	鴉片會讓人上癮。	Opium is addictive.
8489	鴉片	歷史課上，老師講到了鴉片對清朝社會造成的巨大傷害。	In history class the teacher spoke about the huge harm opium caused Qing society.
8490	太陽眼鏡	我戴太陽眼鏡。	I'm wearing sunglasses.
8491	太陽眼鏡	夏天出門，我一定會戴上太陽眼鏡保護眼睛。	In summer I always put on sunglasses to protect my eyes when going out.
8492	海浪	海浪很大。	The waves are big.
8493	海浪	海浪一波一波打在岸邊，聲音聽起來很舒服。	Waves hit the shore one after another, and the sound is soothing.
8494	計程車	我搭計程車回家。	I take a taxi home.
8495	計程車	下大雨的時候，路邊很難攔到計程車。	When it pours, it's hard to hail a taxi on the roadside.
8496	這時候	這時候電話響了。	Just then the phone rang.
8497	這時候	我正準備出門，這時候突然下起了大雨。	I was about to go out when it suddenly started pouring.
8498	姑婆	我有一個姑婆。	I have a great-aunt.
8499	姑婆	過年時我們去看住在鄉下的姑婆，她還給了我們紅包。	At Lunar New Year we visited our great-aunt in the countryside, and she gave us red envelopes.
