8500	中國	中國的歷史很長。	China has a long history.
8501	中國	他大學時學的是中國文學，現在在出版社工作。	He studied Chinese literature in college and now works at a publisher.
8502	世界	世界很大。	The world is big.
8503	世界	他夢想有一天能環遊世界，看看不同的文化。	He dreams of traveling around the world someday to see different cultures.
8504	但是	我想去，但是沒有時間。	I want to go, but I don't have time.
8505	但是	這家餐廳的東西很好吃，但是價格比我想的貴。	The food at this restaurant is delicious, but the prices are higher than I expected.
8506	研究	他在研究貓的行為。	He is studying cat behavior.
8507	研究	這位教授專門研究海洋生物，常常出海做調查。	This professor specializes in marine life and often goes out to sea for surveys.
8508	最後	最後一班車走了。	The last bus has gone.
8509	最後	比賽最後，我們隊以一分之差輸了，大家都很可惜。	In the end, our team lost by one point, and everyone felt it was a pity.
8510	另	我另有安排。	I have other plans.
8511	另	這台電腦壞了，我另外借了一台來用。	This computer is broken, so I borrowed another one to use.
8512	設計	這個包包設計得很好看。	This bag is nicely designed.
8513	設計	他在一家廣告公司做平面設計，常常為客戶設計海報。	He does graphic design at an ad agency and often designs posters for clients.
8514	學	我在學中文。	I'm learning Chinese.
8515	學	我姊從小學鋼琴，現在還會在教會彈給大家聽。	My sister has learned piano since she was little and still plays for everyone at church.
8516	規定	學校規定要穿制服。	The school requires wearing uniforms.
8517	規定	依照公司規定，請假三天以上要附上醫生證明。	Under company rules, leave of three days or more requires a doctor's note.
8518	屬於	這本書屬於我。	This book belongs to me.
8519	屬於	這種花屬於玫瑰科，在台灣的高山上也看得到。	This flower belongs to the rose family and can also be seen on Taiwan's high mountains.
8520	警察	警察來了。	The police are here.
8521	警察	路口發生車禍，警察正在指揮交通，請大家繞道。	There was an accident at the intersection, and police are directing traffic, so please take a detour.
8522	失去	我失去了信心。	I lost confidence.
8523	失去	他失去工作以後，一直在找新的機會，沒有放棄。	After losing his job, he kept looking for new opportunities and didn't give up.
8524	每天	我每天都運動。	I exercise every day.
8525	每天	我每天下班回家，都會先陪狗狗在公園裡走一圈。	Every day when I get home from work, I first take my dog for a walk around the park.
8526	責任	這是我的責任。	This is my responsibility.
8527	責任	當爸爸媽媽最大的責任，就是把孩子好好養大。	The biggest responsibility of being a parent is raising your kids well.
8528	入	請由左邊入場。	Please enter from the left.
8529	入	他剛入社會，什麼都還在學，常常下班後還留在公司。	He just entered the workforce and is still learning everything, often staying at the office after hours.
8530	戰略	這是公司的新戰略。	This is the company's new strategy.
8531	戰略	老闆決定調整戰略，把重心放在網路銷售上。	The boss decided to adjust strategy and focus on online sales.
8532	規劃	我在規劃旅行。	I'm planning a trip.
8533	規劃	新捷運線的規劃已經完成，預計明年開始動工。	The plan for the new MRT line is done, and construction is expected to start next year.
8534	不好	這個天氣不好。	The weather is bad.
8535	不好	昨晚我睡得不好，今天一直沒有精神。	I didn't sleep well last night and have felt drained all day.
8536	地球	地球是圓的。	The Earth is round.
8537	地球	為了保護地球，越來越多人自備環保杯和環保筷。	To protect the Earth, more and more people bring their own reusable cups and chopsticks.
8538	收入	我的收入不高。	My income isn't high.
8539	收入	他每個月的收入大部分都用來付房租和還學貸。	Most of his monthly income goes to rent and paying off student loans.
8540	相對	相對來說比較便宜。	Comparatively speaking, it's cheaper.
8541	相對	相對於都市，鄉下的生活步調比較慢，空氣也比較好。	Compared with cities, life in the countryside is slower and the air is better.
8542	身邊	朋友都在我身邊。	My friends are all by my side.
8543	身邊	出門時身邊要帶著悠遊卡和手機，其他東西都可以不帶。	When going out, keep your EasyCard and phone with you. You can leave everything else.
8544	倍	價錢是昨天的兩倍。	The price is double yesterday's.
8545	倍	這家店的生意在促銷後成長了三倍，老闆笑得合不攏嘴。	This shop's business tripled after the promotion, and the owner can't stop smiling.
8546	小學	我弟弟念小學。	My little brother is in elementary school.
8547	小學	我小學的時候最愛下課去操場打躲避球，現在想起來好懷念。	In elementary school I loved playing dodgeball on the field after class. I miss it now.
8548	方	這個盒子是方的。	This box is square.
8549	方	我把桌子放在窗戶前方，這樣看書時光線比較好。	I put the desk in front of the window so there's better light for reading.
8550	節	今天有兩節數學課。	There are two math classes today.
8551	節	中秋節是家人團圓的節日，我們一家人會在院子裡烤肉。	Mid-Autumn Festival is a time for family reunions, and we barbecue in the yard.
8552	高度	大樓的高度驚人。	The building's height is astonishing.
8553	高度	老闆對這次計畫的成果給予高度評價，還請大家吃宵夜。	The boss gave the project results high praise and even treated everyone to a late-night snack.
8554	司機	司機很親切。	The driver is friendly.
8555	司機	計程車司機一路跟我們聊天，還推薦了幾家好吃的餐廳。	The taxi driver chatted with us the whole way and recommended some good restaurants.
8556	市民	市民都很開心。	The citizens are all happy.
8557	市民	市民可以用手機預約垃圾清運，不用在家等垃圾車。	City residents can book garbage pickup by phone without waiting for the garbage truck.
8558	有著	他有著一個夢想。	He has a dream.
8559	有著	這座小鎮有著悠久的歷史，老街上還保留很多日式建築。	This small town has a long history, and the old street still preserves many Japanese-era buildings.
8560	科學家	他想當科學家。	He wants to be a scientist.
8561	科學家	科學家在南極發現了新的生物，消息傳出後引起很多討論。	Scientists found a new organism in Antarctica, and the news prompted lots of discussion.
8562	調	他被調到台中。	He was transferred to Taichung.
8563	調	公司把他從業務部調到企劃部，下個月開始上班。	The company transferred him from sales to planning, starting next month.
8564	一塊	我要一塊蛋糕。	I'd like a piece of cake.
8565	一塊	你要不要一塊去？反正我們順路，可以搭同一班車。	Why don't you come along? We're going the same way, so we can take the same ride.
8566	原始	這是原始資料。	This is the raw data.
8567	原始	這座森林還保留著原始的樣貌，沒有被開發破壞。	This forest still keeps its primeval look, unspoiled by development.
8568	常常	他常常遲到。	He's often late.
8569	常常	我常常在下班後去健身房，這樣比較能放鬆心情。	I often go to the gym after work, since it helps me relax.
8570	杯	請給我一杯水。	Please give me a glass of water.
8571	杯	下午三點我們都會去訂飲料，我習慣點無糖的，一次兩杯。	At three every afternoon we order drinks. I like sugar-free and get two cups at a time.
8572	相比	兩者不能相比。	The two can't be compared.
8573	相比	和去年相比，今年夏天的颱風少多了，水庫也快見底了。	Compared with last year, there were far fewer typhoons this summer, and reservoirs are nearly empty.
8574	詩人	他是一位詩人。	He is a poet.
8575	詩人	這位詩人常在咖啡店朗讀自己的作品，吸引了不少年輕人。	This poet often reads his own works at cafes, attracting many young people.
8576	鬚	他留著鬍鬚。	He has a beard.
8577	鬚	爺爺的鬍鬚都白了，笑起來還是很和藹。	Grandpa's beard has turned white, but his smile is still kind.
8578	全市	全市都停電了。	The whole city lost power.
8579	全市	颱風來襲，全市的學校和公司都宣布明天停課停班。	With the typhoon coming, all schools and companies in the city announced closures tomorrow.
8580	味道	這個湯味道很好。	This soup tastes great.
8581	味道	廚房傳來一股焦味，我趕快跑過去看，原來是蛋煎過頭了。	A burning smell came from the kitchen, and I rushed over to find the egg overcooked.
8582	對付	我來對付這件事。	I'll deal with this.
8583	對付	那個老闆很難對付，所以大家都盡量不要惹他生氣。	That boss is hard to deal with, so everyone tries not to make him angry.
8584	拖	地板很髒，要拖地。	The floor is dirty, so I need to mop.
8585	拖	週末早上我都會把客廳拖一遍，再順便把窗戶擦乾淨。	On weekend mornings I mop the living room and wipe the windows.
8586	氣氛	氣氛很好。	The atmosphere is great.
8587	氣氛	朋友聚會的氣氛很熱鬧，大家一邊吃火鍋一邊聊天。	The friends' gathering had a lively atmosphere, with everyone chatting over hot pot.
8588	種族	這裡有很多種族。	There are many ethnic groups here.
8589	種族	不同種族的孩子在同一個班上學習，彼此交了不少好朋友。	Children of different ethnic groups study in the same class and have made many friends.
8590	覆蓋	雪覆蓋了山頭。	Snow covered the mountaintop.
8591	覆蓋	天亮的時候，整座城市都被濃霧覆蓋，連對面的大樓都看不見。	At dawn the whole city was blanketed in thick fog, and even the opposite building was invisible.
8592	遺憾	真遺憾。	What a pity.
8593	遺憾	很遺憾，這次的活動因為天氣不好取消了，希望下次再見。	Unfortunately, the event was cancelled due to bad weather. Hope to see you next time.
8594	主導	他主導這個計畫。	He is leading this project.
8595	主導	這次會議由行銷部主導，其他部門則提供資料和意見。	The marketing department is leading this meeting, with other departments providing data and input.
8596	勇敢	他很勇敢。	He is brave.
8597	勇敢	小女孩勇敢地走上台，在全校師生面前唱完整首歌。	The little girl bravely walked on stage and sang the whole song in front of the school.
8598	女神	她是我的女神。	She's my goddess.
8599	女神	很多人把這位歌手當成女神，每場演唱會都擠滿了粉絲。	Many see this singer as a goddess, and her concerts are packed with fans.
8600	打敗	我們打敗了他們。	We beat them.
8601	打敗	我們隊在決賽中打敗了去年的冠軍，全場歡聲雷動。	Our team beat last year's champion in the final, and the crowd roared.
8602	極大	影響極大。	The impact is huge.
8603	極大	這個決定對公司的未來有極大的影響，不能隨便做。	This decision has an enormous effect on the company's future and can't be made casually.
8604	留言	請留言給我。	Please leave me a message.
8605	留言	你可以在我的貼文下面留言，我看到就會回覆你。	You can leave a comment under my post, and I'll reply when I see it.
8606	總數	總數是一百個。	The total is a hundred.
8607	總數	今天來參加活動的人總數超過三百人，比預期多了一倍。	The total attendance at today's event exceeded three hundred, double what was expected.
8608	賦予	老師賦予他重任。	The teacher entrusted him with an important task.
8609	賦予	這項新法律賦予民眾更多權利，可以直接向政府提出意見。	This new law gives citizens more rights to voice opinions directly to the government.
8610	首頁	請回首頁。	Please go back to the home page.
8611	首頁	這個網站的首頁設計得很簡單，一眼就能找到想要的功能。	The site's home page is simple, and you can find what you want at a glance.
8612	優點	他有很多優點。	He has many strengths.
8613	優點	這間房子的優點是離捷運站近，缺點是附近比較吵。	This house's advantage is its closeness to an MRT station, and the drawback is the noise.
8614	告知	請告知結果。	Please let me know the result.
8615	告知	醫院已告知家屬病人目前狀況穩定，不需要太擔心。	The hospital has informed the family that the patient is stable and there's no need to worry.
8616	學歷	他的學歷很高。	He has a high educational background.
8617	學歷	這份工作不看學歷，只要有經驗、肯學習就可以應徵。	This job doesn't look at degrees. Anyone with experience and a willingness to learn can apply.
8618	徵	這家店在徵人。	This shop is hiring.
8619	徵	公司正在徵求志工，協助下週的公益活動，歡迎大家踴躍報名。	The company is seeking volunteers for next week's charity event. Everyone is welcome to sign up.
8620	敵	他是我的敵人。	He is my enemy.
8621	敵	這支球隊實力很強，我們根本不是他們的敵手。	This team is strong, and we're no match for them.
8622	每週	我每週運動兩次。	I exercise twice a week.
8623	每週	我每週都會打電話回家，跟爸媽報告最近的生活。	Every week I call home to update my parents on my life.
8624	營養	這個很營養。	This is very nutritious.
8625	營養	小孩子需要均衡的營養，所以不能只吃零食，也要多吃蔬菜。	Kids need balanced nutrition, so they can't live on snacks and need more vegetables.
8626	砸	別砸東西。	Don't smash things.
8627	砸	他生氣地把手機砸在地上，螢幕馬上碎成一片。	He angrily smashed his phone on the ground, and the screen shattered instantly.
8628	聚集	大家聚集在廣場。	Everyone gathered in the square.
8629	聚集	下班時間，捷運站口聚集了許多人，有的在等朋友，有的在滑手機。	At rush hour many people gather at the MRT exit, some waiting for friends, some on phones.
8630	變動	計畫有變動。	The plan has changed.
8631	變動	航班時間偶爾會有變動，出發前請先上網確認。	Flight times sometimes change, so confirm online before departure.
8632	開會	我現在在開會。	I'm in a meeting right now.
8633	開會	每週一早上十點全公司要開會，大家要先準備好自己的報告。	The whole company has a meeting every Monday at ten, and everyone must prepare their reports.
8634	麵包	我吃了麵包。	I ate some bread.
8635	麵包	巷口的麵包店早上六點就開門，剛出爐的吐司香得讓人睡不著。	The bakery at the end of the alley opens at six, and the fresh toast smells too good to sleep through.
8636	傳輸	資料傳輸成功。	The data transfer succeeded.
8637	傳輸	網路不穩的時候，檔案傳輸會很慢，有時還會中斷。	When the network is unstable, file transfer is slow and sometimes cuts off.
8638	反思	我需要反思。	I need to reflect.
8639	反思	比賽輸了之後，教練要求大家反思，哪裡可以做得更好。	After losing, the coach asked everyone to reflect on what they could do better.
8640	好評	這家店獲得好評。	This shop got good reviews.
8641	好評	這部電影上映後獲得觀眾一致好評，連續三週都是票房冠軍。	After its release, the film got unanimous praise from audiences and topped the box office three weeks.
8642	廟	村口有座廟。	There's a temple at the village entrance.
8643	廟	我媽每個月初一、十五都會去附近的廟拜拜，保佑全家平安。	On the first and fifteenth of each month, my mom goes to the nearby temple to pray for family safety.
8644	搭配	這兩件很搭配。	These two go well together.
8645	搭配	這條白色圍巾搭配深色大衣，看起來很有層次，也很保暖。	This white scarf with a dark coat looks layered and keeps you warm.
8646	榜	榜單出來了。	The list is out.
8647	榜	大學放榜那天，我們全家守在電腦前，緊張得連飯都吃不下。	On university admission results day, our whole family gathered at the computer, too nervous to eat.
8648	父	他是我的父親。	He is my father.
8649	父	父親節那天，我們一家去餐廳吃飯，還送了爸爸一雙新球鞋。	On Father's Day we ate at a restaurant and gave Dad a new pair of sneakers.
8650	範	他是我們的模範。	He's our role model.
8651	範	這道題目有範例可以參考，照著做一遍就會了。	This problem has an example to refer to, and you'll get it by following along.
8652	萬一	萬一下雨怎麼辦？	What if it rains?
8653	萬一	出門前多帶一個行動電源，萬一手機沒電也不用擔心。	Take a power bank before leaving, just in case your phone dies.
8654	遂	他遂決定離開。	He then decided to leave.
8655	遂	他努力了十年，最後終於得償所願，遂在家鄉開了自己的店。	After ten years of work he finally got his wish and opened his own shop in his hometown.
8656	驅動	電機驅動車輪。	A motor drives the wheels.
8657	驅動	這台電動車用電池驅動，一次充電可以跑三百公里。	This electric car is battery-driven and goes three hundred kilometers on one charge.
8658	仍舊	他仍舊在等。	He's still waiting.
8659	仍舊	搬家以後，我仍舊會回老家吃媽媽煮的菜，一個月至少一次。	After moving I still go back to eat Mom's cooking at least once a month.
8660	出手	他出手很大方。	He spends generously.
8661	出手	朋友出手相助，幫我度過了最困難的一個月，我很感謝他。	My friend lent a hand and helped me through my hardest month, and I'm grateful.
8662	口袋	我的口袋有錢。	There's money in my pocket.
8663	口袋	他把鑰匙放進口袋，結果走路時一直發出叮叮噹噹的聲音。	He put his keys in his pocket, and they jingled the whole way.
8664	大於	五大於三。	Five is greater than three.
8665	大於	這份申請需要年滿十八歲，也就是年齡要大於或等於十八。	This application requires being eighteen, meaning age must be greater than or equal to eighteen.
8666	山脈	那裡有山脈。	There's a mountain range there.
8667	山脈	中央山脈貫穿台灣南北，也是很多登山客的目標。	The Central Mountain Range runs across Taiwan north to south and is many hikers' goal.
8668	成效	成效很好。	The results are good.
8669	成效	實施垃圾分類三個月後，成效很明顯，街道乾淨了不少。	Three months after starting waste sorting, the results are clear and the streets are much cleaner.
8670	放開	請放開我。	Please let go of me.
8671	放開	孩子不肯放開媽媽的手，直到老師拿出玩具才慢慢走進教室。	The child wouldn't let go of Mom's hand until the teacher brought out toys and he slowly entered the classroom.
8672	樂器	你會什麼樂器？	What instruments do you play?
8673	樂器	我家有很多樂器，像是吉他、鋼琴，還有爸爸收藏的口琴。	We have many instruments at home, like guitars, a piano, and Dad's collection of harmonicas.
8674	測	請測量一下。	Please measure it.
8675	測	醫生用溫度計幫我測體溫，結果有三十八度，要我趕快回家休息。	The doctor took my temperature with a thermometer, 38 degrees, and told me to go home and rest.
8676	留給	這個留給你。	This is for you.
8677	留給	媽媽把最大的一塊肉留給我，自己只吃青菜。	Mom saved the biggest piece of meat for me and only ate vegetables.
8678	緣	我們有緣。	We have a predestined bond.
8679	緣	我跟這個城市很有緣，換了好幾份工作，最後還是回到這裡。	I have a real affinity with this city, and after several jobs I came back here in the end.
8680	衡量	請衡量一下。	Please weigh it up.
8681	衡量	選擇工作時，要衡量薪水、地點和發展機會，不能只看哪個錢多。	When choosing jobs, weigh pay, location and growth, not just who pays more.
8682	跌	小心別跌倒。	Be careful not to fall.
8683	跌	最近股票大跌，很多人賠了錢，我媽也跟著心情不好。	Stocks fell sharply recently, many lost money, and my mom's mood dropped too.
8684	鑒於	鑒於天氣不好，活動取消。	In view of the bad weather, the event is cancelled.
8685	鑒於	鑒於近期疫情嚴重，本公司決定讓員工在家上班一週。	Considering the recent serious outbreak, the company decided to let employees work from home for a week.
8686	首領	他是部落首領。	He is the tribe's chief.
8687	首領	這部電影演的是海盜首領的故事，他帶著手下尋找寶藏。	This film is about a pirate chief who leads his crew searching for treasure.
8688	低下	他地位低下。	His status is low.
8689	低下	他低下頭，小聲說了一句對不起，看起來很後悔。	He lowered his head and softly said sorry, looking regretful.
8690	出路	這條路沒出路。	This road leads nowhere.
8691	出路	畢業後的出路不只有考公職，也可以考慮創業或出國工作。	Beyond civil service exams, graduates have options like starting a business or working abroad.
8692	和解	他們和解了。	They reconciled.
8693	和解	雙方在法院外和解，房東答應退還一半的押金。	The two sides settled out of court, and the landlord agreed to refund half the deposit.
8694	女權	她關心女權。	She cares about women's rights.
8695	女權	在大學的課堂上，教授討論了女權運動的歷史，同學們都很有興趣。	In university class the professor discussed the history of the women's rights movement, and students were very interested.
8696	帶上	請帶上雨傘。	Please take your umbrella.
8697	帶上	出門時別忘了帶上悠遊卡、鑰匙和手機，其他東西都可以不帶。	When going out, don't forget your EasyCard, keys and phone. You can skip the rest.
8698	戶口	我要遷戶口。	I need to move my household registration.
8699	戶口	結婚後，她把戶口遷到先生的老家，辦理手續花了一個下午。	After marriage she moved her household registration to her husband's hometown, which took an afternoon.
8700	新一代	新一代手機上市了。	A new generation of phones has been released.
8701	新一代	新一代的年輕人習慣用手機付款，很少帶現金出門。	The new generation of young people pays by phone and rarely carries cash.
8702	武	他學武術。	He studies martial arts.
8703	武	這位老師從小習武，現在在社區教小朋友打太極和防身術。	This teacher has practiced martial arts since childhood and teaches kids tai chi and self-defense in the community.
8704	無產階級	無產階級是工人階級。	The proletariat is the working class.
8705	無產階級	這部小說描寫十九世紀工廠裡的無產階級生活，非常真實。	This novel describes proletarian life in nineteenth-century factories, very realistically.
8706	碗	請給我一個碗。	Please give me a bowl.
8707	碗	阿嬤煮的湯很好喝，我每次都喝兩碗才夠。	Grandma's soup is delicious, and I always need two bowls.
8708	聯手	他們聯手做生意。	They teamed up in business.
8709	聯手	兩家公司聯手推出新產品，希望能吸引更多年輕客人。	The two companies teamed up to launch a new product, hoping to attract more young customers.
8710	訂單	訂單已確認。	The order is confirmed.
8711	訂單	網路商店的訂單一天比一天多，老闆決定多請兩位員工幫忙包裝。	The online shop's orders increase daily, so the owner decided to hire two more people for packing.
8712	過往	我想忘記過往。	I want to forget the past.
8713	過往	他很少提起過往的事，只說現在過得很好就夠了。	He rarely mentions the past and only says it's enough that he's doing well now.
8714	電影節	他去電影節。	He went to the film festival.
8715	電影節	每年秋天的電影節都會吸引許多導演和影迷來到台北。	Every autumn the film festival attracts many directors and film fans to Taipei.
8716	不堪	他累得不堪。	He's utterly exhausted.
8717	不堪	連日加班讓他疲憊不堪，一回到家就倒在沙發上睡著了。	Days of overtime left him exhausted, and he fell asleep on the sofa as soon as he got home.
8718	促	時間很急促。	Time is rushed.
8719	促	政府推出優惠促進消費，希望能帶動小店的生意。	The government launched discounts to boost spending, hoping to lift small shops' business.
8720	兼任	他兼任老師。	He teaches part-time as well.
8721	兼任	這位醫生同時兼任大學教授，每週有兩天在學校上課。	This doctor also serves as a university professor, teaching two days a week.
8722	反革命	那個罪名是反革命。	That charge was counterrevolutionary.
8723	反革命	歷史課上提到過反革命的罪名。	The history class mentioned the charge of counterrevolution.
8724	國際化	公司要國際化。	The company needs to internationalize.
8725	國際化	台灣的大學越來越國際化，校園裡有很多外國學生。	Taiwan's universities are becoming more international, with many foreign students on campus.
8726	女主角	她是女主角。	She's the female lead.
8727	女主角	這部電影的女主角演技非常好，為了這個角色還特別學了劍術。	The film's heroine acts superbly and even learned swordsmanship for the role.
8728	小屋	山上有一間小屋。	There's a cabin on the mountain.
8729	小屋	我們在山上租了一間小屋，晚上可以看星星，早上有鳥叫聲。	We rented a cabin in the mountains, with stars at night and birdsong in the morning.
8730	心臟病	他有心臟病。	He has heart disease.
8731	心臟病	爺爺有心臟病，所以醫生叫他不要吃太油，也不要太激動。	Grandpa has heart disease, so the doctor told him to avoid oily food and getting too excited.
8732	拘捕	警方拘捕了他。	Police arrested him.
8733	拘捕	警方昨晚在夜市拘捕一名通緝犯，沒有造成任何人受傷。	Police arrested a wanted suspect at the night market last night with no one hurt.
8734	放入	請放入硬幣。	Please insert coins.
8735	放入	把洗好的蔬菜放入鍋中，加一點鹽，蓋上蓋子煮五分鐘就好了。	Put the washed vegetables into the pot, add a little salt, cover, and cook five minutes.
8736	核准	申請已核准。	The application is approved.
8737	核准	你的簽證申請已核准，大約三個工作天後可以來領取。	Your visa application is approved and can be collected in about three working days.
8738	決戰	明天是決戰。	Tomorrow is the decisive battle.
8739	決戰	明天晚上就是冠軍決戰，兩隊的球迷都已經在球場外排隊。	Tomorrow night is the championship showdown, and both teams' fans are already queuing outside the stadium.
8740	熱潮	這是一股熱潮。	This is a craze.
8741	熱潮	露營在疫情後掀起一股熱潮，假日的營地幾乎都客滿。	Camping became a craze after the pandemic, and campsites are nearly full on holidays.
8742	盡情	大家盡情玩。	Everyone play to your heart's content.
8743	盡情	畢業旅行的最後一天，我們盡情地玩，直到太陽下山才捨得回飯店。	On the last day of the graduation trip we played to our hearts' content until sunset before returning to the hotel.
8744	粘	把這段文字粘貼過去。	Paste this text over there.
8745	粘	複製完以後，請按右鍵選擇「粘貼」，就可以把內容放進文件裡。	After copying, right-click and choose "paste" to put the content in the document.
8746	肩膀	我肩膀很痠。	My shoulders are sore.
8747	肩膀	長時間用電腦讓我的肩膀特別僵硬，每週都要去按摩一次。	Long computer use makes my shoulders extra stiff, so I get a massage every week.
8748	親手	我親手做的。	I made it myself.
8749	親手	這條圍巾是我親手織的，要送給我最好的朋友當生日禮物。	I knitted this scarf by hand to give my best friend for her birthday.
8750	身影	我看到他的身影。	I saw his figure.
8751	身影	每天清晨，公園裡都能看到阿公練拳的身影。	Every dawn you can see Grandpa practicing boxing in the park.
8752	開發區	這是開發區。	This is a development zone.
8753	飼料	我去買飼料。	I'm going to buy feed.
8754	飼料	農場每天要準備大量的飼料，餵養上百隻牛和羊。	The farm prepares large amounts of feed daily for hundreds of cows and sheep.
8755	冷氣	冷氣太冷了。	The AC is too cold.
8756	冷氣	夏天晚上我習慣把冷氣設定在二十六度，再開電風扇，這樣比較省電。	On summer nights I set the AC to 26 degrees and use a fan, which saves electricity.
8757	捷運	我搭捷運上班。	I take the MRT to work.
8758	捷運	早上的捷運總是擠滿了人，我通常會提早半小時出門，才有位子坐。	The morning MRT is always packed, so I leave half an hour early to get a seat.
8759	聞到	我聞到香味。	I smell something nice.
8760	聞到	一走進巷子就聞到烤肉的香味，肚子馬上咕嚕咕嚕叫了起來。	As soon as I entered the alley I smelled barbecue, and my stomach immediately growled.
8761	香味	這個花有香味。	This flower is fragrant.
8762	香味	新鮮的麵包出爐時，整條街都是濃濃的香味，路過的人都忍不住停下來。	When fresh bread comes out, the whole street fills with rich fragrance and passers-by stop.
8763	亞洲	台灣在亞洲。	Taiwan is in Asia.
8764	亞洲	亞洲有很多不同的美食，我最想去泰國和日本旅行。	Asia has many different cuisines, and I most want to travel to Thailand and Japan.
8765	他們	他們是我的大學同學。	They are my college classmates.
8766	他們	下雨天他們還是照常去爬山，真是有精神。	Even on a rainy day they still went hiking as usual. They really have energy.
8767	公司	我的公司離家不遠。	My company isn't far from home.
8768	公司	這家公司最近招了好幾個新同事。	This company recently hired several new colleagues.
8769	地方	這個地方很安靜。	This place is very quiet.
8770	地方	你有沒有推薦的地方？我想帶爸媽出去走走。	Do you have any places to recommend? I want to take my parents out for a walk.
8771	系統	系統現在有點慢。	The system is a bit slow right now.
8772	系統	學校的選課系統昨天當機了，很多同學都選不到課。	The school's course registration system crashed yesterday, and many students couldn't sign up for classes.
8773	會議	會議幾點開始？	What time does the meeting start?
8774	會議	因為老闆臨時出差，下午的會議改成明天早上。	Because the boss suddenly has a business trip, this afternoon's meeting was moved to tomorrow morning.
8775	各	各位同學，請坐好。	Everyone, please take your seats.
8776	各	各班的導師都會在下週跟家長聯絡。	Each class's homeroom teacher will contact the parents next week.
8777	認識	我們以前就認識。	We already knew each other before.
8778	認識	我是在朋友的婚禮上認識她的，後來我們變成了好朋友。	I met her at a friend's wedding, and later we became good friends.
8779	它們	它們都很可愛。	They're all so cute.
8780	它們	我家的三盆植物很怕冷，冬天要把它們搬進屋子裡。	The three plants at my house are afraid of the cold, so in winter I have to bring them indoors.
8781	解決	問題解決了嗎？	Has the problem been solved?
8782	解決	我們一起想想看，怎麼樣才能解決這個停車的問題。	Let's think together about how to solve this parking problem.
8783	工程	這條路的工程要做三個月。	The work on this road will take three months.
8784	工程	捷運新路線的工程預計三年後完成，到時候交通會方便很多。	The new MRT line project is expected to finish in three years, and traffic will be much more convenient then.
8785	變	天氣變冷了。	The weather turned cold.
8786	變	我的小孩長大以後變得很有禮貌，我真的很開心。	My child has become very polite since growing up, and I'm really happy about that.
8787	女兒	我女兒今年五歲。	My daughter is five this year.
8788	女兒	我女兒每天放學回家，第一件事就是跟狗玩。	The first thing my daughter does when she gets home from school every day is play with the dog.
8789	每年	我每年都去日本玩。	I go to Japan for a trip every year.
8790	每年	我們家每年過年都會回南部的老家，陪阿公阿嬤吃年夜飯。	Every year at New Year our family goes back to the old home in the south to have the reunion dinner with grandpa and grandma.
8791	賣	這裡賣水果嗎？	Do they sell fruit here?
8792	賣	那家店的鳳梨酥賣得很好，假日常常一早就賣完了。	The pineapple cakes at that shop sell really well, and on weekends they're often sold out early in the morning.
8793	全面	我們要全面檢查。	We need to do a thorough inspection.
8794	全面	市政府計畫全面更新老舊社區的排水系統。	The city government plans to comprehensively upgrade the drainage system in older neighborhoods.
8795	戰鬥	這是一場艱苦的戰鬥。	This is a hard-fought battle.
8796	戰鬥	新聞報導說，雙方的戰鬥已經持續了好幾天。	The news reported that the fighting between the two sides has gone on for several days.
8797	規律	他的生活很規律。	His life is very regular.
8798	規律	醫生說我作息不規律，所以才常常頭痛。	The doctor said my irregular routine is why I often have headaches.
8799	人人	人人都有自己的煩惱。	Everyone has their own worries.
8800	人人	人人都應該遵守交通規則，這樣大家才安全。	Everyone should follow traffic rules so that we're all safe.
8801	坐	請坐。	Please sit.
8802	坐	我們坐高鐵去台中，大概四十五分鐘就到了。	We take the high-speed rail to Taichung, and it takes about forty-five minutes.
8803	改	這個字寫錯了，要改一下。	This character is written wrong. It needs fixing.
8804	改	我們把出發時間改到早上八點，這樣就不會塞車了。	We changed the departure time to eight a.m., so we won't get caught in traffic.
8805	眼睛	她的眼睛很大。	Her eyes are very big.
8806	眼睛	看了一整天的電腦，我的眼睛又酸又累，只想趕快睡覺。	After looking at a computer all day, my eyes are sore and tired, and I just want to go to sleep.
8807	迅速	他迅速地跑過去。	He ran over quickly.
8808	迅速	消防隊員迅速趕到現場，把火勢控制住了。	The firefighters rushed to the scene quickly and got the fire under control.
8809	做出	他做出了決定。	He made a decision.
8810	做出	經過長時間的討論，大家終於做出了最後的決定。	After a long discussion, everyone finally reached a final decision.
8811	工廠	這間工廠在郊區。	This factory is in the suburbs.
8812	工廠	我爸爸在一家電子工廠工作，常常要輪班到晚上。	My dad works at an electronics factory and often has to work evening shifts.
8813	某些	某些人不喜歡吃香菜。	Some people don't like cilantro.
8814	某些	在某些情況下，保險公司可以拒絕給付，所以要看清楚條款。	In certain situations the insurance company can refuse to pay, so you should read the terms carefully.
8815	而已	我只是看看而已。	I'm just looking, that's all.
8816	而已	別擔心，這只是一個小感冒而已，睡一覺就會好了。	Don't worry, it's just a minor cold. You'll be fine after a night's sleep.
8817	下降	今天氣溫下降了。	The temperature dropped today.
8818	下降	受到疫情影響，這個月的遊客人數下降了三成。	Affected by the pandemic, the number of tourists dropped thirty percent this month.
8819	司法	這是司法問題。	This is a judicial matter.
8820	司法	新聞指出，司法制度必須保持公正，才能讓民眾信任。	The news pointed out that the judicial system must stay fair for people to trust it.
8821	布	這塊布很柔軟。	This piece of cloth is very soft.
8822	布	媽媽買了一塊花布，打算做成新的窗簾。	Mom bought a piece of floral cloth and plans to make new curtains out of it.
8823	業	他失業很久了。	He has been out of work for a long time.
8824	業	近年來，觀光業和餐飲業都受到很大的影響。	In recent years, both the tourism and restaurant industries have been hit hard.
8825	策略	這個策略很好。	This strategy is good.
8826	策略	公司改變了行銷策略，把重點放在年輕客群身上。	The company changed its marketing strategy and focused on younger customers.
8827	財富	財富不是最重要的。	Wealth is not the most important thing.
8828	財富	很多人以為有了財富就會快樂，但是不一定是這樣。	Many people think they'll be happy once they have wealth, but that isn't necessarily so.
8829	主人	主人不在家。	The owner is not at home.
8830	主人	我家的貓很怕生，只有主人叫牠的時候才會出來。	My cat is shy of strangers and only comes out when its owner calls.
8831	唱	她唱得很好聽。	She sings beautifully.
8832	唱	我們週末常去KTV唱歌，一唱就是好幾個小時。	We often go to karaoke on weekends and sing for hours at a time.
8833	必	人必有一死。	Everyone must die someday.
8834	必	有問題必須馬上回報，不要等到最後才說。	If there are problems, you must report them right away rather than wait until the end.
8835	殺人	殺人是犯法的。	Murder is against the law.
8836	殺人	新聞報導說，這起殺人案的嫌犯已經被警方逮捕了。	The news reported that the suspect in this murder case has been arrested by the police.
8837	素質	他的素質很高。	He is a person of high caliber.
8838	素質	球隊最重要的是球員的素質，而不是球隊的名氣。	What matters most to a team is the quality of its players, not its fame.
8839	超越	她超越了自己的紀錄。	She surpassed her own record.
8840	超越	這款手機的銷量已經超越去年同期，成為市場上最暢銷的產品。	Sales of this phone have already exceeded the same period last year, making it the best seller on the market.
8841	並未	他並未出席。	He did not attend.
8842	並未	警方表示，目前並未發現任何可疑的人或物品。	Police said that no suspicious person or object has been found so far.
8843	列	請排成一列。	Please line up in a row.
8844	列	列車正在進站，乘客請排隊上車，不要擠。	The train is arriving, so passengers please line up to board without pushing.
8845	場景	這個場景很美。	This scene is beautiful.
8846	場景	電影裡那個下雪的場景，是在日本的小鎮拍攝的。	The snowy scene in the movie was shot in a small town in Japan.
8847	床	我想回家睡床上。	I want to go home and sleep in my bed.
8848	床	我弟弟週末總是賴在床上不肯起來，我媽每次都要叫很多次。	My younger brother stays in bed on weekends and won't get up, so my mom has to call him many times.
8849	擴展	我們想擴展生意。	We want to expand our business.
8850	擴展	這家小店成功後，開始往中部和南部擴展，開了好幾家分店。	After this little shop succeeded, it began expanding to the central and southern regions, opening several branches.
8851	流動	空氣在房間裡流動。	Air circulates in the room.
8852	流動	週末的市集人潮流動很快，要早點去才有好位子。	The weekend market's crowd moves fast, so go early to get a good spot.
8853	結	樹上結了很多芒果。	The tree has produced many mangoes.
8854	結	夏天一到，後院的荔枝樹就開始結果，鄰居常常來摘。	When summer comes, the lychee tree in the backyard starts bearing fruit, and neighbors often come to pick.
8855	證	請出示你的證件。	Please show your ID.
8856	證	多虧了這份證明，他才順利申請到補助。	Thanks to this certificate, he was able to apply for the subsidy smoothly.
8857	長大	孩子長大了。	The child has grown up.
8858	長大	我在嘉義長大，小時候最喜歡跟阿公到田裡抓青蛙。	I grew up in Chiayi, and as a kid I loved going to the fields with grandpa to catch frogs.
8859	住房	政府推出了新的住房政策。	The government introduced a new housing policy.
8860	參觀	歡迎來參觀。	Welcome to visit.
8861	參觀	國小的學生下週要去參觀科學博物館，老師正在準備學習單。	Elementary school students will visit the science museum next week, and the teacher is preparing worksheets.
8862	專用	這是員工專用的門。	This is an employee-only door.
8863	專用	機車專用道上不可以停車，被拍到會被罰錢。	You can't park in the scooter-only lane, and if you're caught on camera you'll be fined.
8864	探討	我們來探討這個問題。	Let's explore this issue.
8865	探討	研討會上，專家們探討了高齡化社會帶來的各種問題。	At the seminar, experts discussed the various problems brought by an aging society.
8866	流通	空氣要流通。	The air needs to circulate.
8867	流通	夏天房間要保持空氣流通，才不會覺得悶熱。	In summer you should keep the room ventilated so it doesn't feel stuffy.
8868	示威	民眾在街上示威。	People are demonstrating in the street.
8869	示威	上千名學生在立法院外示威，抗議新的法案。	Over a thousand students demonstrated outside the Legislative Yuan to protest the new bill.
8870	號召	他號召大家一起去淨灘。	He called on everyone to go clean the beach.
8871	號召	市民受到環保團體的號召，一起參加週末的減塑活動。	Citizens answered the call of environmental groups and joined the weekend plastic reduction event.
8872	那邊	那邊有人在賣水果。	Someone's selling fruit over there.
8873	那邊	那邊的人太多了，我們到這邊來吧，這裡比較安靜。	There are too many people over there, so let's come over here where it's quieter.
8874	中期	這是中期計畫。	This is a mid-term plan.
8875	中期	這個專案目前進入中期階段，大家要特別注意進度。	This project is now in its mid-stage, so everyone needs to pay special attention to progress.
8876	剩	菜還剩一點。	There's a little food left.
8877	剩	我的薪水每個月繳完房租就剩不了多少，只能省著點花。	After paying rent each month there's little of my salary left, so I have to spend frugally.
8878	堅定	他的態度很堅定。	His attitude is firm.
8879	堅定	她堅定地告訴大家，自己不會放棄這個夢想。	She firmly told everyone that she wouldn't give up this dream.
8880	尿	小孩要尿尿。	The child needs to pee.
8881	尿	醫生要我明天早上留尿液檢查，所以今晚不能喝太多水。	The doctor wants me to give a urine sample tomorrow morning, so I can't drink too much water tonight.
8882	把握	這個機會要把握。	You have to seize this chance.
8883	把握	我有八成把握可以通過面試，但還是有點緊張。	I'm about eighty percent sure I'll pass the interview, but I'm still a bit nervous.
8884	未能	我未能準時到達。	I wasn't able to arrive on time.
8885	未能	因為天氣太差，飛機未能準時起飛，旅客只好在機場等待。	Because the weather was too bad, the plane couldn't take off on time and passengers had to wait at the airport.
8886	渠道	這是一個新的銷售渠道。	This is a new sales channel.
8887	渠道	這家公司拓展了新的海外銷售渠道，業績成長不少。	This company expanded new overseas sales channels, and its performance grew a lot.
8888	當日	當日預約，當日看診。	Same-day booking, same-day appointment.
8889	當日	本券限當日使用，過期無效，請務必留意。	This coupon is valid only on the day of issue and is void after, so please take note.
8890	素	我吃素。	I'm vegetarian.
8891	素	這間餐廳的素食很有名，不吃肉的朋友都很愛來。	This restaurant's vegetarian food is famous, and friends who don't eat meat love to come.
8892	處罰	違規要受到處罰。	Violations will be penalized.
8893	處罰	老師不喜歡用處罰的方式管學生，而是跟他們好好溝通。	The teacher doesn't like disciplining students with punishment but communicates with them well.
8894	農產品	這是新鮮的農產品。	These are fresh farm products.
8895	農產品	每個週末，農民會到市集賣自己種的農產品，價格比超市便宜。	Every weekend farmers sell their own produce at the market, cheaper than at supermarkets.
8896	預定	我們預定下週出發。	We plan to set out next week.
8897	預定	新大樓預定明年完工，到時候公司就會搬進去。	The new building is scheduled to be completed next year, and the company will move in then.
8898	事先	請事先通知我。	Please inform me beforehand.
8899	事先	要去那間熱門餐廳的話，最好事先訂位，不然可能要等很久。	If you're going to that popular restaurant, it's best to book beforehand, or you might wait a long time.
8900	切實	我們要切實執行。	We must carry it out in earnest.
8901	切實	政府應該切實保障勞工的權益，不能只是口頭說說。	The government should truly protect workers' rights rather than merely talk.
8902	城區	市中心的城區很熱鬧。	The downtown district is lively.
8903	城區	這個城區有很多老房子，政府正在規劃都市更新。	This urban district has many old houses, and the government is planning urban renewal.
8904	尾	貓的尾巴很長。	The cat's tail is long.
8905	尾	年尾公司都很忙，大家要趕在放假前把工作做完。	The company is busy at the end of the year, and everyone has to finish work before the holiday.
8906	抑制	這個藥可以抑制疼痛。	This medicine can suppress pain.
8907	抑制	要抑制物價上漲，政府必須採取更有效的措施。	To curb price increases, the government must take more effective measures.
8908	暖	今天的天氣很暖和。	The weather is warm today.
8909	暖	喝一杯熱茶，身體就暖起來了，我也比較不想睡了。	Drinking a cup of hot tea warms the body up and makes me less sleepy.
8910	源於	這個傳統源於清朝。	This tradition originated in the Qing dynasty.
8911	源於	這道菜源於福建，後來傳到台灣，慢慢變成了我們熟悉的口味。	This dish originated in Fujian, spread to Taiwan, and gradually became the flavor we know.
8912	矇	他想矇騙客人。	He wants to deceive the customers.
8913	矇	別被他的甜言蜜語矇騙了，他其實只是想借你的錢。	Don't be fooled by his sweet talk. He just wants to borrow your money.
8914	耐心	請你有耐心一點。	Please be a bit patient.
8915	耐心	教小孩寫字需要很多耐心，不能一直催他快一點。	Teaching a child to write takes a lot of patience, and you can't keep rushing him.
8916	變遷	時代在變遷。	Times are changing.
8917	變遷	隨著社會變遷，越來越多年輕人選擇晚婚，甚至不結婚。	With social change, more and more young people marry late or choose not to marry.
8918	鞋	這雙鞋很舒服。	These shoes are comfortable.
8919	鞋	下雨天走路，鞋子容易濕，所以我總是多帶一雙襪子。	Shoes get wet easily walking in the rain, so I always bring an extra pair of socks.
8920	主觀	這只是我的主觀看法。	This is just my subjective view.
8921	主觀	評分的時候不要太主觀，要根據大家都同意的標準來看。	Don't be too subjective when grading. Go by standards everyone agrees on.
8922	全集	他買了一套全集。	He bought a complete set of works.
8923	全集	圖書館收藏了這位作家的全集，想看的人可以隨時借閱。	The library has the complete works of this writer, available for anyone to borrow.
8924	參見	詳情請參見附件。	For details see the attachment.
8925	參見	更多資料請參見第二章，那裡有詳細的說明和圖表。	For more information see chapter two, where there are detailed explanations and charts.
8926	增多	遊客人數增多了。	The number of tourists increased.
8927	增多	隨著暑假到來，海邊的遊客明顯增多，路上也開始塞車。	With summer vacation arriving, visitors at the beach clearly increased, and traffic started to jam.
8928	尋常	這不是尋常的事。	This is not an ordinary matter.
8929	尋常	這種價格在市場上不算尋常，大概是因為遇到了清倉特賣。	A price like this isn't usual on the market, probably because of a clearance sale.
8930	惡魔	那個故事裡有惡魔。	There's a demon in that story.
8931	惡魔	這部電影的主角被惡魔附身，劇情非常恐怖。	In this movie the lead is possessed by a demon, and the plot is terrifying.
8932	播	電台正在播音樂。	The radio is playing music.
8933	播	新聞每天晚上七點播出，主播會整理一天裡最重要的事件。	The news is broadcast at seven every evening, and the anchor summarizes the day's most important events.
8934	木材	這是上好的木材。	This is high-quality wood.
8935	木材	這間木工坊用的木材都是進口的，做出來的桌椅特別耐用。	The wood this carpentry shop uses is all imported, making the tables and chairs especially durable.
8936	洗澡	我要去洗澡。	I'm going to take a shower.
8937	洗澡	冬天洗澡水不能太燙，不然皮膚會乾，晚上還會癢。	In winter the bath water shouldn't be too hot, or the skin dries and gets itchy at night.
8938	獲勝	我們隊獲勝了。	Our team won.
8939	獲勝	他在決賽中獲勝，贏得了今年的冠軍獎盃。	He won the final and took this year's championship trophy.
8940	節約	我們要節約用水。	We must save water.
8941	節約	夏天乾旱的時候，政府呼籲民眾節約用水，洗車也要限制。	During summer drought the government urges the public to conserve water and restricts car washing.
8942	薇	院子裡的薔薇開花了。	The roses in the yard have bloomed.
8943	薇	薔薇的花期很長，從春天一直開到初夏，鄰居都愛來拍照。	The rose has a long blooming season from spring to early summer, and neighbors love to take photos.
8944	賓館	這間賓館環境很乾淨。	This guesthouse is very clean.
8945	賓館	我們在山上訂了一間小賓館，窗外就是一整片茶園。	We booked a small guesthouse in the mountains, with a whole tea plantation outside the window.
8946	重傷	他受了重傷。	He was seriously injured.
8947	重傷	車禍造成兩人重傷，三人輕傷，急救人員很快趕到了現場。	The crash left two seriously injured and three lightly injured, and emergency workers arrived quickly.
8948	面貌	這座城市的面貌改變了。	The city's appearance has changed.
8949	面貌	經過整修，這條老街換了新面貌，吸引了不少年輕人。	After renovation this old street got a new look and attracted many young people.
8950	了不起	你真了不起！	You're amazing!
8951	了不起	他一個人把三個孩子養大，真的很了不起。	He raised three children by himself, which is really remarkable.
8952	共計	共計五百元。	Total five hundred dollars.
8953	共計	這次活動共計有三百位學生報名，場面非常熱絡。	In total three hundred students signed up for this event, and the atmosphere was lively.
8954	召喚	有人在召喚你。	Someone is calling you.
8955	召喚	遊戲裡的角色可以召喚寵物來幫忙戰鬥，我弟弟玩得很著迷。	In the game, characters can summon pets to help fight, and my brother is hooked.
8956	大媽	隔壁的大媽很熱心。	The lady next door is very warm-hearted.
8957	大媽	市場裡的大媽很會殺價，每次都能買到最便宜的菜。	The women at the market are good at bargaining and always get the cheapest vegetables.
8958	屆時	屆時請準時到場。	Please arrive on time at that time.
8959	屆時	活動將於下個月舉行，屆時會有許多藝人到場表演。	The event will be held next month, when many entertainers will perform.
8960	恐慌	大家都很恐慌。	Everyone is panicking.
8961	恐慌	地震發生的時候，民眾陷入恐慌，紛紛衝出大樓。	When the earthquake struck, people panicked and rushed out of the building.
8962	放過	請放過我吧。	Please let me off.
8963	放過	警察這次放過了他，只開了一張警告單，沒有罰款。	The police let him off this time with just a warning, no fine.
8964	機票	我訂了機票。	I booked the plane ticket.
8965	機票	暑假的機票特別貴，所以我們決定等到九月再出發。	Summer plane tickets are especially expensive, so we decided to wait until September.
8966	瀑布	那座瀑布很高。	That waterfall is very high.
8967	瀑布	下過大雨的隔天，山裡的瀑布特別壯觀，吸引了很多攝影愛好者。	The day after heavy rain, the waterfall in the mountains is especially spectacular and attracts many photographers.
8968	看上去	他看上去很累。	He looks tired.
8969	看上去	這家店看上去不起眼，沒想到裡面的滷肉飯這麼好吃。	This shop looks unremarkable, and who knew the braised pork rice inside would be this good.
8970	老太太	那位老太太很親切。	That old lady is very kind.
8971	老太太	公車上有位老太太拿著很重的菜，一位學生立刻起身讓座。	An old lady on the bus was carrying heavy groceries, and a student immediately stood up to give her a seat.
8972	親王	他是英國的親王。	He is a British prince.
8973	親王	這位親王下週將代表王室出席在台北舉行的展覽開幕式。	This prince will represent the royal family at the opening of the exhibition in Taipei next week.
8974	進士	他是清朝的進士。	He was a jinshi of the Qing dynasty.
8975	進士	這間古老的書院曾經出過好幾位進士，現在是熱門的觀光景點。	This old academy produced several jinshi and is now a popular tourist spot.
8976	雕塑	公園裡有一座雕塑。	There's a sculpture in the park.
8977	雕塑	這座雕塑是藝術家花了一年時間完成的，現在放在美術館門口。	This sculpture took the artist a year to complete and now stands at the museum entrance.
8978	上校	他是一位上校。	He's a colonel.
8979	上校	這位上校退役後，開了一家咖啡廳，裡面掛滿了軍中的老照片。	After retiring this colonel opened a café whose walls are covered with old military photos.
8980	低頭	他低頭看手機。	He looked down at his phone.
8981	低頭	我們不能向壓力低頭，要想辦法解決問題，而不是一直逃避。	We can't bow to pressure. We should find ways to solve problems instead of avoiding them.
8982	內陸	內陸沒有海。	The inland has no sea.
8983	內陸	內陸地區的冬天特別乾燥，夜晚的溫度也比海邊低很多。	Winters in inland regions are especially dry, and nights are much colder than by the sea.
8984	半導體	他在半導體公司工作。	He works at a semiconductor company.
8985	半導體	台灣的半導體產業全世界有名，吸引了許多國外的年輕人來留學。	Taiwan's semiconductor industry is famous worldwide and attracts many young foreigners to study.
8986	喝茶	我們去喝茶吧。	Let's go have tea.
8987	喝茶	下午三點，我常和同事在公司旁的茶館喝茶，順便聊聊工作的事。	At three p.m. I often have tea with colleagues at the teahouse next to the office and chat about work.
8988	大自然	我喜歡大自然。	I like nature.
8989	大自然	週末到山裡走走，呼吸新鮮空氣，感受大自然的平靜。	Walking in the mountains on weekends, breathing fresh air, and feeling the calm of nature.
8990	寶石	她戴著一顆寶石戒指。	She wears a gem ring.
8991	寶石	這顆寶石在燈光下閃閃發亮，是爺爺留給奶奶的紀念品。	This gem sparkles under the light and is a keepsake grandpa left grandma.
8992	得名	這座山因形狀得名。	This mountain got its name from its shape.
8993	得名	這條街因為以前有很多木材行而得名，現在已經變成了商業區。	This street got its name because it once had many lumber shops and has now become a commercial district.
8994	披	她披了一件外套。	She draped a coat over her shoulders.
8995	披	天氣變涼了，出門時披件外套，比較不會感冒。	The weather turned cool, so putting on a jacket when going out helps you avoid a cold.
8996	支柱	他是家裡的支柱。	He is the pillar of the family.
8997	支柱	爸爸生病後，媽媽成了全家的支柱，一個人撐起了整個家。	After dad fell ill, mom became the pillar of the family and held the whole home up alone.
8998	未曾	我未曾去過那裡。	I've never been there.
8999	未曾	他從未曾想過，自己會在三十歲時改行當廚師。	He never thought that at thirty he'd change careers to become a chef.
9000	民調	最新的民調出來了。	The latest poll is out.
9001	民調	根據最新民調，大部分民眾支持政府調整基本工資的決定。	According to the latest poll, most people support the government's decision to adjust the minimum wage.
9002	無條件	我無條件支持你。	I support you unconditionally.
9003	無條件	這家店無條件接受七天內退貨，所以大家買起來比較放心。	This shop accepts returns within seven days unconditionally, so customers feel safer buying.
9004	百合	這束百合很香。	This bunch of lilies smells lovely.
9005	百合	媽媽在窗台上種了幾盆百合，花開的時候滿屋子都是香氣。	Mom planted a few pots of lilies on the windowsill, and when they bloom the whole house is fragrant.
9006	答覆	請盡快答覆我。	Please reply to me soon.
9007	答覆	公司將在三天內答覆您的申請，請耐心等候。	The company will reply to your application within three days. Please wait patiently.
9008	耗費	這件事耗費很多時間。	This takes a lot of time.
9009	耗費	蓋這座橋耗費了五年的時間，花費超過十億元。	Building this bridge consumed five years and cost over a billion dollars.
9010	製成	這張桌子是木頭製成的。	This table is made of wood.
9011	製成	這種麵包是用傳統的方法製成的，所以口感特別有嚼勁。	This bread is made by a traditional method, so the texture is especially chewy.
9012	起步	新公司剛剛起步。	The new company has just started.
9013	起步	他的事業起步很晚，三十五歲才開始，卻越做越成功。	His career started late at thirty-five but grew more and more successful.
9014	銷毀	機密文件要銷毀。	Confidential documents must be destroyed.
9015	銷毀	過期的食品必須銷毀，不能再賣給消費者。	Expired food must be destroyed and cannot be sold to consumers.
9016	飽	我吃飽了。	I'm full.
9017	飽	中午吃了兩碗飯，現在飽得不想動，只想躺在沙發上。	I ate two bowls of rice at noon and am so full I don't want to move, just lie on the sofa.
9018	出示	請出示身分證。	Please show your ID card.
9019	出示	進入演唱會場地時，請出示電子票券，並配合工作人員檢查。	When entering the concert venue, please show your e-ticket and cooperate with staff checks.
9020	採光	這間房子採光很好。	This house has good natural light.
9021	採光	買房子時，我特別重視採光，因為我不想白天還要開燈。	When buying a house I care about natural light because I don't want to turn on lights in the daytime.
9022	紙巾	請給我一張紙巾。	Please give me a tissue.
9023	紙巾	出門前記得帶幾包紙巾，擦手或擦桌子都用得到。	Remember to carry a few packs of tissues when going out, handy for wiping hands or tables.
9024	隨手	出門時請隨手關燈。	Please turn off the lights on your way out.
9025	隨手	使用完的東西請隨手放回原位，這樣下一個人才容易找到。	Please put things back where they were after use, so the next person can find them easily.
9026	後天	後天是我的生日。	The day after tomorrow is my birthday.
9027	後天	我們後天一早就要出發去墾丁，今天晚上要先把行李整理好。	We leave early the day after tomorrow for Kenting, so we need to pack tonight.
9028	來	他明天會來。	He'll come tomorrow.
9029	來	客人到了，快來幫我端菜。	The guests are here, come help me carry the dishes.
9030	其	請閱讀其中一篇文章。	Please read one of the articles.
9031	其	這項政策雖然立意良好，但其效果仍有待觀察。	Although the policy has good intentions, its effects remain to be seen.
9032	全國	全國都在放假。	The whole nation is on vacation.
9033	全國	氣象局表示，全國各地明天都有機會下雨。	The weather bureau says it may rain all over the country tomorrow.
9034	提供	店家提供免費茶水。	The shop provides free tea.
9035	提供	請提供你的電話號碼，我們好和你聯絡。	Please provide your phone number so that we can contact you.
9036	打	我買了一打雞蛋。	I bought a dozen eggs.
9037	打	這種原子筆一打只要一百二，買回去給同事用剛好。	These ballpoint pens are only 120 dollars a dozen, perfect to buy for my coworkers.
9038	作	他是一位好作家。	He is a good writer.
9039	作	下個月是畢業季，學弟妹們得忙著作畢業專題了。	Next month is graduation season, and the juniors will be busy with their graduation projects.
9040	老	老王住在樓上。	Lao Wang lives upstairs.
9041	老	老李每天晚上都會帶著他的小狗在河邊散步。	Lao Li takes his little dog for a walk by the river every evening.
9042	增加	書包越來越重，負擔增加了。	The backpack keeps getting heavier, so the load has increased.
9043	增加	天氣變冷，感冒的人也增加了不少。	As the weather turns cold, quite a few more people have caught colds.
9044	處理	我來處理。	I'll handle it.
9045	處理	客服人員已經在處理你的退貨申請，請耐心等候。	The customer service staff are already handling your return request, so please wait patiently.
9046	女性	她是一位女性工程師。	She is a female engineer.
9047	女性	近年來，越來越多女性選擇自己創業。	In recent years, more and more women have chosen to start their own businesses.
9048	解釋	我來解釋一下。	Let me explain.
9049	解釋	你遲到的原因我聽不懂，可以再解釋一次嗎？	I didn't understand why you were late, can you explain once more?
9050	型	你是什麼血型？	What's your blood type?
9051	型	這款手機有好幾種型號，你喜歡哪一款？	This phone comes in several models, which one do you like?
9052	機場	機場在哪裡？	Where is the airport?
9053	機場	我們要提早三個小時到機場，才不會趕不上飛機。	We need to be at the airport three hours early so we don't miss our flight.
9054	規模	公司的規模很小。	The company is very small in scale.
9055	規模	這個夜市的規模很大，每到週末都擠滿了人。	This night market is huge in scale, and it's packed with people every weekend.
9056	促進	運動能促進健康。	Exercise promotes health.
9057	促進	這些活動的目的是促進社區居民之間的交流。	The purpose of these events is to promote exchange among neighbourhood residents.
9058	德	做人要有品德。	A person should have good character.
9059	德	老師常告訴我們，道德比成績更重要。	The teacher often tells us that morals matter more than grades.
9060	總理	總理今天發表談話。	The premier gave a speech today.
9061	總理	新聞說日本總理下週將訪問台灣。	The news says the Japanese prime minister will visit Taiwan next week.
9062	一部分	這是一部分。	This is a part of it.
9063	一部分	我的薪水有一部分要拿去繳房租，其他的才能存起來。	Part of my salary goes to rent, and only the rest can be saved.
9064	合法	這樣做合法嗎？	Is it legal to do this?
9065	合法	在台灣，十八歲以上才能合法考汽車駕照。	In Taiwan, you can legally take the car driving test only at eighteen or older.
9066	打開	請打開門。	Please open the door.
9067	打開	一回到家，我就先打開冷氣，再去洗澡。	As soon as I got home, I turned on the air conditioner first and then took a shower.
9068	特殊	這是特殊情況。	This is a special case.
9069	特殊	對於有特殊需求的旅客，機場都會提供專人協助。	For passengers with special needs, the airport provides dedicated assistance.
9070	警方	警方正在調查。	The police are investigating.
9071	警方	警方呼籲民眾，接到陌生電話時要小心詐騙。	The police urge the public to be wary of scams when they receive calls from strangers.
9072	下面	貓在桌子下面。	The cat is under the table.
9073	下面	請看下面的說明，照著步驟一步一步做就可以了。	Please see the instructions below and just follow the steps one by one.
9074	安	你放心，平安就好。	Don't worry, as long as you're safe.
9075	安	出門在外要注意安全，到了記得傳訊息報平安。	Take care of your safety when you're away, and send a message to say you've arrived safely.
9076	接	我去接你。	I'll come pick you up.
9077	接	電話響了好久，你怎麼都沒接？是不是在洗澡？	The phone rang for ages, why didn't you answer? Were you taking a shower?
9078	直播	今晚有棒球直播。	There's a live baseball broadcast tonight.
9079	直播	她每週五晚上都在網路上直播賣衣服，觀眾超多。	She livestreams clothes sales online every Friday night and has a huge audience.
9080	陳	博物館陳列著古董。	The museum displays antiques.
9081	陳	櫥窗裡陳列著各式各樣的手工藝品，吸引不少路人駐足。	All kinds of handicrafts are displayed in the shop window, attracting many passers-by.
9082	分為	書分為三冊。	The book is divided into three volumes.
9083	分為	這次比賽分為初賽和決賽，各有十個名額。	This competition is divided into a preliminary and a final, with ten places in each.
9084	妹妹	我妹妹十歲。	My younger sister is ten.
9085	妹妹	我妹妹最近迷上了烘焙，每天都在家做餅乾。	My younger sister has recently got into baking and makes cookies at home every day.
9086	提醒	謝謝你提醒我。	Thanks for reminding me.
9087	提醒	手機會提醒我每天晚上十點要吃藥，我才不會忘記。	My phone reminds me to take medicine at ten every night, so I won't forget.
9088	率	這個機率很低。	This probability is low.
9089	率	最近失業率下降，但物價上漲率還是很高。	Recently the unemployment rate has dropped, but the rate of price increase is still high.
9090	英	他是個英雄。	He is a hero.
9091	英	她是公司裡的精英，每年都被選為最佳員工。	She is an elite at the company and is chosen as the best employee every year.
9092	阻止	我們要阻止他。	We must stop him.
9093	阻止	警察及時阻止了詐騙集團，讓老人家沒有被騙到錢。	The police stopped the scam ring in time so the elderly person didn't lose any money.
9094	儘快	請儘快回覆。	Please reply as soon as possible.
9095	儘快	機車已經修好了，請儘快來店裡取車。	Your scooter has been repaired, please come to the shop to pick it up as soon as possible.
9096	好看	她穿這件很好看。	She looks good in this.
9097	好看	這部影集真的很好看，我一個週末就追完了。	This series is really good, I finished binge-watching it in one weekend.
9098	指數	今天的空氣品質指數很高。	Today's air quality index is high.
9099	指數	最近股市指數一直上升，我媽也開始買起股票了。	The stock index has been rising lately, and my mom has started buying stocks too.
9100	牆	牆是白色的。	The wall is white.
9101	牆	他在牆上掛了一幅畫，整個客廳看起來溫暖多了。	He hung a painting on the wall, and the whole living room looks much warmer.
9102	萬人	這場演唱會有萬人參加。	Ten thousand people attended this concert.
9103	萬人	跨年晚會當晚，萬人擠在市政府前的廣場倒數。	On the night of the New Year's Eve party, ten thousand people packed the plaza in front of city hall for the countdown.
9104	防止	要防止感冒。	You should guard against colds.
9105	防止	多開窗戶通風，可以防止病毒在室內傳染。	Opening windows for ventilation helps prevent viruses from spreading indoors.
9106	何	你何時回來？	When will you come back?
9107	何	事情都已經發生了，你又何必再自責呢？	It has already happened, so why blame yourself any more?
9108	卻是	他看起來很兇，卻是個很溫柔的人。	He looks fierce, but is actually a very gentle person.
9109	卻是	大家都以為會下雨，卻是一個大晴天。	Everyone thought it would rain, but it turned out to be a bright sunny day.
9110	天然	這是天然的果汁。	This is natural fruit juice.
9111	天然	這家店的冰淇淋全部使用天然水果，沒有人工香料。	All the ice cream at this shop uses natural fruit, without artificial flavours.
9112	微博	他常發微博。	He often posts on Weibo.
9113	微博	她在微博上追蹤了幾位喜歡的作家，常常留言。	She follows a few favourite authors on Weibo and often leaves comments.
9114	文獻	我在找文獻。	I'm looking for literature.
9115	文獻	寫論文之前，要先閱讀大量的相關文獻，整理成筆記。	Before writing a thesis, you first read a lot of related literature and organize it into notes.
9116	爭	他們在爭座位。	They are fighting over seats.
9117	爭	兩個小朋友為了一個玩具爭得面紅耳赤。	Two little kids argued till they were red in the face over one toy.
9118	繼承	他繼承了家業。	He inherited the family business.
9119	繼承	她繼承了阿公的老房子，打算把它改成民宿。	She inherited her grandpa's old house and plans to turn it into a guesthouse.
9120	質疑	沒有人質疑他。	Nobody questioned him.
9121	質疑	民眾質疑這項工程的預算不夠透明，要求市政府公開說明。	The public questioned the project budget's transparency and demanded that the city government explain it openly.
9122	陸續	客人陸續到了。	The guests are arriving one after another.
9123	陸續	新年之後，店家陸續恢復營業，街上又熱鬧起來了。	After New Year, shops resumed business one by one and the streets became lively again.
9124	假設	假設明天下雨，怎麼辦？	If it rains tomorrow, what shall we do?
9125	假設	假設你中了一千萬，你第一件事會想做什麼？	Suppose you won ten million, what's the first thing you'd want to do?
9126	含有	這含有糖。	This contains sugar.
9127	含有	這款飲料含有大量維他命C，但也含有不少糖分。	This drink contains lots of vitamin C, but also quite a lot of sugar.
9128	層面	這是不同的層面。	This is a different level.
9129	層面	這個問題牽涉到很多層面，不是一兩句話可以說清楚的。	This issue involves many aspects and can't be made clear in a sentence or two.
9130	播出	節目明天播出。	The show airs tomorrow.
9131	播出	這部連續劇每週六晚上八點播出，我媽從來不會錯過。	This drama airs every Saturday at eight p.m., and my mom never misses it.
9132	流量	今天路上的車流量很大。	The traffic volume on the road is heavy today.
9133	流量	我的手機流量快用完了，只好連上咖啡店的無線網路。	I'm almost out of mobile data, so I had to connect to the cafe's Wi-Fi.
9134	穿著	他穿著很正式。	His attire is very formal.
9135	穿著	面試時，穿著要乾淨整齊，才會給人好印象。	At an interview your attire should be clean and neat to leave a good impression.
9136	西北	風從西北吹來。	The wind blows from the northwest.
9137	西北	氣象局說，今晚有一道鋒面從西北方向接近，全台都會下雨。	The weather bureau says a front is approaching from the northwest tonight and rain will fall across Taiwan.
9138	鄰居	我的鄰居很好。	My neighbour is nice.
9139	鄰居	鄰居常把多出來的菜送給我們，我們也會回送水果。	Our neighbours often give us surplus vegetables, and we give fruit in return.
9140	主演	他主演這部電影。	He stars in this film.
9141	主演	這部劇由兩位金馬影帝主演，一播出就引起熱烈討論。	This series stars two Golden Horse best actors and sparked lively discussion as soon as it aired.
9142	劃	小心被刀劃到手。	Be careful not to get cut by the knife.
9143	劃	他用火柴劃了一下，點燃了蠟燭。	He struck a match and lit the candle.
9144	堅強	你要堅強。	You must be strong.
9145	堅強	雖然生活很辛苦，她依然堅強地把兩個孩子養大。	Although life was hard, she bravely raised two children.
9146	屋	這間屋子很小。	This room is small.
9147	屋	山上的小木屋很安靜，晚上還能看到滿天星星。	The little cabin in the mountains is quiet, and at night you can see a sky full of stars.
9148	投降	我投降！	I surrender!
9149	投降	被朋友笑到不行，我只好舉手投降，承認這次我輸了。	With my friends laughing so hard, I had to raise my hands and admit I lost this time.
9150	有意思	這本書很有意思。	This book is interesting.
9151	有意思	她說話很有意思，跟她聊天不會無聊。	She is fun to talk to, and chatting with her is never boring.
9152	淘汰	舊電腦被淘汰了。	The old computer has been phased out.
9153	淘汰	這種舊款手機已經被市場淘汰，現在很少人在用。	This old model of phone has been phased out by the market, and few people use it now.
9154	男友	她有男友了。	She has a boyfriend now.
9155	男友	我男友週末都會陪我去市場買菜，順便吃早餐。	My boyfriend goes with me to the market on weekends to buy groceries and have breakfast.
9156	節奏	這首歌的節奏很快。	This song has a fast rhythm.
9157	節奏	城市的生活節奏很快，很多人下班後都沒力氣煮飯。	City life is fast-paced and many people have no energy to cook after work.
9158	董事會	董事會開會了。	The board of directors is meeting.
9159	董事會	董事會決定下個月起，公司正式採用四天工作制。	The board of directors decided that starting next month the company will officially adopt a four-day work week.
9160	軟	這張床很軟。	This bed is soft.
9161	軟	這種麵包很軟，放到隔天還是很好吃。	This bread is soft and is still delicious the next day.
9162	電池	電池沒電了。	The battery is dead.
9163	電池	我的手機電池很不耐用，出門一定要帶行動電源。	My phone battery doesn't last, so I always take a power bank when I go out.
9164	世人	世人都知道。	Everyone knows.
9165	世人	這位畫家的作品被世人稱讚，到現在仍受到喜愛。	This painter's works were praised by the world and are still loved today.
9166	出租車	我想租出租車。	I'd like to rent a car.
9167	出租車	我們到花蓮前先在網路上預約了一輛出租車，自己開車環島。	Before going to Hualien we booked a rental car online to drive around the island ourselves.
9168	四處	他四處找你。	He's looking everywhere for you.
9169	四處	小狗在公園裡四處跑，開心得不得了。	The puppy runs all over the park, happy beyond words.
9170	寧	他過著安寧的生活。	He lives a peaceful life.
9171	寧	鄉下的夜晚非常寧靜，只聽得見蟲鳴聲。	The countryside night is very tranquil, and only the sound of insects can be heard.
9172	想念	我很想念你。	I miss you a lot.
9173	想念	出國念書以後，我最想念的就是媽媽煮的家常菜。	After going abroad to study, what I miss most is my mom's home cooking.
9174	數目	這個數目不小。	This amount is not small.
9175	數目	你先算一下數目對不對，再把錢交給老闆。	Check whether the amount is right before handing the money to the boss.
9176	流域	這是河流的流域。	This is the river basin.
9177	流域	大甲溪流域的水庫供應台中很多人的用水。	Reservoirs in the Dajia River basin supply water to many people in Taichung.
9178	登場	明星登場了。	The star made an entrance.
9179	登場	新一季的影集即將登場，粉絲們已經在網路上討論好幾天了。	The new season of the series is about to premiere, and fans have been discussing it online for days.
9180	縮短	我想縮短時間。	I want to shorten the time.
9181	縮短	新的高速公路縮短了南北之間的車程，大概省了半小時。	The new highway shortens the drive between north and south by about half an hour.
9182	解散	他們把社團解散了。	They disbanded the club.
9183	解散	活動結束後，隊長讓大家解散，各自回家休息。	After the activity ended, the captain told everyone to disperse and go home to rest.
9184	開口	他不好意思開口。	He's too shy to speak up.
9185	開口	我有事想請你幫忙，可是一直不知道怎麼開口。	I want to ask you for a favor, but I haven't known how to bring it up.
9186	上街	我們上街買東西。	We're going shopping.
9187	上街	週末我常跟朋友上街逛逛，看看有沒有便宜的衣服。	On weekends I often go shopping with friends to look for cheap clothes.
9188	備案	合約要備案。	The contract must be filed.
9189	備案	新開的補習班必須向教育局備案，才能正式營業。	A newly opened cram school must register with the education bureau before it can officially operate.
9190	功	他立了大功。	He did a great deed.
9191	功	做事要下功夫，不能只想靠運氣。	To get things done you must put in effort, not just rely on luck.
9192	嘉賓	今天有特別嘉賓。	Today there is a special guest.
9193	嘉賓	節目邀請了一位知名作家當嘉賓，分享他的寫作經驗。	The show invited a well-known author as a guest to share his writing experience.
9194	學到	我學到很多。	I learned a lot.
9195	學到	這次旅行讓我學到了不少，像是怎麼跟不同文化的人相處。	This trip taught me a lot, such as how to get along with people from different cultures.
9196	廣闊	海很廣闊。	The sea is vast.
9197	廣闊	站在山頂上，可以看到廣闊的草原和遠處的村莊。	Standing on the mountaintop you can see the vast grassland and distant villages.
9198	按摩	我想去按摩。	I want to go get a massage.
9199	按摩	長時間坐辦公室後，我都會去做肩頸按摩，放鬆一下。	After sitting at the office a long time, I get a neck and shoulder massage to relax.
9200	時常	他時常遲到。	He is often late.
9201	時常	我哥哥時常半夜打電動，白天上班都沒精神。	My older brother often plays video games at midnight and has no energy at work in the daytime.
9202	民意	民意很重要。	Public opinion is important.
9203	民意	市長說會尊重民意，重新考慮這項停車費的調漲。	The mayor said he'd respect public opinion and reconsider the parking fee hike.
9204	無奈	我覺得很無奈。	I feel helpless.
9205	無奈	他無奈地笑了笑，因為再怎麼解釋，孩子都不聽。	He smiled helplessly, because no matter how he explained, the child wouldn't listen.
9206	研究院	他在研究院工作。	He works at a research institute.
9207	研究院	這間研究院每年都會邀請外國學者來台灣交流。	This research institute invites foreign scholars to Taiwan for exchange every year.
9208	腰	我腰很痠。	My lower back is sore.
9209	腰	長時間久坐讓我爸的腰越來越不舒服，他開始每天做伸展運動。	Sitting for long hours made my dad's waist increasingly uncomfortable, so he began stretching every day.
9210	試著	試著說說看。	Try saying it.
9211	試著	你試著用另一種方法解題，也許會比較容易。	Try solving the problem another way, perhaps it'll be easier.
9212	連線	手機連線不穩定。	The phone connection is unstable.
9213	連線	網路連線出了問題，視訊會議一直斷斷續續的。	There was a problem with the network connection, and the video meeting kept cutting out.
9214	除此之外	除此之外沒別的了。	Apart from this there is nothing else.
9215	除此之外	這間民宿有早餐，除此之外還提供免費接送服務。	This guesthouse has breakfast and, in addition, provides a free shuttle service.
9216	上半年	上半年很忙。	The first half of the year is busy.
9217	上半年	今年上半年公司的業績成長了兩成，老闆決定請大家吃大餐。	The company's performance grew twenty percent in the first half of this year, and the boss decided to treat everyone to a big meal.
9218	債	他欠了很多債。	He owes a lot of debt.
9219	債	朋友為了還債，同時打了好幾份工，每天都很累。	To repay his debt, my friend works several jobs at once and is tired every day.
9220	匯集	大家匯集在廣場。	Everyone gathers at the plaza.
9221	匯集	這本書匯集了作者十年來寫下的散文，非常值得一讀。	This book collects the essays the author wrote over ten years, and it is well worth reading.
9222	垂直	這條線是垂直的。	This line is vertical.
9223	垂直	牆壁要和地面垂直，不然房子會歪掉。	Walls must be perpendicular to the ground, or the house will lean.
9224	實業	他是做實業的。	He works in business.
9225	實業	這位實業家從小店做起，慢慢發展成大型企業。	This industrialist started from a small shop and gradually built a large enterprise.
9226	彙集	各地消息彙集到這裡。	News from all over gathers here.
9227	彙集	編輯把大家的意見彙集起來，做成一份簡單的報告。	The editor compiled everyone's opinions into a simple report.
9228	探測	機器在探測地底。	The machine is surveying underground.
9229	探測	科學家用儀器探測海底的地形，想找出新的資源。	Scientists use instruments to survey the seabed's terrain, hoping to find new resources.
9230	有毒	這種蘑菇有毒。	This mushroom is poisonous.
9231	有毒	有些野生植物看起來很漂亮，其實是有毒的，千萬不要亂吃。	Some wild plants look pretty but are actually poisonous, so never eat them casually.
9232	法人	公司是法人。	A company is a legal person.
9233	法人	這間基金會登記為財團法人，每年都要公開財務報告。	This foundation is registered as a juridical person and must publish its financial report every year.
9234	瓦解	敵人瓦解了。	The enemy collapsed.
9235	瓦解	球隊因為內部不合，不到一年就瓦解了。	The team fell apart in under a year due to internal discord.
9236	節能	我們要節能。	We should save energy.
9237	節能	換成節能燈泡後，我家的電費每個月少了兩百多塊。	After switching to energy-saving bulbs, my family's electricity bill dropped by over two hundred dollars a month.
9238	蒂	這顆番茄的蒂很綠。	The stem of this tomato is very green.
9239	蒂	洗草莓的時候，先不要把蒂拔掉，這樣比較不會流失水分。	When washing strawberries, don't pull off the stems first, as they keep moisture in better.
9240	財物	請保管好財物。	Please take care of your belongings.
9241	財物	公車上人很多，請隨時注意自己的財物，小心扒手。	The bus is crowded, so please watch your belongings and beware of pickpockets.
9242	錄製	他在錄製節目。	He is recording a programme.
9243	錄製	歌手在錄音室裡錄製新歌，連續三天都待在裡面。	The singer is recording a new song in the studio and has stayed there three days in a row.
9244	驚	別驚動他。	Don't startle him.
9245	驚	半夜聽到奇怪的聲音，我嚇得驚醒，才發現是貓跳上了桌子。	In the middle of the night I heard a weird noise and woke in fright, only to find the cat had jumped onto the table.
9246	主人公	主人公是一個小男孩。	The protagonist is a little boy.
9247	主人公	這部電影的主人公為了尋找失蹤的父親，一個人走遍了整個城市。	The protagonist of this film walked across the whole city alone to look for his missing father.
9248	借用	我可以借用一下嗎？	May I borrow it for a moment?
9249	借用	我借用你的手機打個電話，我的手機忘在家裡了。	Let me borrow your phone to make a call, I left mine at home.
9250	刻	現在是三點一刻。	It's a quarter past three.
9251	刻	為了留下紀念，他在樹上刻了兩個人的名字。	To leave a memento, he carved both their names into the tree.
9252	合作社	我們村有合作社。	Our village has a cooperative.
9253	合作社	農民成立合作社，一起把水果賣到城市，價格比較穩定。	The farmers set up a cooperative to sell fruit to the city together, so prices are more stable.
9254	城牆	古城有城牆。	The old city has walls.
9255	城牆	城牆已經有五百年的歷史，遊客可以登上去看整座城市的風景。	The city wall is five hundred years old, and visitors can climb up to view the whole city.
9256	嫉妒	你在嫉妒嗎？	Are you jealous?
9257	嫉妒	她嫉妒朋友的好成績，回家之後就更努力念書。	She envied her friend's good grades and studied harder after getting home.
9258	已婚	他已婚了。	He is married.
9259	已婚	申請這項補助的人，需要註明自己是未婚還是已婚。	People applying for this subsidy need to state whether they are single or married.
9260	想不到	真是想不到！	What a surprise!
9261	想不到	想不到這麼小的店，竟然賣得出全台最好吃的蚵仔煎。	Who would have thought such a small shop could sell the most delicious oyster omelette in Taiwan.
9262	掌聲	現場響起掌聲。	Applause rang out on the scene.
9263	掌聲	演講結束後，觀眾報以熱烈的掌聲，久久不停。	After the speech the audience gave warm applause that went on for a long time.
9264	文檔	文檔存好了。	The file is saved.
9265	文檔	請把這份文檔另存新檔，再用電子郵件寄給主管。	Please save this document under a new name and send it to the supervisor by email.
9266	槍殺	他被槍殺了。	He was shot dead.
9267	槍殺	新聞報導，一名銀行搶匪昨天在逃亡時遭警方槍殺。	The news reported that a bank robber was shot dead by police during an escape yesterday.
9268	浪潮	新浪潮來了。	A new wave is coming.
9269	浪潮	電動車的浪潮席捲全世界，很多汽車公司都轉型了。	The wave of electric vehicles is sweeping the world, and many car companies have transformed.
9270	狩獵	他喜歡狩獵。	He likes hunting.
9271	狩獵	原住民的狩獵文化有嚴格的規矩，保護山林的平衡。	The indigenous hunting culture has strict rules to protect the balance of the mountains.
9272	碰撞	兩輛車發生碰撞。	Two cars collided.
9273	碰撞	昨天的碰撞事故讓整條路塞了一個小時，大家都遲到了。	Yesterday's collision caused the whole road to jam for an hour, and everyone was late.
9274	經紀人	他是經紀人。	He is an agent.
9275	經紀人	歌手的經紀人幫他安排所有行程，也負責跟廠商談合作。	The singer's agent arranges all his schedule and also negotiates with sponsors.
9276	臺詞	他背臺詞。	He is memorizing his lines.
9277	臺詞	這部電影的臺詞很有深度，很多句子被觀眾拿來當名言。	The film's lines are profound, and many are quoted by audiences as sayings.
9278	該死	該死，我忘了帶鑰匙！	Damn it, I forgot my keys!
9279	該死	該死的蚊子，一整晚都在我耳邊嗡嗡叫，害我睡不著。	Those damned mosquitoes buzzed by my ear all night and kept me awake.
9280	農夫	他是農夫。	He is a farmer.
9281	農夫	農夫每天天沒亮就下田，直到太陽下山才回家。	The farmer goes out to the field before dawn and doesn't return until sunset.
9282	陶瓷	這是陶瓷杯。	This is a ceramic cup.
9283	陶瓷	鶯歌以陶瓷聞名，假日有很多人去那裡逛老街、自己捏陶。	Yingge is famous for ceramics, and many people go on holidays to browse the old street and make pottery themselves.
9284	體育館	體育館在那邊。	The gymnasium is over there.
9285	體育館	下雨天時，體育課就改在體育館裡上，大家一起打羽毛球。	On rainy days PE class is held in the gym, and everyone plays badminton together.
9286	喝一杯聊聊	下班後去喝一杯聊聊吧。	Let's go have a drink and chat after work.
9287	喝一杯聊聊	好久不見，找個時間約出來喝一杯聊聊，好嗎？	Haven't seen you in ages, how about getting together sometime for a drink and a chat?
9288	有空	你明天有空嗎？	Are you free tomorrow?
9289	有空	等你有空的時候，再把這份文件寄給我就可以了。	Just send me this document when you have time.
9290	菜單	請給我菜單。	Please give me the menu.
9291	菜單	這家餐廳的菜單每天都不一樣，要看老闆那天買了什麼菜。	This restaurant's menu is different every day, depending on what ingredients the boss bought.
9292	上週	上週我生病了。	I was sick last week.
9293	上週	上週開會時，老闆提到的新計畫，這週已經開始進行了。	The new project the boss mentioned in last week's meeting has already begun this week.
9294	地瓜球	我想吃地瓜球。	I want to eat sweet potato balls.
9295	地瓜球	夜市的地瓜球炸得外酥內軟，我每次經過都會買一袋。	The sweet potato balls at the night market are fried crispy outside and soft inside, and I buy a bag every time I pass.
9296	後	吃飯後要刷牙。	Brush your teeth after eating.
9297	後	下班後,我跟同事一起去運動中心打羽毛球。	After work, I went with my coworkers to the sports center to play badminton.
9298	後	吃完飯後我們去散步。	After eating, we went for a walk.
9299	後	下班後我通常會先去超商買點東西，再搭捷運回家。	After work I usually stop by the convenience store first, then take the MRT home.
9300	該	你該去看醫生了。	You should go see a doctor.
9301	該	已經十二點了,我該睡覺了,明天還要早起上班。	It's already twelve. I should get to bed, since I have to get up early for work tomorrow.
9302	該	你該睡覺了。	You should go to bed.
9303	該	這個月的房租該繳了，我等一下去超商繳費。	The rent is due this month, so I'll go pay it at the convenience store in a bit.
9304	第	我住在第三層樓。	I live on the third floor.
9305	第	這是我第一次一個人去日本旅行,有點緊張。	This is my first time traveling to Japan alone, and I'm a little nervous.
9306	第	我坐在第三排。	I'm sitting in the third row.
9307	第	這是我第一次搭高鐵去台南，心情很興奮。	This is my first time taking the High Speed Rail to Tainan, and I'm excited.
9308	點	我要點一杯咖啡。	I'd like to order a coffee.
9309	點	服務生,我們點好菜了,麻煩你過來一下。	Waiter, we've decided on our order. Could you come over, please?
9310	點	我想點一杯拿鐵。	I'd like to order a latte.
9311	點	服務生，我們點好了，請問餐點大概要等多久？	Excuse me, we've ordered. About how long will the food take?
9312	約	我們約好六點見面。	We agreed to meet at six.
9313	約	我跟牙醫約了下週三,可是臨時有會議,只好改時間。	I made a dentist appointment for next Wednesday, but a meeting came up, so I had to reschedule.
9314	約	捷運站離這裡約五分鐘。	The MRT station is about five minutes from here.
9315	約	我和同事約了明天中午在公司附近吃飯。	I arranged to have lunch with a coworker near the office tomorrow noon.
9316	找	我在找我的鑰匙。	I'm looking for my keys.
9317	找	我找了半天都找不到停車位,最後只好停遠一點。	I searched for ages without finding a parking spot, so I finally had to park farther away.
9318	亦	此規定亦適用於所有員工。	This rule also applies to all employees.
9319	亦	本店提供外送服務,亦可現場取餐。	This shop offers delivery, and pickup in person is also possible.
9320	才能	他很有音樂才能。	He has a lot of musical talent.
9321	才能	這孩子從小就展現出繪畫的才能,老師都很驚訝。	This child showed a talent for painting from a young age, and the teachers were all amazed.
9322	非	他非去不可。	He absolutely has to go.
9323	非	非會員不得進入本區域,請出示會員卡。	Non-members may not enter this area. Please show your membership card.
9324	數據	這些數據很重要。	This data is important.
9325	數據	根據最新的數據,今年來台灣的觀光客比去年多了兩成。	According to the latest data, there are 20 percent more tourists in Taiwan this year than last year.
9326	事實	這是不爭的事實。	This is an undeniable fact.
9327	事實	事實上,我一開始也不相信他說的話。	In fact, I didn't believe what he said at first either.
9328	帶來	我帶來了水果。	I brought some fruit.
9329	帶來	這場雨帶來了涼意,也讓空氣變得乾淨許多。	This rain brought coolness and made the air much cleaner.
9330	相當	今天相當熱。	It's quite hot today.
9331	相當	這家餐廳的服務相當不錯,所以週末常常客滿。	The service at this restaurant is quite good, so it's often full on weekends.
9332	金	這個戒指是金的。	This ring is made of gold.
9333	金	我外婆有一條金項鍊,是她結婚的時候買的。	My grandma has a gold necklace that she bought when she got married.
9334	即使	即使很累,他也要去。	Even if he's tired, he's going.
9335	即使	即使下大雨,明天的活動也不會取消,請準時到場。	Even if it rains heavily, tomorrow's event won't be canceled, so please arrive on time.
9336	有點	我今天有點累。	I'm a little tired today.
9337	有點	這碗湯有點鹹,可以幫我加一點水嗎?	This soup is a bit salty. Could you add a little water for me?
9338	逐漸	天氣逐漸變冷了。	The weather is gradually getting colder.
9339	逐漸	搬來台北之後,我逐漸習慣了這裡忙碌的生活。	After moving to Taipei, I gradually got used to the busy life here.
9340	值得	這本書值得一看。	This book is worth reading.
9341	值得	為了好吃的牛肉麵,排一個小時的隊也值得。	For delicious beef noodles, even waiting in line for an hour is worth it.
9342	威脅	有人威脅過他。	Someone threatened him.
9343	威脅	詐騙集團常常用威脅的方式,要老人家趕快匯錢。	Scam rings often use threats to make elderly people transfer money quickly.
9344	斯	他說話很斯文。	He speaks very politely.
9345	斯	這位老教授個性斯文,對學生總是輕聲細語。	This old professor is gentle by nature and always speaks softly to students.
9346	紅	她穿著紅衣服。	She is wearing red clothes.
9347	紅	過年時長輩會包紅包給小孩,小孩們都很期待。	At New Year the elders give kids red envelopes, and the kids look forward to it.
9348	避免	請避免遲到。	Please avoid being late.
9349	避免	為了避免感冒,天氣變冷時要記得多穿衣服、多喝水。	To avoid catching a cold, remember to wear more layers and drink more water when it gets cold.
9350	判斷	我很難判斷。	It's hard for me to judge.
9351	判斷	醫生要先檢查,才能判斷是不是需要開刀。	The doctor has to examine first before judging whether surgery is needed.
9352	引發	大雨引發了淹水。	The heavy rain triggered flooding.
9353	引發	這則新聞在網路上引發了很多討論,大家意見不一。	This news story set off a lot of discussion online, and opinions are divided.
9354	正是	這正是我要的。	This is exactly what I wanted.
9355	正是	現在正是櫻花盛開的季節,陽明山上滿是賞花的人。	Now is precisely the season when cherry blossoms bloom, and Yangmingshan is full of flower viewers.
9356	表	請填一張表。	Please fill out a form.
9357	表	我把這個月的開銷整理成一張表,比較容易看懂。	I put this month's spending into a table, which is easier to understand.
9358	事實上	事實上我不太餓。	Actually, I'm not very hungry.
9359	事實上	大家都以為他很兇,事實上他是一個很溫柔的人。	Everyone thought he was fierce, but in fact he's a very gentle person.
9360	哲學	他喜歡哲學。	He likes philosophy.
9361	哲學	哲學課上,老師常常問我們「什麼是幸福」這類問題。	In philosophy class, the teacher often asks questions like "What is happiness?"
9362	廣大	這片草原很廣大。	This grassland is vast.
9363	廣大	這項服務深受廣大民眾喜愛,使用人數每年都在增加。	This service is loved by the broad public, and users increase every year.
9364	樓	我住在五樓。	I live on the fifth floor.
9365	樓	這棟樓沒有電梯,搬家具上去的時候真的很累。	This building has no elevator, so moving furniture up was really tiring.
9366	簡直	這簡直太好笑了!	This is just too funny!
9367	簡直	他說的話簡直讓人不敢相信,大家都愣住了。	What he said was simply unbelievable, and everyone was stunned.
9368	貸款	我想申請貸款。	I'd like to apply for a loan.
9369	貸款	買房子需要貸款,所以他每個月都要按時還錢給銀行。	Buying a house takes a loan, so he has to repay the bank on time every month.
9370	不如	不如我們去看電影吧。	Why don't we go see a movie instead?
9371	不如	與其在家等,不如直接去車站問問看比較快。	Rather than wait at home, it's faster to just go to the station and ask.
9372	含	她嘴裡含著糖。	She has candy in her mouth.
9373	含	這杯飲料含糖量很高,醫生說最好少喝一點。	This drink has a high sugar content, and the doctor says to drink less.
9374	彼此	我們彼此認識。	We know each other.
9375	彼此	朋友之間彼此尊重,感情才會長久。	Only when friends respect each other will the friendship last.
9376	款	這款手機很輕。	This phone model is light.
9377	款	這款包包有三種顏色,我比較喜歡綠色的。	This bag style comes in three colors, and I prefer the green one.
9378	章	這本書有十章。	This book has ten chapters.
9379	章	這份文件需要蓋章,你帶印章了嗎?	This document needs a stamp. Did you bring your seal?
9380	貧困	他家很貧困。	His family is very poor.
9381	貧困	基金會幫助貧困家庭的孩子,讓他們也能安心上學。	The foundation helps children from impoverished families so they too can attend school without worry.
9382	上班	我明天要上班。	I have to go to work tomorrow.
9383	上班	我每天騎機車上班,大概二十分鐘就到了。	I ride my scooter to work every day, and it takes about twenty minutes.
9384	冷	今天好冷。	It's so cold today.
9385	冷	這杯咖啡冷了,我去幫你重新熱一下好不好?	This coffee has gone cold. Shall I go warm it up again for you?
9386	國有	這塊地是國有的。	This land is state-owned.
9387	國有	這座國有林地已經對外開放,假日有許多人來健行。	This state-owned forest is now open to the public, and many people come hiking on holidays.
9388	島嶼	台灣是一個島嶼。	Taiwan is an island.
9389	島嶼	澎湖是由很多小島嶼組成的,夏天的海景特別美。	Penghu consists of many small islands, and the sea view is especially beautiful in summer.
9390	援助	國家給予他們援助。	The country provided aid to them.
9391	援助	地震發生後,各國紛紛提供物資援助,幫助受災的居民。	After the earthquake, countries offered material aid to help the affected residents.
9392	沒錯	沒錯,就是這樣。	That's right, exactly.
9393	沒錯	沒錯,我昨天確實看到他在車站,他還跟我打了招呼。	That's right. I did see him at the station yesterday, and he even said hi to me.
9394	空	杯子是空的。	The cup is empty.
9395	空	我下午有空,要不要一起去喝杯咖啡?	I'm free this afternoon. Want to grab a coffee together?
9396	解除	警報已經解除了。	The alarm has been lifted.
9397	解除	颱風離開後,氣象局宣布解除海上警報。	After the typhoon left, the weather bureau announced the lifting of the sea warning.
9398	邊界	兩國的邊界在山上。	The border between the two countries is in the mountains.
9399	邊界	這條河是兩個縣市的邊界,過了橋就是另一個縣。	This river is the boundary between two counties; past the bridge is another county.
9400	之內	請在十分鐘之內完成。	Please finish within ten minutes.
9401	之內	三天之內,我會把報告寄給你,請不用擔心。	Within three days I'll send you the report, so please don't worry.
9402	動機	他的動機是什麼?	What is his motive?
9403	動機	警方正在調查嫌犯的動機,目前還沒有清楚的結論。	Police are investigating the suspect's motive and have no clear conclusion yet.
9404	好吃	這個蛋糕很好吃。	This cake is delicious.
9405	好吃	巷子裡那家滷肉飯真的很好吃,我每個禮拜都去吃。	The braised pork rice at that place in the alley is really tasty; I go every week.
9406	批	這一批貨今天到。	This batch of goods arrives today.
9407	批	新的一批學生下週開始報到,老師們正在做準備。	A new batch of students reports next week, and the teachers are getting ready.
9408	樣	這個樣子很可愛。	This looks cute.
9409	樣	她跟小時候長得一個樣,我一眼就認出來了。	She looks the same as when she was little, and I recognized her at once.
9410	疫情	疫情已經過去了。	The epidemic has passed.
9411	疫情	疫情期間,學校改成線上上課,孩子們都在家裡學習。	During the epidemic, schools switched to online classes and kids studied at home.
9412	繼	他繼續工作。	He continues working.
9413	繼	爸爸退休以後,哥哥繼承了家裡的小店,繼續經營下去。	After Dad retired, my brother took over the family shop and kept running it.
9414	購	我想購買這個。	I'd like to purchase this.
9415	購	線上購物很方便,不過購買前最好先看看大家的評價。	Online shopping is convenient, but it's best to read reviews before purchasing.
9416	騎士	他是機車騎士。	He is a scooter rider.
9417	騎士	騎士一定要戴安全帽,這是為了自己的安全。	Riders must wear helmets, for their own safety.
9418	傷心	她很傷心。	She is heartbroken.
9419	傷心	看到小狗走失的告示,我心裡也跟著傷心起來。	Seeing the missing puppy notice, I started feeling sad too.
9420	吐	他吐了一口氣。	He let out a breath.
9421	吐	坐車坐太久,我覺得好暈,差點就吐了。	I rode too long and felt so dizzy that I nearly threw up.
9422	娶	他想娶她。	He wants to marry her.
9423	娶	他說等存夠錢,就要娶她回家,一起好好過日子。	He said that when he's saved enough, he'll marry her and they'll build a good life together.
9424	征	他們踏上了長征。	They set out on the long march.
9425	征	球隊遠征日本,希望能在國際比賽中取得好成績。	The team went on tour to Japan, hoping to get good results in international matches.
9426	放鬆	請放鬆一點。	Please relax a little.
9427	放鬆	考完試以後,我想好好放鬆,泡個澡、看看電影。	After exams I want to really relax, take a bath and watch a movie.
9428	殖民	這裡以前是殖民地。	This used to be a colony.
9429	殖民	台灣的歷史中有一段是殖民時期,許多老建築還留到現在。	Taiwan's history includes a colonial period, and many old buildings remain today.
9430	熱烈	大家熱烈歡迎他。	Everyone gave him a warm welcome.
9431	熱烈	演唱會一結束,觀眾們熱烈鼓掌,久久不願離開。	When the concert ended, the audience applauded enthusiastically and was reluctant to leave.
9432	眾人	眾人都笑了。	Everyone laughed.
9433	眾人	他在眾人面前大聲唱歌,一點也不害羞。	He sang loudly in front of everyone, without any shyness.
9434	老實	他很老實。	He is very honest.
9435	老實	老實說,我覺得這家餐廳的東西不太好吃。	To be honest, I don't think the food at this restaurant is very good.
9436	識	我不認識他。	I don't know him.
9437	識	多讀書可以增長知識,也能看見不同的世界。	Reading more increases your knowledge and shows you different worlds.
9438	錄像	我有錄像。	I have a video recording.
9439	錄像	警察調出路口的錄像,終於找到了那輛車。	The police pulled up the intersection's video recording and finally found the car.
9440	鬥	公雞在鬥。	The roosters are fighting.
9441	鬥	那兩個小朋友為了玩具鬥起嘴來,誰也不讓誰。	The two kids bickered over a toy, neither giving way.
9442	停留	我在台北停留三天。	I'm staying in Taipei for three days.
9443	停留	旅客在機場停留的時間超過八小時,可以申請休息室。	Travelers who stay at the airport over eight hours can apply to use the lounge.
9444	原有	保留原有的樣子。	Keep the original appearance.
9445	原有	整修之後,老屋仍保留原有的木頭窗戶和磁磚地板。	After renovation, the old house still keeps its original wooden windows and tile floors.
9446	天才	他是個天才。	He is a genius.
9447	天才	這孩子是個音樂天才,三歲就能彈出簡單的曲子。	This child is a musical genius who could play simple tunes at age three.
9448	平常	我平常六點起床。	I usually get up at six.
9449	平常	平常心就好,考試只是檢查你學會了多少,不要太緊張。	Just keep a normal attitude. The exam only checks what you've learned, so don't be too nervous.
9450	提倡	政府提倡多運動。	The government promotes exercising more.
9451	提倡	學校提倡自備環保杯,希望減少一次性的塑膠垃圾。	The school promotes bringing your own reusable cup to reduce single-use plastic waste.
9452	梁	屋梁很粗。	The roof beam is thick.
9453	梁	老房子的梁都是木頭做的,已經有上百年的歷史了。	The beams in the old house are made of wood and have a history of over a hundred years.
9454	熊	動物園裡有一隻熊。	There's a bear at the zoo.
9455	熊	台灣黑熊是保育類動物,數量越來越少。	The Formosan black bear is a protected species, and their numbers keep dropping.
9456	窮人	窮人也需要幫助。	The poor also need help.
9457	窮人	這間廟每年冬天都會發放棉被給窮人,讓他們度過寒冬。	This temple distributes blankets to the poor every winter to help them through the cold.
9458	興	最近興穿寬褲。	Wide pants are in fashion lately.
9459	興	這個年代興起了一種新的飲料,年輕人都愛喝。	A new kind of drink has become popular in this era, and young people all love it.
9460	途中	途中遇到塞車。	We hit traffic on the way.
9461	途中	我在回家的途中看到一隻小貓,就把牠帶回去了。	On my way home I saw a kitten and took it back with me.
9462	高手	他是下棋高手。	He's a chess master.
9463	高手	這家店的老闆是做麵的高手,每一碗都煮得剛剛好。	The owner of this shop is a master noodle-maker, and every bowl is cooked just right.
9464	以南	高雄以南天氣比較熱。	It's hotter south of Kaohsiung.
9465	以南	濁水溪以南一帶,是台灣重要的農業區。	The area south of the Zhuoshui River is an important agricultural region in Taiwan.
9466	分化	社會意見逐漸分化。	Public opinion is gradually splitting.
9467	分化	這項政策讓民眾的意見出現分化,網路上吵得很厲害。	This policy split public opinion, and there are heated arguments online.
9468	可笑	這個想法很可笑。	This idea is ridiculous.
9469	可笑	他說自己三天就能學會彈鋼琴,聽起來真的很可笑。	He says he can learn piano in three days, which sounds truly laughable.
9470	天上	天上有很多星星。	There are many stars in the sky.
9471	天上	天上的雲越來越黑,看來馬上就要下大雨了。	The clouds in the sky are getting darker, so it looks like heavy rain is coming.
9472	巧克力	我喜歡吃巧克力。	I like eating chocolate.
9473	巧克力	天氣太熱,巧克力在包包裡全部融化了,吃起來黏黏的。	The weather was so hot that the chocolate melted in my bag and became sticky.
9474	手下	老闆的手下很多。	The boss has many subordinates.
9475	手下	他手下有十位員工,每個人的個性都不太一樣。	He has ten employees under him, and each has a different personality.
9476	政治家	他是一位政治家。	He is a statesman.
9477	政治家	好的政治家不只要有能力,還要願意傾聽人民的聲音。	A good statesman needs not only ability but also willingness to listen to the people's voice.
9478	模樣	她的模樣沒有變。	Her appearance hasn't changed.
9479	模樣	十年後再見面,她還是那副可愛的模樣,讓我很驚訝。	Meeting again ten years later, she still looks cute, which surprised me.
9480	溫	把湯溫一下。	Warm up the soup.
9481	溫	今天的氣溫很溫和,出門只要穿一件薄外套就夠了。	Today's temperature is mild; a thin jacket is enough to go out.
9482	症	這是一種怪症。	This is a strange illness.
9483	症	醫生說他的症狀是過敏,開了藥並提醒他要避免接觸花粉。	The doctor said his symptoms were allergies, prescribed medicine, and warned him to avoid pollen.
9484	總共	總共多少錢?	How much is it altogether?
9485	總共	我們總共有八個人,麻煩幫我們安排一張大桌子。	There are eight of us in total, so please give us a big table.
9486	裁判	裁判吹了哨子。	The referee blew the whistle.
9487	裁判	裁判看清楚了犯規動作,立刻判罰,球迷們紛紛抱怨。	The referee saw the foul clearly and penalized it immediately, and fans complained.
9488	跪	他跪在地上。	He knelt on the ground.
9489	跪	孩子在廟裡跪下來,雙手合十,誠心地許了一個願。	The child knelt in the temple, pressed his palms together and sincerely made a wish.
9490	鑽石	她戴著鑽石戒指。	She wears a diamond ring.
9491	鑽石	他用存了三年的錢買了一顆鑽石,準備向女朋友求婚。	He used three years of savings to buy a diamond to propose to his girlfriend.
9492	高壓	電線是高壓的。	The power line is high voltage.
9493	高壓	這條電線是高壓電,千萬不要碰。	This wire carries high voltage, so never touch it.
9494	來不及	快點,來不及了!	Hurry up, we're running out of time!
9495	來不及	我睡過頭了,現在才起床,恐怕來不及吃早餐了。	I overslept and am only getting up now, so I'm afraid there's no time for breakfast.
9496	切斷	電線被切斷了。	The power line was cut.
9497	切斷	施工時不小心切斷了水管,整條街都停水了。	A water pipe was accidentally cut during construction, and the whole street lost water.
9498	哭泣	孩子在哭泣。	The child is crying.
9499	哭泣	電影演到最後,觀眾席傳來低低的哭泣聲,連我都紅了眼眶。	Near the end of the film, soft weeping rose from the audience, and even my eyes reddened.
9500	好轉	病情有好轉。	The condition has improved.
9501	好轉	天氣預報說明天會好轉,我們的露營計畫應該可以照常進行。	The forecast says it will improve tomorrow, so our camping plan should go ahead as usual.
9502	常態	這不是常態。	This is not the norm.
9503	常態	最近物價上漲已經變成常態,大家買東西都變得更節省。	Rising prices have become the norm lately, and everyone is more frugal.
9504	所知	據我所知,他已經搬家了。	As far as I know, he has moved.
9505	所知	就我所知,這家餐廳的老闆是從南部上來的,所以菜很道地。	From what I know, the owner of this restaurant came up from the south, so the food is authentic.
9506	旅程	祝你旅程愉快!	Have a pleasant trip!
9507	旅程	這趟環島旅程雖然辛苦,卻讓我看見了許多以前沒看過的風景。	This round-the-island journey was hard, yet it showed me much scenery I'd never seen.
9508	歸還	請歸還圖書。	Please return the books.
9509	歸還	借的書一定要在期限內歸還,否則圖書館會罰款。	Borrowed books must be returned within the deadline or the library will fine you.
9510	無視	不能無視危險。	You can't ignore danger.
9511	無視	他無視交通號誌闖紅燈,結果被警察攔下來開罰單。	He ignored the traffic signal and ran a red light, so the police stopped him and wrote a ticket.
9512	社群	我有社群帳號。	I have a social media account.
9513	社群	他經營一個攝影社群,成員常常在週末一起外拍。	He runs a photography community whose members often shoot together on weekends.
9514	肌膚	她的肌膚很白。	Her skin is very fair.
9515	肌膚	冬天空氣乾燥,要多擦乳液,才能保護肌膚不乾裂。	In winter the air is dry, so apply more lotion to keep your skin from cracking.
9516	詮釋	他詮釋得很好。	He interpreted it very well.
9517	詮釋	這位演員用自己的方式詮釋這個角色,讓觀眾印象深刻。	The actor interpreted the role in his own way, leaving a deep impression on the audience.
9518	適宜	這裡適宜居住。	This place is suitable for living.
9519	適宜	這種水果適宜在溫暖的地方生長,所以南部的產量比較多。	This fruit suits warm places, so the south has higher output.
9520	預約	我已經預約了。	I've already made a reservation.
9521	預約	這家牙醫要先預約,最快也要等到下週三才有空位。	This dentist requires appointments, and the earliest slot is next Wednesday.
9522	不容	規定不容破壞。	Rules must not be broken.
9523	不容	食品安全不容馬虎,每一個環節都必須嚴格檢查。	Food safety cannot be taken lightly, and every step must be strictly checked.
9524	保住	我想保住這份工作。	I want to keep this job.
9525	保住	醫生努力了好幾個小時,終於保住了病人的生命。	The doctors worked for hours and finally saved the patient's life.
9526	冰淇淋	我要吃冰淇淋。	I want to eat ice cream.
9527	冰淇淋	夏天走在街上,看到冰淇淋店就忍不住進去買一球。	Walking in summer, I can't help going into an ice cream shop to buy a scoop.
9528	取決	這取決於你。	This depends on you.
9529	取決	去不去野餐取決於明天的天氣,如果下雨我們就改天。	Whether we go for the picnic depends on tomorrow's weather; if it rains we'll go another day.
9530	圍牆	院子有一道圍牆。	The yard has a wall around it.
9531	圍牆	鄰居的圍牆上爬滿了藤蔓,春天時開滿了小花。	The neighbor's wall is covered with vines that bloom with little flowers in spring.
9532	奴役	不能奴役別人。	You must not enslave others.
9533	奴役	歷史上許多人被奴役,失去了自由,也失去了做人的尊嚴。	In history many were enslaved, losing freedom and dignity.
9534	少婦	那位少婦抱著孩子。	That young woman is holding a child.
9535	少婦	一位少婦牽著小孩,站在公車站牌下等車。	A young mother holding a child's hand stood waiting at the bus stop.
9536	忠	他對朋友很忠。	He's very loyal to his friends.
9537	忠	這隻狗對主人很忠心,每天都在門口等他回家。	This dog is very loyal to its master and waits at the door for him every day.
9538	拳	他打了一拳。	He threw a punch.
9539	拳	爺爺每天早上在公園打太極拳,動作又慢又穩。	Grandpa does tai chi in the park every morning with slow, steady movements.
9540	政局	政局很穩定。	The political situation is stable.
9541	政局	選舉結束後,政局逐漸穩定,民眾也鬆了一口氣。	After the election the political situation gradually stabilized, and people breathed a sigh of relief.
9542	桑	院子裡有一棵桑樹。	There's a mulberry tree in the yard.
9543	桑	農民把桑葉摘下來餵蠶,蠶寶寶長得又白又胖。	The farmer picks mulberry leaves to feed silkworms, which grow white and plump.
9544	沾	別沾到水。	Don't get it wet.
9545	沾	我喜歡把炸雞沾胡椒鹽吃,不過媽媽喜歡沾甜辣醬。	I like dipping fried chicken in pepper salt, but Mom likes sweet chili sauce.
9546	燙	湯很燙。	The soup is very hot.
9547	燙	小心,鍋子剛煮完很燙,別直接用手去拿喔。	Careful, the pot is hot from just cooking, so don't grab it with bare hands.
9548	相差	我們相差三歲。	We differ by three years.
9549	相差	這兩家店的價格只相差十塊錢,所以我選離家近的那一家。	The two shops' prices differ by only ten dollars, so I chose the one near home.
9550	精緻	這個蛋糕很精緻。	This cake is exquisite.
9551	精緻	這家餐廳的餐點擺盤很精緻,吃起來也不輸外表。	The dishes at this restaurant are plated exquisitely and taste just as good as they look.
9552	胡說八道	別胡說八道!	Stop talking nonsense!
9553	胡說八道	他根本沒去過那裡,卻在那邊胡說八道,大家都不相信他。	He's never been there but talks nonsense about it, and nobody believes him.
9554	解剖	醫學生要學解剖。	Medical students learn anatomy.
9555	解剖	生物課上,老師帶我們解剖青蛙,同學們都嚇得不敢看。	In biology class the teacher had us dissect a frog, and the students were too scared to look.
9556	軌跡	我看到了星星的軌跡。	I saw the stars' trajectory.
9557	軌跡	透過手機的定位,可以看到你每天的移動軌跡。	Through your phone's location data, you can see your daily movement track.
9558	開端	這是一個好的開端。	This is a good beginning.
9559	開端	這次合作只是一個開端,以後我們還有更多機會一起努力。	This collaboration is only a beginning; we'll have more chances to work together.
9560	餓死	我快餓死了!	I'm starving to death!
9561	餓死	中午沒吃飯,現在餓死了,我們趕快去找東西吃吧。	I skipped lunch and now I'm starving, so let's go find something to eat.
9562	古典音樂	我愛聽古典音樂。	I love listening to classical music.
9563	古典音樂	讀書的時候聽古典音樂,可以讓人心情平靜,比較容易專心。	Listening to classical music while studying calms the mind and helps focus.
9564	斑馬線	過斑馬線要小心。	Be careful crossing the crosswalk.
9565	斑馬線	汽車在斑馬線前應該要停下來,讓行人先通過。	Cars should stop before the crosswalk and let pedestrians pass first.
9566	藥局	藥局在對面。	The pharmacy is across the street.
9567	藥局	感冒的時候可以先去藥局,請藥師推薦適合的成藥。	When you have a cold, you can go to a pharmacy first and ask the pharmacist to recommend a suitable over-the-counter medicine.
9568	哎呀	哎呀,我忘了關門!	Oh no, I forgot to close the door!
9569	哎呀	哎呀,你怎麼也來了?好久不見,最近過得怎麼樣?	Oh, you're here too? Long time no see. How have you been?
9570	中秋節	中秋節要吃月餅。	We eat mooncakes at Mid-Autumn Festival.
9571	中秋節	中秋節那天,全家人一起在陽台烤肉,一邊賞月一邊聊天。	On Mid-Autumn Festival the whole family barbecued on the balcony, chatting while admiring the moon.
9572	於	本公司成立於一九九八年。	Our company was founded in 1998.
9573	於	活動將於下週六上午九點在市立體育館舉行。	The event will be held at the city gymnasium at 9 a.m. next Saturday.
9574	這些	這些蘋果很甜。	These apples are sweet.
9575	這些	這些衣服都該洗了，你順便幫我丟進洗衣機吧。	These clothes all need washing; toss them in the washer for me while you're at it.
9576	決定	我決定明天早起慢跑。	I've decided to get up early and jog tomorrow.
9577	決定	這個決定很難做，我想先跟家人商量一下。	This is a hard decision; I'd like to talk it over with my family first.
9578	這麼	今天怎麼這麼冷？	Why is it so cold today?
9579	這麼	別這麼說，我只是剛好有空，順便幫你而已。	Don't put it that way; I just happened to be free and helped while I was at it.
9580	生產	這間工廠生產腳踏車。	This factory produces bicycles.
9581	生產	我姊姊上個月順利生產，是個健康的男寶寶。	My sister gave birth smoothly last month to a healthy baby boy.
9582	干	這件事跟你無干。	This has nothing to do with you.
9583	干	那是他的私事，你不要干涉太多。	That's his private business; don't interfere too much.
9584	黨	他是這個黨的黨員。	He's a member of this party.
9585	黨	兩黨為了預算案在立法院吵了一整天，新聞一直在報。	The two parties argued over the budget in the Legislative Yuan all day, and the news kept reporting it.
9586	心	我的心跳得很快。	My heart is beating fast.
9587	心	她心裡很不安，一直看手機有沒有新訊息。	She felt uneasy and kept checking her phone for new messages.
9588	連	他連早餐都沒吃。	He didn't even eat breakfast.
9589	連	他忙得連喝水的時間都沒有。	He was so busy he didn't even have time to drink water.
9590	找到	我找到鑰匙了！	I found my keys!
9591	找到	找了三個月，我終於找到合適的房子。	After three months of looking, I finally found a suitable apartment.
9592	類	這類書我很少看。	I rarely read this kind of book.
9593	類	圖書館把書分成小說、歷史、科學幾大類，找起來很方便。	The library sorts books into categories like fiction, history and science, so they're easy to find.
9594	實際	實際價格比網路上貴。	The actual price is higher than online.
9595	實際	計劃很完美，但實際做起來才發現有很多困難。	The plan was perfect, but in practice we found lots of difficulties.
9596	現象	這是常見的現象。	This is a common phenomenon.
9597	現象	最近街上很多人戴口罩，這種現象在冬天特別明顯。	Lots of people wear masks on the street lately; this is especially noticeable in winter.
9598	近	我家離車站很近。	My home is close to the station.
9599	近	這家診所離公司很近，下班後去很方便。	This clinic is close to my office, so it's convenient to go after work.
9600	創作	他喜歡創作音樂。	He likes creating music.
9601	創作	這位畫家的新創作下週在美術館展出，吸引很多人去看。	The painter's new work goes on display at the art museum next week and is drawing many visitors.
9602	文件	請把文件寄給我。	Please send me the document.
9603	文件	這份文件需要主管簽名，才能送到會計部門。	This document needs the supervisor's signature before it can go to accounting.
9604	資金	創業需要資金。	Starting a business takes funds.
9605	資金	他們正在募集資金，準備開第二家分店。	They're raising funds to open a second branch.
9606	今	今晚我想早點睡。	I want to sleep early tonight.
9607	今	古今中外都有人喜歡喝茶。	People have loved drinking tea throughout all times and places.
9608	塊	我吃了一塊蛋糕。	I ate a piece of cake.
9609	塊	這件外套要三千塊，我想先看看別家的價格。	This jacket is three thousand dollars; I want to check other shops' prices first.
9610	救	快救救他！	Quick, save him!
9611	救	消防員冒著大雨，把受困的小貓救了出來。	Firefighters braved the heavy rain to rescue the trapped kitten.
9612	結婚	他們下個月要結婚。	They're getting married next month.
9613	結婚	我哥結婚之後搬到台中，我們現在很少見面。	After my brother got married he moved to Taichung, and we seldom meet now.
9614	邀請	謝謝你的邀請。	Thank you for the invitation.
9615	邀請	她邀請我們下週六去她家吃飯，我們很期待。	She invited us to her place for dinner next Saturday, and we're looking forward to it.
9616	力	他很有力氣。	He's very strong.
9617	力	只要我們盡力，結果如何就不用太在意。	As long as we do our best, we needn't worry too much about the result.
9618	帝國	羅馬帝國很大。	The Roman Empire was huge.
9619	帝國	歷史課上，老師講了這個帝國興起與衰落的過程。	In history class, the teacher talked about this empire's rise and decline.
9620	構成	水是由氫和氧構成的。	Water is made up of hydrogen and oxygen.
9621	構成	這起事件已經構成犯罪，警方決定正式立案。	This incident already amounts to a crime, and the police decided to open a formal case.
9622	腳	我的腳好痛。	My foot hurts a lot.
9623	腳	走了一整天的路，我的腳都起水泡了。	After walking all day, my feet have blisters.
9624	丟	別亂丟垃圾。	Don't litter.
9625	丟	我的悠遊卡不見了，大概是在哪裡弄丟了。	My EasyCard is missing; I probably lost it somewhere.
9626	名單	名單上沒有我。	I'm not on the list.
9627	名單	面試通過的名單，會在這星期五寄到你的信箱。	The list of those who passed the interview will be emailed to you this Friday.
9628	年輕人	現在的年輕人愛用手機。	Young people nowadays love using their phones.
9629	年輕人	很多年輕人為了追求夢想，選擇離開家鄉打拚。	Many young people leave their hometowns to work hard for their dreams.
9630	東部	他住在台灣東部。	He lives in eastern Taiwan.
9631	東部	台灣東部有很多美麗的海岸，每年夏天都吸引不少遊客。	Eastern Taiwan has many beautiful coastlines that draw lots of visitors each summer.
9632	突破	他突破了自己的紀錄。	He broke his own record.
9633	突破	研究團隊在電池技術上有了重大突破。	The research team made a major breakthrough in battery technology.
9634	證券	他在證券公司上班。	He works at a securities firm.
9635	證券	爸爸每天早上都會看證券行情，再決定要不要買股票。	Every morning my dad checks the securities market before deciding whether to buy stocks.
9636	一路	祝你一路順風。	Have a safe trip.
9637	一路	我們一路聊天，不知不覺就到了。	We chatted all the way and arrived before we knew it.
9638	可惜	真可惜，你沒來。	What a pity you didn't come.
9639	可惜	可惜今天下大雨，不然我們就能去海邊玩了。	It's a pity it's pouring today; otherwise we could have gone to the beach.
9640	年間	這間廟建於清朝年間。	This temple was built during the Qing dynasty.
9641	年間	日治年間有許多建設，現在還留下不少老建築。	Many projects were built during the Japanese era, and quite a few old buildings remain.
9642	條約	兩國簽了條約。	The two countries signed a treaty.
9643	條約	兩國簽署貿易條約之後，進口關稅降低了。	After the two countries signed the trade treaty, import tariffs went down.
9644	研發	公司投入研發新產品。	The company puts effort into developing new products.
9645	研發	這家公司每年把一成的利潤投入研發，所以技術一直領先。	This company puts ten percent of its profit into R&D each year, so its technology stays ahead.
9646	資訊	這裡有很多資訊。	There's a lot of information here.
9647	資訊	網路上的資訊很多，但不是每一條都可靠。	There's lots of information online, but not all of it is reliable.
9648	不停	雨不停地下。	The rain keeps falling nonstop.
9649	不停	他緊張得不停喝水，連手都在發抖。	He was so nervous he kept drinking water, and even his hands were shaking.
9650	出售	這間房子正在出售。	This house is for sale.
9651	出售	本店出售各種手工餅乾，歡迎試吃。	This shop sells all kinds of handmade cookies; samples welcome.
9652	執法	警察依法執法。	The police enforce the law according to the rules.
9653	執法	警方執法時必須公正，不能因人而異。	Police must enforce the law fairly and not treat people differently.
9654	平時	我平時很少運動。	I seldom exercise normally.
9655	平時	他平時很安靜，但一上台就很有魅力。	He's quiet usually, but he's charming as soon as he's on stage.
9656	損害	熬夜會損害健康。	Staying up late harms your health.
9657	損害	長期熬夜會損害身體，也會影響工作表現。	Staying up late long-term harms your body and affects work performance.
9658	法案	這項法案引起很多討論。	This bill has sparked lots of discussion.
9659	法案	新法案規定，所有餐廳都要標示過敏原。	The new bill requires all restaurants to label allergens.
9660	空中	鳥在空中飛。	Birds fly in the sky.
9661	空中	空服員在空中提供餐點和飲料給乘客。	The flight attendants serve meals and drinks to passengers in the air.
9662	言論	我們有言論自由。	We have freedom of speech.
9663	言論	網路上的言論要小心，說出口的話可能傷到別人。	Be careful with remarks online; what you say may hurt others.
9664	那天	那天下了大雨。	It rained heavily that day.
9665	那天	那天我在路上碰到老同學，聊了快一個小時。	That day I ran into an old classmate on the road and we chatted for nearly an hour.
9666	以往	以往他都很準時。	In the past he was always punctual.
9667	以往	以往這個季節很少下雨，今年卻很不一樣。	It seldom rained in this season in the past, but this year is quite different.
9668	危害	吸煙危害健康。	Smoking endangers health.
9669	危害	這種化學物質危害環境，已經被政府禁用。	This chemical harms the environment and has been banned by the government.
9670	宮	我們週末去故宮。	We're going to the Palace Museum this weekend.
9671	宮	這座宮廟很有歷史，每逢節日都有很多人來拜拜。	This temple has a long history, and many people come to worship on every festival.
9672	指示	請照指示操作。	Please operate as instructed.
9673	指示	老闆指示我們今天先把客戶資料整理好。	The boss instructed us to organize the customer data first today.
9674	歷	這是一段難忘的經歷。	This was an unforgettable experience.
9675	歷	他歷經三次面試，才拿到這份工作。	He went through three interviews before landing this job.
9676	百萬	這個城市有百萬人口。	This city has a million people.
9677	百萬	那位作家的書賣出了超過一百萬本。	That author's books have sold over a million copies.
9678	能否	能否請你幫個忙？	Could you do me a favor?
9679	能否	這項計畫能否成功，要看大家的配合。	Whether this plan succeeds depends on everyone's cooperation.
9680	輕易	不要輕易放棄。	Don't give up easily.
9681	輕易	他很少輕易答應別人，一旦答應就會做到。	He seldom promises lightly, but once he does he follows through.
9682	上下	這棟樓上下共五層。	This building has five floors in all.
9683	上下	全公司上下都為了這個專案努力了半年。	The whole company, from top to bottom, has worked half a year on this project.
9684	凡	凡事都要小心。	Be careful in everything.
9685	凡	凡是年滿十八歲的民眾，都可以報名參加。	Anyone aged eighteen or over can sign up.
9686	四大	佛教說身體由四大組成。	Buddhism says the body is made up of the four elements.
9687	四大	他說自己已經看破紅塵，四大皆空。	He said he has seen through the mortal world and that all is empty.
9688	審核	文件正在審核。	The documents are under review.
9689	審核	公司審核了我的申請，大概三天內會通知結果。	The company is reviewing my application and will notify me of the result within about three days.
9690	應對	請想好怎麼應對。	Please think about how to handle it.
9691	應對	面對記者的連續提問，市長應對得很冷靜。	Facing the reporters' string of questions, the mayor handled them calmly.
9692	普及	智慧型手機已經很普及。	Smartphones are already widespread.
9693	普及	網路的普及，讓遠距上班和遠距上課變得很平常。	With the spread of the internet, working and studying remotely have become common.
9694	派遣	公司派遣我去高雄。	The company is sending me to Kaohsiung.
9695	派遣	公司把他派遣到南部分公司，負責新店的籌備。	The company dispatched him to the southern branch to prepare the new store.
9696	生成	雲是由水氣生成的。	Clouds are formed from water vapor.
9697	生成	這個軟體可以自動生成報告，節省很多整理資料的時間。	This software can generate reports automatically, saving a lot of time organizing data.
9698	穿越	我們穿越了森林。	We crossed the forest.
9699	穿越	火車穿越長長的山洞，窗外突然一片黑暗。	The train passed through a long tunnel, and it suddenly went dark outside the window.
9700	色情	未成年不可看色情網站。	Minors must not visit pornographic sites.
9701	色情	政府加強取締色情廣告，維護社會風氣。	The government is cracking down harder on pornographic ads to protect social norms.
9702	辛苦	你今天辛苦了。	Thanks for your hard work today.
9703	辛苦	送貨員每天風吹日曬，真的很辛苦。	Delivery workers brave wind and sun every day; it's really tough.
9704	露出	他露出了笑容。	He broke into a smile.
9705	露出	她露出一個神祕的微笑，什麼也不肯多說。	She flashed a mysterious smile and wouldn't say any more.
9706	主力	他是球隊的主力。	He's a mainstay of the team.
9707	主力	這款手機是公司今年的主力產品，銷量很好。	This phone is the company's main product this year and sells well.
9708	出色	她表現很出色。	She performed outstandingly.
9709	出色	這位年輕的廚師手藝出色，餐廳天天客滿。	This young chef's skills are outstanding and the restaurant is full every day.
9710	困擾	這件事一直困擾我。	This has been troubling me.
9711	困擾	鄰居半夜的噪音困擾了我們整棟樓的住戶。	The neighbor's late-night noise has bothered everyone in our building.
9712	審	法官明天要審這個案子。	The judge will hear this case tomorrow.
9713	審	文件交上去之後，要經過主管審一遍才能送出去。	After the document is submitted, the supervisor must review it before it goes out.
9714	意願	我沒有意願搬家。	I'm not willing to move.
9715	意願	公司會先詢問員工的意願，再決定要不要調動。	The company asks employees' wishes first, then decides whether to transfer them.
9716	新娘	新娘穿著白紗。	The bride wore a white gown.
9717	新娘	新娘出場時，親友們都站起來鼓掌祝福。	When the bride entered, friends and family stood and applauded.
9718	海域	這片海域很安全。	This stretch of sea is very safe.
9719	海域	颱風接近台灣東部海域，漁船都得趕快回港。	The typhoon is approaching the waters off eastern Taiwan, so fishing boats must return to port quickly.
9720	發聲	他願意為弱勢發聲。	He is willing to speak up for the disadvantaged.
9721	發聲	越來越多年輕人在網路上發聲，表達對政策的看法。	More and more young people speak up online to voice their views on policy.
9722	繞	我們繞了一圈。	We went around once.
9723	繞	前面在施工，我們得繞路才能到學校。	There's construction ahead, so we have to detour to reach the school.
9724	訂	我想訂兩個位子。	I'd like to book two seats.
9725	訂	我們下個月要去墾丁，已經訂好了民宿和機票。	We're going to Kenting next month and have already booked the guesthouse and tickets.
9726	陰影	樹下有一片陰影。	There's a patch of shade under the tree.
9727	陰影	那次失敗在他心裡留下了陰影，他很久都不敢再嘗試。	That failure left a shadow in his mind, and he didn't dare try again for a long time.
9728	不曾	我不曾去過那裡。	I've never been there.
9729	不曾	他不曾說過一句抱怨的話，大家都很敬佩他。	He never said a word of complaint, and everyone admires him.
9730	優雅	她動作很優雅。	Her movements are graceful.
9731	優雅	那位優雅的老太太，每天都穿著整齊出門散步。	That elegant old lady goes out for a walk every day, neatly dressed.
9732	十三	他今年十三歲。	He's thirteen this year.
9733	十三	十三號星期五被很多人認為是不吉利的日子。	Friday the 13th is thought by many to be an unlucky day.
9734	國人	國人出國旅遊越來越多。	More and more of our people travel abroad.
9735	國人	疫情後，國人出國旅遊的人數慢慢回升。	After the pandemic, the number of citizens traveling abroad has slowly recovered.
9736	客運	我搭客運去台中。	I'm taking the intercity bus to Taichung.
9737	客運	很多學生週末搭客運回家，車票最好提早買。	Many students take intercity buses home on weekends, so buy tickets early.
9738	必定	他必定會成功。	He is bound to succeed.
9739	必定	只要持續努力，必定會有收穫。	As long as you keep working, you're sure to reap rewards.
9740	掛牌	診所昨天掛牌營業。	The clinic opened for business yesterday.
9741	掛牌	這家公司預計明年掛牌上市，目前正在準備資料。	This company expects to list next year and is preparing documents now.
9742	曲線	這條山路的曲線很漂亮。	The curves of this mountain road are beautiful.
9743	曲線	圖表上的曲線顯示，這個月的訪客數明顯增加。	The curve on the chart shows visitor numbers clearly rose this month.
9744	沉重	這個袋子很沉重。	This bag is heavy.
9745	沉重	得知壞消息後，他的心情變得沉重，一整天都沒說話。	After hearing the bad news his mood grew heavy and he said nothing all day.
9746	煩	我今天很煩。	I'm annoyed today.
9747	煩	房東一直傳訊息催我繳房租，真的很煩。	The landlord keeps messaging me to pay rent; it's really annoying.
9748	童年	我的童年很快樂。	My childhood was happy.
9749	童年	童年時，我和表哥常在田裡捉青蛙。	As kids, my cousin and I often caught frogs in the fields.
9750	處境	他的處境很困難。	His situation is difficult.
9751	處境	請站在他的處境想一想，不要太快責怪他。	Please put yourself in his situation and don't blame him too quickly.
9752	起碼	起碼要打個招呼吧。	You should at least say hello.
9753	起碼	這件事起碼要花兩週才能完成，你不要期待太快。	This will take at least two weeks, so don't expect it too soon.
9754	鍋	媽媽在用鍋煮湯。	Mom is cooking soup in a pot.
9755	鍋	冬天全家圍著一鍋熱騰騰的火鍋，是最幸福的事。	In winter, the family gathering around a steaming hot pot is pure happiness.
9756	餐館	這家餐館很好吃。	This restaurant is delicious.
9757	餐館	這條巷子裡有不少小餐館，各種口味都找得到。	This alley has plenty of small eateries with all kinds of flavors.
9758	份額	我想拿回我的份額。	I want my share back.
9759	份額	這家公司在手機市場的份額，今年增加了兩成。	This company's share of the phone market rose by twenty percent this year.
9760	出入	這裡出入很方便。	It's easy to come and go here.
9761	出入	大樓的出入口有警衛，進出都要登記。	The building's entrance has a guard, and everyone must register on entering or leaving.
9762	名額	名額有限。	Places are limited.
9763	名額	報名人數太多，只能抽籤決定名額。	Too many people signed up, so places are decided by lottery.
9764	妖	故事裡有一隻妖怪。	There's a monster in the story.
9765	妖	傳說這座山裡有妖，所以晚上沒人敢上去。	Legend says there are demons in this mountain, so no one dares go up at night.
9766	常識	這是基本常識。	This is basic common sense.
9767	常識	過馬路要看紅綠燈，這是最基本的常識。	Checking the traffic lights when crossing is the most basic common sense.
9768	扇	天氣好熱，我拿扇子扇風。	It's so hot that I'm fanning myself with a fan.
9769	扇	她被惹毛了，轉身就扇了他一巴掌。	She was provoked, turned and slapped him.
9770	日後	日後再說吧。	Let's talk about it later.
9771	日後	有問題日後可以隨時聯絡我，我會盡量幫忙。	If you have problems later, contact me any time; I'll help as I can.
9772	殭屍	殭屍電影很可怕。	Zombie movies are scary.
9773	殭屍	萬聖節時，很多人化妝成殭屍去參加派對。	At Halloween many people dress up as zombies for parties.
9774	煙草	煙草有害健康。	Tobacco harms health.
9775	煙草	煙草的價格每年都在上漲，所以抽菸的人越來越少。	The price of tobacco rises every year, so fewer people smoke.
9776	神父	神父在教堂。	The priest is in the church.
9777	神父	神父每個星期天都在教堂主持彌撒。	The priest leads Mass at the church every Sunday.
9778	胸部	胸部有點痛。	My chest hurts a bit.
9779	胸部	醫生用聽診器聽了他的胸部，說肺部沒有問題。	The doctor listened to his chest with a stethoscope and said his lungs are fine.
9780	話語	他的話語很溫柔。	His words are gentle.
9781	話語	朋友的幾句話語，讓我重新有了勇氣。	A few words from my friend gave me courage again.
9782	遲到	我上班遲到了。	I was late for work.
9783	遲到	他昨晚熬夜，今天早上又遲到了，被主管唸了一頓。	He stayed up late last night and was late again this morning, earning a scolding from his boss.
9784	風俗	各地風俗不同。	Customs differ from place to place.
9785	風俗	過年時各地風俗不同，有的人放鞭炮，有的人去廟裡祈福。	New Year customs vary; some set off firecrackers and some pray at temples.
9786	不已	她感動不已。	She's moved beyond words.
9787	不已	聽到這個好消息，大家都興奮不已。	Hearing the good news, everyone was endlessly excited.
9788	保佑	神明保佑你。	May the gods bless you.
9789	保佑	阿嬤在廟裡拜拜，求神明保佑全家平安。	Grandma prays at the temple, asking the deities to protect the whole family.
9790	前所未有	這是前所未有的事。	This is unprecedented.
9791	前所未有	這次颱風帶來前所未有的大雨，南部多處淹水。	This typhoon brought unprecedented rain, flooding many parts of the south.
9792	合法性	請確認合法性。	Please confirm its legality.
9793	合法性	這家店的營業執照有問題，它的合法性受到質疑。	There's a problem with this shop's business license, and its legitimacy is questioned.
9794	執政黨	執政黨提出新政策。	The ruling party proposed a new policy.
9795	執政黨	選舉結束後，執政黨承諾會好好聽取民意。	After the election, the ruling party promised to listen to public opinion.
9796	學期	新學期開始了。	The new semester has started.
9797	學期	下個學期我打算多選幾門語言課，也想參加社團。	Next semester I plan to take more language classes and also join a club.
9798	幹線	這是交通幹線。	This is a main traffic route.
9799	幹線	這條幹線公車每五分鐘一班，通勤族都很依賴它。	This trunk bus line runs every five minutes, and commuters rely on it.
9800	成千上萬	成千上萬的人來看煙火。	Thousands upon thousands came to see the fireworks.
9801	成千上萬	跨年夜成千上萬的人聚集在市政府前，一起倒數。	On New Year's Eve, tens of thousands gathered in front of City Hall to count down together.
9802	揉	揉一下眼睛。	Rub your eyes a bit.
9803	揉	媽媽輕輕揉著我的肩膀，我的痠痛感就慢慢消失了。	Mom gently rubbed my shoulders and the soreness slowly faded.
9804	昆蟲	昆蟲有六隻腳。	Insects have six legs.
9805	昆蟲	夏天的夜晚，樹林裡有很多昆蟲在叫。	On summer nights, many insects chirp in the woods.
9806	機電	他學機電的。	He studied mechanical and electrical engineering.
9807	機電	這家工廠專門生產機電設備，產品銷售到世界各地。	This factory makes electromechanical equipment sold around the world.
9808	添	我想再添一碗湯。	I'd like another bowl of soup.
9809	添	過年前，我媽會添購新衣服，讓全家都有新氣象。	Before New Year, my mom buys new clothes so the whole family has a fresh start.
9810	理所當然	好成績是努力的結果，理所當然。	Good grades come from hard work, as they should.
9811	理所當然	不要把別人的幫助當成理所當然，要記得說聲謝謝。	Don't take others' help for granted; remember to say thank you.
9812	票價	票價是多少？	How much is the ticket?
9813	票價	暑假期間的票價比平常貴，所以我們打算秋天再去。	Ticket prices in summer vacation are higher than usual, so we plan to go in autumn.
9814	縣級	縣級政府負責管理地方事務。	County-level governments manage local affairs.
9815	縣級	這項補助由縣級單位審核，通過後才會發放。	This subsidy is reviewed by the county-level office and paid out once approved.
9816	葡萄酒	我喜歡紅葡萄酒。	I like red wine.
9817	葡萄酒	牛排搭配一杯葡萄酒，是我最喜歡的晚餐。	Steak with a glass of wine is my favorite dinner.
9818	讚揚	老師讚揚他的努力。	The teacher praised his effort.
9819	讚揚	市長公開讚揚醫護人員的付出，感謝他們辛苦工作。	The mayor publicly praised medical staff for their dedication and thanked them for their hard work.
9820	遼	這片草原非常遼闊。	This grassland is vast.
9821	遼	從山頂往下看，遼闊的海面一望無際。	Looking down from the summit, the vast sea stretches endlessly.
9822	預料	結果出乎預料。	The result was unexpected.
9823	預料	誰也沒有預料到，這場比賽的結果竟然是平手。	No one expected this match to end in a tie.
9824	一般垃圾	這是一般垃圾，不能回收。	This is general trash and can't be recycled.
9825	一般垃圾	垃圾車來的時候，一般垃圾要和資源回收分開丟。	When the garbage truck comes, general trash must be thrown separately from recycling.
9826	平常心	請保持平常心。	Please keep a calm mind.
9827	平常心	考試前用平常心面對，就不會太緊張。	Face the exam with an even mind and you won't be too nervous.
9828	環島	我想騎車環島。	I want to cycle around the island.
9829	環島	很多年輕人畢業後會騎腳踏車環島，完成一個夢想。	Many young people cycle around the island after graduating to fulfill a dream.
9830	過關	這個遊戲太難了，我玩了十次都沒有過關。	This game is too hard; I've played ten times without clearing the level.
9831	過關	只要簽證文件齊全，通常很快就能過關。	If your visa documents are complete, you can usually clear customs quickly.
9832	示	請出示你的證件。	Please show your ID.
9833	示	紅綠燈的燈號指示行人何時可以通行。	The traffic light signals indicate when pedestrians may cross.
9834	就	我到家就打給你。	I'll call you as soon as I get home.
9835	就	如果你不想去，就在家休息吧。	If you don't want to go, then just rest at home.
9836	新	我買了一支新手機。	I bought a new phone.
9837	新	這家新開的咖啡店，週末都要排隊。	There's a line every weekend at this newly opened café.
9838	認為	我認為這個方法不錯。	I think this method is pretty good.
9839	認為	很多人認為早睡早起對身體比較好。	Many people think going to bed and getting up early is healthier.
9840	則	學生要認真，老師則要有耐心。	Students should be diligent, while teachers need to be patient.
9841	則	早上天氣很好，下午則下起了雷陣雨。	The weather was nice in the morning, but it poured with thunder in the afternoon.
9842	委員會	委員會明天開會。	The committee meets tomorrow.
9843	委員會	學校成立了一個委員會，專門處理校園安全問題。	The school set up a committee to handle campus safety issues.
9844	一切	一切都會好起來的。	Everything will be fine.
9845	一切	他把旅行的一切都準備好了，只等出發。	He has everything for the trip ready and is just waiting to leave.
9846	當然	當然可以！	Of course you can!
9847	當然	這件事當然要先問過爸媽的意見才行。	Of course we have to ask Mom and Dad first about this.
9848	反	你的鞋穿反了。	You've got your shoes on the wrong way.
9849	反	結果恰恰相反，價格不降反升。	The result was the exact opposite; prices rose instead of falling.
9850	相信	我相信你。	I believe you.
9851	相信	只要你肯努力，我相信一定會有好結果。	As long as you work hard, I'm sure there will be good results.
9852	加入	我想加入籃球社。	I want to join the basketball club.
9853	加入	煮湯的時候，最後再加入一點蔥花，味道會更香。	When making soup, add some chopped scallions at the end for more aroma.
9854	範圍	考試範圍是第一到第五課。	The exam covers lessons one through five.
9855	範圍	這支手機的保固範圍不包括人為損壞。	This phone's warranty doesn't cover damage caused by users.
9856	動物	你喜歡什麼動物？	What animals do you like?
9857	動物	週末我帶小孩去動物園，看大象和長頸鹿。	On the weekend I took the kids to the zoo to see elephants and giraffes.
9858	教師	她是一位國小教師。	She is an elementary school teacher.
9859	教師	教師節那天，學生們寫了卡片送給老師。	On Teachers' Day, the students wrote cards for their teacher.
9860	美元	一美元大約換三十塊台幣。	One US dollar is about thirty NT dollars.
9861	美元	出國前，我先到銀行換了幾百美元。	Before going abroad, I exchanged a few hundred US dollars at the bank.
9862	主題	這次報告的主題是什麼？	What is the theme of this report?
9863	主題	這家咖啡廳的主題是貓，到處都是貓的裝飾。	This café has a cat theme and is full of cat decorations.
9864	委員	他是社區的管理委員。	He's a member of the community management committee.
9865	委員	新上任的委員在會議上提出了三項改革計畫。	The newly appointed committee member proposed three reform plans in the meeting.
9866	神	廟裡拜的是哪一位神？	Which deity is worshipped in this temple?
9867	神	大家都說這家店的老闆做菜神到不行。	Everyone says this shop owner cooks like a god.
9868	雙方	雙方都同意了。	Both sides agreed.
9869	雙方	買賣雙方經過幾次討論後，終於談好了價格。	After several discussions, the buyer and seller finally settled on a price.
9870	包	我想包一份禮物給朋友。	I want to wrap a gift for a friend.
9871	包	水餃包好以後，先放進冰箱冷凍起來。	Once the dumplings are wrapped, put them in the freezer first.
9872	從事	她從事教育工作。	She works in education.
9873	從事	爸爸從事貿易工作將近三十年，常常到國外出差。	Dad has worked in trade for nearly thirty years and often travels abroad on business.
9874	法院	他明天要去法院。	He's going to court tomorrow.
9875	法院	法院下週將對這起案件作出判決。	The court will deliver a verdict in this case next week.
9876	見到	很高興見到你。	Nice to see you.
9877	見到	在機場見到多年不見的好朋友，我激動得說不出話。	Seeing an old friend at the airport after many years, I was too moved to speak.
9878	食品	這是新鮮的食品。	This is fresh food.
9879	食品	購買包裝食品前，請先看清楚保存期限。	Before buying packaged food, please check the expiration date first.
9880	培養	要培養好習慣。	You have to cultivate good habits.
9881	培養	爸媽從小培養我閱讀的興趣，所以我現在很愛看書。	My parents nurtured my interest in reading from a young age, so I love books now.
9882	懷疑	我懷疑他在說謊。	I suspect he's lying.
9883	懷疑	你不用懷疑，這家店的評價真的很好。	You don't need to doubt it. This shop really has great reviews.
9884	用來	這個杯子是用來泡茶的。	This cup is used for brewing tea.
9885	用來	這把剪刀只能用來剪紙，不能剪其他東西。	This pair of scissors can only be used to cut paper, nothing else.
9886	轉移	媽媽想轉移我的注意力。	Mom wants to shift my attention.
9887	轉移	公司把部分工廠轉移到東南亞，以降低成本。	The company relocated some factories to Southeast Asia to cut costs.
9888	信號	這裡的手機信號很差。	The phone signal here is very poor.
9889	信號	看到紅色信號燈，所有車輛都要停下來。	When you see the red signal, all vehicles must stop.
9890	多次	我多次提醒他。	I reminded him many times.
9891	多次	這首歌我聽了多次，還是覺得很好聽。	I've listened to this song many times and still think it's lovely.
9892	成熟	這些水果成熟了。	These fruits are ripe.
9893	成熟	她雖然年輕，但處理事情很成熟，大家都很信任她。	Though young, she handles things maturely, and everyone trusts her.
9894	演出	今晚有一場舞蹈演出。	There's a dance performance tonight.
9895	演出	她在這部舞台劇裡演出主角，每天都練習到很晚。	She plays the lead in this stage play and rehearses late every day.
9896	職務	他的職務是業務經理。	His position is sales manager.
9897	職務	新來的同事接下了行政職務，負責公司的日常雜事。	The new coworker took over the administrative duties, handling the office's daily chores.
9898	進去	門開著，你進去吧。	The door is open. Go on in.
9899	進去	電影已經開始了，我們輕輕地進去，不要吵到別人。	The movie has started, so let's go in quietly and not disturb others.
9900	依	依照規定辦理。	Handle it according to the rules.
9901	依	請依指示排隊，依序進場。	Please queue as instructed and enter in order.
9902	大師	他是有名的書法大師。	He's a famous calligraphy master.
9903	大師	爸爸帶我去拜訪茶道大師，學習怎麼泡一杯好茶。	Dad took me to visit a tea master to learn how to brew a good cup of tea.
9904	打電話	我等一下打電話給你。	I'll call you in a bit.
9905	打電話	他每個週末都會打電話回家，問候爸媽。	He calls home every weekend to check on his parents.
9906	火車	我坐火車去台中。	I take the train to Taichung.
9907	火車	買不到高鐵票的人，就會改搭火車，雖然比較慢，但風景很好。	People who can't get high-speed rail tickets take the train instead. It's slower but scenic.
9908	自行	請自行取用。	Please help yourself.
9909	自行	旅客請自行保管貴重物品，本館恕不負責。	Guests are asked to keep valuables safe themselves, as we cannot be held responsible.
9910	醫學	她在大學念醫學。	She studies medicine at university.
9911	醫學	醫學不斷進步，很多以前的絕症現在都能治療。	Medicine keeps advancing, and many once-incurable diseases can now be treated.
9912	企圖	他企圖逃走。	He tried to escape.
9913	企圖	有人企圖闖入便利商店，被監視器拍了下來。	Someone attempted to break into a convenience store and was caught on camera.
9914	千萬	千萬不要遲到。	Whatever you do, don't be late.
9915	千萬	出門在外，千萬要注意安全，不要隨便相信陌生人。	When you're out, be sure to stay safe and don't trust strangers easily.
9916	失業	爸爸失業了。	Dad lost his job.
9917	失業	很多人因為公司倒閉而失業，生活頓時陷入困難。	Many people lost their jobs when their companies closed, and life suddenly became hard.
9918	急	別急，慢慢來。	Don't rush. Take your time.
9919	急	媽媽急著出門，連早餐都沒吃就跑去搭公車。	Mom was in a hurry to leave and ran for the bus without even eating breakfast.
9920	方針	公司有新的方針。	The company has new guidelines.
9921	方針	政府公布了新的環保方針，要求各行各業減少碳排放。	The government announced new environmental policies requiring all industries to cut carbon emissions.
9922	物資	災區缺少物資。	The disaster area lacks supplies.
9923	物資	颱風過後，民眾捐出了許多物資，送到受災的村莊。	After the typhoon, people donated lots of supplies, delivered to the affected village.
9924	考	明天要考數學。	We have a math exam tomorrow.
9925	考	姐姐想考上台大，所以每天晚上都在圖書館念書到十點。	My sister wants to get into NTU, so she studies at the library until ten every night.
9926	趕快	趕快起床，要遲到了！	Get up quickly, you're going to be late!
9927	趕快	雨快下了，趕快把衣服收進來，不然都會濕掉。	It's about to rain, so quickly bring in the laundry or it'll get wet.
9928	顧問	他是公司的顧問。	He's the company's consultant.
9929	顧問	我們請了一位財務顧問，幫我們規劃退休後的生活。	We hired a financial adviser to help plan our life after retirement.
9930	列車	列車即將進站。	The train is about to enter the station.
9931	列車	列車長提醒乘客，列車行駛中請勿將頭手伸出窗外。	The conductor reminded passengers not to put their head or hands out the window while the train is moving.
9932	大聲	請不要大聲說話。	Please don't speak loudly.
9933	大聲	他大聲喊著朋友的名字，但是對方戴著耳機沒聽到。	He shouted his friend's name loudly, but his friend had headphones on and didn't hear.
9934	戰場	士兵回到了戰場。	The soldiers returned to the battlefield.
9935	戰場	球場就像戰場，兩隊球員都拚盡全力要贏得勝利。	The court is like a battlefield, with both teams giving their all to win.
9936	核	這顆桃子的核很大。	This peach has a big pit.
9937	核	核能發電是台灣近年最受討論的能源議題之一。	Nuclear power is one of the most debated energy issues in Taiwan in recent years.
9938	田	農夫在田裡工作。	The farmer is working in the field.
9939	田	南部的稻田一望無際，收成的季節金黃色的稻穗很漂亮。	Rice fields in the south stretch to the horizon, and the golden rice ears at harvest are beautiful.
9940	線上	我們在線上開會。	We're having a meeting online.
9941	線上	很多補習班現在都有線上課程，學生在家就能上課。	Many cram schools now offer online courses, so students can study from home.
9942	買賣	他做買賣很多年了。	He's been in trade for many years.
9943	買賣	這家小店的買賣不大，但老闆待客誠懇，客人都很固定。	This small shop does modest business, but the owner is sincere and customers are loyal.
9944	風暴	今晚有一場大風暴。	There's a big storm tonight.
9945	風暴	這則消息引起了一場輿論風暴，公司被迫公開道歉。	This news stirred a storm of public opinion, and the company was forced to apologize.
9946	假裝	他假裝睡著了。	He pretended to be asleep.
9947	假裝	她假裝沒看見我，轉身走向另一邊，讓我很尷尬。	She pretended not to see me and turned the other way, which embarrassed me.
9948	吉	今天是吉日。	Today is an auspicious day.
9949	吉	新年到了，祝大家大吉大利，萬事如意。	The new year is here. Wishing everyone good luck and all the best.
9950	姆	電阻的單位是歐姆。	The unit of resistance is the ohm.
9951	姆	物理老師說，電流、電壓和歐姆定律是最基本的概念。	The physics teacher said current, voltage and Ohm's law are the most basic concepts.
9952	後悔	我後悔沒有早點告訴你。	I regret not telling you sooner.
9953	後悔	早知道今天會下大雨，我就不該騎車出門，現在真後悔。	If I'd known it would pour today, I wouldn't have ridden out. Now I really regret it.
9954	救援	救援隊已經到了。	The rescue team has arrived.
9955	救援	地震後，各地的救援人員連夜趕到災區，搜尋失蹤者。	After the earthquake, rescue workers from all over rushed to the disaster area overnight to search for the missing.
9956	毀滅	洪水毀滅了村莊。	The flood destroyed the village.
9957	毀滅	科幻電影常描寫地球被毀滅後，人類在太空中重新開始。	Sci-fi movies often depict humans starting over in space after Earth is destroyed.
9958	版權	這張圖片有版權。	This image is copyrighted.
9959	版權	未經版權所有人同意，不得複製或轉載本站內容。	Without the copyright holder's consent, content on this site may not be copied or reposted.
9960	示範	老師示範一次給我們看。	The teacher demonstrated once for us to see.
9961	示範	師傅先示範如何揉麵團，然後讓我們自己試試看。	The chef first demonstrated how to knead dough and then let us try ourselves.
9962	肌肉	他的肌肉很結實。	His muscles are strong.
9963	肌肉	運動後肌肉會痠痛，多喝水和伸展可以舒緩。	Muscles get sore after exercise, and drinking water and stretching help.
9964	賊	昨晚有賊進來偷東西。	A thief broke in last night to steal.
9965	賊	賊看到警察，轉身就跑，沒跑幾步就被追上了。	The thief saw the police, turned and ran, and was caught within a few steps.
9966	開除	他被公司開除了。	He was fired by the company.
9967	開除	學校決定開除抄襲考試的學生，希望藉此警告其他人。	The school decided to expel a student for cheating on exams, hoping to warn others.
9968	一共	一共多少錢？	How much altogether?
9969	一共	我們一共訂了五間房，三間給家人，兩間給朋友。	We booked five rooms in total, three for family and two for friends.
9970	優良	這是優良的產品。	This is an excellent product.
9971	優良	這所學校有優良的傳統，老師與學生之間感情很好。	This school has a fine tradition with warm teacher-student relationships.
9972	君	他是謙謙君子。	He is a perfect gentleman.
9973	君	古代的君王常常要聽取大臣的意見，才能治理好國家。	Ancient monarchs often had to listen to ministers to govern well.
9974	娘	新娘穿著白紗。	The bride wore a white gown.
9975	娘	過年時我們先回娘家，再去婆家吃團圓飯。	At New Year we first visit her parents' home, then go to her in-laws' for the reunion dinner.
9976	彙報	我要向主管彙報進度。	I need to report progress to my supervisor.
9977	彙報	每週一早上，各組組長都要向經理彙報上週的工作成果。	Every Monday morning, team leaders report last week's results to the manager.
9978	撿	我在路上撿到一支筆。	I picked up a pen on the road.
9979	撿	退潮之後，小朋友們在沙灘上撿貝殼，撿了一大桶。	After the tide went out, kids gathered shells on the beach and filled a big bucket.
9980	模仿	小孩喜歡模仿大人。	Kids like imitating adults.
9981	模仿	他很會模仿名人的聲音，每次都把大家逗得哈哈大笑。	He imitates celebrities' voices so well that he always cracks everyone up.
9982	牧師	牧師正在教堂講道。	The pastor is preaching in the church.
9983	牧師	他們請牧師來主持婚禮，所有親友都到教堂參加。	They invited a pastor to officiate the wedding, and all relatives and friends came to the church.
9984	籍	你的國籍是什麼？	What is your nationality?
9985	籍	圖書館裡有各種書籍，從小說到旅遊指南都有。	The library has all kinds of books, from novels to travel guides.
9986	藝人	那位藝人很受歡迎。	That entertainer is very popular.
9987	藝人	街頭藝人在捷運站旁邊表演，吸引了不少路人停下腳步。	A street performer performed next to the MRT station and made many passersby stop.
9988	過後	雨過後，天空放晴。	After the rain, the sky cleared.
9989	過後	颱風過後，街上到處都是被吹倒的招牌和樹枝。	After the typhoon, the street was full of toppled signs and branches.
9990	高考	大陸每年六月舉行高考。	Mainland China holds the college entrance exam every June.
9991	高考	他在高考中拿到高分，順利進入了心目中的大學。	He scored high on the college entrance exam and got into his dream university.
9992	保健	多運動有益保健。	Exercise is good for health care.
9993	保健	媽媽很重視保健，每天都吃維他命，也會定期做健康檢查。	Mom cares about health and takes vitamins daily and has regular checkups.
9994	別墅	他們住在山上的別墅。	They live in a villa on the mountain.
9995	別墅	週末，一家人到海邊的別墅度假，烤肉看夕陽。	On weekends the family vacations at the seaside villa, barbecuing and watching the sunset.
9996	君主	古代君主很有權力。	Ancient monarchs held great power.
9997	君主	英國是君主立憲制的國家，國王主要負責象徵性的職務。	Britain is a constitutional monarchy, where the king mainly holds symbolic duties.
9998	奶	寶寶在喝奶。	The baby is drinking milk.
9999	奶	媽媽餵奶時，總是輕聲哼著歌哄寶寶入睡。	When Mom nurses, she always hums softly to lull the baby to sleep.
10000	幅	牆上掛著一幅畫。	A painting hangs on the wall.
10001	幅	博物館展出了好幾幅名畫，吸引大批民眾排隊觀賞。	The museum exhibited several famous paintings, drawing many to queue to see them.
10002	扶貧	政府推動扶貧計畫。	The government promotes anti-poverty programs.
10003	扶貧	這個基金會長期投入扶貧工作，幫助偏鄉家庭改善生活。	This foundation has long been committed to poverty relief, helping remote families improve their lives.
10004	新聞網	這個新聞網每天更新。	This news site is updated daily.
10005	新聞網	許多人習慣在新聞網上看即時消息，不再買報紙。	Many people read breaking news on news sites instead of buying newspapers.
10006	此地	此地風景優美。	The scenery here is beautiful.
10007	此地	此地禁止吸菸，違者將依法處罰。	Smoking is prohibited here, and violators will be penalized by law.
10008	潮	海邊的潮水漲上來了。	The tide at the beach has risen.
10009	潮	這個牌子的衣服很潮，年輕人都愛穿。	This brand's clothes are trendy, and young people love wearing them.
10010	直徑	圓的直徑是十公分。	The circle's diameter is ten centimeters.
10011	直徑	這根水管的直徑太小，水流不夠大，需要換成粗一點的。	This pipe's diameter is too small and the flow is weak, so it needs a thicker one.
10012	翹	他翹著二郎腿坐在沙發上。	He sat on the sofa with his legs crossed.
10013	翹	這位選手是這一屆的翹楚，大家都看好他能拿金牌。	This athlete is the cream of this year's crop, and everyone expects him to win gold.
10014	言語	他的言語很溫柔。	His words are gentle.
10015	言語	有時候言語傷人，比拳頭還要痛，說話前要先想一想。	Sometimes words hurt more than fists, so think before speaking.
10016	轉發	請轉發給大家。	Please forward it to everyone.
10017	轉發	看到好文章，我習慣轉發到群組，跟朋友一起分享。	When I see a good article I usually forward it to the group chat to share with friends.
10018	開支	這個月的開支很大。	This month's expenses are large.
10019	開支	為了減少開支，公司決定暫停所有不必要的活動。	To cut expenses, the company decided to suspend all unnecessary events.
10020	鴨	池塘裡有一群鴨。	There's a flock of ducks in the pond.
10021	鴨	北京烤鴨皮脆肉嫩，是我們家聚餐時最愛點的菜。	Peking duck has crispy skin and tender meat, a favorite dish at our family dinners.
10022	俠	他是個俠客。	He is a swordsman.
10023	俠	這部武俠小說裡有一位女俠，武功高強又愛打抱不平。	This wuxia novel has a heroine with great martial arts who stands up for the wronged.
10024	前輩	他是我的前輩。	He's my senior.
10025	前輩	公司的前輩教我很多工作技巧，讓我很快就上手。	Seniors at the company taught me many work skills so I quickly got the hang of it.
10026	器材	運動器材在倉庫。	The sports equipment is in the storeroom.
10027	器材	攝影社的器材很貴，所以使用前都要登記，用完要放回原位。	The photography club's equipment is expensive, so you must sign up before use and return it afterward.
10028	子宮	女性的子宮在腹部。	A woman's uterus is in her abdomen.
10029	子宮	醫生建議她定期做子宮頸抹片檢查，以便早期發現問題。	The doctor advises her to get regular cervical screening to catch problems early.
10030	幾何	數學課在學幾何。	We're studying geometry in math class.
10031	幾何	人生短短幾十年，快樂的時光究竟有幾何？	Life lasts only a few decades. How much happy time is there?
10032	拆遷	舊社區要拆遷了。	The old neighborhood is to be demolished.
10033	拆遷	為了興建新的道路，政府要求沿線住戶拆遷並補償。	To build a new road, the government required residents along the way to relocate with compensation.
10034	晉級	我們隊晉級了。	Our team advanced.
10035	晉級	他在準決賽中擊敗對手，順利晉級決賽，全場為他歡呼。	He beat his opponent in the semifinals and advanced to the finals, and the crowd cheered.
10036	民族主義	他支持民族主義。	He supports nationalism.
10037	民族主義	歷史課上，老師說民族主義在十九世紀影響了歐洲許多國家。	In history class the teacher said nationalism influenced many European countries in the nineteenth century.
10038	狂熱	他是狂熱的球迷。	He's a fanatical fan.
10039	狂熱	演唱會現場的氣氛非常狂熱，歌迷們跟著歌手又唱又跳。	The concert atmosphere was feverish, with fans singing and dancing along with the singer.
10040	空白	這裡有一個空白。	There's a blank space here.
10041	空白	答案卷上不要留下空白，不知道的題目也要試著寫一點。	Don't leave blanks on the answer sheet. Even for questions you don't know, try writing something.
10042	航天	他想當航天員。	He wants to be an astronaut.
10043	航天	航天科技的進步，讓人類有機會探索更遠的宇宙。	Advances in space technology give humans the chance to explore farther into the universe.
10044	談談	我想跟你談談。	I'd like to have a talk with you.
10045	談談	有空的話，我們一起喝杯咖啡，談談最近的工作吧。	If you have time, let's have coffee and chat about work lately.
10046	酒精	傷口要用酒精消毒。	Wounds should be disinfected with alcohol.
10047	酒精	酒精濃度高的飲料不適合開車前喝，容易發生危險。	High-alcohol drinks aren't suitable before driving, as they're dangerous.
10048	風波	這場風波終於平息了。	This storm of controversy has finally died down.
10049	風波	這次的風波讓公司的形象受損，花了很久才重新建立信任。	This controversy damaged the company's image, and it took a long time to rebuild trust.
10050	不惜	他不惜一切代價。	He'd pay any price.
10051	不惜	為了讓孩子有更好的教育，爸媽不惜搬家到學區好的地方。	For a better education for their kids, the parents didn't hesitate to move to a good school district.
10052	保全	大樓有保全。	The building has security guards.
10053	保全	這間公司的保全每天晚上都會巡邏，確保大樓的安全。	This company's security guards patrol every night to keep the building safe.
10054	凶	那隻狗很凶。	That dog is fierce.
10055	凶	警方正在追捕凶手，呼籲民眾提供線索協助破案。	Police are hunting the killer and urge the public to provide leads.
10056	受益	大家都能受益。	Everyone can benefit.
10057	受益	這項新政策讓上千個家庭受益，生活負擔也減輕了不少。	This new policy benefits thousands of households and eases their living burdens.
10058	圓滿	活動圓滿結束。	The event ended successfully.
10059	圓滿	經過大家的努力，這次募款活動得到了圓滿的結果。	Thanks to everyone's efforts, the fundraiser had a satisfying result.
10060	好久	好久不見！	Long time no see!
10061	好久	我等了好久，公車才終於來了。	I waited a long time before the bus finally came.
10062	就讀	她就讀台北的大學。	She attends a university in Taipei.
10063	就讀	弟弟就讀國小三年級，每天都自己走路上學。	My little brother is in third grade at elementary school and walks to school himself daily.
10064	快遞	我寄快遞給朋友。	I'm sending an express package to a friend.
10065	快遞	快遞員按了門鈴，說有一個包裹要簽收。	The courier rang the bell to say a parcel needed a signature.
10066	拼命	他拼命地跑。	He ran with all his might.
10067	拼命	為了趕上最後一班車，我拼命往車站跑，結果還是慢了一步。	To catch the last train, I ran for the station with all my might and was still one step late.
10068	救濟	政府提供救濟物資。	The government provides relief supplies.
10069	救濟	教會每個月都發放救濟糧食，幫助生活困難的家庭。	The church gives out food aid monthly to help families in difficulty.
10070	桿	他拿著釣魚桿。	He holds a fishing rod.
10071	桿	電線桿上停了一排麻雀，一動也不動地看著我們。	A row of sparrows perched on the utility pole, watching us motionless.
10072	法師	法師正在念經。	The monk is chanting sutras.
10073	法師	寺裡的法師每天清晨起來誦經，鐘聲傳遍整座山谷。	The monks in the temple chant at dawn, and the bell echoes through the valley.
10074	特工	他是特工。	He's a secret agent.
10075	特工	電影裡的特工總是能在最後一刻化險為夷，成功完成任務。	The film's agents always escape danger at the last moment and complete missions.
10076	知曉	沒有人知曉這件事。	No one knows about this.
10077	知曉	此事一旦被知曉，後果將不堪設想，請大家務必保密。	If this gets known, the consequences would be unthinkable, so keep it secret.
10078	組長	他是我們的組長。	He's our team leader.
10079	組長	組長開會時說，這個月的目標是要把客戶滿意度提高一成。	At the meeting, the team leader said this month's goal is to raise customer satisfaction by ten percent.
10080	自有	公司有自有品牌。	The company has its own brand.
10081	自有	這間店賣的是自有品牌的商品，品質好，價格也比較實惠。	This store sells its own-brand products, with good quality and fair prices.
10082	許可證	進入工廠要有許可證。	You need a permit to enter the factory.
10083	許可證	在公園裡擺攤，必須先向市政府申請許可證，否則會被罰款。	To set up a stall in the park, you must first apply to the city government for a permit or face a fine.
10084	轟炸機	轟炸機飛過天空。	The bomber flew across the sky.
10085	轟炸機	二戰時期的轟炸機如今陳列在博物館中，供人參觀。	World War II bombers are now displayed in museums for visitors.
10086	陣地	士兵守住陣地。	The soldiers held the position.
10087	陣地	部隊在山頂建立了陣地，準備迎接敵人的攻擊。	The troops set up a position on the hilltop to prepare for the enemy's attack.
10088	驚奇	孩子們看到煙火，驚奇地張大了嘴。	Seeing fireworks, the kids gaped in wonder.
10089	驚奇	旅行最大的樂趣，就是在路上不斷發現各種驚奇。	The greatest joy of travel is constantly discovering surprises on the way.
10090	報案	我要去派出所報案。	I'm going to the police station to report a case.
10091	報案	發現皮包被偷後，他立刻打電話報案，警察十分鐘就趕到了。	After discovering his bag was stolen, he called the police, who arrived in ten minutes.
10092	棵	院子裡有一棵樹。	There's a tree in the yard.
10093	棵	公園裡種了幾十棵櫻花樹，春天一到就開滿了粉紅色的花。	Dozens of cherry trees are planted in the park, covered in pink blossoms every spring.
10094	行事曆	我把約會寫進行事曆。	I wrote the appointment in my calendar.
10095	行事曆	每週日晚上，我都會打開手機的行事曆，安排下週的工作與活動。	Every Sunday night I open my phone's calendar to plan the next week's work and activities.
10096	三個	我買了三個蘋果。	I bought three apples.
10097	三個	這三個孩子每天放學都一起走回家，感情非常好。	The three kids walk home together after school daily and are very close.
10098	倒楣	我今天真倒楣。	I'm so unlucky today.
10099	倒楣	剛洗好車就下雨，真是倒楣，只好再洗一次。	It rained right after I washed my car. What bad luck, and I'll have to wash it again.
10100	等	你等我一下。	Wait for me a moment.
10101	等	等你下班,我們再一起去吃晚餐吧。	When you get off work, let's go have dinner together.
10102	進行	會議正在進行。	The meeting is in progress.
10103	進行	道路工程預計下個月進行,請民眾配合改道。	The road work is scheduled for next month, so please take the detour.
10104	為什麼	你為什麼哭了?	Why are you crying?
10105	為什麼	為什麼今天的馬路這麼塞?是不是有活動?	Why is the road so jammed today? Is there some event?
10106	那麼	不要那麼緊張。	Don't be so nervous.
10107	那麼	這家店的人那麼多,我們還是改天再來吧。	There are so many people at this place; let's come another day.
10108	由於	由於下雨,比賽取消。	The game was canceled because of rain.
10109	由於	由於塞車,我們比預定時間晚了半小時才到。	Because of traffic, we arrived half an hour later than planned.
10110	您	請問您要喝什麼?	What would you like to drink?
10111	您	謝謝您今天特地跑一趟,真的辛苦您了。	Thank you for making the trip today; I really appreciate your effort.
10112	並且	他很聰明,並且很努力。	He's smart and hardworking as well.
10113	並且	請先填好表格,並且附上身分證影本,再交給櫃台。	Please fill out the form, attach a copy of your ID, then hand it to the counter.
10114	感覺	我感覺有點冷。	I feel a little cold.
10115	感覺	第一次一個人搭飛機出國,那種感覺既緊張又興奮。	Flying abroad alone for the first time felt both nerve-racking and exciting.
10116	選舉	明天是選舉日。	Tomorrow is election day.
10117	選舉	每次選舉前,街上都會掛滿候選人的旗子。	Before every election, the streets are covered with candidates' flags.
10118	指出	老師指出我的錯誤。	The teacher pointed out my mistake.
10119	指出	研究報告指出,每天走路三十分鐘對身體很有幫助。	The study points out that walking thirty minutes a day is very good for your health.
10120	下來	請你坐下來。	Please sit down.
10121	下來	太陽下山以後,天氣慢慢涼了下來。	After the sun went down, the weather gradually cooled off.
10122	少	今天人比較少。	There are fewer people today.
10123	少	你最近少喝點含糖飲料,對身體比較好。	Drink fewer sugary drinks lately; it's better for your health.
10124	生命	生命真的很珍貴。	Life is truly precious.
10125	生命	她把生命中最美好的時光,都花在照顧流浪狗上。	She spent the best time of her life taking care of stray dogs.
10126	選	你選哪一個?	Which one do you pick?
10127	選	我花了很久才從菜單上選出想吃的口味。	It took me a long time to pick a flavor from the menu.
10128	創造	我們一起創造回憶。	Let's create memories together.
10129	創造	這家公司想創造一個讓員工更自在的工作環境。	This company wants to create a work environment where employees feel more at ease.
10130	於是	下雨了,於是我們回家。	It started raining, so we went home.
10131	於是	他發現手機沒電,於是跟旁邊的人借了充電線。	He found his phone dead, so he borrowed a charging cable from the person beside him.
10132	購買	我要購買車票。	I'd like to buy a ticket.
10133	購買	購買門票的民眾請到左邊櫃台排隊,謝謝。	Those buying tickets, please line up at the left counter, thank you.
10134	位置	這個位置有人嗎?	Is this seat taken?
10135	位置	電影院的位置我已經訂好了,在第五排中間。	I've booked the cinema seats, in the middle of row five.
10136	多數	多數人都同意。	Most people agree.
10137	多數	根據調查,多數上班族每天通勤時間超過一小時。	According to a survey, most office workers commute over an hour every day.
10138	敵人	他們是敵人。	They are enemies.
10139	敵人	在這款遊戲裡,你要躲開敵人,才能順利過關。	In this game, you have to dodge enemies to pass the level.
10140	秘密	這是我們的秘密。	This is our secret.
10141	秘密	你可以幫我保守這個秘密嗎?我還沒告訴我媽。	Can you keep this secret for me? I haven't told my mom yet.
10142	進步	你的英文進步了。	Your English has improved.
10143	進步	孩子每天練習,鋼琴彈得進步很多。	The kid practices every day and has improved a lot at piano.
10144	冠軍	我們拿到冠軍了!	We won the championship!
10145	冠軍	他連續三年都是全校游泳比賽的冠軍。	He's been the school swimming champion for three years in a row.
10146	就要	火車就要開了。	The train is about to leave.
10147	就要	畢業典禮就要到了,同學們都在準備表演節目。	Graduation is about to arrive, and classmates are preparing performances.
10148	本人	請本人親自來辦理。	Please come in person to handle it.
10149	本人	領取包裹時,請攜帶證件,並由本人親自簽收。	When collecting the parcel, bring your ID and sign for it yourself.
10150	網頁	這個網頁打不開。	This web page won't open.
10151	網頁	我把訂位的網頁截圖存起來,到店裡再給店員看。	I saved a screenshot of the booking page to show the staff at the shop.
10152	主動	他主動來幫忙。	He came to help on his own initiative.
10153	主動	遇到問題時,要主動問老師,不要等別人來問你。	When you hit a problem, ask the teacher yourself instead of waiting to be asked.
10154	命	他救了我一命。	He saved my life.
10155	命	算命的說我命裡有貴人,我聽聽就好。	The fortune teller said I have helpful people in my fate, but I'll just take it lightly.
10156	幸福	我覺得很幸福。	I feel very happy.
10157	幸福	對她來說,每天跟家人一起吃晚餐就是最大的幸福。	To her, having dinner with her family every day is the greatest happiness.
10158	條例	市政府通過了新條例。	The city government passed a new ordinance.
10159	條例	根據這項條例,店家不能提供一次性塑膠吸管。	Under this ordinance, shops can't provide single-use plastic straws.
10160	竟然	他竟然忘了。	He actually forgot.
10161	竟然	我沒想到這麼難的題目,她竟然五分鐘就解出來了。	I never expected such a hard problem, but she solved it in five minutes.
10162	議會	議會通過了預算。	The council passed the budget.
10163	議會	縣議會今天開會,討論明年的交通預算。	The county council met today to discuss next year's transport budget.
10164	上來	你快上來吧!	Come on up!
10165	上來	那種感覺很特別,但我一時說不上來。	That feeling is special, but I can't put it into words right now.
10166	可見	地上都是水,可見剛下過雨。	The ground is wet, so it must have just rained.
10167	可見	他每天都最早到公司,可見他對這份工作有多認真。	He's always first to arrive, which shows how serious he is about this job.
10168	建成	這座橋明年建成。	This bridge will be completed next year.
10169	建成	這棟大樓從動工到建成,一共花了三年。	This building took three years from groundbreaking to completion.
10170	模型	他在做飛機模型。	He's making a model plane.
10171	模型	弟弟花了一整個週末,才把這個戰艦模型組好。	My little brother spent a whole weekend assembling this warship model.
10172	神秘	他是個神秘的人。	He's a mysterious person.
10173	神秘	山裡有一座神秘的小廟,據說已經有兩百年歷史了。	There's a mysterious little temple in the mountains, said to be two hundred years old.
10174	證實	消息已經被證實了。	The news has been confirmed.
10175	證實	警方證實,昨晚的火災是電線走火引起的。	Police confirmed that last night's fire was caused by an electrical short.
10176	不然	快點,不然會遲到。	Hurry up, or we'll be late.
10177	不然	你要是累了就先睡,不然明天會沒精神的。	If you're tired, go to bed first, or you'll be drained tomorrow.
10178	分裂	細胞會分裂。	Cells divide.
10179	分裂	因為意見不同,這個社團最後分裂成了兩個小團體。	Due to differing opinions, the club eventually split into two small groups.
10180	在內	房租和水電都包括在內。	Rent and utilities are all included.
10181	在內	全班同學連我在內,一共有三十個人。	Including me, the class has thirty students in total.
10182	工藝	這是傳統工藝。	This is a traditional craft.
10183	工藝	這些竹編籃子全是老師傅用傳統工藝做出來的。	These bamboo baskets were all made by master craftsmen using traditional methods.
10184	指標	這是重要的指標。	This is an important indicator.
10185	指標	失業率是衡量經濟狀況的重要指標之一。	The unemployment rate is one important indicator of economic conditions.
10186	毀	別毀了我的畫。	Don't ruin my painting.
10187	毀	一場突如其來的大雨,毀掉了我們精心準備的戶外婚禮。	A sudden downpour ruined the outdoor wedding we had carefully prepared.
10188	稅	我要繳稅。	I need to pay taxes.
10189	稅	每年五月是報稅的時間,大家都要整理好收入資料。	May is tax-filing season each year, so everyone needs to organize their income records.
10190	被迫	他被迫離開。	He was forced to leave.
10191	被迫	公司倒閉後,他被迫重新找工作。	After the company closed down, he was forced to look for a new job.
10192	選民	選民排隊投票。	Voters line up to vote.
10193	選民	候選人在市場上和選民握手,希望能得到更多支持。	The candidate shook hands with voters at the market, hoping for more support.
10194	世上	世上沒有完美的人。	There's no perfect person in the world.
10195	世上	這世上最溫暖的事,就是有人在家等你。	The warmest thing in the world is having someone waiting for you at home.
10196	創辦	他創辦了一家公司。	He founded a company.
10197	創辦	這所學校是由一位退休老師創辦的,已經有三十年歷史。	This school was founded by a retired teacher and has thirty years of history.
10198	女朋友	他有女朋友了。	He has a girlfriend now.
10199	女朋友	我跟女朋友約好週末一起去看展覽。	My girlfriend and I plan to go to an exhibition together this weekend.
10200	手法	他的手法很特別。	His technique is very unusual.
10201	手法	這位作家用幽默的手法,寫出了一個很沉重的故事。	This writer used a humorous approach to tell a very heavy story.
10202	案例	這是一個成功案例。	This is a successful case.
10203	案例	老師舉了幾個真實案例,讓我們了解詐騙是怎麼發生的。	The teacher gave real cases so we'd understand how scams happen.
10204	男朋友	她男朋友很帥。	Her boyfriend is handsome.
10205	男朋友	我男朋友下班後會來接我,然後一起去吃晚餐。	My boyfriend will pick me up after work and we'll have dinner together.
10206	編制	這個部門的編制只有十個人。	This department's headcount is only ten.
10207	編制	政府為了明年的預算,正在重新編制各部門的人力。	For next year's budget, the government is reorganizing the staffing of each department.
10208	資	資料我已經寄給你了。	I've already sent you the materials.
10209	資	他想創業,所以正在到處找資金。	He wants to start a business, so he's looking for funding everywhere.
10210	飯店	我們住在飯店。	We're staying at a hotel.
10211	飯店	這間飯店離車站很近,而且早餐的種類很多。	This hotel is close to the station and has a wide variety of breakfast options.
10212	做愛	這部電影有做愛的畫面,所以被列為限制級。	This movie has a love-making scene, so it's rated restricted.
10213	吸	請深深吸一口氣。	Please take a deep breath in.
10214	吸	他用吸管吸了一大口珍珠奶茶。	He took a big sip of bubble tea through the straw.
10215	季節	秋天是我最愛的季節。	Autumn is my favorite season.
10216	季節	換季節的時候,天氣變化大,很多人容易過敏。	When seasons change, the weather shifts a lot and many people get allergies.
10217	從不	他從不遲到。	He is never late.
10218	從不	我媽從不亂花錢,每一筆開銷都會記帳。	My mom never wastes money and records every expense.
10219	教材	這是新的教材。	This is the new teaching material.
10220	教材	老師自己編了一套教材,用有趣的故事來教小朋友認字。	The teacher compiled her own materials, teaching kids characters through fun stories.
10221	母	母雞下了一顆蛋。	The hen laid an egg.
10222	母	我的母語是閩南語,但是我在家也常說國語。	My mother tongue is Taiwanese, but I also often speak Mandarin at home.
10223	燃燒	蠟燭在燃燒。	The candle is burning.
10224	燃燒	營火燃燒了一整晚,大家圍著火堆唱歌聊天。	The campfire burned all night, and everyone sang and chatted around it.
10225	研製	他們研製新藥。	They are developing a new drug.
10226	研製	這間實驗室成功研製出一種便宜又有效的疫苗。	This lab successfully developed a cheap and effective vaccine.
10227	耶	好好吃耶!	This is so yummy!
10228	耶	你看,外面有彩虹耶!快點拿手機來拍。	Look, there's a rainbow outside! Quick, get your phone to take a picture.
10229	議題	這是熱門議題。	This is a hot topic.
10230	議題	環保已經成為這次選舉中大家最關心的議題之一。	Environmental protection has become one of the top issues in this election.
10231	鎖	請把門鎖上。	Please lock the door.
10232	鎖	我出門後才發現沒鎖好門,趕緊騎車回去檢查。	I realized after leaving that I hadn't locked the door properly, so I rode back to check.
10233	麥	我早餐吃麥片。	I eat oatmeal for breakfast.
10234	麥	這片田裡種滿了小麥,風一吹就像金色的海浪。	This field is full of wheat, which looks like golden waves in the wind.
10235	偷偷	他偷偷笑了。	He laughed secretly.
10236	偷偷	孩子偷偷把糖果藏在口袋裡,以為媽媽沒發現。	The child secretly hid candy in his pocket, thinking his mom hadn't noticed.
10237	參賽	他要參賽。	He will compete.
10238	參賽	這次校際比賽,我們學校有二十位選手參賽。	Our school has twenty athletes in this inter-school competition.
10239	女孩子	那個女孩子在畫畫。	That girl is drawing.
10240	女孩子	現在的女孩子很獨立,不一定要靠別人照顧。	Girls today are independent and don't necessarily rely on others.
10241	幼兒園	弟弟在上幼兒園。	My little brother is in kindergarten.
10242	幼兒園	我的小孩下個月要上幼兒園了,我們正在準備書包和制服。	My child starts kindergarten next month, and we're preparing a schoolbag and uniform.
10243	提問	有問題請提問。	Please ask if you have questions.
10244	提問	演講結束後,主持人開放現場觀眾提問。	After the talk, the host opened the floor for audience questions.
10245	極度	他極度疲倦。	He is extremely tired.
10246	極度	登山時氣候極度惡劣,最後我們只好中途下山。	The weather while climbing was extremely bad, so we had to turn back halfway.
10247	營運	今年餐廳的營運狀況不錯,老闆打算開第二家分店。	The restaurant is doing well this year, and the owner plans to open a second branch.
10248	營運	公司營運良好。	The company operates well.
10249	算了	算了,不要吵了。	Forget it, stop arguing.
10250	算了	這件衣服太貴了,算了,我們去別家看看吧。	This outfit is too pricey; never mind, let's check other shops.
10251	艘	海上有一艘船。	There's a ship at sea.
10252	艘	港口停了好幾艘漁船,準備明天一早出海捕魚。	Several fishing boats are docked at the port, ready to sail tomorrow morning.
10253	連任	他成功連任了。	He was re-elected.
10254	連任	市長在選舉中以高票連任,承諾會繼續改善交通。	The mayor was re-elected by a large margin and promised to keep improving traffic.
10255	騷	有人打電話騷擾他。	Someone is harassing him with phone calls.
10256	騷	如果遇到性騷擾,請立刻向老師或警察求助。	If you encounter sexual harassment, seek help from a teacher or the police immediately.
10257	伸出	他伸出了手。	He stretched out his hand.
10258	伸出	她從窗戶伸出頭,對樓下的朋友揮了揮手。	She stuck her head out the window and waved to a friend downstairs.
10259	刊物	這是校內刊物。	This is a school publication.
10260	刊物	學校每個月都會發行一份刊物,介紹各社團的活動。	The school issues a publication monthly introducing the clubs' activities.
10261	各方	會議邀請各方代表參加。	The meeting invited representatives from all parties.
10262	各方	為了解決問題,我們必須聽取各方的意見。	To solve the problem, we must listen to all sides.
10263	失控	車子失控了。	The car went out of control.
10264	失控	他一生氣就情緒失控,忍不住大聲罵人。	When angry he loses control of his emotions and can't help yelling.
10265	平方米	這間房間大約十五平方米。	This room is about fifteen square meters.
10266	平方米	這間套房的面積是二十平方米,放得下單人床和書桌。	This studio is twenty square meters and fits a single bed and a desk.
10267	承	他承認自己做錯了。	He admitted he was wrong.
10268	承	這個專案由我們公司承辦,請放心交給我們。	Our company is handling this project, so leave it to us.
10269	明明	他明明在家。	He's obviously at home.
10270	明明	你明明說過要來的,怎麼現在又說不來了?	You clearly said you'd come; how come you're saying you won't now?
10271	每人	每人一份。	One portion per person.
10272	每人	活動當天每人可以免費領取一杯飲料和一份點心。	On the event day, each person can get a free drink and a snack.
10273	灰	桌上都是灰。	The table is covered in dust.
10274	灰	好久沒打掃,書架上積了一層厚厚的灰。	It hasn't been cleaned in ages, and the bookshelf has a thick layer of dust.
10275	確切	確切時間還不知道。	The exact time isn't known yet.
10276	確切	警方還沒找到確切的證據,所以暫時不能抓人。	The police haven't found definite evidence, so they can't arrest anyone yet.
10277	致使	大雨致使航班取消。	Heavy rain caused flights to be canceled.
10278	致使	山路坍方致使交通中斷,許多遊客被困在山上。	A landslide cut off traffic, trapping many tourists on the mountain.
10279	誤會	這是個誤會。	This is a misunderstanding.
10280	誤會	你誤會我的意思了,我不是在說你,而是在說我自己。	You misunderstood me; I wasn't talking about you but about myself.
10281	遺傳	這是遺傳的。	This is inherited.
10282	遺傳	我的近視是遺傳的,因為爸媽的視力也都不好。	My nearsightedness is hereditary, since my parents' eyesight is poor too.
10283	集結	大家在廣場集結。	Everyone is gathering at the square.
10284	集結	幾百名民眾在市政府前集結,要求政府重視這個問題。	Several hundred people assembled in front of city hall, demanding the government address the issue.
10285	不適	我感到身體不適。	I feel unwell.
10286	不適	如果在運動時出現頭暈或胸悶等不適,請立刻停下來休息。	If you feel dizziness or chest tightness while exercising, stop and rest immediately.
10287	入獄	他因詐欺入獄。	He went to prison for fraud.
10288	入獄	那名詐欺犯被判刑後入獄服刑,受害者終於鬆了一口氣。	The fraudster was jailed after sentencing, and the victims finally breathed a sigh of relief.
10289	原油	原油價格上漲了。	Crude oil prices rose.
10290	原油	原油價格一上漲,汽油和機車加油的錢也會跟著變貴。	When crude oil gets pricier, so does gas for cars and scooters.
10291	壯大	公司越來越壯大。	The company keeps growing stronger.
10292	壯大	這家小店從一個小攤位開始,慢慢壯大成全國連鎖店。	This shop started from a small stall and gradually grew into a nationwide chain.
10293	對稱	兩邊是對稱的。	Both sides are symmetrical.
10294	對稱	這座建築左右完全對稱,從前面看起來特別整齊。	This building is perfectly symmetrical, looking especially tidy from the front.
10295	徵求	我想徵求你的意見。	I'd like to ask for your opinion.
10296	徵求	市政府在網路上徵求民眾對新公園設計的想法。	The city government is soliciting public ideas online for the new park's design.
10297	損壞	手機螢幕損壞了。	The phone screen is damaged.
10298	損壞	包裹在運送過程中損壞了,賣家答應全額退款。	The parcel was damaged in transit, and the seller agreed to a full refund.
10299	板塊	地震是板塊移動造成的。	Earthquakes are caused by plate movement.
10300	板塊	台灣位於歐亞板塊和菲律賓海板塊的交界處,所以常常發生地震。	Taiwan lies at the boundary of the Eurasian and Philippine Sea plates, so earthquakes are frequent.
10301	海盜	海盜搶劫了船。	Pirates robbed the ship.
10302	海盜	孩子們最愛玩海盜遊戲,還用布巾綁住自己的頭。	The kids love playing pirates and tie scarves around their heads.
10303	發光	星星在發光。	The stars are shining.
10304	發光	夜晚的海邊,有些小生物會發光,看起來像藍色的星星。	At night by the sea, some tiny creatures glow like blue stars.
10305	終究	他終究還是來了。	He came after all.
10306	終究	無論你多害怕,問題終究還是要面對。	However scared you are, you'll still have to face the problem eventually.
10307	血統	這隻貓血統很純正。	This cat is purebred.
10308	血統	這匹馬血統高貴,是從有名的賽馬後代繁殖出來的。	This horse has a noble bloodline, bred from famous racehorses.
10309	身後	他站在我身後。	He stands behind me.
10310	身後	這位作家身後留下了許多未發表的作品,家人決定出版。	The writer left many unpublished works after his death, and the family decided to publish them.
10311	關門	商店要關門了。	The shop is about to close.
10312	關門	這家老店因為生意不好,下個月就要關門,很多老顧客都捨不得。	This old shop closes next month due to poor business, and many regulars are sad.
10313	點燃	他點燃了蠟燭。	He lit the candle.
10314	點燃	孩子點燃了生日蠟燭,全家人一起唱生日快樂歌。	The child lit the birthday candles and the family sang happy birthday.
10315	交出	請你交出手機。	Please hand over your phone.
10316	交出	警察要求嫌犯交出身上所有的物品。	The police asked the suspect to hand over everything on him.
10317	備受	這部電影備受期待。	This movie is highly anticipated.
10318	備受	這位醫生備受病人信任,每天門診都擠滿了人。	This doctor is much trusted by patients, and his clinic is packed daily.
10319	勇於	我們要勇於嘗試。	We should dare to try.
10320	勇於	她勇於承認自己的錯誤,所以大家都很尊敬她。	She bravely admits her mistakes, so everyone respects her.
10321	吸煙	室內禁止吸煙。	Smoking is prohibited indoors.
10322	吸煙	醫生再三勸他戒掉吸煙的習慣,因為對肺部不好。	The doctor repeatedly urged him to quit smoking because it's bad for the lungs.
10323	增大	聲音增大了。	The volume increased.
10324	增大	為了讓後面的人也聽得到,主持人把麥克風的音量增大。	So people at the back could hear too, the host turned up the microphone volume.
10325	安撫	媽媽安撫著哭泣的寶寶。	Mom soothes the crying baby.
10326	安撫	老闆親自出面安撫情緒激動的客人,並答應免費重做。	The boss personally calmed the upset customer and promised to redo it for free.
10327	幽靈	他說自己看見了幽靈。	He says he saw a ghost.
10328	幽靈	傳說那棟老房子裡有幽靈出沒,所以沒有人敢靠近。	Legend has it a ghost haunts that old house, so nobody dares go near.
10329	戰事	戰事越來越緊張。	The fighting is getting more tense.
10330	戰事	因為戰事擴大,許多居民被迫離開家鄉,到鄰近的國家避難。	As the fighting spread, many residents were forced to leave home and seek refuge abroad.
10331	揚	窗簾隨風飄揚。	The curtains flutter in the wind.
10332	揚	他的歌聲悠揚,讓在場的人都安靜地聽。	His singing is melodious, and everyone present listened quietly.
10333	易於	這種花易於栽種。	This flower is easy to grow.
10334	易於	這款軟體的介面簡單,易於使用,連長輩也能很快上手。	This software has a simple interface and is easy to use; even seniors pick it up fast.
10335	橡膠	輪胎是橡膠做的。	Tires are made of rubber.
10336	橡膠	這雙拖鞋的鞋底是橡膠做的,在濕滑的地面也不容易滑倒。	These slippers have rubber soles, so you won't easily slip on wet floors.
10337	清真寺	那是一座清真寺。	That is a mosque.
10338	清真寺	土耳其有許多古老又壯觀的清真寺,每年吸引大批遊客。	Turkey has many ancient, magnificent mosques that attract many tourists every year.
10339	環境保護	我們要重視環境保護。	We must value environmental protection.
10340	環境保護	學校把環境保護列入課程,讓學生從小就學會愛護地球。	The school added environmental protection to its curriculum so students learn to care for the Earth early.
10341	祭祀	清明節要祭祀祖先。	On Tomb Sweeping Day we honor our ancestors with offerings.
10342	祭祀	每年農曆七月,許多家庭會準備豐富的供品,祭祀祖先和好兄弟。	Every seventh lunar month, many families prepare rich offerings to honor ancestors and wandering spirits.
10343	縮	烏龜把頭縮進殼裡。	The turtle pulled its head into its shell.
10344	縮	外套洗過之後縮水了,現在小了一號,穿不下了。	The jacket shrank in the wash, is a size smaller, and no longer fits.
10345	莎	池塘邊長著一叢莎草。	A clump of sedge grows by the pond.
10346	警局	他被帶到警局。	He was taken to the police station.
10347	警局	我的機車被偷了,所以我跑去警局報案。	My scooter was stolen, so I ran to the police station to report it.
10348	連同	請把申請表連同身分證影本一起交給櫃台。	Please hand in the application form along with a copy of your ID at the counter.
10349	連同	請把發票連同商品一起退回,我們才能辦理退款。	Please return the receipt along with the item so we can process the refund.
10350	離子	鹽溶在水裡會變成離子。	Salt becomes ions when dissolved in water.
10351	離子	這台清淨機會釋放負離子,據說能讓空氣更清新。	This purifier releases negative ions, said to make the air fresher.
10352	鮮血	傷口流出鮮血。	Blood flowed from the wound.
10353	鮮血	他的手被割傷了,鮮血一直流,我趕快幫他找紗布。	His hand was cut and kept bleeding, so I quickly found gauze for him.
10354	太花時間	這樣做太花時間了。	Doing it this way takes too much time.
10355	太花時間	手工做這些餅乾太花時間,不如直接去店裡買比較快。	Making these cookies by hand takes too long; it's faster to just buy them.
10356	流汗	我跑步後流汗流得很多。	I sweated a lot after running.
10357	流汗	夏天不用運動就會流汗,所以我總是隨身帶著小毛巾。	In summer you sweat even without exercise, so I always carry a small towel.
10358	計畫	我有一個計畫。	I have a plan.
10359	計畫	我們正在擬定暑假的旅行計畫,打算去花蓮玩三天。	We're drawing up our summer travel plan, intending to spend three days in Hualien.
10360	那時候	那時候我還很小。	I was still very small then.
10361	那時候	那時候沒有智慧型手機,我們都用公共電話聯絡。	Back then there were no smartphones, so we used public phones.
10362	聽力	他的聽力很好。	He has good hearing.
10363	聽力	長時間戴耳機聽太大聲的音樂,會傷害聽力。	Wearing headphones with loud music for long hurts your hearing.
10364	因為	因為下雨，比賽取消了。	The game was cancelled because of rain.
10365	因為	他因為工作太忙，已經三個月沒回南部老家了。	Because work is so busy, he hasn't been back to his hometown in the south for three months.
10366	活動	坐太久了，起來活動一下吧。	You've sat too long; get up and move around.
10367	活動	久坐之後要站起來活動筋骨，對腰很好。	Standing up to stretch after sitting a long time is good for your back.
10368	任何	任何人都可以來。	Anyone can come.
10369	任何	如果你有任何問題，隨時打電話給我。	If you have any questions, call me anytime.
10370	圖	請看下面這張圖。	Please look at the picture below.
10371	圖	這張圖把每個月的銷售數字畫得很清楚。	This chart shows each month's sales figures very clearly.
10372	部分	這部分我不懂。	I don't understand this part.
10373	部分	這份報告前面的部分寫得不錯，但結論太短了。	The first part of this report is good, but the conclusion is too short.
10374	準備	我在準備考試。	I'm preparing for an exam.
10375	準備	你準備好了嗎？我們十分鐘後就要出發了。	Are you ready? We leave in ten minutes.
10376	制度	公司的制度很清楚。	The company's rules are very clear.
10377	制度	這所學校的獎學金制度，讓不少家境不好的學生能安心念書。	This school's scholarship system lets many students from poor families study with peace of mind.
10378	注意	請注意安全。	Please be careful.
10379	注意	開車時要注意前面的車子，不要一直看手機。	When driving, pay attention to the car ahead, and don't keep looking at your phone.
10380	共	我們共有五個人。	There are five of us in total.
10381	共	這次旅行共花了三萬塊，包括機票和住宿。	This trip cost thirty thousand in total, including flights and lodging.
10382	用戶	這個App有上百萬用戶。	This app has over a million users.
10383	用戶	用戶可以在設定裡修改自己的密碼。	Users can change their passwords in the settings.
10384	分享	我想跟你分享一件事。	I want to share something with you.
10385	分享	她喜歡在社群上分享自己做的甜點和旅行照片。	She likes sharing her homemade desserts and travel photos on social media.
10386	持續	雨會持續到明天。	The rain will continue until tomorrow.
10387	持續	醫生說只要持續運動，血壓就會慢慢降下來。	The doctor says that with sustained exercise, your blood pressure will gradually come down.
10388	經常	他經常加班到很晚。	He often works late.
10389	經常	我經常在下班後去公園跑步，順便放鬆一下。	I often go jogging in the park after work to relax a bit.
10390	不再	我不再抽菸了。	I don't smoke anymore.
10391	不再	他答應過媽媽，從此不再熬夜打電動。	He promised his mom he'd never stay up gaming again.
10392	外國	他住在外國。	He lives in a foreign country.
10393	外國	很多外國遊客都喜歡逛台灣的夜市。	Many foreign tourists like to wander Taiwan's night markets.
10394	發行	這本書明天發行。	This book comes out tomorrow.
10395	發行	郵局今天發行了一套新的生肖郵票，很多人一早就去排隊。	The post office issued a new zodiac stamp set today, and many queued from early morning.
10396	開展	展覽下週開展。	The exhibition opens next week.
10397	開展	學校今年開展了一系列的環保活動，鼓勵同學少用塑膠袋。	This year the school launched a series of eco activities encouraging students to use fewer plastic bags.
10398	初	這本書出版於去年初。	This book was published early last year.
10399	初	每年七月初，學校都會舉辦畢業典禮。	Every early July, the school holds its graduation ceremony.
10400	幹部	他是班上的幹部。	He's a class officer.
10401	幹部	公司的中高階幹部下週要開會討論明年的計畫。	The company's mid-to-senior managers meet next week to discuss next year's plans.
10402	概念	我不太懂這個概念。	I don't quite get this concept.
10403	概念	老師用一張圖，把複雜的概念講得很簡單。	The teacher used one diagram to explain the complex concept simply.
10404	蘋果	我每天吃一顆蘋果。	I eat an apple every day.
10405	蘋果	這種蘋果又脆又甜，一顆就要五十塊。	This kind of apple is crisp and sweet, and costs fifty dollars each.
10406	面臨	公司面臨很大的壓力。	The company faces great pressure.
10407	面臨	不少年輕人面臨買不起房子的問題。	Many young people face the problem of not being able to afford a home.
10408	嗯	嗯，我知道了。	Mm, got it.
10409	嗯	嗯……我再想想看，晚點回覆你。	Hmm... let me think about it and I'll reply later.
10410	忙	我最近很忙。	I've been busy lately.
10411	忙	你先忙，我晚點再打給你。	You go ahead and get on with things; I'll call you back later.
10412	爸爸	我爸爸去上班了。	My dad has gone to work.
10413	爸爸	我爸爸每個週末都會去河堤騎腳踏車。	My dad rides his bike along the riverbank every weekend.
10414	費用	費用是多少？	How much is the fee?
10415	費用	這次出國的費用，大概要十萬元左右。	The cost of this overseas trip will be around a hundred thousand dollars.
10416	佔領	軍隊佔領了城市。	The army seized the city.
10417	佔領	學生佔領議場，要求政府正面回應。	Students occupied the legislature, demanding a direct response from the government.
10418	基於	基於安全考量，今天暫停營業。	For safety reasons, we're closed today.
10419	基於	基於以上理由，我們決定延後活動。	Based on the reasons above, we decided to postpone the event.
10420	感	他很有幽默感。	He has a good sense of humor.
10421	感	剛搬進新家，總覺得少了一點安全感。	Having just moved into the new home, I somehow lack a bit of a sense of security.
10422	為主	我吃東西以清淡為主。	I mainly eat light food.
10423	為主	這家餐廳以海鮮料理為主，也有素食選擇。	This restaurant mainly serves seafood, but also has vegetarian options.
10424	股	廚房傳來一股香味。	A nice smell is coming from the kitchen.
10425	股	他心裡突然湧起一股衝動，想馬上辭職去旅行。	A sudden urge welled up in him to quit and go traveling.
10426	違反	這違反規定。	This breaks the rules.
10427	違反	在這裡停車違反交通規則，可能會被開罰單。	Parking here violates traffic rules and may get you a ticket.
10428	保存	請好好保存。	Please keep it safe.
10429	保存	這些老照片要放在乾燥的地方保存，才不會發霉。	These old photos should be stored somewhere dry so they don't get moldy.
10430	垃圾	垃圾要分類。	Garbage must be sorted.
10431	垃圾	垃圾車晚上七點會經過，記得提早把垃圾拿出去。	The garbage truck comes by at seven p.m., so remember to take the trash out early.
10432	戰士	他是勇敢的戰士。	He is a brave warrior.
10433	戰士	電影裡的戰士手拿長劍，一個人對抗整支軍隊。	The warrior in the movie holds a long sword and fights a whole army alone.
10434	混亂	現場一片混亂。	The scene was in chaos.
10435	混亂	停電之後，路口的交通變得非常混亂。	After the power outage, traffic at the intersection became chaotic.
10436	股票	他買了股票。	He bought stocks.
10437	股票	爸爸退休後開始研究股票，每天看盤到很晚。	After retiring, Dad started studying stocks and watches the market late every day.
10438	進攻	球隊開始進攻。	The team began to attack.
10439	進攻	球隊在下半場加強進攻，終於追平了比數。	The team stepped up its attack in the second half and finally tied the score.
10440	人體	人體有七成是水。	Seventy percent of the human body is water.
10441	人體	這項研究想知道咖啡因對人體有什麼影響。	This study wants to know how caffeine affects the human body.
10442	加以	這個問題需要加以改善。	This problem needs to be improved.
10443	加以	對於新員工，公司會加以訓練，讓他們盡快上手。	The company trains new employees so they can get up to speed quickly.
10444	夜	夜深了，該睡了。	It's late at night; time to sleep.
10445	夜	夜裡的海邊很安靜，只聽得到浪聲。	The beach at night is quiet; you can only hear the waves.
10446	引導	老師引導學生思考。	The teacher guides students to think.
10447	引導	志工引導民眾沿著指示牌，依序離開會場。	Volunteers guided people along the signs to leave the venue in order.
10448	教訓	他被爸爸教訓了一頓。	His dad gave him a lecture.
10449	教訓	這次的失敗是個教訓，下次要早點準備。	This failure is a lesson; next time, prepare earlier.
10450	焦點	他是大家的焦點。	He's the center of attention.
10451	焦點	這起事件成為今天新聞的焦點。	This incident became the focus of today's news.
10452	總之	總之，先試試看。	Anyway, let's try it first.
10453	總之	預算、時間、人手都不夠，總之，這個計畫現在做不起來。	Budget, time and people are all lacking; in short, this plan can't be done now.
10454	趙	我姓趙，請多指教。	My surname is Zhao; pleased to meet you.
10455	零	今天最低溫是零度。	Today's low is zero degrees.
10456	零	他把口袋裡的零錢全部丟進了捐款箱。	He dropped all the loose change in his pocket into the donation box.
10457	傻	你別傻了。	Don't be silly.
10458	傻	我真傻，竟然相信他說的話。	I was so foolish to believe what he said.
10459	喊	他大聲喊我。	He called out to me loudly.
10460	喊	球迷在場邊喊得喉嚨都啞了。	The fans shouted themselves hoarse at the sideline.
10461	差距	兩者差距很大。	The gap between the two is large.
10462	差距	貧富差距太大，是這個社會需要面對的問題。	A huge wealth gap is a problem this society needs to face.
10463	敏感	我皮膚很敏感。	My skin is very sensitive.
10464	敏感	她對花粉很敏感，一到春天就一直打噴嚏。	She's sensitive to pollen and sneezes constantly every spring.
10465	然	他果然來了。	Sure enough, he came.
10466	然	她當然不想放棄，但現在的情況真的很困難。	Of course she doesn't want to give up, but the situation is really tough.
10467	管制	這條路今天交通管制。	Traffic on this road is controlled today.
10468	管制	疫情期間，政府對入境人數加以管制。	During the pandemic the government restricted the number of arrivals.
10469	記住	請記住這件事。	Please remember this.
10470	記住	這個密碼很重要，你一定要記住，不要寫在手機裡。	This password is important; you must memorize it and not write it in your phone.
10471	鏡頭	鏡頭對準他。	The camera is aimed at him.
10472	鏡頭	這部電影的最後一個鏡頭很美，大家看了都很感動。	The last shot of this movie is beautiful, and everyone was moved.
10473	人力	人力不足。	There aren't enough people.
10474	人力	公司人力不足，所以每個人都要身兼好幾個工作。	The company is short-staffed, so everyone has to take on several jobs.
10475	助	他樂於助人。	He's glad to help others.
10476	助	多運動有助於改善睡眠品質。	Exercising more helps improve sleep quality.
10477	境外	境外旅客需先填寫入境資料。	Overseas travelers must first fill in their entry details.
10478	境外	這筆款項是從境外匯進來的，銀行要多確認一下。	This sum was remitted from abroad, so the bank needs to double-check.
10479	山區	山區天氣多變。	The weather in the mountains is changeable.
10480	山區	山區的路比較窄，開車時要特別小心。	Mountain roads are narrower, so drive extra carefully.
10481	抱怨	別再抱怨了。	Stop complaining.
10482	抱怨	他老是抱怨工作太累，卻不想換新的工作。	He keeps complaining that work is exhausting, but doesn't want to change jobs.
10483	服從	軍人要服從命令。	Soldiers must obey orders.
10484	服從	小孩子不一定要完全服從大人，但要學會尊重別人。	Kids needn't obey adults completely, but they should learn to respect others.
10485	減	十減三等於七。	Ten minus three is seven.
10486	減	我最近在減重，晚餐都盡量少吃澱粉。	I'm losing weight lately and eat less starch at dinner.
10487	當事人	當事人已到場。	The party concerned is present.
10488	當事人	這起糾紛的雙方當事人同意先坐下來談談。	Both parties to this dispute agreed to sit down and talk first.
10489	純粹	他純粹是好奇。	He was purely curious.
10490	純粹	我問這個問題純粹是出於好奇，沒有別的意思。	I'm asking purely out of curiosity, nothing more.
10491	虎	那隻老虎在睡覺。	That tiger is sleeping.
10492	虎	今年是虎年，很多人家裡都貼了虎的剪紙。	This is the Year of the Tiger, and many homes put up tiger paper-cuts.
10493	辯護	律師為他辯護。	The lawyer defends him.
10494	辯護	他的律師在法庭上為他辯護，說他當時並不在現場。	His lawyer defended him in court, saying he wasn't at the scene.
10495	類別	請選擇類別。	Please choose a category.
10496	類別	書店的書依照類別擺放，找起來很方便。	The bookstore arranges books by category, so they're easy to find.
10497	人文	他喜歡人文歷史。	He likes humanities and history.
10498	人文	這座城市的人文氣息很濃，到處都有書店和藝廊。	This city has a strong cultural air, with bookstores and galleries everywhere.
10499	剛好	錢剛好夠用。	The money is just enough.
10500	剛好	我到家的時候，雨剛好停了。	When I got home, the rain had just stopped.
10501	地域	台灣不同地域的口音有些不一樣。	Accents differ a little across regions in Taiwan.
10502	地域	這道菜因為地域不同，做法也不一樣。	This dish is made differently depending on the region.
10503	小子	這小子很聰明。	This kid is clever.
10504	小子	你這小子，又偷懶了是不是？	You rascal, slacking off again, huh?
10505	扯	你不要扯我的袖子。	Don't tug on my sleeve.
10506	扯	他扯了一堆理由，其實就是不想去。	He made up a pile of excuses, but he simply doesn't want to go.
10507	普查	今年要做人口普查。	There's a population census this year.
10508	普查	衛生局正在做全市居民的健康普查。	The health bureau is conducting a citywide health survey.
10509	清醒	他還沒清醒。	He hasn't come to yet.
10510	清醒	手術後病人慢慢清醒過來，家人都鬆了一口氣。	After surgery the patient slowly came around, and the family breathed a sigh of relief.
10511	真心	我是真心的。	I mean it sincerely.
10512	真心	她對朋友總是真心相待，所以大家都喜歡她。	She always treats friends sincerely, so everyone likes her.
10513	考古	他學考古。	He studies archaeology.
10514	考古	考古隊在山上挖到了三千年前的石器。	The archaeological team dug up stone tools three thousand years old on the mountain.
10515	護	媽媽護著孩子過馬路。	Mom shielded the child across the road.
10516	護	他一向護著自己的朋友，所以大家都很信任他。	He always stands up for his friends, so everyone trusts him.
10517	險	這條山路很險。	This mountain road is treacherous.
10518	險	他開車闖紅燈，險些出了車禍。	He ran a red light and nearly caused an accident.
10519	世代	他們世代住在這裡。	They have lived here for generations.
10520	世代	年輕世代比較重視工作與生活的平衡。	The younger generation puts more value on work-life balance.
10521	充足	睡眠要充足。	You need enough sleep.
10522	充足	這個房間採光充足，白天不用開燈。	This room gets plenty of light, so you needn't turn on lights in the day.
10523	半數	半數人同意。	Half of the people agree.
10524	半數	這次投票，半數以上的人贊成延後活動。	In this vote, over half of the people favored postponing the event.
10525	在外	他長年在外工作，很少回家。	He works away from home year-round and rarely comes back.
10526	在外	我們都在外租房子住，過年才回老家。	We all rent places away from home and only go back to the hometown for Lunar New Year.
10527	容	這個房間容不下三張床。	This room can't fit three beds.
10528	容	他容不得別人批評，一聽就生氣。	He can't tolerate criticism and gets angry the moment he hears it.
10529	志願者	志願者在街上發傳單。	Volunteers hand out flyers on the street.
10530	志願者	活動現場需要二十位志願者，負責引導民眾。	The event needs twenty volunteers to guide the public.
10531	探	他探頭看看外面。	He peeked his head out to look outside.
10532	探	週末我要去醫院探望住院的朋友。	This weekend I'm going to visit a friend in the hospital.
10533	曹	我姓曹，請多多指教。	My surname is Cao; pleased to meet you.
10534	沿	沿著這條路直走。	Go straight along this road.
10535	沿	週末我們沿著海岸線騎腳踏車，看夕陽。	On the weekend we cycled along the coastline and watched the sunset.
10536	牛肉	我愛吃牛肉。	I love beef.
10537	牛肉	這家店的牛肉麵湯頭很濃，牛肉也煮得很軟。	This shop's beef noodle broth is rich, and the beef is cooked tender.
10538	租	我想租房子。	I want to rent a place.
10539	租	這間套房一個月租一萬二，包含水電和網路。	This studio rents for twelve thousand a month, utilities and internet included.
10540	船隻	港口有很多船隻。	There are many ships in the harbor.
10541	船隻	颱風來臨前，所有船隻都要回港避風。	Before a typhoon arrives, all vessels must return to port for shelter.
10542	謀	年輕人到大城市謀職。	Young people go to big cities to find jobs.
10543	謀	他為了謀一份穩定的工作，每天都在投履歷。	To land a stable job, he sends out résumés every day.
10544	遺體	親友們前來瞻仰遺體。	Relatives and friends came to pay their last respects.
10545	遺體	救難人員在山谷裡找到了遺體，並通知家屬。	Rescuers found the remains in the valley and notified the family.
10546	雙眼	她雙眼發亮。	Her eyes lit up.
10547	雙眼	長時間看螢幕，雙眼會覺得又乾又痠。	After looking at a screen for long, both eyes feel dry and sore.
10548	主頁	請回到網站主頁。	Please go back to the website's home page.
10549	主頁	他每天都會打開瀏覽器主頁，先看一下新聞。	Every day he opens his browser's home page and checks the news first.
10550	公報	兩國領導人會面後，發表了聯合公報。	After the two leaders met, they issued a joint communiqué.
10551	公報	政府發出公報，說明新的防疫措施。	The government issued a bulletin explaining the new epidemic prevention measures.
10552	叛亂	軍隊平定了叛亂。	The army put down the rebellion.
10553	叛亂	那個國家發生了叛亂，政府呼籲國民不要前往。	A rebellion broke out in that country, and the government urged citizens not to travel there.
10554	大叔	那位大叔是賣水果的。	That uncle sells fruit.
10555	大叔	隔壁的大叔人很好，常常送我們自己種的蔬菜。	The uncle next door is kind and often gives us vegetables he grew.
10556	局限	他的想法有局限。	His thinking has limits.
10557	局限	這個研究有一定的局限，因為樣本數太少。	This study has limitations because the sample size is too small.
10558	恐嚇	他恐嚇別人。	He threatens people.
10559	恐嚇	有人在網路上恐嚇他，他決定報警。	Someone threatened him online, and he decided to call the police.
10560	據悉	據悉，新店下個月開幕。	It is reported that the new store opens next month.
10561	據悉	據悉，這起事故沒有人受傷，警方正在調查原因。	Reportedly, no one was hurt in the accident, and the police are investigating the cause.
10562	棒球	我愛看棒球。	I love watching baseball.
10563	棒球	棒球是台灣最受歡迎的運動之一，週末球場常常擠滿球迷。	Baseball is one of Taiwan's most popular sports, and stadiums are packed on weekends.
10564	源自	這道小吃源自台南。	This snack originated in Tainan.
10565	源自	很多台灣小吃源自早年的移民生活，後來慢慢發展成特色美食。	Many Taiwanese snacks originate from early immigrant life and gradually became signature foods.
10566	皇上	大臣跪著向皇上報告。	The minister knelt and reported to the emperor.
10567	皇上	電視劇裡的太監總是對皇上說：「皇上吉祥。」	In TV dramas the eunuch always tells the emperor, "Good fortune to Your Majesty."
10568	綱領	這是黨的綱領。	This is the party's platform.
10569	綱領	社團公布了新的工作綱領，說明未來一年的方向。	The club announced a new working outline stating its direction for the coming year.
10570	表決	大家舉手表決。	Let's vote by show of hands.
10571	表決	這項法案經過表決，以多數票通過了。	This bill passed by majority vote.
10572	迄今	迄今還沒有消息。	There's been no news so far.
10573	迄今	這項紀錄迄今仍沒有人打破。	This record has not been broken to this day.
10574	陛下	陛下請上座。	Your Majesty, please take the seat of honor.
10575	陛下	童話故事裡，騎士向國王說：「陛下，我願意為您而戰。」	In the fairy tale the knight told the king, "Your Majesty, I am willing to fight for you."
10576	一體化	兩個城市推動交通一體化。	The two cities are promoting integrated transportation.
10577	一體化	專家認為，區域一體化可以降低企業的成本。	Experts believe regional integration can reduce business costs.
10578	以至於	他太累，以至於睡著了。	He was so tired that he fell asleep.
10579	以至於	她太專心看書，以至於忘了時間，錯過了最後一班公車。	She was so absorbed in her book that she lost track of time and missed the last bus.
10580	充當	他充當翻譯。	He acts as interpreter.
10581	充當	我朋友的日文很好，旅行時充當我們的翻譯。	My friend's Japanese is great and served as our interpreter on the trip.
10582	勾結	他們互相勾結。	They colluded with each other.
10583	勾結	警方懷疑這家公司和官員勾結，圖利自己。	The police suspect this company colluded with officials to profit itself.
10584	咯	好咯，我們出發咯！	Okay, off we go!
10585	咯	你不要的話，那我就收下咯。	If you don't want it, then I'll take it.
10586	夢幻	這個遊樂園像夢幻世界。	This amusement park is like a dreamland.
10587	夢幻	這間夢幻的婚紗店，每件禮服都像童話裡的服裝。	At this dreamy bridal shop, every gown looks like it's from a fairy tale.
10588	定罪	法院根據證據將他定罪。	The court convicted him based on the evidence.
10589	定罪	沒有確實的證據，法院不能隨便定罪。	Without solid evidence, the court can't convict arbitrarily.
10590	建材	建材價格上漲。	Building material prices rose.
10591	建材	建材價格上漲，使得蓋房子的成本也跟著變高。	Rising building material prices have pushed up the cost of building houses.
10592	手動	這台車是手動排檔。	This car has a manual transmission.
10593	手動	如果自動功能壞了，可以改用手動操作。	If the automatic function breaks, you can switch to manual operation.
10594	搬遷	公司要搬遷。	The company will relocate.
10595	搬遷	工廠搬遷到郊區後，附近的居民終於不用再聞到異味。	After the factory moved to the suburbs, nearby residents no longer smell the odor.
10596	暑假	暑假到了。	Summer vacation has arrived.
10597	暑假	暑假我打算去打工，賺一點旅費。	This summer vacation I plan to work part-time and earn travel money.
10598	歡呼	大家歡呼起來。	Everyone began to cheer.
10599	歡呼	球員投進最後一球，全場觀眾瞬間歡呼。	When the player sank the last shot, the whole crowd cheered instantly.
10600	滴	我滴了幾滴眼藥水。	I put in a few eye drops.
10601	滴	水龍頭沒關緊，一直滴水，很浪費。	The faucet isn't shut tight and keeps dripping, which is wasteful.
10602	用作	這個房間用作書房。	This room is used as a study.
10603	用作	這間倉庫以前用作堆放貨物，現在改成了咖啡店。	This warehouse used to store goods and is now a café.
10604	移交	他把文件移交給同事。	He handed the documents over to a colleague.
10605	移交	警方把這起案件移交給檢察官處理。	The police transferred the case to prosecutors.
10606	繼承人	他是繼承人。	He is the heir.
10607	繼承人	老闆的兒子是公司的繼承人，但他自己想先到外面學習。	The boss's son is the company's heir, but he wants to learn elsewhere first.
10608	蕩	小孩在公園蕩鞦韆。	The kid is swinging on a swing in the park.
10609	蕩	風一吹，船就在湖面上輕輕蕩著。	When the wind blows, the boat rocks gently on the lake.
10610	豈	豈有此理，這太不公平了！	Outrageous, this is so unfair!
10611	豈	這麼重要的事，豈能馬虎？	With something this important, how can we be careless?
10612	遠方	遠方有一座山。	There's a mountain in the distance.
10613	遠方	他從遠方趕來參加好朋友的婚禮。	He came from far away to attend his good friend's wedding.
10614	面子	他很愛面子。	He cares a lot about saving face.
10615	面子	為了顧及朋友的面子，他沒有當場說出真相。	To spare his friend's face, he didn't reveal the truth on the spot.
10616	鼓	他在樂團裡打鼓。	He plays drums in the band.
10617	鼓	他鼓起勇氣，向喜歡的女生告白。	He mustered his courage and confessed to the girl he likes.
10618	寫下來	請把地址寫下來。	Please write down the address.
10619	寫下來	想到什麼就寫下來，以免之後忘記。	Write down whatever comes to mind so you don't forget later.
10620	濕冷	今天天氣很濕冷。	The weather is damp and cold today.
10621	濕冷	北部的冬天濕冷，穿再多都覺得冷到骨子裡。	Northern winters are damp and cold, and no matter how much you wear it chills you to the bone.
10622	資源回收	瓶子要拿去資源回收。	Bottles go to recycling.
10623	資源回收	台灣的資源回收做得很好，大家都會把紙類、塑膠和玻璃分開放。	Taiwan does recycling well, and everyone separates paper, plastic and glass.
10624	笑起來	她笑起來很好看。	She looks pretty when she smiles.
10625	笑起來	他笑起來眼睛會瞇成一條線，看起來很親切。	When he smiles his eyes squint into lines, and he looks friendly.
10626	纔	我等了半小時，公車纔來。	I waited half an hour before the bus finally came.
